TradDt,BizDt,Sgmt,Src,FinInstrmTp,FinInstrmId,ISIN,TckrSymb,SctySrs,XpryDt,FininstrmActlXpryDt,StrkPric,OptnTp,FinInstrmNm,OpnPric,HghPric,LwPric,ClsPric,LastPric,PrvsClsgPric,UndrlygPric,SttlmPric,OpnIntrst,ChngInOpnIntrst,TtlTradgVol,TtlTrfVal,TtlNbOfTxsExctd,SsnId,NewBrdLotQty,Rmks,Rsvd1,Rsvd2,Rsvd3,Rsvd4
2026-10-06,2026-10-06,CM,BSE,STK,500002,INE117A01022,ABB,A,,,,,ABB INDIA LIMITED,6947.95,7137.20,6881.50,7109.10,7109.10,6881.50,,7122.47,,,8108,57365243.00,1714,F1,1,,,,,
2026-10-06,2026-10-06,CM,BSE,STK,500003,INE208C01025,AEGISLOG,A,,,,,AEGIS LOGISTICS LTD.,1367.20,1400.00,1347.80,1396.40,1396.75,1358.75,,1395.91,,,33852,46613746.00,2557,F1,1,,,,,
2026-10-06,2026-10-06,CM,BSE,STK,500008,INE885A01032,ARE&M,A,,,,,Amara Raja Energy & Mobility L,742.85,748.70,740.45,742.80,744.65,741.30,,742.90,,,20249,15040007.00,1194,F1,1,,,,,
2026-10-06,2026-10-06,CM,BSE,STK,500009,INE432A01017,AMBALALSA,T,,,,,AMBALAL SARABHAI ENTERPRISES L,38.25,39.40,37.88,38.17,39.00,37.80,,38.29,,,3558,137432.00,37,F1,1,,,,,
2026-10-06,2026-10-06,CM,BSE,STK,500012,INE714B01016,ANDHRAPET,X,,,,,ANDHRA PETROCHEMICALS LTD.,39.48,40.00,38.11,38.52,38.52,38.76,,38.52,,,126629,4926090.00,704,F1,1,,,,,
2026-10-06,2026-10-06,CM,BSE,STK,500013,INE436A01026,ANSALAPI,Z,,,,,ANSAL PROPERTIES & INFRASTRUCT,3.92,3.94,3.92,3.94,3.94,3.87,,3.93,,,8615,33783.00,13,F1,1,,,,,
2026-10-06,2026-10-06,CM,BSE,STK,500014,INE096A01010,UTIQUE,X,,,,,UTIQUE ENTERPRISES LIMITED,3.78,4.25,3.70,3.83,3.82,3.87,,3.83,,,25892,100634.00,65,F1,1,,,,,
2026-10-06,2026-10-06,CM,BSE,STK,500016,INE957C01019,ARUNAHTEL,X,,,,,ARUNA HOTELS LTD.,7.50,7.59,7.01,7.23,7.22,7.26,,7.23,,,1486,10767.00,25,F1,1,,,,,
2026-10-06,2026-10-06,CM,BSE,STK,500020,INE032A01023,BOMDYEING,B,,,,,BOMBAY DYEING & MFG.CO.LTD.,101.95,103.50,101.95,102.90,102.90,101.60,,102.91,,,28260,2907500.00,412,F1,1,,,,,
2026-10-06,2026-10-06,CM,BSE,STK,500023,INE363A01022,ASIANHOTNR,B,,,,,ASIAN HOTELS (NORTH) LIMITED,334.90,339.60,326.10,327.30,328.50,332.40,,328.65,,,397,132061.00,44,F1,1,,,,,
2026-10-06,2026-10-06,CM,BSE,STK,500027,INE100A01010,ATUL,A,,,,,ATUL LTD.,5920.00,6011.00,5829.90,6001.25,6002.95,5845.75,,6000.02,,,1743,10385905.00,415,F1,1,,,,,
2026-10-06,2026-10-06,CM,BSE,STK,500028,INE447A01015,ATVPR,X,,,,,ATV PROJECTS INDIA LTD.,22.00,22.00,21.11,21.32,21.11,21.62,,21.32,,,19757,426325.00,66,F1,1,,,,,
2026-10-06,2026-10-06,CM,BSE,STK,500031,INE193E01025,BAJAJELEC,A,,,,,BAJAJ ELECTRICALS LTD.,300.95,304.90,298.85,300.75,300.05,299.25,,300.26,,,9332,2814355.00,803,F1,1,,,,,
2026-10-06,2026-10-06,CM,BSE,STK,500032,INE306A01021,BAJAJHIND,B,,,,,BAJAJ HINDUSTHAN SUGAR LIMITED,20.59,21.44,20.43,21.33,21.33,19.95,,21.33,,,1016541,21138351.00,2330,F1,1,,,,,
2026-10-06,2026-10-06,CM,BSE,STK,500033,INE451A01017,FORCEMOT,A,,,,,FORCE MOTORS LTD.,16700.00,17088.00,16600.45,17088.00,17088.00,16600.00,,17109.84,,,3423,57950684.00,711,F1,1,,,,,
2026-10-06,2026-10-06,CM,BSE,STK,500034,INE296A01032,BAJFINANCE,A,,,,,BAJAJ FINANCE LIMITED,968.95,972.00,957.00,961.80,961.80,971.00,,963.09,,,243499,234740359.00,6705,F1,1,,,,,
2026-10-06,2026-10-06,CM,BSE,STK,500038,INE119A01028,BALRAMCHIN,A,,,,,BALRAMPUR CHINI MILLS LTD,684.65,713.60,683.00,691.05,691.05,671.20,,691.29,,,123549,85726368.00,3325,F1,1,,,,,
2026-10-06,2026-10-06,CM,BSE,STK,500039,INE213C01025,BANCOINDIA,A,,,,,BANCO PRODUCTS (INDIA) LTD.,591.60,604.10,590.00,602.20,601.30,590.25,,602.62,,,6669,3987042.00,389,F1,1,,,,,
2026-10-06,2026-10-06,CM,BSE,STK,500040,INE055A01016,ABREL,A,,,,,ADITYA BIRLA REAL ESTATE LIMIT,1090.85,1103.95,1075.00,1079.55,1079.55,1083.05,,1078.08,,,16706,18207445.00,796,F1,1,,,,,
2026-10-06,2026-10-06,CM,BSE,STK,500041,INE459A01010,BANARISUG,B,,,,,BANNARI AMMAN SUGARS LTD.,3348.55,3452.20,3331.00,3332.00,3332.00,3331.90,,3348.99,,,84,282806.00,27,F1,1,,,,,
2026-10-06,2026-10-06,CM,BSE,STK,500042,INE373A01013,BASF,A,,,,,BASF INDIA LTD.,3434.35,3510.85,3429.45,3478.30,3500.00,3404.85,,3472.17,,,783,2724892.00,179,F1,1,,,,,
2026-10-06,2026-10-06,CM,BSE,STK,500043,INE176A01028,BATAINDIA,A,,,,,BATA INDIA LTD.,616.90,622.00,612.55,620.65,621.05,610.65,,619.93,,,5362,3315225.00,302,F1,1,,,,,
2026-10-06,2026-10-06,CM,BSE,STK,500048,INE258A01024,BEML,A,,,,,BEML LTD.,1984.05,2058.05,1971.05,2044.90,2044.90,1963.20,,2042.33,,,9819,19745044.00,927,F1,1,,,,,
2026-10-06,2026-10-06,CM,BSE,STK,500049,INE263A01024,BEL,A,,,,,BHARAT ELECTRONICS LTD.,383.75,387.45,382.65,387.40,387.40,384.10,,387.40,,,256356,98801226.00,4281,F1,1,,,,,
2026-10-06,2026-10-06,CM,BSE,STK,500051,INE099C01010,BHAGGAS,XT,,,,,BHAGAWATI GAS LIMITED,11.45,11.73,10.70,11.73,11.73,11.18,,11.73,,,48042,552978.00,234,F1,1,,,,,
2026-10-06,2026-10-06,CM,BSE,STK,500052,INE922A01025,BEPL,B,,,,,BHANSALI ENGINEERING POLYMERS,124.80,129.65,124.80,128.60,129.50,124.75,,128.63,,,83483,10682589.00,1249,F1,1,,,,,
2026-10-06,2026-10-06,CM,BSE,STK,500058,INE819C01011,BIHSPONG,X,,,,,BIHAR SPONGE IRON LTD.,12.47,12.47,12.10,12.10,12.10,12.30,,12.10,,,26426,320195.00,42,F1,1,,,,,
2026-10-06,2026-10-06,CM,BSE,STK,500059,INE071A01013,BILVYAPAR,T,,,,,BIL VYAPAR LIMITED,4.14,4.24,4.14,4.24,4.24,4.06,,4.15,,,540,2262.00,8,F1,1,,,,,
2026-10-06,2026-10-06,CM,BSE,STK,500060,INE800A01015,BIRLACABLE,B,,,,,Birla Cable Limited,377.35,395.35,377.35,395.35,395.35,376.55,,395.45,,,40245,15746630.00,628,F1,1,,,,,
2026-10-06,2026-10-06,CM,BSE,STK,500067,INE472A01039,BLUESTARCO,A,,,,,BLUE STAR LTD.,1518.25,1577.80,1501.90,1564.10,1564.10,1497.00,,1571.16,,,188914,295312235.00,4706,F1,1,,,,,
2026-10-06,2026-10-06,CM,BSE,STK,500068,INE131C01011,DISAQ,B,,,,,DISA INDIA LTD.,11340.00,11750.00,11340.00,11750.00,11750.00,11340.00,,11540.00,,,11,127865.00,10,F1,1,,,,,
2026-10-06,2026-10-06,CM,BSE,STK,500069,INE418C01012,QUESTCAP,X,,,,,QUEST CAPITAL MARKETS LIMITED,236.00,236.00,230.60,231.95,230.60,230.00,,231.95,,,111,25659.00,7,F1,1,,,,,
2026-10-06,2026-10-06,CM,BSE,STK,500074,INE110A01019,BPL,B,,,,,BPL LTD.,44.40,45.60,44.10,44.44,44.44,44.40,,44.45,,,2720,121217.00,68,F1,1,,,,,
2026-10-06,2026-10-06,CM,BSE,STK,500078,INE959C01023,OAL,B,,,,,ORIENTAL AROMATICS LIMITED,501.05,521.15,501.05,511.75,511.75,516.40,,511.35,,,772,395457.00,59,F1,1,,,,,
2026-10-06,2026-10-06,CM,BSE,STK,500083,INE281A01026,CENTEXT,B,,,,,CENTURY EXTRUSIONS LTD.,17.76,18.36,17.76,17.81,17.80,18.00,,17.87,,,6034,108287.00,91,F1,1,,,,,
2026-10-06,2026-10-06,CM,BSE,STK,500084,INE486A01021,CESC,A,,,,,CESC LTD.,134.45,136.10,133.10,134.45,134.45,133.75,,134.43,,,113794,15365909.00,2564,F1,1,,,,,
2026-10-06,2026-10-06,CM,BSE,STK,500085,INE085A01013,CHAMBLFERT,A,,,,,CHAMBAL FERTILISERS & CHEMICAL,399.85,405.85,398.00,405.00,404.65,397.40,,404.81,,,36287,14648129.00,574,F1,1,,,,,
2026-10-06,2026-10-06,CM,BSE,STK,500086,INE302A01020,EXIDEIND,A,,,,,EXIDE INDUSTRIES LTD.,404.55,410.35,403.85,405.80,405.80,405.20,,405.75,,,149016,60536977.00,3452,F1,1,,,,,
2026-10-06,2026-10-06,CM,BSE,STK,500087,INE059A01026,CIPLA,A,,,,,CIPLA LTD.,1339.00,1344.00,1323.30,1343.00,1343.00,1334.00,,1340.21,,,18431,24572598.00,1921,F1,1,,,,,
2026-10-06,2026-10-06,CM,BSE,STK,500089,INE303A01010,DICIND,B,,,,,DIC INDIA LTD.,600.00,603.00,600.00,603.00,603.00,593.50,,619.20,,,2,1203.00,2,F1,1,,,,,
2026-10-06,2026-10-06,CM,BSE,STK,500092,INE007A01025,CRISIL,A,,,,,CRISIL LTD.,4506.05,4545.00,4476.60,4519.50,4518.30,4507.95,,4523.20,,,764,3453488.00,293,F1,1,,,,,
2026-10-06,2026-10-06,CM,BSE,STK,500093,INE067A01029,CGPOWER,A,,,,,CG Power and Industrial Soluti,881.55,913.05,881.55,911.10,911.10,881.10,,911.99,,,115574,104342486.00,4915,F1,1,,,,,
2026-10-06,2026-10-06,CM,BSE,STK,500096,INE016A01026,DABUR,A,,,,,DABUR INDIA LTD.,379.35,393.05,375.90,388.40,388.40,378.00,,388.89,,,67109,25885415.00,1504,F1,1,,,,,
2026-10-06,2026-10-06,CM,BSE,STK,500097,INE495A01022,DALMIASUG,B,,,,,DALMIA BHARAT SUGAR AND INDUST,439.25,466.15,437.00,453.80,453.80,428.40,,453.01,,,28952,13089027.00,1455,F1,1,,,,,
2026-10-06,2026-10-06,CM,BSE,STK,500101,INE034A01011,ARVIND,A,,,,,ARVIND LTD.,535.00,538.05,529.55,534.40,535.00,530.00,,534.65,,,9015,4814590.00,450,F1,1,,,,,
2026-10-06,2026-10-06,CM,BSE,STK,500103,INE257A01026,BHEL,A,,,,,BHARAT HEAVY ELECTRICALS LTD.,429.95,453.80,427.85,451.50,451.50,427.60,,451.99,,,1907946,852272908.00,19034,F1,1,,,,,
2026-10-06,2026-10-06,CM,BSE,STK,500104,INE094A01015,HINDPETRO,A,,,,,HINDUSTAN PETROLEUM CORPORATIO,343.65,351.55,343.60,350.65,350.65,343.10,,351.00,,,788723,272429747.00,3882,F1,1,,,,,
2026-10-06,2026-10-06,CM,BSE,STK,500106,INE039A01010,IFCI,A,,,,,IFCI LTD.,64.90,66.04,63.91,65.54,65.54,64.29,,65.51,,,2772703,181342399.00,8583,F1,1,,,,,
2026-10-06,2026-10-06,CM,BSE,STK,500108,INE153A01019,MTNL,B,,,,,MAHANAGAR TELEPHONE NIGAM LTD.,23.15,23.52,23.15,23.28,23.25,23.21,,23.28,,,170998,3983705.00,430,F1,1,,,,,
2026-10-06,2026-10-06,CM,BSE,STK,500109,INE103A01014,MRPL,A,,,,,MANGALORE REFINERY & PETROCHEM,172.75,176.85,171.35,174.60,174.60,172.60,,174.71,,,663634,115599430.00,4893,F1,1,,,,,
2026-10-06,2026-10-06,CM,BSE,STK,500110,INE178A01016,CHENNPETRO,A,,,,,CHENNAI PETROLEUM CORPORATION,1408.10,1430.00,1385.00,1406.15,1408.00,1400.10,,1405.71,,,47702,66874610.00,1888,F1,1,,,,,
2026-10-06,2026-10-06,CM,BSE,STK,500112,INE062A01020,SBIN,A,,,,,STATE BANK OF INDIA,961.25,963.30,950.05,957.25,957.25,959.00,,958.73,,,491238,468694727.00,11777,F1,1,,,,,
2026-10-06,2026-10-06,CM,BSE,STK,500113,INE114A01011,SAIL,A,,,,,STEEL AUTHORITY OF INDIA LTD.,177.50,180.45,174.85,178.75,178.75,175.80,,178.10,,,902119,160644380.00,6159,F1,1,,,,,
2026-10-06,2026-10-06,CM,BSE,STK,500114,INE280A01028,TITAN,A,,,,,TITAN COMPANY LIMITED,4559.10,4600.00,4530.00,4540.00,4540.00,4600.00,,4549.95,,,16916,77090298.00,3062,F1,1,,,,,
2026-10-06,2026-10-06,CM,BSE,STK,500116,INE008A01015,IDBI,A,,,,,IDBI BANK LTD.,85.66,87.19,84.86,87.00,86.98,86.39,,87.01,,,555047,47885020.00,3108,F1,1,,,,,
2026-10-06,2026-10-06,CM,BSE,STK,500117,INE500A01029,DCW,B,,,,,DCW LTD.,44.44,46.47,44.44,46.34,46.35,44.78,,46.37,,,80585,3695416.00,465,F1,1,,,,,
2026-10-06,2026-10-06,CM,BSE,STK,500119,INE041A01016,DHAMPURSUG,B,,,,,DHAMPUR SUGAR MILLS LTD.,181.00,192.00,181.00,188.95,188.85,176.80,,188.81,,,144980,27207993.00,2343,F1,1,,,,,
2026-10-06,2026-10-06,CM,BSE,STK,500120,INE591D01014,DIAMINESQ,B,,,,,DIAMINES & CHEMICALS LTD.,241.00,264.55,241.00,245.10,245.10,236.25,,244.55,,,3102,792557.00,318,F1,1,,,,,
2026-10-06,2026-10-06,CM,BSE,STK,500123,INE280B01018,ELANTAS,B,,,,,ELANTAS BECK INDIA LTD.,13594.95,14110.70,13483.10,13993.05,13993.05,13213.15,,13939.59,,,421,5833382.00,199,F1,1,,,,,
2026-10-06,2026-10-06,CM,BSE,STK,500124,INE089A01031,DRREDDY,A,,,,,DR.REDDYS LABORATORIES LTD.,1203.00,1212.50,1194.75,1209.15,1209.15,1208.00,,1208.00,,,60625,73083777.00,3342,F1,1,,,,,
2026-10-06,2026-10-06,CM,BSE,STK,500125,INE126A01031,EIDPARRY,A,,,,,E.I.D.-PARRY (INDIA) LTD.,699.90,711.00,695.60,699.55,699.55,691.90,,699.21,,,15000,10544567.00,836,F1,1,,,,,
2026-10-06,2026-10-06,CM,BSE,STK,500126,INE199A01012,PGHL,A,,,,,PROCTER & GAMBLE HEALTH LIMITE,5290.00,5350.00,5244.00,5301.80,5290.00,5301.40,,5305.94,,,300,1588122.00,162,F1,1,,,,,
2026-10-06,2026-10-06,CM,BSE,STK,500128,INE086A01029,ELECTCAST,A,,,,,ELECTROSTEEL CASTINGS LTD.,76.39,81.05,74.83,79.07,79.43,75.17,,78.97,,,444905,35341750.00,2328,F1,1,,,,,
2026-10-06,2026-10-06,CM,BSE,STK,500133,INE284A01012,ESABINDIA,B,,,,,ESAB INDIA LTD.,5552.65,5613.60,5516.05,5608.05,5588.35,5514.65,,5608.00,,,109,609477.00,52,F1,1,,,,,
2026-10-06,2026-10-06,CM,BSE,STK,500135,INE255A01020,EPL,A,,,,,EPL LIMITED,242.45,242.45,232.25,237.20,236.90,236.30,,237.23,,,52588,12395309.00,1869,F1,1,,,,,
2026-10-06,2026-10-06,CM,BSE,STK,500136,INE778B01029,ESTER,B,,,,,ESTER INDUSTRIES LTD.,93.90,96.80,93.50,93.65,93.65,93.35,,93.86,,,3508,331714.00,128,F1,1,,,,,
2026-10-06,2026-10-06,CM,BSE,STK,500142,INE512A01016,FGP,XT,,,,,FGP LTD.,8.26,8.26,7.85,7.85,7.85,8.26,,7.85,,,696,5470.00,10,F1,1,,,,,
2026-10-06,2026-10-06,CM,BSE,STK,500143,INE160F01013,PHCAP,XT,,,,,P H CAPITAL LIMITED,1360.00,1362.00,1328.50,1328.50,1328.50,1355.00,,1328.50,,,7673,10391856.00,988,F1,1,,,,,
2026-10-06,2026-10-06,CM,BSE,STK,500144,INE235A01022,FINCABLES,A,,,,,FINOLEX CABLES LTD.,1468.85,1495.00,1447.65,1474.20,1474.00,1466.65,,1474.00,,,17989,26437106.00,1170,F1,1,,,,,
2026-10-06,2026-10-06,CM,BSE,STK,500147,INE515A01019,COCKERILL,B,,,,,JOHN COCKERILL INDIA LIMITED,7882.75,8008.80,7870.00,7944.55,7934.50,7882.70,,7975.18,,,293,2322988.00,85,F1,1,,,,,
2026-10-06,2026-10-06,CM,BSE,STK,500148,INE516A01017,UFLEX,B,,,,,UFLEX LTD.,639.05,646.00,637.45,641.70,644.95,639.20,,641.26,,,13110,8408762.00,647,F1,1,,,,,
2026-10-06,2026-10-06,CM,BSE,STK,500150,INE519A01011,FOSECOIND,B,,,,,FOSECO INDIA LTD.,6327.00,6475.50,6295.70,6451.25,6449.00,6273.40,,6440.08,,,440,2811944.00,167,F1,1,,,,,
2026-10-06,2026-10-06,CM,BSE,STK,500151,INE973A01010,GOLDENTOBC,Z,,,,,GOLDEN TOBACCO LTD.,23.12,24.34,23.00,23.99,23.99,23.59,,22.74,,,592,14230.00,26,F1,1,,,,,
2026-10-06,2026-10-06,CM,BSE,STK,500153,INE388A01029,GANESHBE,T,,,,,GANESH BENZOPLAST LTD.,111.80,111.80,111.80,111.80,111.80,117.65,,112.13,,,50285,5621863.00,141,F1,1,,,,,
2026-10-06,2026-10-06,CM,BSE,STK,500159,INE085D01033,METROGLOBL,B,,,,,METROGLOBAL LIMITED,133.00,133.00,133.00,133.00,133.00,136.25,,130.00,,,19,2527.00,1,F1,1,,,,,
2026-10-06,2026-10-06,CM,BSE,STK,500160,INE043A01012,GTL,B,,,,,GTL LTD.,6.95,6.95,6.74,6.87,6.91,6.72,,6.86,,,45613,312033.00,73,F1,1,,,,,
2026-10-06,2026-10-06,CM,BSE,STK,500163,INE260B01028,GODFRYPHLP,A,,,,,GODFREY PHILLIPS INDIA LTD.,1905.40,1908.00,1875.00,1899.00,1899.00,1875.00,,1899.84,,,6806,12857551.00,667,F1,1,,,,,
2026-10-06,2026-10-06,CM,BSE,STK,500164,INE233A01035,GODREJIND,A,,,,,GODREJ INDUSTRIES LTD.,1055.75,1055.75,1024.10,1046.30,1047.20,1039.10,,1045.06,,,2590,2682761.00,248,F1,1,,,,,
2026-10-06,2026-10-06,CM,BSE,STK,500165,INE531A01024,KANSAINER,A,,,,,KANSAI NEROLAC PAINTS LTD.,177.90,184.50,176.10,183.75,183.75,177.05,,183.98,,,177022,31800862.00,1249,F1,1,,,,,
2026-10-06,2026-10-06,CM,BSE,STK,500166,INE300A01016,GOODRICKE,X,,,,,GOODRICKE GROUP LTD.,238.95,238.95,220.00,232.70,233.10,221.80,,232.70,,,6743,1560779.00,98,F1,1,,,,,
2026-10-06,2026-10-06,CM,BSE,STK,500168,INE533A01012,GOODYEAR,B,,,,,GOODYEAR INDIA LTD.,688.00,691.80,684.00,684.90,684.90,688.10,,685.88,,,1314,903190.00,221,F1,1,,,,,
2026-10-06,2026-10-06,CM,BSE,STK,500170,INE537A01013,GTNINDS,X,,,,,GTN INDUSTRIES LTD.,24.20,24.20,23.00,23.00,23.00,24.20,,23.00,,,3887,89999.00,18,F1,1,,,,,
2026-10-06,2026-10-06,CM,BSE,STK,500171,INE539A01019,GHCL,A,,,,,GHCL LTD.,400.00,412.70,400.00,408.95,412.70,401.95,,408.86,,,10084,4085721.00,540,F1,1,,,,,
2026-10-06,2026-10-06,CM,BSE,STK,500173,INE538A01037,GFLLIMITED,B,,,,,GFL LIMITED,55.11,56.32,54.03,55.52,56.00,55.37,,55.83,,,5438,302054.00,260,F1,1,,,,,
2026-10-06,2026-10-06,CM,BSE,STK,500174,INE540A01017,GLFL,B,,,,,GUJARAT LEASE FINANCING LTD.,5.22,5.40,5.18,5.37,5.40,5.45,,5.39,,,253,1333.00,7,F1,1,,,,,
2026-10-06,2026-10-06,CM,BSE,STK,500178,INE905C01034,HARCR,XT,,,,,HARIG CRANKSHAFTS LTD.,42.78,42.78,42.78,42.78,42.78,41.95,,42.78,,,159,6802.00,16,F1,1,,,,,
2026-10-06,2026-10-06,CM,BSE,STK,500179,INE236A01020,HCL-INSYS,B,,,,,HCL INFOSYSTEMS LTD.,9.86,10.27,9.86,10.12,10.16,10.04,,10.14,,,22187,223556.00,271,F1,1,,,,,
2026-10-06,2026-10-06,CM,BSE,STK,500180,INE040A01034,HDFCBANK,A,,,,,HDFC BANK LTD.,706.00,714.40,701.00,710.20,710.20,705.00,,711.44,,,1166274,826703828.00,22089,F1,1,,,,,
2026-10-06,2026-10-06,CM,BSE,STK,500182,INE158A01026,HEROMOTOCO,A,,,,,HERO MOTOCORP LTD.,5105.40,5111.00,5042.00,5074.80,5074.80,5080.00,,5075.00,,,25786,130836373.00,6772,F1,1,,,,,
2026-10-06,2026-10-06,CM,BSE,STK,500183,INE548A01028,HFCL,T,,,,,HFCL LIMITED,262.00,262.25,255.20,262.25,262.25,249.80,,262.77,,,241531,63082899.00,1839,F1,1,,,,,
2026-10-06,2026-10-06,CM,BSE,STK,500184,INE019C01026,HSCL,A,,,,,Himadri Speciality Chemical Lt,664.80,670.00,660.60,668.70,668.70,659.80,,668.56,,,32187,21427642.00,967,F1,1,,,,,
2026-10-06,2026-10-06,CM,BSE,STK,500185,INE549A01026,HCC,A,,,,,HINDUSTAN CONSTRUCTION CO.LTD.,20.05,20.55,20.05,20.28,20.28,20.01,,20.26,,,762838,15490397.00,1948,F1,1,,,,,
2026-10-06,2026-10-06,CM,BSE,STK,500186,INE345A01011,HINDOILEXP,B,,,,,HINDUSTAN OIL EXPLORATION CO.L,162.20,167.55,162.20,166.40,166.80,164.95,,166.35,,,43173,7205007.00,571,F1,1,,,,,
2026-10-06,2026-10-06,CM,BSE,STK,500187,INE415A01038,AGI,B,,,,,AGI GREENPAC LIMITED,785.60,795.00,779.00,785.30,788.00,781.70,,786.22,,,3291,2584507.00,238,F1,1,,,,,
2026-10-06,2026-10-06,CM,BSE,STK,500188,INE267A01025,HINDZINC,A,,,,,HINDUSTAN ZINC LTD.,563.70,567.35,556.95,558.30,558.30,561.60,,557.69,,,147722,83040579.00,3825,F1,1,,,,,
2026-10-06,2026-10-06,CM,BSE,STK,500191,INE262A01018,HMT,Z,,,,,HMT LTD.,59.40,59.90,57.01,58.05,58.05,58.53,,58.28,,,2054,120309.00,39,F1,1,,,,,
2026-10-06,2026-10-06,CM,BSE,STK,500192,INE962B01011,PRAGBOS,X,,,,,PRAG BOSIMI SYNTHETICS LTD.,1.69,1.69,1.46,1.62,1.63,1.69,,1.62,,,37925,59809.00,128,F1,1,,,,,
2026-10-06,2026-10-06,CM,BSE,STK,500193,INE102A01024,HLVLTD,B,,,,,HLV LIMITED,6.30,6.32,6.16,6.19,6.16,6.20,,6.14,,,12472,77496.00,54,F1,1,,,,,
2026-10-06,2026-10-06,CM,BSE,STK,500199,INE204A01010,IGPL,B,,,,,I G PETROCHEMICALS LTD.,551.00,598.00,551.00,588.75,590.05,554.00,,589.49,,,7314,4309139.00,530,F1,1,,,,,
2026-10-06,2026-10-06,CM,BSE,STK,500201,INE560A01023,INDIAGLYCO,A,,,,,INDIA GLYCOLS LTD.,305.60,324.00,303.60,318.70,318.70,303.20,,318.93,,,35588,11305508.00,1006,F1,1,,,,,
2026-10-06,2026-10-06,CM,BSE,STK,500202,INE333C01013,INDLEASE,X,,,,,INDIA LEASE DEVELOPMENT LTD.,6.96,6.96,6.96,6.96,6.96,7.32,,6.96,,,1,6.00,1,F1,1,,,,,
2026-10-06,2026-10-06,CM,BSE,STK,500206,INE680B01019,MARGOFIN,X,,,,,MARGO FINANCE LIMITED,60.20,63.50,60.20,62.49,62.50,64.00,,62.49,,,2227,137730.00,43,F1,1,,,,,
2026-10-06,2026-10-06,CM,BSE,STK,500207,INE156A01020,INDORAMA,B,,,,,INDO RAMA SYNTHETICS (INDIA) L,92.00,96.30,91.80,94.95,95.80,93.70,,95.10,,,73953,6960851.00,700,F1,1,,,,,
2026-10-06,2026-10-06,CM,BSE,STK,500209,INE009A01021,INFY,A,,,,,INFOSYS LTD.,1019.45,1020.80,1003.50,1013.00,1013.00,1019.50,,1013.85,,,386981,390636948.00,7604,F1,1,,,,,
2026-10-06,2026-10-06,CM,BSE,STK,500210,INE177A01018,INGERRAND,B,,,,,INGERSOLL-RAND (INDIA) LTD.,4156.20,4181.85,4115.65,4143.45,4163.30,4156.25,,4131.77,,,525,2178999.00,150,F1,1,,,,,
2026-10-06,2026-10-06,CM,BSE,STK,500213,INE262B01016,ITHL,X,,,,,INTERNATIONAL TRAVEL HOUSE LTD,279.80,279.80,277.85,278.95,278.95,275.10,,278.95,,,759,211838.00,32,F1,1,,,,,
2026-10-06,2026-10-06,CM,BSE,STK,500214,INE570A01022,IONEXCHANG,A,,,,,ION EXCHANGE (INDIA) LTD.,398.95,410.40,398.95,409.20,408.10,401.80,,409.20,,,4590,1871299.00,335,F1,1,,,,,
2026-10-06,2026-10-06,CM,BSE,STK,500215,INE209A01019,SUNDROP,B,,,,,SUNDROP BRANDS LIMITED,753.50,761.35,746.50,747.35,747.35,739.85,,746.80,,,1208,912900.00,183,F1,1,,,,,
2026-10-06,2026-10-06,CM,BSE,STK,500219,INE175A01038,JISLJALEQS,A,,,,,JAIN IRRIGATION SYSTEMS LTD.,27.40,27.40,26.45,26.60,26.81,26.80,,26.65,,,50376,1348592.00,279,F1,1,,,,,
2026-10-06,2026-10-06,CM,BSE,STK,500220,INE711C01028,JASCH,X,,,,,JASCH INDUSTRIES LTD.,286.00,292.50,281.25,282.90,283.00,284.95,,282.90,,,1965,565380.00,47,F1,1,,,,,
2026-10-06,2026-10-06,CM,BSE,STK,500227,INE197D01010,JINDALPOLY,B,,,,,JINDAL POLY FILMS LIMITED,648.50,665.35,648.50,657.00,657.00,641.90,,658.22,,,1617,1058880.00,111,F1,1,,,,,
2026-10-06,2026-10-06,CM,BSE,STK,500228,INE019A01038,JSWSTEEL,A,,,,,JSW STEEL LTD.,1243.05,1261.15,1234.20,1259.00,1259.00,1232.35,,1259.60,,,27202,34072099.00,1832,F1,1,,,,,
2026-10-06,2026-10-06,CM,BSE,STK,500233,INE217B01036,KAJARIACER,A,,,,,KAJARIA CERAMICS LTD.,1218.00,1228.40,1198.20,1211.75,1210.00,1212.60,,1213.40,,,33745,40888127.00,2231,F1,1,,,,,
2026-10-06,2026-10-06,CM,BSE,STK,500234,INE437B01014,KAKATCEM,B,,,,,KAKATIYA CEMENT SUGAR & INDUST,105.20,105.20,105.20,105.20,105.20,105.20,,105.44,,,44,4628.00,23,F1,1,,,,,
2026-10-06,2026-10-06,CM,BSE,STK,500235,INE907A01026,KSL,B,,,,,KALYANI STEELS LTD.,922.10,949.05,922.10,941.75,941.35,921.30,,942.77,,,2322,2179241.00,240,F1,1,,,,,
2026-10-06,2026-10-06,CM,BSE,STK,500236,INE252C01023,KANELIND,XT,,,,,KANEL INDUSTRIES LIMITED,69.25,75.95,69.25,75.66,75.94,72.84,,75.66,,,1459,102214.00,34,F1,1,,,,,
2026-10-06,2026-10-06,CM,BSE,STK,500238,INE716A01013,WHIRLPOOL,A,,,,,WHIRLPOOL OF INDIA LTD.,872.80,876.70,864.00,868.00,868.60,872.05,,867.81,,,13917,12123418.00,942,F1,1,,,,,
2026-10-06,2026-10-06,CM,BSE,STK,500239,INE104A01012,KGDENIM,X,,,,,KG DENIM LTD.,13.95,14.74,13.95,14.51,14.52,13.96,,14.51,,,2308,33288.00,32,F1,1,,,,,
2026-10-06,2026-10-06,CM,BSE,STK,500240,INE266B01017,KINETICENG,X,,,,,KINETIC ENGINEERING LTD.,247.75,247.75,230.00,238.90,240.00,247.75,,238.90,,,13480,3223289.00,216,F1,1,,,,,
2026-10-06,2026-10-06,CM,BSE,STK,500241,INE732A01036,KIRLOSBROS,A,,,,,KIRLOSKAR BROTHERS LTD.,1753.70,1762.00,1740.00,1745.90,1747.70,1743.05,,1745.33,,,4948,8658857.00,443,F1,1,,,,,
2026-10-06,2026-10-06,CM,BSE,STK,500243,INE250A01039,KIRLOSIND,B,,,,,KIRLOSKAR INDUSTRIES LTD,3500.00,3580.00,3485.20,3540.95,3509.55,3466.45,,3542.49,,,334,1182498.00,100,F1,1,,,,,
2026-10-06,2026-10-06,CM,BSE,STK,500245,INE884B01025,KIRLFER,B,,,,,KIRLOSKAR FERROUS INDUSTRIES L,465.85,474.05,461.45,473.80,471.15,465.00,,472.88,,,17495,8215547.00,402,F1,1,,,,,
2026-10-06,2026-10-06,CM,BSE,STK,500246,INE601C01013,ENVAIREL,XT,,,,,ENVAIR ELECTRODYNE LTD.,58.80,59.00,58.80,59.00,59.00,59.99,,59.00,,,132,7762.00,5,F1,1,,,,,
2026-10-06,2026-10-06,CM,BSE,STK,500247,INE237A01036,KOTAKBANK,A,,,,,KOTAK MAHINDRA BANK LTD.,421.05,435.25,421.05,431.25,431.25,416.30,,431.90,,,6034182,2605655174.00,18356,F1,1,,,,,
2026-10-06,2026-10-06,CM,BSE,STK,500248,INE073A01019,KRIFILIND,XT,,,,,KRISHNA FILAMENT INDUSTRIES LI,4.04,4.04,4.04,4.04,4.04,4.06,,4.04,,,10,40.00,1,F1,1,,,,,
2026-10-06,2026-10-06,CM,BSE,STK,500249,INE999A01023,KSB,A,,,,,KSB LIMITED,823.95,823.95,793.25,809.30,808.00,803.65,,809.11,,,11085,8889071.00,417,F1,1,,,,,
2026-10-06,2026-10-06,CM,BSE,STK,500250,INE337A01034,LGBBROSLTD,A,,,,,L.G.BALAKRISHNAN & BROS.LTD.,1677.30,1677.30,1640.00,1659.55,1658.30,1665.50,,1657.84,,,1867,3095115.00,480,F1,1,,,,,
2026-10-06,2026-10-06,CM,BSE,STK,500251,INE849A01020,TRENT,A,,,,,TRENT LTD.,2800.00,2914.55,2781.10,2904.00,2904.00,2575.00,,2905.97,,,410129,1176413994.00,22820,F1,1,,,,,
2026-10-06,2026-10-06,CM,BSE,STK,500252,INE269B01029,LMW,A,,,,,LMW Limited,16557.65,17088.00,16557.65,16934.40,16999.00,16537.80,,16910.58,,,127,2138036.00,72,F1,1,,,,,
2026-10-06,2026-10-06,CM,BSE,STK,500253,INE115A01026,LICHSGFIN,A,,,,,LIC HOUSING FINANCE LTD.,506.90,506.90,499.00,501.10,501.10,503.80,,501.98,,,29315,14729822.00,824,F1,1,,,,,
2026-10-06,2026-10-06,CM,BSE,STK,500257,INE326A01037,LUPIN,A,,,,,LUPIN LTD.,2026.75,2035.00,2004.65,2035.00,2035.00,2010.00,,2029.30,,,44324,89821978.00,1958,F1,1,,,,,
2026-10-06,2026-10-06,CM,BSE,STK,500259,INE933A01014,LYKALABS,T,,,,,LYKA LABS LTD.,76.99,77.87,74.55,75.03,75.00,78.36,,75.17,,,6422,486825.00,37,F1,1,,,,,
2026-10-06,2026-10-06,CM,BSE,STK,500260,INE331A01037,RAMCOCEM,A,,,,,THE RAMCO CEMENTS LIMITED,844.95,849.70,835.10,848.30,848.00,835.55,,848.25,,,3895,3279544.00,206,F1,1,,,,,
2026-10-06,2026-10-06,CM,BSE,STK,500262,INE965B01022,HYBRIDFIN,B,,,,,HYBRID FINANCIAL SERVICES LIMI,18.11,18.11,16.59,18.07,18.07,18.12,,17.61,,,355,6116.00,22,F1,1,,,,,
2026-10-06,2026-10-06,CM,BSE,STK,500264,INE270B01035,MAFATIND,B,,,,,MAFATLAL INDUSTRIES LTD.,112.00,115.90,110.25,115.70,115.90,109.75,,115.64,,,7576,858622.00,297,F1,1,,,,,
2026-10-06,2026-10-06,CM,BSE,STK,500265,INE271B01025,MAHSEAMLES,A,,,,,MAHARASHTRA SEAMLESS LTD.,699.90,699.90,683.80,685.75,683.80,685.45,,685.71,,,176363,121653214.00,3649,F1,1,,,,,
2026-10-06,2026-10-06,CM,BSE,STK,500266,INE288A01013,MAHSCOOTER,A,,,,,MAHARASHTRA SCOOTERS LTD.,12507.00,12507.05,12275.75,12307.35,12288.00,12500.60,,12314.77,,,210,2594990.00,99,F1,1,,,,,
2026-10-06,2026-10-06,CM,BSE,STK,500267,INE201B01022,MAJESAUT,T,,,,,MAJESTIC AUTO LTD.,374.00,374.00,365.00,365.00,365.00,365.00,,365.45,,,103,37634.00,9,F1,1,,,,,
2026-10-06,2026-10-06,CM,BSE,STK,500268,INE201A01024,MANALIPETC,B,,,,,MANALI PETROCHEMICAL LTD.,87.51,92.70,87.50,92.29,92.29,87.36,,92.36,,,601018,54523669.00,4109,F1,1,,,,,
2026-10-06,2026-10-06,CM,BSE,STK,500270,INE461A01024,BARODARY,X,,,,,BARODA RAYON CORPORATION LTD.,120.00,120.00,118.00,119.00,119.00,120.00,,119.00,,,406,48604.00,12,F1,1,,,,,
2026-10-06,2026-10-06,CM,BSE,STK,500271,INE180A01020,MFSL,A,,,,,Max Financial Services Limited,1348.55,1360.05,1330.90,1350.45,1353.90,1347.00,,1361.00,,,29344,39604084.00,2140,F1,1,,,,,
2026-10-06,2026-10-06,CM,BSE,STK,500277,INE401C01018,MIDINDIA,X,,,,,MID INDIA INDUSTRIES LTD.,5.72,6.00,5.72,6.00,6.00,5.70,,6.00,,,226,1296.00,6,F1,1,,,,,
2026-10-06,2026-10-06,CM,BSE,STK,500279,INE831A01028,ONIDA,B,,,,,ONIDA ELECTRONICS LIMITED,32.00,32.00,31.00,31.18,31.00,31.35,,31.12,,,16924,530859.00,297,F1,1,,,,,
2026-10-06,2026-10-06,CM,BSE,STK,500280,INE485A01015,CENTENKA,B,,,,,CENTURY ENKA LTD.,551.95,578.55,546.15,566.80,566.60,546.15,,566.64,,,8099,4615240.00,209,F1,1,,,,,
2026-10-06,2026-10-06,CM,BSE,STK,500284,INE846D01012,LORDSCHLO,B,,,,,LORDS CHLORO ALKALI LTD.,138.80,144.80,138.80,139.40,140.70,136.85,,139.21,,,3231,459526.00,299,F1,1,,,,,
2026-10-06,2026-10-06,CM,BSE,STK,500285,INE285B01017,SPICEJET,B,,,,,SPICEJET LTD.,9.20,9.36,9.11,9.17,9.17,9.10,,9.17,,,2813236,25978793.00,2925,F1,1,,,,,
2026-10-06,2026-10-06,CM,BSE,STK,500288,INE083A01026,MOREPENLAB,B,,,,,MOREPEN LABORATORIES LTD.,135.80,145.25,135.60,143.75,143.75,135.30,,143.95,,,1738125,246110380.00,12520,F1,1,,,,,
2026-10-06,2026-10-06,CM,BSE,STK,500290,INE883A01011,MRF,A,,,,,MRF LTD.,123999.55,124378.75,123399.95,124095.75,124299.70,123284.50,,124080.44,,,152,18799372.00,123,F1,1,,,,,
2026-10-06,2026-10-06,CM,BSE,STK,500292,INE578A01017,HEIDELBERG,B,,,,,HEIDELBERGCEMENT INDIA LTD.,129.25,130.15,127.45,127.75,127.80,130.15,,127.78,,,16480,2113230.00,491,F1,1,,,,,
2026-10-06,2026-10-06,CM,BSE,STK,500294,INE868B01028,NCC,A,,,,,NCC LIMITED,129.65,129.65,128.30,128.45,128.85,128.70,,128.47,,,86520,11139560.00,787,F1,1,,,,,
2026-10-06,2026-10-06,CM,BSE,STK,500295,INE205A01025,VEDL,A,,,,,VEDANTA LIMITED,257.75,267.70,257.00,266.55,266.55,255.00,,265.63,,,760312,200316368.00,7305,F1,1,,,,,
2026-10-06,2026-10-06,CM,BSE,STK,500296,INE290A01027,NAHARSPING,B,,,,,NAHAR SPINNING MILLS LTD.,253.65,260.00,253.65,260.00,260.00,247.75,,257.40,,,11,2823.00,3,F1,1,,,,,
2026-10-06,2026-10-06,CM,BSE,STK,500298,INE585A01020,NAPEROL,X,,,,,Naperol Investments Limited,610.00,610.00,595.00,598.40,598.40,606.70,,598.40,,,2652,1607575.00,136,F1,1,,,,,
2026-10-06,2026-10-06,CM,BSE,STK,500300,INE047A01021,GRASIM,A,,,,,GRASIM INDUSTRIES LTD.,2953.95,2989.45,2935.25,2965.00,2965.00,2979.10,,2968.87,,,6102,18044243.00,1292,F1,1,,,,,
2026-10-06,2026-10-06,CM,BSE,STK,500304,INE161A01038,NIITLTD,B,,,,,NIIT LTD.,84.00,87.06,84.00,86.85,86.90,83.71,,86.78,,,15246,1303971.00,150,F1,1,,,,,
2026-10-06,2026-10-06,CM,BSE,STK,500306,INE903A01025,JAYKAY,B,,,,,Jaykay Enterprises Limited,230.05,243.00,228.55,239.80,239.80,221.55,,240.01,,,355461,83864976.00,4629,F1,1,,,,,
2026-10-06,2026-10-06,CM,BSE,STK,500307,INE910A01012,NIRLON,B,,,,,NIRLON LTD.,614.60,619.75,611.95,615.15,612.90,614.95,,618.90,,,223,137080.00,23,F1,1,,,,,
2026-10-06,2026-10-06,CM,BSE,STK,500312,INE213A01029,ONGC,A,,,,,OIL AND NATURAL GAS CORPORATIO,225.00,225.45,221.30,224.00,224.00,225.50,,224.20,,,1978310,441400187.00,9905,F1,1,,,,,
2026-10-06,2026-10-06,CM,BSE,STK,500313,INE591A01010,OILCOUNTUB,T,,,,,OIL COUNTRY TUBULAR LTD.,80.50,81.14,80.50,81.14,81.14,79.55,,81.22,,,4800,387865.00,14,F1,1,,,,,
2026-10-06,2026-10-06,CM,BSE,STK,500314,INE750A01020,ORIENTHOT,B,,,,,ORIENTAL HOTELS LTD.,140.25,144.35,140.25,143.75,143.80,140.75,,143.61,,,21877,3129083.00,270,F1,1,,,,,
2026-10-06,2026-10-06,CM,BSE,STK,500317,INE142A01012,OSWALAGRO,B,,,,,OSWAL AGRO MILLS LTD.,33.13,34.00,32.16,32.40,33.00,33.13,,32.82,,,5187,170678.00,599,F1,1,,,,,
2026-10-06,2026-10-06,CM,BSE,STK,500319,INE557C01017,INDSUCR,X,,,,,INDIAN SUCROSE LTD.,73.00,78.00,73.00,74.27,74.27,72.08,,74.27,,,30227,2314931.00,277,F1,1,,,,,
2026-10-06,2026-10-06,CM,BSE,STK,500322,INE167E01037,PANCM,XT,,,,,PANYAM CEMENTS & MINERAL INDUS,104.35,111.70,101.65,111.70,111.70,107.00,,111.70,,,274,27960.00,12,F1,1,,,,,
2026-10-06,2026-10-06,CM,BSE,STK,500325,INE002A01018,RELIANCE,A,,,,,RELIANCE INDUSTRIES LTD.,1189.90,1219.00,1188.15,1219.00,1219.00,1186.10,,1218.00,,,675671,816759895.00,31330,F1,1,,,,,
2026-10-06,2026-10-06,CM,BSE,STK,500327,INE600A01035,PILITA,B,,,,,Pil Italica Lifestyle Limited,7.43,7.60,7.26,7.34,7.34,7.58,,7.35,,,3982,29287.00,63,F1,1,,,,,
2026-10-06,2026-10-06,CM,BSE,STK,500330,INE301A01014,RAYMOND,A,,,,,RAYMOND LTD.,1310.45,1338.30,1272.40,1293.85,1293.85,1304.35,,1294.28,,,138626,182049725.00,5877,F1,1,,,,,
2026-10-06,2026-10-06,CM,BSE,STK,500331,INE318A01026,PIDILITIND,A,,,,,PIDILITE INDUSTRIES LTD.,1487.50,1522.40,1473.80,1519.75,1519.75,1485.00,,1520.50,,,15312,23077623.00,1140,F1,1,,,,,
2026-10-06,2026-10-06,CM,BSE,STK,500333,INE751B01018,PIXTRANS,B,,,,,PIX TRANSMISSIONS LTD.,1834.20,1866.85,1790.00,1797.50,1796.10,1840.50,,1796.73,,,2056,3753626.00,395,F1,1,,,,,
2026-10-06,2026-10-06,CM,BSE,STK,500335,INE340A01012,BIRLACORPN,A,,,,,BIRLA CORPORATION LTD.,813.75,823.60,799.90,804.30,804.30,813.75,,803.50,,,114217,91987384.00,478,F1,1,,,,,
2026-10-06,2026-10-06,CM,BSE,STK,500336,INE335A01020,SURYAROSNI,B,,,,,SURYA ROSHNI LTD.,220.00,222.65,220.00,221.30,221.10,220.75,,221.35,,,7874,1746140.00,212,F1,1,,,,,
2026-10-06,2026-10-06,CM,BSE,STK,500337,INE032B01021,PRIMESECU,B,,,,,PRIME SECURITIES LTD.,301.60,301.65,297.80,297.80,297.80,300.85,,297.05,,,510,152874.00,19,F1,1,,,,,
2026-10-06,2026-10-06,CM,BSE,STK,500338,INE010A01011,PRSMJOHNSN,B,,,,,PRISM JOHNSON LIMITED.,108.50,108.50,101.65,103.55,103.00,102.05,,103.48,,,9156,937484.00,206,F1,1,,,,,
2026-10-06,2026-10-06,CM,BSE,STK,500339,INE855B01025,RAIN,A,,,,,RAIN INDUSTRIES LIMITED,209.00,216.00,207.75,212.80,212.80,209.00,,212.63,,,95545,20356240.00,990,F1,1,,,,,
2026-10-06,2026-10-06,CM,BSE,STK,500342,INE024D01016,PRUDMOULI,B,,,,,PRUDENTIAL SUGAR CORPORATION L,13.91,13.95,13.87,13.92,13.87,13.97,,13.85,,,1259,17520.00,13,F1,1,,,,,
2026-10-06,2026-10-06,CM,BSE,STK,500343,INE606A01024,AMJLAND,B,,,,,AMJ LAND HOLDINGS LIMITED,41.00,41.00,37.50,38.22,38.22,37.18,,37.68,,,288,11030.00,8,F1,1,,,,,
2026-10-06,2026-10-06,CM,BSE,STK,500346,INE609A01010,PUNJCOMMU,B,,,,,PUNJAB COMMUNICATIONS LTD.,57.00,57.90,56.99,57.05,57.05,56.88,,57.05,,,1041,59463.00,12,F1,1,,,,,
2026-10-06,2026-10-06,CM,BSE,STK,500350,INE611A01016,RSWM,B,,,,,RSWM LTD.,204.50,207.90,202.90,207.25,207.90,202.50,,207.03,,,499,102047.00,19,F1,1,,,,,
2026-10-06,2026-10-06,CM,BSE,STK,500354,INE562B01019,RAJSREESUG,B,,,,,RAJSHREE SUGARS & CHEMICALS LT,29.23,30.00,29.23,29.45,29.45,28.70,,29.58,,,3674,109187.00,102,F1,1,,,,,
2026-10-06,2026-10-06,CM,BSE,STK,500355,INE613A01020,RALLIS,A,,,,,RALLIS INDIA LTD.,197.80,200.95,197.00,200.50,200.30,197.25,,200.30,,,19415,3846011.00,294,F1,1,,,,,
2026-10-06,2026-10-06,CM,BSE,STK,500356,INE278B01020,RAMANEWS,B,,,,,SHREE RAMA NEWSPRINT LTD.,29.31,29.31,28.65,29.20,29.20,29.11,,28.88,,,2027,58819.00,30,F1,1,,,,,
2026-10-06,2026-10-06,CM,BSE,STK,500357,INE425E01013,RAMAPPR-B,Z,,,,,RAMA PAPER MILLS LTD.,17.60,18.40,16.72,16.72,16.72,17.60,,16.72,,,3926,67539.00,13,F1,1,,,,,
2026-10-06,2026-10-06,CM,BSE,STK,500360,INE350D01015,RAPICUT,XT,,,,,RAPICUT CARBIDES LTD.,255.20,255.20,245.65,248.40,249.90,257.20,,248.40,,,21583,5360012.00,218,F1,1,,,,,
2026-10-06,2026-10-06,CM,BSE,STK,500365,INE731F01037,WELSPLSOL,B,,,,,WELSPUN SPECIALTY SOLUTIONS LI,52.15,53.50,51.70,52.00,52.00,52.58,,51.99,,,132472,6952291.00,578,F1,1,,,,,
2026-10-06,2026-10-06,CM,BSE,STK,500367,INE642C01025,RUBFILA,B,,,,,RUBFILA INTERNATIONAL LTD.,63.60,64.40,63.00,63.86,63.97,63.34,,63.63,,,20648,1317916.00,206,F1,1,,,,,
2026-10-06,2026-10-06,CM,BSE,STK,500368,INE619A01035,PATANJALI,A,,,,,Patanjali Foods Limited,356.00,364.90,350.80,363.80,363.80,355.95,,363.04,,,245651,87752669.00,3162,F1,1,,,,,
2026-10-06,2026-10-06,CM,BSE,STK,500370,INE924A01013,SALORAINTL,X,,,,,SALORA INTERNATIONAL LTD.,24.06,26.80,24.05,25.97,25.97,25.00,,25.97,,,200,4870.00,7,F1,1,,,,,
2026-10-06,2026-10-06,CM,BSE,STK,500371,INE538C01017,SAMTELIN,XT,,,,,SAMTEL INDIA LTD.,53.65,53.65,53.65,53.65,53.65,54.74,,53.65,,,499,26771.00,15,F1,1,,,,,
2026-10-06,2026-10-06,CM,BSE,STK,500378,INE324A01032,JINDALSAW,A,,,,,JINDAL SAW LTD.,277.00,283.55,275.00,281.80,280.65,274.80,,282.38,,,50954,14239052.00,2084,F1,1,,,,,
2026-10-06,2026-10-06,CM,BSE,STK,500380,INE786A01032,JKLAKSHMI,A,,,,,JK LAKSHMI CEMENT LTD.,466.80,486.45,466.80,478.45,479.00,467.30,,478.45,,,15530,7430142.00,525,F1,1,,,,,
2026-10-06,2026-10-06,CM,BSE,STK,500387,INE070A01015,SHREECEM,A,,,,,SHREE CEMENT LTD.,22249.90,22249.90,21875.00,22078.10,22078.10,21855.00,,22210.00,,,4818,106292609.00,1506,F1,1,,,,,
2026-10-06,2026-10-06,CM,BSE,STK,500390,INE036A01016,RELINFRA,T,,,,,RELIANCE INFRASTRUCTURE LTD.,51.21,51.21,51.21,51.21,51.21,48.78,,51.24,,,1043,53412.00,13,F1,1,,,,,
2026-10-06,2026-10-06,CM,BSE,STK,500399,INE629B01032,STEELCO,XT,,,,,STEELCO GUJARAT LTD.,194.75,202.00,194.75,194.75,194.75,198.70,,194.75,,,14994,2941630.00,88,F1,1,,,,,
2026-10-06,2026-10-06,CM,BSE,STK,500400,INE245A01021,TATAPOWER,A,,,,,TATA POWER CO.LTD.,352.50,356.70,349.90,351.30,351.30,351.00,,351.65,,,148052,52430635.00,2714,F1,1,,,,,
2026-10-06,2026-10-06,CM,BSE,STK,500402,INE937A01023,SPMLINFRA,B,,,,,SPML INFRA LIMITED,156.25,165.00,156.20,162.35,162.25,158.40,,162.61,,,11248,1823591.00,233,F1,1,,,,,
2026-10-06,2026-10-06,CM,BSE,STK,500403,INE387A01021,SUNDRMFAST,A,,,,,SUNDRAM FASTENERS LTD.,1114.80,1147.75,1104.95,1142.40,1147.00,1115.25,,1140.44,,,5671,6388296.00,443,F1,1,,,,,
2026-10-06,2026-10-06,CM,BSE,STK,500404,INE947A01014,SUNFLAG,B,,,,,SUNFLAG IRON & STEEL CO.LTD.,463.05,474.15,452.70,459.30,460.25,453.95,,459.06,,,46258,21456332.00,1689,F1,1,,,,,
2026-10-06,2026-10-06,CM,BSE,STK,500405,INE663A01033,SPLPETRO,A,,,,,SUPREME PETROCHEM LTD.,799.40,825.00,792.80,820.05,819.75,797.30,,819.62,,,10128,8227240.00,576,F1,1,,,,,
2026-10-06,2026-10-06,CM,BSE,STK,500407,INE277A01016,SWARAJENG,B,,,,,SWARAJ ENGINES LTD.,3521.20,3547.70,3516.50,3541.85,3545.30,3522.85,,3537.83,,,1196,4231003.00,127,F1,1,,,,,
2026-10-06,2026-10-06,CM,BSE,STK,500408,INE670A01012,TATAELXSI,A,,,,,TATA ELXSI LTD.,3113.35,3117.00,3080.00,3094.00,3094.00,3092.00,,3093.06,,,10235,31708811.00,1347,F1,1,,,,,
2026-10-06,2026-10-06,CM,BSE,STK,500410,INE012A01025,ACC,A,,,,,ACC LTD.,1197.95,1197.95,1174.00,1175.90,1175.90,1183.80,,1176.89,,,5720,6774684.00,414,F1,1,,,,,
2026-10-06,2026-10-06,CM,BSE,STK,500411,INE152A01029,THERMAX,A,,,,,THERMAX LTD.,3236.50,3254.80,3193.50,3234.20,3254.80,3231.40,,3225.23,,,7336,23578642.00,1108,F1,1,,,,,
2026-10-06,2026-10-06,CM,BSE,STK,500412,INE338A01024,TIRUMALCHM,B,,,,,THIRUMALAI CHEMICALS LTD.,144.95,150.90,144.95,148.55,148.65,143.50,,148.53,,,18930,2810197.00,444,F1,1,,,,,
2026-10-06,2026-10-06,CM,BSE,STK,500413,INE332A01027,THOMASCOOK,A,,,,,THOMAS COOK (INDIA) LTD.,97.50,101.55,97.50,100.95,101.40,99.65,,101.09,,,30081,3033210.00,310,F1,1,,,,,
2026-10-06,2026-10-06,CM,BSE,STK,500414,INE064A01026,TIMEX,B,,,,,TIMEX GROUP INDIA LTD.,735.10,758.80,726.75,732.15,732.15,735.50,,731.73,,,56560,42033295.00,2721,F1,1,,,,,
2026-10-06,2026-10-06,CM,BSE,STK,500418,INE932C01012,TOKYOPLAST,B,,,,,TOKYO PLAST INTERNATIONAL LTD.,67.03,67.03,67.02,67.02,67.02,69.38,,71.10,,,49,3284.00,2,F1,1,,,,,
2026-10-06,2026-10-06,CM,BSE,STK,500420,INE685A01028,TORNTPHARM,A,,,,,TORRENT PHARMACEUTICALS LTD.,4730.40,4787.00,4705.50,4778.00,4778.00,4755.15,,4772.01,,,7743,36904705.00,1338,F1,1,,,,,
2026-10-06,2026-10-06,CM,BSE,STK,500421,INE578C01021,TPINDIA,XT,,,,,TPI INDIA LTD.,19.00,19.00,17.91,18.74,18.98,18.85,,18.74,,,145655,2733792.00,31,F1,1,,,,,
2026-10-06,2026-10-06,CM,BSE,STK,500422,INE019B01010,TRANSCHEM,XT,,,,,TRANSCHEM LTD.,412.00,424.00,407.50,411.40,410.90,411.30,,411.40,,,8088,3346269.00,231,F1,1,,,,,
2026-10-06,2026-10-06,CM,BSE,STK,500425,INE079A01024,AMBUJACEM,A,,,,,AMBUJA CEMENTS LTD.,365.05,370.00,360.00,362.00,362.00,368.00,,361.56,,,101531,37151840.00,3680,F1,1,,,,,
2026-10-06,2026-10-06,CM,BSE,STK,500426,INE184E01024,UTLINDS,X,,,,,UTL INDUSTRIES LIMITED,1.32,1.40,1.32,1.40,1.40,1.41,,1.40,,,17462,24143.00,25,F1,1,,,,,
2026-10-06,2026-10-06,CM,BSE,STK,500429,INE037A01022,UNIENTER,B,,,,,UNIPHOS ENTERPRISES LTD.,86.00,88.95,86.00,88.28,88.28,85.61,,87.43,,,827,72013.00,12,F1,1,,,,,
2026-10-06,2026-10-06,CM,BSE,STK,500439,INE701A01023,VHL,B,,,,,VARDHMAN HOLDINGS LTD.,3485.80,3600.00,3485.80,3548.00,3548.00,3478.55,,3573.55,,,66,236630.00,48,F1,1,,,,,
2026-10-06,2026-10-06,CM,BSE,STK,500440,INE038A01020,HINDALCO,A,,,,,HINDALCO INDUSTRIES LTD.,944.05,951.95,935.50,939.90,939.90,940.00,,940.50,,,112561,105808510.00,3088,F1,1,,,,,
2026-10-06,2026-10-06,CM,BSE,STK,500444,INE976A01021,WSTCSTPAPR,B,,,,,West Coast Paper Mills Limited,731.50,761.15,722.30,751.80,751.00,717.20,,753.01,,,9544,7127144.00,668,F1,1,,,,,
2026-10-06,2026-10-06,CM,BSE,STK,500449,INE048A01011,HOCL,T,,,,,HINDUSTAN ORGANIC CHEMICALS LT,50.60,52.40,50.50,51.64,51.25,51.18,,51.64,,,102033,5244373.00,365,F1,1,,,,,
2026-10-06,2026-10-06,CM,BSE,STK,500450,INE844C01027,MPILCORPL,XT,,,,,MPIL CORPORATION LTD.,459.65,478.00,459.65,478.00,478.00,459.65,,478.00,,,10,4614.00,3,F1,1,,,,,
2026-10-06,2026-10-06,CM,BSE,STK,500456,INE818B01023,PASUPTAC,B,,,,,PASUPATI ACRYLON LTD.,68.00,72.00,67.92,71.23,70.82,67.76,,70.91,,,18143,1291754.00,273,F1,1,,,,,
2026-10-06,2026-10-06,CM,BSE,STK,500458,INE601A01017,TEAM24,X,,,,,TEAM24 CONSUMER PRODUCTS LIMIT,26.35,26.88,24.50,24.59,25.00,26.24,,24.59,,,41717,1089446.00,52,F1,1,,,,,
2026-10-06,2026-10-06,CM,BSE,STK,500459,INE179A01014,PGHH,A,,,,,PROCTER & GAMBLE HYGIENE & HEA,6800.75,6896.90,6747.90,6864.25,6896.90,6764.45,,6864.97,,,1335,9063460.00,247,F1,1,,,,,
2026-10-06,2026-10-06,CM,BSE,STK,500460,INE304A01026,MUKANDLTD,B,,,,,MUKAND LTD.,176.05,185.00,176.05,182.20,177.20,182.60,,181.60,,,48627,8808061.00,724,F1,1,,,,,
2026-10-06,2026-10-06,CM,BSE,STK,500463,INE676A01027,BBOX,A,,,,,BLACK BOX LIMITED,816.00,844.00,805.85,841.10,841.10,812.35,,840.08,,,97605,80835949.00,2442,F1,1,,,,,
2026-10-06,2026-10-06,CM,BSE,STK,500464,INE139B01016,UCAL,T,,,,,UCAL LIMITED,138.15,143.30,138.05,143.30,143.30,138.15,,142.68,,,1002,143079.00,15,F1,1,,,,,
2026-10-06,2026-10-06,CM,BSE,STK,500467,INE544A01019,HARRMALAYA,B,,,,,HARRISONS MALAYALAM LTD.,174.25,174.25,174.25,174.25,174.25,174.00,,175.08,,,50,8712.00,1,F1,1,,,,,
2026-10-06,2026-10-06,CM,BSE,STK,500469,INE171A01029,FEDERALBNK,A,,,,,FEDERAL BANK LTD.,327.75,329.65,319.25,320.40,320.40,327.60,,320.00,,,109977,35588205.00,3353,F1,1,,,,,
2026-10-06,2026-10-06,CM,BSE,STK,500470,INE081A01020,TATASTEEL,A,,,,,TATA STEEL LTD.,178.50,180.40,177.00,178.60,178.60,178.00,,178.69,,,616157,110137621.00,8719,F1,1,,,,,
2026-10-06,2026-10-06,CM,BSE,STK,500472,INE640A01023,SKFINDIA,A,,,,,SKF INDIA LIMITED,1460.00,1465.00,1435.80,1460.35,1463.25,1444.60,,1461.90,,,599,868426.00,122,F1,1,,,,,
2026-10-06,2026-10-06,CM,BSE,STK,500477,INE208A01029,ASHOKLEY,A,,,,,ASHOK LEYLAND LTD.,152.75,153.90,152.20,153.70,153.70,153.00,,153.70,,,370444,56747298.00,5398,F1,1,,,,,
2026-10-06,2026-10-06,CM,BSE,STK,500480,INE298A01020,CUMMINSIND,A,,,,,CUMMINS INDIA LTD.,4837.45,4923.00,4809.65,4923.00,4923.00,4828.10,,4919.01,,,6758,32890411.00,1595,F1,1,,,,,
2026-10-06,2026-10-06,CM,BSE,STK,500483,INE151A01013,TATACOMM,A,,,,,TATA COMMUNICATIONS LTD.,1677.60,1693.35,1662.80,1681.15,1681.70,1676.45,,1681.79,,,5236,8772825.00,994,F1,1,,,,,
2026-10-06,2026-10-06,CM,BSE,STK,500488,INE358A01014,ABBOTINDIA,A,,,,,ABBOTT INDIA LTD.,26118.85,26560.00,25918.05,26128.90,26250.90,26310.45,,26115.59,,,658,17253333.00,356,F1,1,,,,,
2026-10-06,2026-10-06,CM,BSE,STK,500490,INE118A01012,BAJAJHLDNG,A,,,,,BAJAJ HOLDINGS & INVESTMENT LT,10620.05,10760.25,10560.00,10615.75,10650.00,10620.25,,10600.00,,,928,9904790.00,304,F1,1,,,,,
2026-10-06,2026-10-06,CM,BSE,STK,500493,INE465A01025,BHARATFORG,A,,,,,BHARAT FORGE LTD.,1833.00,1881.85,1824.65,1880.00,1880.00,1830.70,,1880.00,,,37134,69182609.00,3038,F1,1,,,,,
2026-10-06,2026-10-06,CM,BSE,STK,500495,INE042A01014,ESCORTS,A,,,,,Escorts Kubota Limited,2792.70,2865.60,2785.70,2810.90,2804.00,2823.55,,2811.66,,,10121,28634607.00,1490,F1,1,,,,,
2026-10-06,2026-10-06,CM,BSE,STK,500500,INE253A01025,HINDMOTORS,X,,,,,HINDUSTAN MOTORS LTD.,14.80,15.26,14.80,14.93,14.97,15.10,,14.93,,,103613,1554097.00,760,F1,1,,,,,
2026-10-06,2026-10-06,CM,BSE,STK,500510,INE018A01030,LT,A,,,,,LARSEN & TOUBRO LTD.,3750.00,3773.70,3731.00,3773.00,3773.00,3740.00,,3770.01,,,186344,698957224.00,12463,F1,1,,,,,
2026-10-06,2026-10-06,CM,BSE,STK,500520,INE101A01026,M&M,A,,,,,MAHINDRA & MAHINDRA LTD.,2850.00,2865.30,2838.00,2852.00,2852.00,2870.00,,2854.98,,,993029,2827716078.00,8980,F1,1,,,,,
2026-10-06,2026-10-06,CM,BSE,STK,500530,INE323A01026,BOSCHLTD,A,,,,,BOSCH LTD.,45170.25,45357.35,44835.55,45021.40,45042.10,44750.00,,45000.00,,,1207,54330476.00,275,F1,1,,,,,
2026-10-06,2026-10-06,CM,BSE,STK,500540,INE342A01018,PREMIER,T,,,,,PREMIER LTD.,2.70,2.70,2.64,2.64,2.64,2.70,,2.63,,,25021,67555.00,9,F1,1,,,,,
2026-10-06,2026-10-06,CM,BSE,STK,500547,INE029A01011,BPCL,A,,,,,BHARAT PETROLEUM CORPORATION L,296.75,300.00,294.60,300.00,300.00,296.50,,300.49,,,218623,64959303.00,2571,F1,1,,,,,
2026-10-06,2026-10-06,CM,BSE,STK,500550,INE003A01024,SIEMENS,A,,,,,SIEMENS LTD.,3727.75,3850.00,3699.45,3850.00,3850.00,3707.40,,3853.79,,,13359,50565720.00,2810,F1,1,,,,,
2026-10-06,2026-10-06,CM,BSE,STK,500570,INE155A01022,TMPV,A,,,,,TATA MOTORS PASSENGER VEHICLES,288.70,290.30,285.00,286.10,286.10,288.35,,285.80,,,512451,147543652.00,4715,F1,1,,,,,
2026-10-06,2026-10-06,CM,BSE,STK,500575,INE226A01021,VOLTAS,A,,,,,VOLTAS LTD.,1063.65,1076.95,1050.00,1068.60,1068.60,1059.00,,1067.90,,,282572,300162017.00,2642,F1,1,,,,,
2026-10-06,2026-10-06,CM,BSE,STK,500620,INE017A01032,GESHIP,A,,,,,GREAT EASTERN SHIPPING CO.LTD.,1569.95,1569.95,1522.95,1533.20,1535.00,1559.10,,1532.62,,,26496,40653403.00,1465,F1,1,,,,,
2026-10-06,2026-10-06,CM,BSE,STK,500645,INE501A01019,DEEPAKFERT,A,,,,,DEEPAK FERTILISERS & PETROCHEM,1297.80,1390.50,1295.65,1383.65,1379.55,1295.80,,1385.54,,,40230,54748403.00,1860,F1,1,,,,,
2026-10-06,2026-10-06,CM,BSE,STK,500650,INE369A01029,EXCELINDUS,B,,,,,EXCEL INDUSTRIES LTD.,913.30,928.40,913.30,925.00,928.40,914.40,,924.12,,,132,121612.00,51,F1,1,,,,,
2026-10-06,2026-10-06,CM,BSE,STK,500655,INE291A01017,GRWRHITECH,A,,,,,GARWARE HI-TECH FILMS LIMITED,6644.55,7125.00,6644.55,7111.15,7090.00,6727.05,,7102.86,,,2779,19451982.00,579,F1,1,,,,,
2026-10-06,2026-10-06,CM,BSE,STK,500660,INE159A01016,GLAXO,A,,,,,GLAXOSMITHKLINE PHARMACEUTICAL,2720.80,2764.00,2709.00,2758.10,2755.00,2734.25,,2755.06,,,1517,4139993.00,401,F1,1,,,,,
2026-10-06,2026-10-06,CM,BSE,STK,500670,INE113A01013,GNFC,A,,,,,GUJARAT NARMADA VALLEY FERTILI,588.00,633.75,586.80,628.95,628.95,586.65,,629.47,,,140929,86565657.00,3365,F1,1,,,,,
2026-10-06,2026-10-06,CM,BSE,STK,500672,INE234A01025,NOVARTIND,B,,,,,NOVARTIS INDIA LTD.,1971.00,2072.75,1942.15,2049.05,2060.00,1966.70,,2050.95,,,5278,10577077.00,594,F1,1,,,,,
2026-10-06,2026-10-06,CM,BSE,STK,500674,INE058A01010,SANOFI,A,,,,,SANOFI INDIA LTD,3002.00,3058.95,3002.00,3050.95,3051.25,3025.30,,3047.11,,,1947,5875283.00,308,F1,1,,,,,
2026-10-06,2026-10-06,CM,BSE,STK,500680,INE182A01018,PFIZER,A,,,,,PFIZER LTD.,3856.05,3870.70,3831.45,3857.95,3850.10,3839.90,,3852.27,,,661,2543982.00,210,F1,1,,,,,
2026-10-06,2026-10-06,CM,BSE,STK,500690,INE026A01025,GSFC,A,,,,,GUJARAT STATE FERTILIZERS & CH,150.00,153.95,148.10,153.40,153.15,147.05,,153.47,,,66378,10035873.00,917,F1,1,,,,,
2026-10-06,2026-10-06,CM,BSE,STK,500696,INE030A01027,HINDUNILVR,A,,,,,HINDUSTAN UNILEVER LTD.,1849.00,1893.65,1833.65,1892.10,1892.10,1840.00,,1895.18,,,48295,90396378.00,4109,F1,1,,,,,
2026-10-06,2026-10-06,CM,BSE,STK,500710,INE133A01011,JSWDULUX,A,,,,,JSW Dulux Limited,3004.75,3019.05,2952.40,3002.00,3014.05,2962.40,,3004.60,,,1428,4266864.00,438,F1,1,,,,,
2026-10-06,2026-10-06,CM,BSE,STK,500730,INE163A01018,NOCIL,B,,,,,NOCIL LTD.,166.00,173.20,166.00,171.65,171.65,165.80,,171.82,,,31631,5404928.00,684,F1,1,,,,,
2026-10-06,2026-10-06,CM,BSE,STK,500770,INE092A01019,TATACHEM,A,,,,,TATA CHEMICALS LTD.,619.25,624.90,615.45,616.60,617.65,616.95,,616.55,,,55158,34139522.00,2916,F1,1,,,,,
2026-10-06,2026-10-06,CM,BSE,STK,500777,INE148A01019,TNPETRO,B,,,,,TAMILNADU PETROPRODUCTS LTD.,120.90,127.15,120.90,126.25,125.95,122.75,,126.04,,,43625,5476281.00,500,F1,1,,,,,
2026-10-06,2026-10-06,CM,BSE,STK,500780,INE217A01012,ZUARIIND,B,,,,,Zuari Industries Limited,279.70,295.00,279.70,288.95,288.05,284.80,,288.48,,,22420,6520601.00,789,F1,1,,,,,
2026-10-06,2026-10-06,CM,BSE,STK,500790,INE239A01024,NESTLEIND,A,,,,,NESTLE INDIA LTD.,1302.35,1339.45,1293.90,1335.40,1335.40,1298.30,,1341.36,,,48544,63630044.00,3340,F1,1,,,,,
2026-10-06,2026-10-06,CM,BSE,STK,500800,INE192A01025,TATACONSUM,A,,,,,TATA CONSUMER PRODUCTS LIMITED,954.30,975.00,947.00,975.00,975.00,954.30,,975.99,,,324281,313659738.00,1672,F1,1,,,,,
2026-10-06,2026-10-06,CM,BSE,STK,500820,INE021A01026,ASIANPAINT,A,,,,,ASIAN PAINTS LTD.,2371.80,2420.00,2351.00,2420.00,2420.00,2371.85,,2424.19,,,17784,42374546.00,2602,F1,1,,,,,
2026-10-06,2026-10-06,CM,BSE,STK,500825,INE216A01030,BRITANNIA,A,,,,,BRITANNIA INDUSTRIES LTD.,4763.30,4887.00,4763.30,4885.00,4885.00,4780.00,,4883.81,,,112294,546220609.00,1030,F1,1,,,,,
2026-10-06,2026-10-06,CM,BSE,STK,500830,INE259A01022,COLPAL,A,,,,,COLGATE-PALMOLIVE (INDIA) LTD.,1774.00,1804.90,1761.45,1804.90,1804.90,1764.50,,1809.24,,,6170,11025276.00,845,F1,1,,,,,
2026-10-06,2026-10-06,CM,BSE,STK,500840,INE230A01023,EIHOTEL,A,,,,,EIH LTD.,300.70,301.50,297.75,300.65,300.90,298.35,,300.70,,,5950,1782205.00,465,F1,1,,,,,
2026-10-06,2026-10-06,CM,BSE,STK,500850,INE053A01029,INDHOTEL,A,,,,,THE INDIAN HOTELS COMPANY LTD,720.05,735.00,720.05,735.00,735.00,725.00,,735.98,,,126155,92061737.00,2994,F1,1,,,,,
2026-10-06,2026-10-06,CM,BSE,STK,500870,INE172A01027,CASTROLIND,A,,,,,CASTROL INDIA LTD.,199.65,201.20,198.70,200.10,200.10,199.55,,200.19,,,764548,152561885.00,11367,F1,1,,,,,
2026-10-06,2026-10-06,CM,BSE,STK,500875,INE154A01025,ITC,A,,,,,ITC LTD.,269.50,269.50,264.00,266.50,266.50,268.55,,266.70,,,8731561,2336980740.00,15321,F1,1,,,,,
2026-10-06,2026-10-06,CM,BSE,STK,500877,INE438A01022,APOLLOTYRE,A,,,,,APOLLO TYRES LTD.,403.20,405.10,399.50,401.05,401.05,401.55,,401.54,,,14981,6004326.00,812,F1,1,,,,,
2026-10-06,2026-10-06,CM,BSE,STK,500878,INE482A01020,CEATLTD,A,,,,,CEAT LTD.,3255.05,3340.00,3255.05,3328.15,3300.00,3285.15,,3328.65,,,3560,11770178.00,679,F1,1,,,,,
2026-10-06,2026-10-06,CM,BSE,STK,500940,INE183A01024,FINPIPE,A,,,,,FINOLEX INDUSTRIES LTD.,148.40,155.00,148.40,154.55,155.00,149.50,,154.71,,,84523,12844495.00,1568,F1,1,,,,,
2026-10-06,2026-10-06,CM,BSE,STK,501150,INE660C01027,CENTRUM,B,,,,,CENTRUM CAPITAL LTD.,19.35,20.15,19.35,19.87,20.00,19.72,,19.81,,,60391,1200483.00,275,F1,1,,,,,
2026-10-06,2026-10-06,CM,BSE,STK,501151,INE524U01019,KARTKIN,XT,,,,,KARTIK INVESTMENTS TRUST LTD.,6414.00,7087.00,6412.50,7087.00,7087.00,6750.00,,7087.00,,,17,109689.00,9,F1,1,,,,,
2026-10-06,2026-10-06,CM,BSE,STK,501242,INE911B01018,TCIFINANCE,B,,,,,TCI FINANCE LTD.,14.13,14.37,13.94,14.26,14.25,14.50,,14.23,,,12513,177519.00,58,F1,1,,,,,
2026-10-06,2026-10-06,CM,BSE,STK,501261,INE567L01025,LORDSMARK,XT,,,,,Lords Mark Industries Limited,82.69,84.50,81.87,84.36,84.36,81.47,,84.36,,,1621209,135620915.00,1447,F1,1,,,,,
2026-10-06,2026-10-06,CM,BSE,STK,501270,INE825M01017,ANTARIKSH,XT,,,,,ANTARIKSH INDUSTRIES LIMITED,20.04,20.04,20.04,20.04,20.04,19.65,,20.04,,,1,20.00,1,F1,1,,,,,
2026-10-06,2026-10-06,CM,BSE,STK,501295,INE886A01014,IITL,B,,,,,INDUSTRIAL INVESTMENT TRUST LT,131.75,132.00,129.95,130.90,130.90,129.85,,132.25,,,11724,1536183.00,259,F1,1,,,,,
2026-10-06,2026-10-06,CM,BSE,STK,501298,INE620D01011,INDPRUD,B,,,,,INDUSTRIAL & PRUDENTIAL INVEST,6593.00,6593.00,6201.10,6201.10,6201.10,6250.00,,6299.50,,,2,12794.00,2,F1,1,,,,,
2026-10-06,2026-10-06,CM,BSE,STK,501301,INE672A01026,TATAINVEST,A,,,,,TATA INVESTMENT CORPORATION LT,633.80,636.15,622.30,624.20,624.00,621.35,,624.15,,,24972,15734451.00,969,F1,1,,,,,
2026-10-06,2026-10-06,CM,BSE,STK,501311,INE998D01011,JAYBHCR,X,,,,,JAYABHARAT CREDIT LTD.,13.31,13.31,12.65,12.67,12.67,13.31,,12.67,,,3530,46854.00,4,F1,1,,,,,
2026-10-06,2026-10-06,CM,BSE,STK,501314,INE286N01028,PRISMX,B,,,,,PRISMX GLOBAL VENTURES LIMITED,0.51,0.51,0.48,0.49,0.49,0.51,,0.49,,,267344,132380.00,96,F1,1,,,,,
2026-10-06,2026-10-06,CM,BSE,STK,501343,INE861B01023,MOTOGENFIN,B,,,,,MOTOR & GENERAL FINANCE LTD.,25.02,25.98,24.51,25.98,25.98,24.51,,25.77,,,4381,108235.00,272,F1,1,,,,,
2026-10-06,2026-10-06,CM,BSE,STK,501370,INE695D01021,WALCHPF,X,,,,,WALCHAND PEOPLEFIRST LTD.,122.00,127.00,115.10,123.90,119.15,128.00,,123.90,,,1877,228156.00,40,F1,1,,,,,
2026-10-06,2026-10-06,CM,BSE,STK,501391,INE855A01019,WHBRADY,B,,,,,W.H.BRADY & CO.LTD.,475.00,479.00,475.00,479.00,479.00,460.65,,482.00,,,90,43008.00,19,F1,1,,,,,
2026-10-06,2026-10-06,CM,BSE,STK,501421,INE314H01012,TECHNVISN,B,,,,,TechNVision Ventures Limited,3830.05,4028.05,3830.00,4028.05,4028.05,3836.25,,4020.48,,,179,714668.00,52,F1,1,,,,,
2026-10-06,2026-10-06,CM,BSE,STK,501423,INE151G01028,SHAILY,A,,,,,SHAILY ENGINEERING PLASTICS LT,3019.00,3125.00,3019.00,3100.35,3109.85,3010.15,,3100.30,,,4561,14123201.00,477,F1,1,,,,,
2026-10-06,2026-10-06,CM,BSE,STK,501425,INE050A01025,BBTC,A,,,,,The Bombay Burmah Trading Corp,1304.85,1304.90,1285.00,1299.90,1299.90,1305.50,,1298.30,,,5738,7429739.00,674,F1,1,,,,,
2026-10-06,2026-10-06,CM,BSE,STK,501430,INE691K01017,BOMBCYC,X,,,,,BOMBAY CYCLE & MOTOR AGENCY LT,1515.10,1544.00,1515.10,1543.00,1543.00,1525.60,,1543.00,,,15,22931.00,5,F1,1,,,,,
2026-10-06,2026-10-06,CM,BSE,STK,501455,INE224A01026,GREAVESCOT,A,,,,,GREAVES COTTON LTD.,221.00,226.40,220.65,222.80,222.80,221.00,,222.78,,,112974,25249169.00,2011,F1,1,,,,,
2026-10-06,2026-10-06,CM,BSE,STK,501477,INE003F01015,MULLER,X,,,,,MULLER & PHIPPS (INDIA) LTD.,198.00,198.00,191.00,192.30,191.00,200.30,,192.30,,,53,10192.00,12,F1,1,,,,,
2026-10-06,2026-10-06,CM,BSE,STK,501700,INE131H01028,INDIANVSH,X,,,,,INDIANIVESH LTD.,6.70,6.99,6.26,6.99,6.99,6.70,,6.99,,,6167,41338.00,25,F1,1,,,,,
2026-10-06,2026-10-06,CM,BSE,STK,501831,INE377E01024,COASTCORP,B,,,,,COASTAL CORPORATION LTD.,37.79,37.79,35.55,36.06,36.06,35.86,,36.18,,,1290,46222.00,39,F1,1,,,,,
2026-10-06,2026-10-06,CM,BSE,STK,501833,INE490A01015,CHOWGULSTM,X,,,,,CHOWGULE STEAMSHIPS LTD.,19.52,20.32,19.52,20.28,20.28,20.05,,20.28,,,1727,34205.00,22,F1,1,,,,,
2026-10-06,2026-10-06,CM,BSE,STK,501848,INE446C01013,GARWAOFFS,X,,,,,GARWARE OFFSHORE SERVICES LIMI,41.00,41.00,39.32,40.56,40.06,40.56,,40.56,,,8780,352374.00,80,F1,1,,,,,
2026-10-06,2026-10-06,CM,BSE,STK,501945,INE758D01027,DHENUBUILD,Z,,,,,DHENU BUILDCON INFRA LTD.,5.38,5.58,5.12,5.43,5.44,5.38,,5.43,,,46923,246619.00,116,F1,1,,,,,
2026-10-06,2026-10-06,CM,BSE,STK,502015,INE443A01030,ASIIL,X,,,,,ASI INDUSTRIES LIMITED,22.22,22.84,21.60,22.18,22.20,22.22,,22.18,,,8957,199522.00,72,F1,1,,,,,
2026-10-06,2026-10-06,CM,BSE,STK,502090,INE229C01021,SAGCEM,B,,,,,SAGAR CEMENTS LTD.,148.70,148.70,145.80,146.70,146.85,148.00,,146.61,,,1531,224205.00,57,F1,1,,,,,
2026-10-06,2026-10-06,CM,BSE,STK,502137,INE583C01021,DECCANCE,B,,,,,DECCAN CEMENTS LTD.,552.55,555.85,552.05,552.60,555.85,552.55,,556.29,,,399,220621.00,19,F1,1,,,,,
2026-10-06,2026-10-06,CM,BSE,STK,502157,INE347A01017,MANGLMCEM,B,,,,,MANGALAM CEMENT LTD.,992.15,992.70,981.80,990.25,990.80,991.95,,988.11,,,452,446195.00,65,F1,1,,,,,
2026-10-06,2026-10-06,CM,BSE,STK,502168,INE732C01016,NCLIND,B,,,,,NCL INDUSTRIES LTD.,176.45,176.45,166.00,166.95,166.95,169.70,,166.80,,,6692,1124340.00,610,F1,1,,,,,
2026-10-06,2026-10-06,CM,BSE,STK,502175,INE626A01014,SAURASHCEM,B,,,,,SAURASHTRA CEMENT LTD.,51.20,52.00,50.96,51.78,51.40,51.63,,51.49,,,7434,383238.00,317,F1,1,,,,,
2026-10-06,2026-10-06,CM,BSE,STK,502180,INE232A01011,SHREDIGCEM,B,,,,,SHREE DIGVIJAY CEMENT CO.LTD.,67.00,67.09,64.44,65.24,64.85,66.57,,65.13,,,9078,592578.00,232,F1,1,,,,,
2026-10-06,2026-10-06,CM,BSE,STK,502219,INE666D01022,BORORENEW,A,,,,,BOROSIL RENEWABLES LIMITED,447.90,453.00,444.35,450.75,452.15,442.40,,449.91,,,56212,25261051.00,609,F1,1,,,,,
2026-10-06,2026-10-06,CM,BSE,STK,502281,INE094C01011,TRIVENIGQ,XT,,,,,TRIVENI GLASS LTD.,7.05,7.05,7.05,7.05,7.05,7.16,,7.05,,,4076,28735.00,10,F1,1,,,,,
2026-10-06,2026-10-06,CM,BSE,STK,502294,INE416N01013,NILACHAL,X,,,,,NILACHAL REFRACTORIES LTD.,36.00,36.00,35.04,35.04,35.04,37.90,,35.04,,,45,1577.00,3,F1,1,,,,,
2026-10-06,2026-10-06,CM,BSE,STK,502330,INE435A01051,ANDHRAPAP,B,,,,,ANDHRA PAPER LIMITED,72.94,72.94,69.50,70.50,70.50,69.80,,70.48,,,9069,636404.00,194,F1,1,,,,,
2026-10-06,2026-10-06,CM,BSE,STK,502355,INE787D01026,BALKRISIND,A,,,,,BALKRISHNA INDUSTRIES LTD.,2067.75,2100.70,2052.20,2080.85,2080.85,2067.10,,2082.66,,,4690,9744363.00,957,F1,1,,,,,
2026-10-06,2026-10-06,CM,BSE,STK,502420,INE592A01026,ORIENTPPR,B,,,,,ORIENT PAPER & INDUSTRIES LTD.,16.30,16.46,16.15,16.20,16.20,16.22,,16.25,,,18680,303505.00,80,F1,1,,,,,
2026-10-06,2026-10-06,CM,BSE,STK,502445,INE906D01014,CITADEL,X,,,,,CITADEL REALTY AND DEVELOPERS,34.00,34.29,34.00,34.28,34.26,32.41,,34.28,,,65,2210.00,6,F1,1,,,,,
2026-10-06,2026-10-06,CM,BSE,STK,502448,INE927A01040,ROLLT,T,,,,,ROLLATAINERS LTD.,5.17,5.19,5.17,5.19,5.19,4.95,,5.21,,,83408,431413.00,27,F1,1,,,,,
2026-10-06,2026-10-06,CM,BSE,STK,502450,INE630A01024,SESHAPAPER,B,,,,,SESHASAYEE PAPER & BOARDS LTD.,238.30,238.30,233.60,234.05,233.80,237.70,,233.89,,,1609,377868.00,140,F1,1,,,,,
2026-10-06,2026-10-06,CM,BSE,STK,502587,INE777A01023,NATHIND,X,,,,,NATH INDUSTRIES LIMITED,52.50,53.00,51.55,52.00,52.00,51.11,,52.00,,,609,32042.00,11,F1,1,,,,,
2026-10-06,2026-10-06,CM,BSE,STK,502820,INE498A01018,DCM,B,,,,,DCM LTD.,72.55,74.63,71.45,71.45,71.45,72.55,,71.92,,,503,36549.00,22,F1,1,,,,,
2026-10-06,2026-10-06,CM,BSE,STK,502865,INE518A01013,FORBESCO,X,,,,,FORBES & COMPANY LTD.,275.20,277.00,271.40,274.65,274.65,275.20,,274.65,,,7098,1950717.00,153,F1,1,,,,,
2026-10-06,2026-10-06,CM,BSE,STK,502873,INE950C01014,HPCOTTON,X,,,,,H.P.COTTON TEXTILE MILLS LTD.,88.00,88.00,88.00,88.00,88.00,86.03,,88.00,,,5,440.00,1,F1,1,,,,,
2026-10-06,2026-10-06,CM,BSE,STK,502901,INE462D01034,JAMSHRI,X,,,,,JAMSHRI REALTY LIMITED,74.50,74.50,73.25,73.30,73.25,74.71,,73.30,,,2472,181264.00,22,F1,1,,,,,
2026-10-06,2026-10-06,CM,BSE,STK,502933,INE498G01015,KATRSPG,X,,,,,KATARE SPINNING MILLS LTD.,95.40,97.35,95.40,97.35,97.35,97.35,,97.35,,,48,4587.00,2,F1,1,,,,,
2026-10-06,2026-10-06,CM,BSE,STK,502937,INE087A01019,KESORAMIND,A,,,,,KESORAM INDUSTRIES LTD.,10.40,10.72,10.34,10.72,10.72,10.21,,10.76,,,60350,641112.00,214,F1,1,,,,,
2026-10-06,2026-10-06,CM,BSE,STK,502958,INE938C01019,LAKSHMIMIL,B,,,,,LAKSHMI MILLS COMPANY LTD.,7654.50,7845.00,7635.00,7845.00,7845.00,7888.85,,7733.50,,,14,107309.00,14,F1,1,,,,,
2026-10-06,2026-10-06,CM,BSE,STK,502986,INE825A01020,VTL,A,,,,,VARDHMAN TEXTILES LTD.,530.00,556.55,530.00,547.70,547.70,528.95,,549.34,,,51349,27655397.00,3725,F1,1,,,,,
2026-10-06,2026-10-06,CM,BSE,STK,503031,INE138A01028,PENINLAND,B,,,,,PENINSULA LAND LTD.,14.25,14.88,14.25,14.69,14.65,14.69,,14.66,,,7685,113276.00,51,F1,1,,,,,
2026-10-06,2026-10-06,CM,BSE,STK,503092,INE909B01020,PASUSPG,X,,,,,PASUPATI SPG.& WVG.MILLS LTD.,35.30,35.30,35.30,35.30,35.30,35.30,,35.30,,,1,35.00,1,F1,1,,,,,
2026-10-06,2026-10-06,CM,BSE,STK,503100,INE211B01039,PHOENIXLTD,A,,,,,THE PHOENIX MILLS LTD,1936.10,1936.25,1858.35,1879.00,1879.00,1929.00,,1883.48,,,83603,156310936.00,1890,F1,1,,,,,
2026-10-06,2026-10-06,CM,BSE,STK,503101,INE182D01020,MARATHON,B,,,,,MARATHON NEXTGEN REALTY LTD.,382.00,384.50,375.00,376.05,375.00,379.45,,374.61,,,2953,1121007.00,171,F1,1,,,,,
2026-10-06,2026-10-06,CM,BSE,STK,503162,INE750D01016,RELCHEMQ,B,,,,,RELIANCE CHEMOTEX INDUSTRIES L,115.40,115.40,112.15,113.85,112.15,115.00,,113.59,,,382,43435.00,11,F1,1,,,,,
2026-10-06,2026-10-06,CM,BSE,STK,503169,INE301D01026,RUBYMILLS,B,,,,,RUBY MILLS LTD.,494.35,519.40,487.65,508.95,508.95,494.40,,512.57,,,869,437424.00,76,F1,1,,,,,
2026-10-06,2026-10-06,CM,BSE,STK,503229,INE167H01014,SIMPLXREA,B,,,,,SIMPLEX REALTY LTD.,142.00,142.00,142.00,142.00,142.00,149.45,,113.75,,,3,426.00,1,F1,1,,,,,
2026-10-06,2026-10-06,CM,BSE,STK,503310,INE665A01038,SWANCORP,A,,,,,Swan Corp Limited,264.55,270.60,262.35,268.90,270.00,262.80,,268.85,,,34398,9152782.00,810,F1,1,,,,,
2026-10-06,2026-10-06,CM,BSE,STK,503349,INE203D01016,VICTMILL,XT,,,,,VICTORIA MILLS LTD.,8399.00,8428.00,8015.00,8015.00,8015.00,8319.80,,8015.00,,,83,685692.00,31,F1,1,,,,,
2026-10-06,2026-10-06,CM,BSE,STK,503624,INE406N01014,ZSVARAJT,X,,,,,SVARAJ TRADING & AGENCIES LTD.,7.13,7.40,6.99,7.40,7.40,6.99,,7.40,,,679,4764.00,13,F1,1,,,,,
2026-10-06,2026-10-06,CM,BSE,STK,503635,INE315N01017,SALSAIN,XT,,,,,SHREE SALASAR INVESTMENT LTD.,361.50,361.50,346.60,351.25,361.00,364.80,,351.25,,,131,45929.00,19,F1,1,,,,,
2026-10-06,2026-10-06,CM,BSE,STK,503639,INE314N01028,APOLLOIN,XT,,,,,Apollo Ingredients Limited,86.92,87.00,86.92,87.00,87.00,88.69,,87.00,,,1315,114306.00,19,F1,1,,,,,
2026-10-06,2026-10-06,CM,BSE,STK,503641,INE945J01027,ZODIACVEN,X,,,,,ZODIAC VENTURES LIMITED,1.56,1.58,1.53,1.56,1.56,1.55,,1.56,,,23484,36496.00,74,F1,1,,,,,
2026-10-06,2026-10-06,CM,BSE,STK,503657,INE255E01030,VEERENRGY,X,,,,,VEER ENERGY & INFRASTRUCTURE L,13.34,13.34,12.75,12.84,12.80,12.96,,12.84,,,3873,50337.00,40,F1,1,,,,,
2026-10-06,2026-10-06,CM,BSE,STK,503659,INE948K01011,SW1,XT,,,,,SW INVESTMENTS LTD,186.45,194.05,186.45,194.05,194.05,190.25,,194.05,,,1070,199957.00,6,F1,1,,,,,
2026-10-06,2026-10-06,CM,BSE,STK,503663,INE026L01022,TILAK,X,,,,,Tilak Ventures Limited,1.26,1.26,1.21,1.24,1.24,1.26,,1.24,,,1115763,1371078.00,657,F1,1,,,,,
2026-10-06,2026-10-06,CM,BSE,STK,503675,INE786K01023,WAGEND,X,,,,,WAGEND INFRA VENTURE LIMITED,1.20,1.25,1.20,1.20,1.20,1.20,,1.20,,,7149,8591.00,22,F1,1,,,,,
2026-10-06,2026-10-06,CM,BSE,STK,503681,INE927X01018,ELCIDIN,B,,,,,ELCID INVESTMENTS LTD.,101000.05,102899.00,100000.00,102899.00,102899.00,101000.05,,102937.00,,,7,710889.00,7,F1,1,,,,,
2026-10-06,2026-10-06,CM,BSE,STK,503685,INE828I01019,MEDIAONE,Z,,,,,MEDIAONE GLOBAL ENTERTAINMENT,13.99,13.99,13.28,13.30,13.30,13.97,,13.30,,,615,8178.00,12,F1,1,,,,,
2026-10-06,2026-10-06,CM,BSE,STK,503722,INE629D01020,BANSWRAS,B,,,,,BANSWARA SYNTEX LTD.,102.10,106.75,102.10,105.90,104.50,103.70,,105.10,,,793,83055.00,25,F1,1,,,,,
2026-10-06,2026-10-06,CM,BSE,STK,503772,INE380D01012,MODWOOL,X,,,,,MODELLA WOOLLENS LTD.,60.00,60.00,60.00,60.00,60.00,60.02,,60.00,,,131,7860.00,2,F1,1,,,,,
2026-10-06,2026-10-06,CM,BSE,STK,503776,INE170C01019,MODIPON,X,,,,,MODIPON LTD.,40.38,40.38,40.38,40.38,40.38,42.50,,40.38,,,50,2019.00,1,F1,1,,,,,
2026-10-06,2026-10-06,CM,BSE,STK,503804,INE204C01024,SHRIDINE,X,,,,,SHRI DINESH MILLS LTD.,381.00,397.00,381.00,383.10,383.10,385.55,,383.10,,,215,82857.00,22,F1,1,,,,,
2026-10-06,2026-10-06,CM,BSE,STK,503806,INE647A01010,SRF,A,,,,,SRF LTD.,2446.65,2490.20,2446.60,2467.00,2486.95,2455.00,,2470.00,,,2984,7378960.00,631,F1,1,,,,,
2026-10-06,2026-10-06,CM,BSE,STK,503811,INE076B01028,SIYSIL,B,,,,,SIYARAM SILK MILLS LTD.,549.20,559.00,543.00,554.55,554.60,538.40,,553.53,,,1766,979242.00,84,F1,1,,,,,
2026-10-06,2026-10-06,CM,BSE,STK,503816,INE243N01029,SWADPOL,X,,,,,SWADESHI POLYTEX LTD.,33.44,33.44,32.01,32.44,32.80,33.10,,32.44,,,4430,144190.00,73,F1,1,,,,,
2026-10-06,2026-10-06,CM,BSE,STK,503837,INE796C01011,SHRAJSYNQ,X,,,,,SHREE RAJASTHAN SYNTEX LTD.,9.80,9.80,9.80,9.80,9.80,9.80,,9.80,,,50,490.00,2,F1,1,,,,,
2026-10-06,2026-10-06,CM,BSE,STK,503960,INE464A01036,BBL,B,,,,,BHARAT BIJLEE LTD.,2063.20,2082.00,2049.00,2064.90,2074.00,2057.05,,2068.67,,,802,1658237.00,176,F1,1,,,,,
2026-10-06,2026-10-06,CM,BSE,STK,504000,INE579B01039,ELPROINTL,B,,,,,ELPRO INTERNATIONAL LTD.,173.00,174.75,173.00,173.80,173.50,174.80,,174.17,,,530,92136.00,15,F1,1,,,,,
2026-10-06,2026-10-06,CM,BSE,STK,504028,INE064H01021,GEE,XT,,,,,GEE LTD.,123.00,126.45,117.60,124.65,125.40,123.45,,124.65,,,63471,7755476.00,225,F1,1,,,,,
2026-10-06,2026-10-06,CM,BSE,STK,504036,INE835D01023,HIRECT,B,,,,,Hirect Limited,1100.80,1155.30,1093.15,1147.10,1148.20,1110.65,,1146.81,,,3737,4215884.00,439,F1,1,,,,,
2026-10-06,2026-10-06,CM,BSE,STK,504058,INE567A01028,NIPPOBATRY,B,,,,,INDO-NATIONAL LTD.,324.15,324.15,324.15,324.15,324.15,316.50,,319.45,,,1,324.00,1,F1,1,,,,,
2026-10-06,2026-10-06,CM,BSE,STK,504067,INE520A01027,ZENSARTECH,A,,,,,ZENSAR TECHNOLOGIES LTD.,455.55,456.90,444.75,445.55,446.65,451.05,,445.45,,,29913,13423174.00,726,F1,1,,,,,
2026-10-06,2026-10-06,CM,BSE,STK,504076,INE511D01012,JYOTI,X,,,,,JYOTI LTD.,57.61,66.60,57.61,63.56,63.56,58.55,,63.56,,,81305,5169988.00,510,F1,1,,,,,
2026-10-06,2026-10-06,CM,BSE,STK,504084,INE813G01023,KAYCEEI,X,,,,,KAYCEE INDUSTRIES LTD.,729.30,796.00,729.30,753.40,753.60,724.30,,753.40,,,1189,901114.00,166,F1,1,,,,,
2026-10-06,2026-10-06,CM,BSE,STK,504092,INE716F01012,INDOKEM,B,,,,,INDOKEM LTD.,601.00,610.00,595.00,596.15,595.00,589.20,,596.83,,,204,121823.00,26,F1,1,,,,,
2026-10-06,2026-10-06,CM,BSE,STK,504093,INE795A01017,PANAENERG,X,,,,,PANASONIC ENERGY INDIA COMPANY,244.40,244.40,238.00,238.70,238.70,238.15,,238.70,,,774,185614.00,71,F1,1,,,,,
2026-10-06,2026-10-06,CM,BSE,STK,504112,INE045B01015,NELCO,B,,,,,NELCO LTD.,890.20,930.00,890.20,923.60,921.15,886.30,,924.12,,,15812,14554022.00,885,F1,1,,,,,
2026-10-06,2026-10-06,CM,BSE,STK,504132,INE418E01018,PERMAGN,B,,,,,PERMANENT MAGNETS LTD.,855.00,860.00,842.05,846.25,846.25,850.45,,846.75,,,68,58194.00,13,F1,1,,,,,
2026-10-06,2026-10-06,CM,BSE,STK,504176,INE783E01023,HIGHENE,X,,,,,HIGH ENERGY BATTERIES (INDIA),575.00,595.00,568.00,575.10,575.10,569.40,,575.10,,,8266,4792155.00,352,F1,1,,,,,
2026-10-06,2026-10-06,CM,BSE,STK,504180,INE502C01039,STDBAT,X,,,,,STANDARD BATTERIES LTD.,43.49,43.49,41.14,41.98,42.00,41.64,,41.98,,,1102,46372.00,48,F1,1,,,,,
2026-10-06,2026-10-06,CM,BSE,STK,504212,INE279A01012,UNIVCABLES,B,,,,,UNIVERSAL CABLES LTD.,1500.00,1657.85,1499.95,1646.60,1649.85,1519.85,,1649.07,,,25635,41096750.00,1594,F1,1,,,,,
2026-10-06,2026-10-06,CM,BSE,STK,504220,INE100D01014,WSI,B,,,,,W.S.INDUSTRIES (INDIA) LTD.,51.61,52.56,51.31,51.31,51.31,50.50,,51.79,,,1827,94483.00,24,F1,1,,,,,
2026-10-06,2026-10-06,CM,BSE,STK,504240,INE872E01016,DLTNCBL,XT,,,,,DELTON CABLES LTD.,697.55,700.00,673.00,688.25,688.25,693.40,,688.25,,,7039,4830335.00,130,F1,1,,,,,
2026-10-06,2026-10-06,CM,BSE,STK,504258,INE284C01018,LAKSELEC,X,,,,,LAKSHMI ELECTRICAL CONTROL SYS,767.00,780.00,760.00,779.00,779.00,752.20,,779.00,,,640,493498.00,54,F1,1,,,,,
2026-10-06,2026-10-06,CM,BSE,STK,504273,INE064R01012,MODULEX,Z,,,,,MODULEX CONSTRUCTION TECHNOLOG,14.88,15.49,14.32,15.04,15.04,14.88,,15.04,,,36459,547615.00,40,F1,1,,,,,
2026-10-06,2026-10-06,CM,BSE,STK,504286,INE393A01011,DELTAMAGNT,B,,,,,DELTA MANUFACTURING LIMITED,58.44,58.44,54.43,58.41,58.41,56.56,,56.24,,,1076,59872.00,123,F1,1,,,,,
2026-10-06,2026-10-06,CM,BSE,STK,504340,INE180M01033,LONGSPUR,X,,,,,Longspur International Venture,7.66,8.29,7.60,8.25,8.25,8.00,,8.25,,,12016,95442.00,25,F1,1,,,,,
2026-10-06,2026-10-06,CM,BSE,STK,504341,INE206N01018,RELTD,B,,,,,RAVINDRA ENERGY LIMITED,144.75,148.25,143.15,147.70,147.70,144.00,,147.25,,,7815,1136837.00,201,F1,1,,,,,
2026-10-06,2026-10-06,CM,BSE,STK,504351,INE507F01023,EMPOWER,B,,,,,EMPOWER INDIA LTD.,1.69,1.69,1.68,1.69,1.69,1.61,,1.68,,,5385841,9098863.00,587,F1,1,,,,,
2026-10-06,2026-10-06,CM,BSE,STK,504356,INE017P01014,ZMULTIPU,X,,,,,MULTIPURPOSE TRADING & AGENCIE,7.48,7.48,7.48,7.48,7.48,7.86,,7.48,,,2,14.00,1,F1,1,,,,,
2026-10-06,2026-10-06,CM,BSE,STK,504369,INE927M01029,GRANDMA,XT,,,,,GRANDMA TRADING & AGENCIES LTD,0.49,0.49,0.49,0.49,0.49,0.50,,0.49,,,6786,3325.00,15,F1,1,,,,,
2026-10-06,2026-10-06,CM,BSE,STK,504378,INE812K01027,NYSSACORP,X,,,,,NYSSA CORPORATION LIMITED,2.08,2.08,1.91,2.03,2.04,1.99,,2.03,,,39833,78963.00,65,F1,1,,,,,
2026-10-06,2026-10-06,CM,BSE,STK,504380,INE952M01019,FLOMIC,X,,,,,FLOMIC GLOBAL LOGISTICS LIMITE,44.50,48.00,42.77,45.23,45.23,44.40,,45.23,,,407,17666.00,14,F1,1,,,,,
2026-10-06,2026-10-06,CM,BSE,STK,504392,INE537L01010,KRISHNA,XT,,,,,KRISHNA VENTURES LIMITED,47.85,47.85,46.00,46.01,46.01,46.92,,46.01,,,20267,956972.00,27,F1,1,,,,,
2026-10-06,2026-10-06,CM,BSE,STK,504397,INE932M01011,GANHOLD,XT,,,,,GANESH HOLDINGS LTD.,94.00,100.95,94.00,100.00,100.00,96.15,,100.00,,,326,32144.00,10,F1,1,,,,,
2026-10-06,2026-10-06,CM,BSE,STK,504605,INE361D01012,UNIABEXAL,X,,,,,UNI ABEX ALLOY PRODUCTS LTD.,4451.00,4451.00,4180.00,4317.45,4330.00,4488.00,,4317.45,,,2091,8941390.00,250,F1,1,,,,,
2026-10-06,2026-10-06,CM,BSE,STK,504614,INE385C01021,SARDAEN,A,,,,,SARDA ENERGY & MINERALS LTD.,491.05,503.95,491.05,500.65,500.65,501.45,,500.70,,,10541,5279626.00,340,F1,1,,,,,
2026-10-06,2026-10-06,CM,BSE,STK,504646,INE106G01014,BGWTATO,XT,,,,,BHAGWATI AUTOCAST LTD.,700.00,717.00,688.00,704.90,704.90,687.15,,704.90,,,286,201763.00,26,F1,1,,,,,
2026-10-06,2026-10-06,CM,BSE,STK,504648,INE089T01023,BOMBWIR,X,,,,,BOMBAY WIRE ROPES LTD.,39.44,41.50,37.90,37.90,37.90,39.05,,37.90,,,327,13144.00,13,F1,1,,,,,
2026-10-06,2026-10-06,CM,BSE,STK,504697,INE255C01026,GALADA,XT,,,,,GALADA POWER & TELECOMMUNICATI,27.38,27.38,27.38,27.38,27.38,26.85,,27.38,,,9,246.00,2,F1,1,,,,,
2026-10-06,2026-10-06,CM,BSE,STK,504731,INE566M01017,AZADIND,B,,,,,AZAD INDIA MOBILITY LIMITED,83.05,84.25,80.46,80.91,82.40,83.88,,80.94,,,7785,636424.00,161,F1,1,,,,,
2026-10-06,2026-10-06,CM,BSE,STK,504741,INE323C01030,INDIANHUME,B,,,,,INDIAN HUME PIPE CO.LTD.,337.40,343.20,335.15,340.95,342.00,336.15,,341.20,,,1558,525819.00,64,F1,1,,,,,
2026-10-06,2026-10-06,CM,BSE,STK,504746,INE359D01024,INLCM,X,,,,,INDIAN LINK CHAIN MANUFACTURES,232.00,232.00,220.40,220.40,220.40,232.00,,220.40,,,3260,719449.00,76,F1,1,,,,,
2026-10-06,2026-10-06,CM,BSE,STK,504786,INE155E01016,INVPRECQ,T,,,,,INVESTMENT & PRECISION CASTING,1555.00,1649.00,1555.00,1584.10,1580.00,1597.45,,1572.34,,,856,1366229.00,64,F1,1,,,,,
2026-10-06,2026-10-06,CM,BSE,STK,504810,INE123E01014,INFORTEC,X,,,,,INFORMED TECHNOLOGIES INDIA LT,89.50,89.50,84.90,86.15,89.00,78.30,,86.15,,,1516,132060.00,47,F1,1,,,,,
2026-10-06,2026-10-06,CM,BSE,STK,504840,INE375D01012,KAIRA,X,,,,,KAIRA CAN CO.LTD.,1328.00,1385.00,1328.00,1384.95,1385.00,1394.00,,1384.95,,,16,22102.00,6,F1,1,,,,,
2026-10-06,2026-10-06,CM,BSE,STK,504879,INE569C01020,ORIENTCER,B,,,,,ORIENT CERATECH LIMITED,43.94,45.00,43.10,44.20,44.20,43.94,,44.14,,,4051,179246.00,150,F1,1,,,,,
2026-10-06,2026-10-06,CM,BSE,STK,504882,INE166R01015,NATIONSTD,B,,,,,NATIONAL STANDARD (INDIA) LTD.,117.30,117.30,110.00,112.30,112.30,112.35,,110.99,,,1269,140310.00,67,F1,1,,,,,
2026-10-06,2026-10-06,CM,BSE,STK,504903,INE336C01016,RATHIST,XT,,,,,RATHI STEEL & POWER LTD.,21.00,21.38,20.20,20.81,20.90,20.98,,20.81,,,19013,398008.00,95,F1,1,,,,,
2026-10-06,2026-10-06,CM,BSE,STK,504908,INE340F01011,DUNCANENG,X,,,,,Duncan Engineering Limited,303.80,313.15,301.00,303.65,308.95,298.80,,303.65,,,836,252343.00,36,F1,1,,,,,
2026-10-06,2026-10-06,CM,BSE,STK,504918,INE149K01016,SANDUMA,A,,,,,SANDUR MANGANESE & IRON ORES L,177.05,184.80,177.05,183.15,184.80,177.05,,183.37,,,31842,5720519.00,480,F1,1,,,,,
2026-10-06,2026-10-06,CM,BSE,STK,504959,INE755D01015,STOVACQ,X,,,,,STOVEC INDUSTRIES LTD.,1560.00,1598.00,1560.00,1597.45,1597.00,1594.55,,1597.45,,,1863,2975160.00,19,F1,1,,,,,
2026-10-06,2026-10-06,CM,BSE,STK,504973,INE149A01033,CHOLAHLDNG,A,,,,,CHOLAMANDALAM FINANCIAL HOLDIN,1404.00,1431.30,1404.00,1424.75,1424.85,1404.15,,1424.60,,,4399,6243205.00,393,F1,1,,,,,
2026-10-06,2026-10-06,CM,BSE,STK,504988,INE380G01015,ZWELCAST,X,,,,,WELCAST STEELS LTD.,630.00,630.00,610.00,610.00,610.00,630.00,,610.00,,,37,23070.00,5,F1,1,,,,,
2026-10-06,2026-10-06,CM,BSE,STK,505010,INE449A01011,AUTOAXLES,B,,,,,AUTOMOTIVE AXLES LTD.,1632.00,1643.00,1629.30,1642.75,1643.00,1631.70,,1638.17,,,57,93099.00,14,F1,1,,,,,
2026-10-06,2026-10-06,CM,BSE,STK,505029,INE446A01025,ATLASCYCLE,B,,,,,ATLAS CYCLES (HARYANA) LTD.,91.10,93.73,91.10,93.50,93.50,91.60,,92.94,,,173,16014.00,49,F1,1,,,,,
2026-10-06,2026-10-06,CM,BSE,STK,505036,INE451C01013,ACGL,B,,,,,AUTOMOBILE CORPORATION OF GOA,1716.00,1784.20,1672.45,1736.10,1766.90,1675.05,,1725.24,,,374,646031.00,80,F1,1,,,,,
2026-10-06,2026-10-06,CM,BSE,STK,505075,INE878E01021,SETCO,T,,,,,SETCO AUTOMOTIVE LTD.,17.84,18.47,17.50,17.99,18.00,18.30,,18.20,,,1949,35010.00,25,F1,1,,,,,
2026-10-06,2026-10-06,CM,BSE,STK,505160,INE187D01029,TALBROAUTO,B,,,,,TALBROS AUTOMOTIVE COMPONENTS,417.90,432.50,417.90,427.10,432.50,416.35,,429.08,,,8212,3502703.00,175,F1,1,,,,,
2026-10-06,2026-10-06,CM,BSE,STK,505163,INE116C01012,ZFSTEERING,B,,,,,Z.F.STEERING GEAR (INDIA) LTD.,701.15,701.15,701.00,701.00,701.00,701.60,,710.25,,,142,99542.00,6,F1,1,,,,,
2026-10-06,2026-10-06,CM,BSE,STK,505192,INE294B01019,SMLMAH,A,,,,,SML Mahindra Limited,6329.05,6408.20,6090.05,6131.20,6145.00,6359.45,,6135.31,,,3915,24281647.00,951,F1,1,,,,,
2026-10-06,2026-10-06,CM,BSE,STK,505196,INE806C01018,TIL,T,,,,,TIL LTD.,245.95,248.85,239.50,246.40,243.90,244.15,,242.37,,,4442,1081002.00,59,F1,1,,,,,
2026-10-06,2026-10-06,CM,BSE,STK,505200,INE066A01021,EICHERMOT,A,,,,,EICHER MOTORS LTD.,7058.10,7072.00,6976.30,7050.00,7050.00,7059.00,,7051.00,,,16061,113008049.00,1931,F1,1,,,,,
2026-10-06,2026-10-06,CM,BSE,STK,505212,INE280F01019,JAINEX,XT,,,,,JAINEX AAMCOL LTD.,182.90,182.90,174.60,181.15,181.80,182.90,,181.15,,,263,47522.00,9,F1,1,,,,,
2026-10-06,2026-10-06,CM,BSE,STK,505216,INE782D01027,ALFREDHE,B,,,,,ALFRED HERBERT (INDIA) LTD.,2750.90,2750.90,2750.90,2750.90,2750.90,2750.90,,2750.00,,,4,11003.00,1,F1,1,,,,,
2026-10-06,2026-10-06,CM,BSE,STK,505232,INE232E01013,VELJAN,T,,,,,VELJAN DENISON LIMITED,2454.00,2482.45,2454.00,2482.45,2482.45,2364.25,,2490.61,,,33,81892.00,11,F1,1,,,,,
2026-10-06,2026-10-06,CM,BSE,STK,505242,INE221B01012,DYNAMATECH,A,,,,,DYNAMATIC TECHNOLOGIES LTD.,14387.35,14387.35,14139.95,14260.30,14289.30,14239.45,,14278.64,,,793,11299345.00,280,F1,1,,,,,
2026-10-06,2026-10-06,CM,BSE,STK,505250,INE631D01026,GGDPROP,X,,,,,G. G. Dandekar Properties Limi,77.00,82.40,77.00,80.26,82.40,81.00,,80.26,,,215,17198.00,9,F1,1,,,,,
2026-10-06,2026-10-06,CM,BSE,STK,505255,INE541A01023,GMMPFAUDLR,A,,,,,GMM PFAUDLER LTD.,1370.35,1450.00,1370.35,1425.75,1426.85,1385.55,,1425.70,,,4872,6943395.00,401,F1,1,,,,,
2026-10-06,2026-10-06,CM,BSE,STK,505283,INE811A01038,KIRLPNU,A,,,,,KIRLOSKAR PNEUMATIC CO.LTD.,674.40,713.15,672.05,710.00,706.60,678.05,,710.81,,,14525,10139837.00,862,F1,1,,,,,
2026-10-06,2026-10-06,CM,BSE,STK,505299,INE731D01024,KPT,X,,,,,KPT INDUSTRIES LIMITED,492.95,492.95,480.00,480.30,481.05,477.00,,480.30,,,646,313584.00,36,F1,1,,,,,
2026-10-06,2026-10-06,CM,BSE,STK,505302,INE718M01022,LAKSHMIEW,X,,,,,LAKSHMI ENGINEERING AND WAREHO,2412.00,2412.00,2400.00,2400.00,2400.00,2400.00,,2400.00,,,9,21696.00,3,F1,1,,,,,
2026-10-06,2026-10-06,CM,BSE,STK,505324,INE867A01022,MANUGRAPH,T,,,,,MANUGRAPH INDIA LTD.,16.20,16.64,16.00,16.49,16.49,16.20,,16.46,,,3627,59470.00,21,F1,1,,,,,
2026-10-06,2026-10-06,CM,BSE,STK,505336,INE098E01026,HARSHILAGR,XT,,,,,HARSHIL AGROTECH LIMITED,0.25,0.25,0.24,0.24,0.24,0.24,,0.24,,,2718975,657862.00,546,F1,1,,,,,
2026-10-06,2026-10-06,CM,BSE,STK,505343,INE811D01024,MONOT,X,,,,,MONOTYPE INDIA LTD.,0.26,0.28,0.26,0.28,0.28,0.27,,0.28,,,615605,170358.00,292,F1,1,,,,,
2026-10-06,2026-10-06,CM,BSE,STK,505355,INE317F01035,NESCO,A,,,,,NESCO LTD.,1035.25,1044.00,1031.55,1035.95,1037.35,1035.40,,1037.07,,,1136,1179806.00,217,F1,1,,,,,
2026-10-06,2026-10-06,CM,BSE,STK,505358,INE984B01023,INTEGRAEN,X,,,,,INTEGRA ENGINEERING INDIA LTD.,180.00,180.10,175.30,178.10,179.45,175.25,,178.10,,,6070,1084604.00,70,F1,1,,,,,
2026-10-06,2026-10-06,CM,BSE,STK,505368,INE617A01013,SEMAC,B,,,,,Semac Construction Limited,242.50,242.50,242.50,242.50,242.50,242.50,,239.03,,,5,1212.00,1,F1,1,,,,,
2026-10-06,2026-10-06,CM,BSE,STK,505400,INE435C01024,TEXINFRA,B,,,,,TEXMACO INFRASTRUCTURE & HOLDI,121.20,126.30,119.35,125.35,125.05,120.35,,125.42,,,9965,1226365.00,203,F1,1,,,,,
2026-10-06,2026-10-06,CM,BSE,STK,505412,INE274C01019,WENDT,B,,,,,WENDT (INDIA) LTD.,8099.95,8159.95,8067.20,8106.00,8116.20,8024.65,,8097.75,,,297,2407627.00,95,F1,1,,,,,
2026-10-06,2026-10-06,CM,BSE,STK,505502,INE953M01033,PSITINFRA,XT,,,,,PS IT INFRASTRUCTURE & SERVICE,1.98,1.98,1.92,1.96,1.94,1.95,,1.96,,,32992,65016.00,48,F1,1,,,,,
2026-10-06,2026-10-06,CM,BSE,STK,505504,INE809Q01020,GHVINFRA,T,,,,,GHV INFRA PROJECTS LIMITED,265.90,266.80,251.10,257.85,258.00,263.30,,257.85,,,3142,799380.00,59,F1,1,,,,,
2026-10-06,2026-10-06,CM,BSE,STK,505509,INE688D01026,RESPONIND,B,,,,,RESPONSIVE INDUSTRIES LTD.,166.95,166.95,155.00,156.20,155.70,158.15,,156.30,,,27351,4300256.00,449,F1,1,,,,,
2026-10-06,2026-10-06,CM,BSE,STK,505515,INE203N01015,SHYMINV,X,,,,,SHYAMKAMAL INVESTMENTS LTD.,13.13,13.89,12.50,12.83,12.82,13.24,,12.83,,,17423,224687.00,118,F1,1,,,,,
2026-10-06,2026-10-06,CM,BSE,STK,505523,INE272E01027,MAHACORP,X,,,,,MAHARASHTRA CORPORATION LTD.,0.29,0.29,0.28,0.29,0.29,0.29,,0.29,,,430898,122590.00,194,F1,1,,,,,
2026-10-06,2026-10-06,CM,BSE,STK,505526,INE966A01022,DOLATALGO,B,,,,,DOLAT ALGOTECH LIMITED,61.46,63.46,61.46,62.38,62.15,62.48,,62.46,,,12814,806013.00,327,F1,1,,,,,
2026-10-06,2026-10-06,CM,BSE,STK,505533,INE274F01020,WESTLIFE,A,,,,,WESTLIFE FOODWORLD LIMITED,588.00,603.30,588.00,595.80,593.65,591.45,,594.65,,,3479,2068738.00,288,F1,1,,,,,
2026-10-06,2026-10-06,CM,BSE,STK,505537,INE256A01028,ZEEL,A,,,,,ZEE ENTERTAINMENT ENTERPRISES,73.79,74.82,72.21,72.41,72.41,73.45,,72.42,,,3227574,234995850.00,2199,F1,1,,,,,
2026-10-06,2026-10-06,CM,BSE,STK,505590,INE308E01029,SVPGLOB,B,,,,,SVP GLOBAL TEXTILES LIMITED,3.20,3.20,2.92,3.17,3.17,3.05,,3.11,,,6631,20694.00,15,F1,1,,,,,
2026-10-06,2026-10-06,CM,BSE,STK,505650,INE178E01026,SKYLMILAR,X,,,,,SKYLINE MILLARS LTD.,8.85,8.94,8.16,8.45,8.45,8.50,,8.45,,,7293,62275.00,44,F1,1,,,,,
2026-10-06,2026-10-06,CM,BSE,STK,505681,INE469A01019,BIMETAL,B,,,,,BIMETAL BEARINGS LTD.,654.95,656.00,626.45,655.00,655.00,640.00,,660.37,,,80,51877.00,17,F1,1,,,,,
2026-10-06,2026-10-06,CM,BSE,STK,505688,INE561C01019,BHARATGEAR,T,,,,,BHARAT GEARS LTD.,100.00,100.95,98.85,99.95,100.45,99.80,,99.88,,,788,79234.00,23,F1,1,,,,,
2026-10-06,2026-10-06,CM,BSE,STK,505690,INE856A01017,BRADYM,X,,,,,BRADY & MORRIS ENGINEERING CO.,663.00,665.00,645.00,663.25,663.25,658.10,,663.25,,,68,44967.00,15,F1,1,,,,,
2026-10-06,2026-10-06,CM,BSE,STK,505693,INE501N01020,LATIMMETAL,X,,,,,La Tim Metal & Industries Limi,11.00,11.05,10.44,10.67,10.67,10.82,,10.67,,,147920,1580801.00,177,F1,1,,,,,
2026-10-06,2026-10-06,CM,BSE,STK,505700,INE205B01031,ELECON,A,,,,,ELECON ENGINEERING CO.LTD.,446.00,449.10,441.00,446.00,448.95,445.70,,446.29,,,13658,6065619.00,409,F1,1,,,,,
2026-10-06,2026-10-06,CM,BSE,STK,505710,INE266D01021,GRAUWEIL,B,,,,,GRAUER & WEIL (INDIA) LTD.,85.20,85.21,82.11,82.33,82.35,83.42,,82.32,,,36144,2990846.00,421,F1,1,,,,,
2026-10-06,2026-10-06,CM,BSE,STK,505712,INE705G01021,HIMTEK,XT,,,,,HIM TEKNOFORGE LIMITED,245.95,254.50,245.95,252.00,252.00,248.15,,252.00,,,2946,731753.00,36,F1,1,,,,,
2026-10-06,2026-10-06,CM,BSE,STK,505714,INE524A01029,GABRIEL,A,,,,,GABRIEL INDIA LTD.,1310.00,1365.00,1310.00,1357.60,1346.50,1304.15,,1353.64,,,25548,34306984.00,1543,F1,1,,,,,
2026-10-06,2026-10-06,CM,BSE,STK,505720,INE688E01024,HERCULES,X,,,,,Hercules Investments Limited,108.00,108.00,106.00,106.95,106.95,106.75,,106.95,,,6389,683456.00,108,F1,1,,,,,
2026-10-06,2026-10-06,CM,BSE,STK,505725,INE598D01035,ALGOQUANT,B,,,,,ALGOQUANT FINTECH LIMITED,67.98,71.73,67.98,70.47,70.47,68.25,,70.54,,,659111,45902420.00,2883,F1,1,,,,,
2026-10-06,2026-10-06,CM,BSE,STK,505726,INE559A01017,IFBIND,B,,,,,IFB INDUSTRIES LTD.,1188.35,1214.55,1179.00,1211.05,1210.65,1179.10,,1212.29,,,3671,4389372.00,158,F1,1,,,,,
2026-10-06,2026-10-06,CM,BSE,STK,505729,INE638A01035,SINGERIND,B,,,,,SINGER INDIA LTD.,75.31,76.29,74.45,75.22,75.78,74.98,,74.96,,,6807,511553.00,376,F1,1,,,,,
2026-10-06,2026-10-06,CM,BSE,STK,505737,INE403C01014,INTLCOMBQ,X,,,,,INTERNATIONAL COMBUSTION (INDI,442.00,442.00,435.00,438.00,438.00,427.35,,438.00,,,456,199718.00,24,F1,1,,,,,
2026-10-06,2026-10-06,CM,BSE,STK,505744,INE529A01010,FMGOETZE,B,,,,,FEDERAL-MOGUL GOETZE (INDIA) L,433.10,451.00,433.10,448.70,448.00,441.65,,448.51,,,5763,2572890.00,455,F1,1,,,,,
2026-10-06,2026-10-06,CM,BSE,STK,505750,INE636D01041,JOSTS,X,,,,,JOSTS ENGINEERING CO.LTD.,216.10,221.45,215.20,219.95,220.00,215.85,,219.95,,,3596,783996.00,53,F1,1,,,,,
2026-10-06,2026-10-06,CM,BSE,STK,505790,INE513A01022,SCHAEFFLER,A,,,,,Schaeffler India Limited,3870.35,3870.35,3806.05,3811.25,3823.60,3845.60,,3816.83,,,14171,54161084.00,730,F1,1,,,,,
2026-10-06,2026-10-06,CM,BSE,STK,505797,INE860N01012,MPCOSEMB,XT,,,,,MIPCO SEAMLESS RINGS (GUJARAT),36.35,38.00,36.29,36.29,36.29,38.19,,36.29,,,1583,57489.00,12,F1,1,,,,,
2026-10-06,2026-10-06,CM,BSE,STK,505800,INE384A01010,RANEHOLDIN,B,,,,,RANE HOLDINGS LTD.,1551.30,1560.00,1539.50,1545.70,1542.90,1543.00,,1547.33,,,151,233742.00,31,F1,1,,,,,
2026-10-06,2026-10-06,CM,BSE,STK,505807,INE775R01013,ROLCOEN,P,,,,,ROLCON ENGINEERING CO.LTD.,472.30,472.30,472.30,472.30,472.30,497.10,,472.30,,,50,23615.00,1,F1,50,,,,,
2026-10-06,2026-10-06,CM,BSE,STK,505827,INE568F01017,SNL,X,,,,,SNL BEARINGS LTD.,467.45,469.90,458.00,460.00,460.00,453.55,,460.00,,,1405,651410.00,42,F1,1,,,,,
2026-10-06,2026-10-06,CM,BSE,STK,505840,INE058D01030,JAIPAN,XT,,,,,JAIPAN INDUSTRIES LTD.,46.18,46.18,46.18,46.18,46.18,45.28,,46.18,,,5992,276710.00,30,F1,1,,,,,
2026-10-06,2026-10-06,CM,BSE,STK,505850,INE545L01039,MANCREDIT,B,,,,,MANGAL CREDIT AND FINCORP LTD.,225.00,238.20,221.15,234.60,234.60,220.35,,231.90,,,1925,445024.00,136,F1,1,,,,,
2026-10-06,2026-10-06,CM,BSE,STK,505854,INE391D01019,TRF,B,,,,,TRF LTD.,196.80,196.80,194.25,196.15,195.45,192.90,,196.27,,,281,55007.00,36,F1,1,,,,,
2026-10-06,2026-10-06,CM,BSE,STK,505872,INE765D01022,WPIL,B,,,,,WPIL LTD.,446.55,456.90,441.95,445.90,446.75,446.45,,444.48,,,7041,3160476.00,346,F1,1,,,,,
2026-10-06,2026-10-06,CM,BSE,STK,505890,INE717A01029,KENNAMET,B,,,,,KENNAMETAL INDIA LTD.,4269.00,4293.95,4212.60,4278.30,4257.30,4185.90,,4269.02,,,1395,5940866.00,361,F1,1,,,,,
2026-10-06,2026-10-06,CM,BSE,STK,505893,INE724D01011,HINDHARD,X,,,,,HINDUSTAN HARDY LIMITED,762.00,762.00,732.60,741.30,757.00,759.00,,741.30,,,207,153952.00,39,F1,1,,,,,
2026-10-06,2026-10-06,CM,BSE,STK,505978,INE440G01017,TRITONV,B,,,,,TRITON VALVES LTD.,1092.95,1097.95,1073.05,1092.50,1092.50,1066.45,,1092.97,,,453,494284.00,55,F1,1,,,,,
2026-10-06,2026-10-06,CM,BSE,STK,506003,INE618D01015,SUDAI,X,,,,,SUDAL INDUSTRIES LTD.,52.35,54.95,50.50,54.59,54.20,52.34,,54.59,,,18592,999524.00,77,F1,1,,,,,
2026-10-06,2026-10-06,CM,BSE,STK,506022,INE603A01013,PRAKASH,B,,,,,PRAKASH INDUSTRIES LTD.,119.90,120.75,119.05,119.75,119.45,119.15,,119.70,,,16043,1918644.00,321,F1,1,,,,,
2026-10-06,2026-10-06,CM,BSE,STK,506074,INE968D01022,ARSHIYA,Z,,,,,ARSHIYA LIMITED,0.85,0.85,0.81,0.81,0.81,0.85,,0.81,,,19083,15810.00,20,F1,1,,,,,
2026-10-06,2026-10-06,CM,BSE,STK,506076,INE536A01023,GRINDWELL,A,,,,,GRINDWELL NORTON LTD.,2012.40,2068.90,1992.50,2032.55,2035.00,2003.10,,2033.07,,,3379,6818213.00,1054,F1,1,,,,,
2026-10-06,2026-10-06,CM,BSE,STK,506105,INE441L01015,STANROS,X,,,,,STANROSE MAFATLAL INVESTMENTS,64.00,70.50,63.70,70.13,70.50,67.56,,70.13,,,22,1426.00,10,F1,1,,,,,
2026-10-06,2026-10-06,CM,BSE,STK,506109,INE727B01026,GENESYS,B,,,,,GENESYS INTERNATIONAL CORPORAT,287.80,304.00,285.05,301.90,299.65,287.80,,301.13,,,87315,25930066.00,1495,F1,1,,,,,
2026-10-06,2026-10-06,CM,BSE,STK,506122,INE820M01026,VOLKAI,XT,,,,,Kairosoft AI Solutions Limited,16.50,17.35,16.50,16.50,16.50,17.36,,16.50,,,76608,1270873.00,151,F1,1,,,,,
2026-10-06,2026-10-06,CM,BSE,STK,506128,INE383L01019,PARNAXLAB,B,,,,,PARNAX LAB LTD.,114.85,115.00,111.45,114.90,115.00,115.00,,115.32,,,129,14477.00,13,F1,1,,,,,
2026-10-06,2026-10-06,CM,BSE,STK,506134,INE512D01028,GOURMET,X,,,,,GOURMET GATEWAY INDIA LIMITED,10.25,10.76,9.74,9.77,9.95,10.25,,9.77,,,30177,298751.00,70,F1,1,,,,,
2026-10-06,2026-10-06,CM,BSE,STK,506146,INE370E01029,VIVIDHA,B,,,,,VISAGAR POLYTEX LTD.,0.51,0.52,0.51,0.51,0.51,0.51,,0.51,,,40050,20438.00,31,F1,1,,,,,
2026-10-06,2026-10-06,CM,BSE,STK,506166,INE070K01014,APIS,X,,,,,APIS INDIA LTD.,50.01,51.84,49.99,50.30,50.30,51.50,,50.30,,,9163,462087.00,162,F1,1,,,,,
2026-10-06,2026-10-06,CM,BSE,STK,506180,INE668L01013,EMERGENT,XT,,,,,EMERGENT INDUSTRIAL SOLUTIONS,417.00,433.00,397.00,403.00,415.00,417.00,,403.00,,,58,23774.00,12,F1,1,,,,,
2026-10-06,2026-10-06,CM,BSE,STK,506184,INE879E01037,KANANIIND,B,,,,,KANANI INDUSTRIES LTD.,1.35,1.37,1.27,1.34,1.34,1.32,,1.35,,,33302,44464.00,111,F1,1,,,,,
2026-10-06,2026-10-06,CM,BSE,STK,506186,INE403B01016,GSLTD,X,,,,,GALAXY SUPERMARKET LIMITED,18.99,19.44,18.56,18.56,18.56,18.55,,18.56,,,300,5696.00,3,F1,1,,,,,
2026-10-06,2026-10-06,CM,BSE,STK,506194,INE643K01018,ARIHANTSUP,B,,,,,ARIHANT SUPERSTRUCTURES LIMITE,218.70,222.20,217.75,217.75,217.75,218.70,,220.01,,,80,17485.00,5,F1,1,,,,,
2026-10-06,2026-10-06,CM,BSE,STK,506197,INE416D01022,BLISSGVS,T,,,,,BLISS GVS PHARMA LTD.,663.60,693.00,662.00,670.05,670.05,660.45,,671.52,,,54903,37064863.00,468,F1,1,,,,,
2026-10-06,2026-10-06,CM,BSE,STK,506222,INE189B01011,STYRENIX,B,,,,,Styrenix Performance Materials,2011.45,2066.30,2011.45,2043.55,2048.00,2018.90,,2042.90,,,528,1079917.00,86,F1,1,,,,,
2026-10-06,2026-10-06,CM,BSE,STK,506235,INE426A01027,ALEMBICLTD,B,,,,,ALEMBIC LTD.,103.25,106.60,103.25,105.20,104.80,104.45,,105.00,,,33623,3536658.00,451,F1,1,,,,,
2026-10-06,2026-10-06,CM,BSE,STK,506248,INE275D01022,AMNPLST,B,,,,,AMINES & PLASTICIZERS LTD.,161.50,189.60,161.50,188.15,188.15,158.00,,187.22,,,37644,7095318.00,541,F1,1,,,,,
2026-10-06,2026-10-06,CM,BSE,STK,506260,INE489G01022,ANUHPHR,B,,,,,ANUH PHARMA LTD.,84.72,87.75,84.40,87.72,87.70,84.10,,87.58,,,8756,757998.00,222,F1,1,,,,,
2026-10-06,2026-10-06,CM,BSE,STK,506261,INE737D01021,MODISONLTD,T,,,,,MODISON LIMITED,461.15,492.60,452.85,492.05,492.60,469.15,,491.77,,,8342,4041013.00,211,F1,1,,,,,
2026-10-06,2026-10-06,CM,BSE,STK,506285,INE462A01022,BAYERCROP,A,,,,,BAYER CROPSCIENCE LTD.,3510.10,3554.95,3510.00,3534.75,3524.30,3510.10,,3533.45,,,2325,8213139.00,283,F1,1,,,,,
2026-10-06,2026-10-06,CM,BSE,STK,506365,INE320M01019,STARSOURCE,X,,,,,STARSOURCE MULTITRADE LIMITED,79.50,79.50,79.50,79.50,79.50,75.90,,79.50,,,5,397.00,1,F1,1,,,,,
2026-10-06,2026-10-06,CM,BSE,STK,506390,INE492A01029,SUDARCOLOR,B,,,,,Sudarshan Colorants India Limi,368.20,374.00,365.40,367.80,368.00,368.00,,368.29,,,416,153062.00,56,F1,1,,,,,
2026-10-06,2026-10-06,CM,BSE,STK,506395,INE169A01031,COROMANDEL,A,,,,,COROMANDEL INTERNATIONAL LTD.,1804.95,1811.30,1772.30,1786.55,1785.00,1800.25,,1788.27,,,3883,6962712.00,494,F1,1,,,,,
2026-10-06,2026-10-06,CM,BSE,STK,506401,INE288B01029,DEEPAKNTR,A,,,,,DEEPAK NITRITE LTD.,1498.30,1564.95,1498.30,1560.30,1560.30,1497.35,,1560.57,,,21054,32565210.00,1958,F1,1,,,,,
2026-10-06,2026-10-06,CM,BSE,STK,506405,INE505A01010,DMCC,B,,,,,DMCC SPECIALITY CHEMICALS LIMI,323.30,374.00,322.65,355.85,354.50,318.95,,355.80,,,100616,35802548.00,4158,F1,1,,,,,
2026-10-06,2026-10-06,CM,BSE,STK,506414,INE225B01021,FERMENTA,B,,,,,FERMENTA BIOTECH LIMITED,554.75,582.95,552.50,569.35,566.30,555.70,,569.45,,,29256,16742425.00,1080,F1,1,,,,,
2026-10-06,2026-10-06,CM,BSE,STK,506480,INE077F01035,GOCLCORP,B,,,,,GOCL Corporation Limited,347.00,376.90,347.00,372.65,376.90,346.45,,372.46,,,9687,3526944.00,499,F1,1,,,,,
2026-10-06,2026-10-06,CM,BSE,STK,506520,INE693E01016,JAYCH,X,,,,,JAYSHREE CHEMICALS LTD.,7.40,7.40,6.37,6.56,6.41,6.35,,6.56,,,23729,156620.00,125,F1,1,,,,,
2026-10-06,2026-10-06,CM,BSE,STK,506525,INE138C01024,KANORICHEM,T,,,,,KANORIA CHEMICALS & INDUSTRIES,176.75,181.70,176.05,180.00,181.70,182.65,,181.50,,,2631,471567.00,29,F1,1,,,,,
2026-10-06,2026-10-06,CM,BSE,STK,506528,INE881E01017,KELENRG,XT,,,,,KELTECH ENERGIES LTD.,12801.00,13250.00,12700.00,13224.10,13250.00,13226.85,,13224.10,,,238,3086469.00,149,F1,1,,,,,
2026-10-06,2026-10-06,CM,BSE,STK,506532,INE265B01019,NITTAGELA,B,,,,,NITTA GELATIN INDIA LTD.,1694.00,1703.15,1654.85,1684.30,1684.30,1667.65,,1668.34,,,176,293539.00,30,F1,1,,,,,
2026-10-06,2026-10-06,CM,BSE,STK,506543,INE468C01017,MPAGI,XT,,,,,M.P.AGRO INDUSTRIES LTD.,9.98,9.98,9.98,9.98,9.98,10.50,,9.98,,,60,598.00,2,F1,1,,,,,
2026-10-06,2026-10-06,CM,BSE,STK,506579,INE321D01016,AGVENTURES,X,,,,,AG VENTURES LIMITED,125.90,130.50,122.80,125.60,125.80,122.85,,125.60,,,24850,3115132.00,230,F1,1,,,,,
2026-10-06,2026-10-06,CM,BSE,STK,506590,INE602A01031,PCBL,A,,,,,PCBL Chemical Limited,320.35,328.10,320.35,327.65,327.85,320.45,,327.70,,,56043,18243921.00,1226,F1,1,,,,,
2026-10-06,2026-10-06,CM,BSE,STK,506597,INE841D01013,AMAL,B,,,,,AMAL LTD.,705.90,766.75,700.00,755.50,755.50,699.65,,754.22,,,8320,6136146.00,455,F1,1,,,,,
2026-10-06,2026-10-06,CM,BSE,STK,506605,INE752B01024,POLYCHEM,X,,,,,POLYCHEM LTD.,1848.95,1889.90,1806.10,1808.90,1806.10,1815.00,,1808.90,,,28,51393.00,12,F1,1,,,,,
2026-10-06,2026-10-06,CM,BSE,STK,506618,INE277B01014,PUNJABCHEM,B,,,,,PUNJAB CHEMICALS AND CROP PROT,1040.00,1045.95,1032.20,1035.00,1035.00,1046.75,,1038.99,,,107,111341.00,16,F1,1,,,,,
2026-10-06,2026-10-06,CM,BSE,STK,506640,INE218N01021,ZR2,X,,,,,ZR2 BIOENERGY LIMITED,133.00,133.00,133.00,133.00,133.00,136.00,,133.00,,,87,11571.00,4,F1,1,,,,,
2026-10-06,2026-10-06,CM,BSE,STK,506642,INE888C01040,SADHNANIQ,T,,,,,SADHANA NITROCHEM LTD.,2.68,2.77,2.65,2.69,2.70,2.64,,2.68,,,853170,2339779.00,319,F1,1,,,,,
2026-10-06,2026-10-06,CM,BSE,STK,506655,INE659A01023,SUDARSCHEM,A,,,,,SUDARSHAN CHEMICAL INDUSTRIES,1225.30,1245.05,1225.30,1239.05,1239.00,1230.50,,1238.62,,,4457,5515027.00,494,F1,1,,,,,
2026-10-06,2026-10-06,CM,BSE,STK,506680,INE014B01011,TECILCHEM,B,,,,,TECIL CHEMICALS & HYDRO POWER,9.25,10.20,9.03,9.73,9.73,9.29,,9.24,,,1540,14461.00,22,F1,1,,,,,
2026-10-06,2026-10-06,CM,BSE,STK,506685,INE405A01021,ULTRAMAR,B,,,,,ULTRAMARINE & PIGMENTS LTD.,405.05,417.00,402.60,409.45,409.00,404.95,,408.83,,,5733,2336639.00,244,F1,1,,,,,
2026-10-06,2026-10-06,CM,BSE,STK,506687,INE687A01016,TRANSPEK,T,,,,,TRANSPEK INDUSTRY LTD.,1301.00,1363.20,1300.00,1363.20,1363.20,1298.30,,1379.50,,,205,273827.00,34,F1,1,,,,,
2026-10-06,2026-10-06,CM,BSE,STK,506690,INE351A01035,UNICHEMLAB,B,,,,,UNICHEM LABORATORIES LTD.,536.00,556.00,532.00,547.00,547.00,531.75,,548.08,,,5217,2834260.00,207,F1,1,,,,,
2026-10-06,2026-10-06,CM,BSE,STK,506734,INE741A01011,MYSORPETRO,T,,,,,MYSORE PETRO CHEMICALS LTD.,114.50,118.25,113.35,117.00,117.00,116.80,,117.12,,,561,64521.00,13,F1,1,,,,,
2026-10-06,2026-10-06,CM,BSE,STK,506767,INE150B01039,ALKYLAMINE,A,,,,,ALKYL AMINES CHEMICALS LTD.,1747.20,2060.00,1747.20,1958.05,1958.05,1729.60,,1962.00,,,127382,253193521.00,7148,F1,1,,,,,
2026-10-06,2026-10-06,CM,BSE,STK,506808,INE400A01014,TUTIALKA,B,,,,,TUTICORIN ALKALI CHEMICALS AND,53.00,54.20,52.70,53.01,54.10,52.19,,53.05,,,2052,109794.00,71,F1,1,,,,,
2026-10-06,2026-10-06,CM,BSE,STK,506820,INE203A01020,ASTRAZEN,A,,,,,ASTRAZENECA PHARMA INDIA LTD.,5913.05,5994.80,5888.25,5983.25,5989.40,5913.00,,5980.56,,,474,2814019.00,180,F1,1,,,,,
2026-10-06,2026-10-06,CM,BSE,STK,506852,INE607A01022,PRIMO,B,,,,,Primo Chemicals Limited,27.25,27.25,26.20,26.85,26.75,26.05,,26.95,,,46206,1237061.00,240,F1,1,,,,,
2026-10-06,2026-10-06,CM,BSE,STK,506854,INE639B01023,TANFACIND,B,,,,,TANFAC INDUSTRIES LTD.,3195.00,3279.90,3152.10,3204.30,3204.30,3182.50,,3204.30,,,9864,31586155.00,1298,F1,1,,,,,
2026-10-06,2026-10-06,CM,BSE,STK,506858,INE636P01011,GUJPETR,X,,,,,GUJARAT PETROSYNTHESE LTD.,51.90,52.00,51.90,51.95,51.95,52.01,,51.95,,,486,25260.00,8,F1,1,,,,,
2026-10-06,2026-10-06,CM,BSE,STK,506863,INE716M01034,SWADEIN,X,,,,,SWADESHI INDUSTRIES LEASING CO,73.35,77.93,73.20,73.43,75.88,76.01,,73.43,,,1979,145703.00,44,F1,1,,,,,
2026-10-06,2026-10-06,CM,BSE,STK,506879,INE942C01045,GUJTHEM,B,,,,,GUJARAT THEMIS BIOSYN LTD.,375.15,392.45,373.25,390.55,389.10,373.00,,390.01,,,10841,4130092.00,412,F1,1,,,,,
2026-10-06,2026-10-06,CM,BSE,STK,506919,INE987A01010,MAKERSL,B,,,,,MAKERS LABORATORIES LTD.,180.00,183.00,180.00,183.00,183.00,180.35,,183.00,,,431,78366.00,23,F1,1,,,,,
2026-10-06,2026-10-06,CM,BSE,STK,506935,INE423K01015,CONTCHM,X,,,,,CONTINENTAL CHEMICALS LTD.,55.12,55.12,55.12,55.12,55.12,55.12,,55.12,,,29,1598.00,1,F1,1,,,,,
2026-10-06,2026-10-06,CM,BSE,STK,506947,INE334N01018,ADVPETR-B,XT,,,,,ADVANCE PETROCHEMICALS LTD.,957.90,957.90,957.90,957.90,957.90,912.30,,957.90,,,679,650414.00,58,F1,1,,,,,
2026-10-06,2026-10-06,CM,BSE,STK,506979,INE046E01025,APTPACK,X,,,,,APT PACKAGING LTD.,71.94,71.94,65.17,67.77,67.95,68.60,,67.77,,,845,56918.00,26,F1,1,,,,,
2026-10-06,2026-10-06,CM,BSE,STK,506981,INE472D01017,BLUECHIPT,X,,,,,BLUE CHIP TEX INDUSTRIES LTD.,110.90,110.90,110.90,110.90,110.90,110.85,,110.90,,,25,2772.00,1,F1,1,,,,,
2026-10-06,2026-10-06,CM,BSE,STK,507155,INE574A01016,JAGAJITIND,X,,,,,JAGATJIT INDUSTRIES LTD.,140.90,140.90,136.30,137.90,137.90,137.90,,137.90,,,8002,1101955.00,93,F1,1,,,,,
2026-10-06,2026-10-06,CM,BSE,STK,507180,INE133B01027,KESARENT,XT,,,,,KESAR ENTERPRISES LTD.,13.19,13.19,13.00,13.00,13.00,12.94,,13.00,,,49379,646507.00,40,F1,1,,,,,
2026-10-06,2026-10-06,CM,BSE,STK,507205,INE133E01013,TI,A,,,,,TILAKNAGAR INDUSTRIES LTD.,541.35,579.45,541.35,547.10,544.20,540.80,,547.78,,,187870,106042300.00,6461,F1,1,,,,,
2026-10-06,2026-10-06,CM,BSE,STK,507265,INE044N01021,EMERALL,XT,,,,,Emerald Leisures Limited,289.25,289.25,289.25,289.25,289.25,275.50,,289.25,,,54,15619.00,5,F1,1,,,,,
2026-10-06,2026-10-06,CM,BSE,STK,507300,INE615A01025,RAVALSUGAR,X,,,,,The Ravalgaon Sugar Farm Limit,921.90,921.90,892.00,921.90,921.90,899.00,,921.90,,,36,32535.00,4,F1,1,,,,,
2026-10-06,2026-10-06,CM,BSE,STK,507315,INE623A01011,SAKHTISUG,B,,,,,SAKTHI SUGARS LTD.,18.46,19.40,18.46,18.98,18.91,17.73,,18.88,,,18153,343317.00,336,F1,1,,,,,
2026-10-06,2026-10-06,CM,BSE,STK,507410,INE711A01022,WALCHANNAG,B,,,,,WALCHANDNAGAR INDUSTRIES LTD.,195.85,205.00,195.85,203.90,203.90,194.95,,204.16,,,26844,5425288.00,567,F1,1,,,,,
2026-10-06,2026-10-06,CM,BSE,STK,507438,INE076C01018,IFBAGRO,B,,,,,IFB AGRO INDUSTRIES LTD.,878.65,878.65,865.00,878.00,878.00,878.65,,874.48,,,234,204001.00,32,F1,1,,,,,
2026-10-06,2026-10-06,CM,BSE,STK,507474,INE991B01010,KFBL,X,,,,,KOTHARI FERMENTATION & BIOCHEM,41.74,41.74,39.60,40.00,39.65,40.62,,40.00,,,3443,140941.00,27,F1,1,,,,,
2026-10-06,2026-10-06,CM,BSE,STK,507486,INE470N01010,CAPRO,X,,,,,CAPROLACTAM CHEMICALS LTD.,47.76,47.76,47.76,47.76,47.76,47.76,,47.76,,,5,238.00,1,F1,1,,,,,
2026-10-06,2026-10-06,CM,BSE,STK,507488,INE075D01018,GMBREW,B,,,,,G.M.BREWERIES LTD.,949.90,983.00,945.70,980.90,970.00,948.70,,981.30,,,5074,4931085.00,502,F1,1,,,,,
2026-10-06,2026-10-06,CM,BSE,STK,507490,INE625B01014,RANASUG,B,,,,,RANA SUGARS LTD.,13.67,14.23,13.67,13.80,13.80,13.64,,13.81,,,225592,3115661.00,500,F1,1,,,,,
2026-10-06,2026-10-06,CM,BSE,STK,507498,INE544C01023,PICCASUG,X,,,,,PICCADILY SUGAR & ALLIED INDUS,34.00,34.90,33.70,34.67,34.69,33.90,,34.67,,,1528,52146.00,30,F1,1,,,,,
2026-10-06,2026-10-06,CM,BSE,STK,507514,INE480C01038,SDBL,B,,,,,SOM DISTILLERIES & BREWERIES L,73.04,75.23,73.04,73.84,73.92,73.38,,74.00,,,46940,3472152.00,376,F1,1,,,,,
2026-10-06,2026-10-06,CM,BSE,STK,507515,INE557D01015,CJGEL,X,,,,,C.J.GELATINE PRODUCTS LTD.,24.00,26.22,23.74,25.83,26.18,24.98,,25.83,,,1259,31712.00,27,F1,1,,,,,
2026-10-06,2026-10-06,CM,BSE,STK,507526,INE073G01016,ASALCBR,B,,,,,ASSOCIATED ALCOHOLS & BREWERIE,598.95,606.35,590.00,600.20,601.40,600.30,,598.74,,,22365,13308331.00,545,F1,1,,,,,
2026-10-06,2026-10-06,CM,BSE,STK,507552,INE976E01023,FOODSIN,B,,,,,FOODS & INNS LTD.,49.67,51.50,49.40,50.46,50.46,49.52,,50.76,,,6124,305305.00,98,F1,1,,,,,
2026-10-06,2026-10-06,CM,BSE,STK,507580,INE043C01018,IVP,T,,,,,IVP LTD.,220.10,231.90,220.10,229.90,231.00,222.80,,228.99,,,6837,1568806.00,48,F1,1,,,,,
2026-10-06,2026-10-06,CM,BSE,STK,507598,INE014E01015,KLRFM,X,,,,,KOVILPATTI LAKSHMI ROLLER FLOU,79.38,81.00,77.13,80.94,81.00,79.77,,80.94,,,1674,133514.00,34,F1,1,,,,,
2026-10-06,2026-10-06,CM,BSE,STK,507609,INE286E01019,OLYOI,X,,,,,OLYMPIC OIL INDUSTRIES LTD.,30.80,30.80,30.80,30.80,30.80,30.80,,30.80,,,1,30.00,1,F1,1,,,,,
2026-10-06,2026-10-06,CM,BSE,STK,507621,INE588G01021,MLKFOOD,B,,,,,MILKFOOD LTD.,85.99,85.99,82.58,85.35,85.35,83.20,,84.69,,,5692,473705.00,105,F1,1,,,,,
2026-10-06,2026-10-06,CM,BSE,STK,507645,INE339F01021,POLSON,X,,,,,POLSON LTD.,10399.00,10399.00,10399.00,10399.00,10399.00,10166.05,,10399.00,,,3,31197.00,3,F1,1,,,,,
2026-10-06,2026-10-06,CM,BSE,STK,507685,INE075A01022,WIPRO,A,,,,,WIPRO LTD.,162.05,162.90,160.55,161.50,161.50,162.20,,161.84,,,465626,75144664.00,9603,F1,1,,,,,
2026-10-06,2026-10-06,CM,BSE,STK,507690,INE247F01018,ORIBEVER,X,,,,,ORIENT BEVERAGES LTD.,161.20,163.90,161.00,162.00,162.00,161.20,,162.00,,,421,67996.00,17,F1,1,,,,,
2026-10-06,2026-10-06,CM,BSE,STK,507717,INE435G01025,DHANUKA,B,,,,,DHANUKA AGRITECH LTD.,909.00,919.90,897.00,907.45,907.00,909.75,,909.42,,,2555,2327460.00,478,F1,1,,,,,
2026-10-06,2026-10-06,CM,BSE,STK,507747,INE910C01018,TTKHLTCARE,B,,,,,TTK HEALTHCARE LTD.,1000.05,1047.65,1000.05,1037.15,1032.20,1009.20,,1033.80,,,1625,1673629.00,164,F1,1,,,,,
2026-10-06,2026-10-06,CM,BSE,STK,507753,INE284B01028,TGVSL,B,,,,,TGV SRAAC Limited,120.05,125.85,120.05,125.35,125.40,122.05,,125.46,,,69320,8601749.00,967,F1,1,,,,,
2026-10-06,2026-10-06,CM,BSE,STK,507759,INE891G01011,LIMECHM,X,,,,,LIME CHEMICALS LTD.,13.30,13.31,13.30,13.31,13.31,13.95,,13.31,,,103,1369.00,3,F1,1,,,,,
2026-10-06,2026-10-06,CM,BSE,STK,507779,INE694E01014,KANPRPLA,B,,,,,KANPUR PLASTIPACK LTD.,255.10,257.35,247.45,250.70,251.40,252.20,,250.89,,,2149,544082.00,100,F1,1,,,,,
2026-10-06,2026-10-06,CM,BSE,STK,507785,INE123C01018,TAINWALCHM,B,,,,,TAINWALA CHEMICALS & PLASTICS,198.00,198.00,198.00,198.00,198.00,197.90,,201.12,,,3,594.00,1,F1,1,,,,,
2026-10-06,2026-10-06,CM,BSE,STK,507789,INE048B01035,JAGSNPHARM,B,,,,,JAGSONPAL PHARMACEUTICALS LTD.,230.00,235.40,228.25,234.25,234.70,229.45,,233.63,,,3875,897429.00,89,F1,1,,,,,
2026-10-06,2026-10-06,CM,BSE,STK,507794,INE745B01028,KHAICHEM,B,,,,,KHAITAN CHEMICALS & FERTILIZER,47.00,49.04,47.00,48.89,48.98,48.19,,48.73,,,8209,397745.00,184,F1,1,,,,,
2026-10-06,2026-10-06,CM,BSE,STK,507813,INE296D01010,NOL,X,,,,,NATIONAL OXYGEN LTD.,58.89,58.89,55.20,56.18,56.00,54.79,,56.18,,,126,7063.00,13,F1,1,,,,,
2026-10-06,2026-10-06,CM,BSE,STK,507815,INE322A01010,GILLETTE,A,,,,,GILLETTE INDIA LTD.,7000.30,7111.00,6938.00,7063.10,7068.40,6990.30,,7057.12,,,928,6523350.00,376,F1,1,,,,,
2026-10-06,2026-10-06,CM,BSE,STK,507828,INE880B01015,ANSALHSG,X,,,,,ANSAL HOUSING LIMITED,4.91,5.00,4.80,4.90,4.90,4.91,,4.90,,,14913,72620.00,60,F1,1,,,,,
2026-10-06,2026-10-06,CM,BSE,STK,507833,INE607B01012,COMPUPN,X,,,,,COMPUTER POINT LTD.,3.08,3.30,3.08,3.21,3.20,3.21,,3.21,,,1730,5529.00,37,F1,1,,,,,
2026-10-06,2026-10-06,CM,BSE,STK,507836,INE435D01014,MCCHRLS-B,B,,,,,MAC CHARLES (INDIA) LTD.,668.40,674.90,651.00,670.95,671.55,670.40,,672.88,,,314,209151.00,49,F1,1,,,,,
2026-10-06,2026-10-06,CM,BSE,STK,507852,INE757C01021,ADDIND,B,,,,,ADDI INDUSTRIES LTD.,87.00,87.00,73.01,79.25,73.01,73.00,,79.06,,,405,33434.00,29,F1,1,,,,,
2026-10-06,2026-10-06,CM,BSE,STK,507864,INE746D01014,PIONRINV,T,,,,,PIONEER INVESTCORP LTD.,71.34,71.34,71.34,71.34,71.34,75.09,,65.89,,,182,12983.00,3,F1,1,,,,,
2026-10-06,2026-10-06,CM,BSE,STK,507872,INE372I01018,ASHNOOR,X,,,,,ASHNOOR TEXTILE MILLS LTD.,48.95,52.00,48.50,52.00,52.00,52.00,,52.00,,,972,49997.00,21,F1,1,,,,,
2026-10-06,2026-10-06,CM,BSE,STK,507878,INE694A01020,UNITECH,B,,,,,UNITECH LTD.,3.89,4.03,3.89,4.00,4.00,3.91,,4.00,,,456746,1818477.00,425,F1,1,,,,,
2026-10-06,2026-10-06,CM,BSE,STK,507880,INE054A01027,VIPIND,A,,,,,V.I.P.INDUSTRIES LTD.,289.90,289.90,282.50,288.50,287.50,284.55,,288.13,,,9151,2616087.00,216,F1,1,,,,,
2026-10-06,2026-10-06,CM,BSE,STK,507910,INE296C01020,FIBERWEB,B,,,,,FIBERWEB (INDIA) LTD.,26.45,27.50,25.48,25.96,25.96,26.98,,26.47,,,2604,67202.00,48,F1,1,,,,,
2026-10-06,2026-10-06,CM,BSE,STK,507912,INE724A01017,GYFTR,B,,,,,GYFTR LIMITED,161.10,174.55,160.00,169.70,168.85,157.85,,169.31,,,343210,59364241.00,1237,F1,1,,,,,
2026-10-06,2026-10-06,CM,BSE,STK,507944,INE704G01024,BAJAJST,B,,,,,BAJAJ STEEL INDUSTRIES LTD.,327.65,327.65,316.50,325.20,325.20,326.05,,324.44,,,4722,1518247.00,225,F1,1,,,,,
2026-10-06,2026-10-06,CM,BSE,STK,507946,INE845A01028,KIDUJA,X,,,,,KIDUJA INDIA LTD.,19.50,19.73,19.11,19.72,19.72,19.11,,19.72,,,113,2190.00,6,F1,1,,,,,
2026-10-06,2026-10-06,CM,BSE,STK,507948,INE130F01016,KEYCORP,X,,,,,KEY CORP LTD.,74.90,74.90,68.60,69.57,68.81,72.19,,69.57,,,3506,246360.00,39,F1,1,,,,,
2026-10-06,2026-10-06,CM,BSE,STK,507960,INE621C01011,GUJHOTE,X,,,,,GUJARAT HOTELS LTD.,178.00,178.00,172.25,177.45,178.00,178.00,,177.45,,,572,101507.00,31,F1,1,,,,,
2026-10-06,2026-10-06,CM,BSE,STK,507962,INE455H01021,FYNX,XT,,,,,FYNX CAPITAL LIMITED,6.49,6.53,6.20,6.23,6.23,6.49,,6.23,,,2189,13673.00,14,F1,1,,,,,
2026-10-06,2026-10-06,CM,BSE,STK,507966,INE651D01016,RASRESOR,X,,,,,RAS RESORTS & APART HOTELS LTD,62.70,62.70,53.56,53.75,57.49,57.00,,53.75,,,6328,340615.00,20,F1,1,,,,,
2026-10-06,2026-10-06,CM,BSE,STK,507968,INE289M01016,JOLYPLS,X,,,,,JOLLY PLASTIC INDUSTRIES LTD.,45.95,45.95,45.75,45.75,45.75,43.82,,45.75,,,45,2060.00,4,F1,1,,,,,
2026-10-06,2026-10-06,CM,BSE,STK,507970,INE143I01013,PARMCOS-B,X,,,,,PARAMOUNT COSMETICS (INDIA) LT,35.50,35.89,34.51,35.16,35.00,34.50,,35.16,,,68,2428.00,11,F1,1,,,,,
2026-10-06,2026-10-06,CM,BSE,STK,507981,INE726D01016,JINDHOT,X,,,,,JINDAL HOTELS LTD.,64.50,66.25,63.00,63.63,63.70,65.00,,63.63,,,1105,71820.00,33,F1,1,,,,,
2026-10-06,2026-10-06,CM,BSE,STK,507998,INE657D01021,SIMMOND,X,,,,,SIMMONDS MARSHALL LTD.,238.00,238.00,225.50,226.60,229.45,233.00,,226.60,,,5894,1359092.00,143,F1,1,,,,,
2026-10-06,2026-10-06,CM,BSE,STK,508486,INE979B01015,HAWKINCOOK,B,,,,,HAWKINS COOKERS LTD.,8084.00,8084.00,7953.90,7984.10,7984.10,8020.20,,8009.50,,,55,442359.00,47,F1,1,,,,,
2026-10-06,2026-10-06,CM,BSE,STK,508494,INE712A01012,WARRENTEA,X,,,,,WARREN TEA LTD.,45.95,45.95,43.00,43.14,43.00,43.13,,43.14,,,1139,49562.00,18,F1,1,,,,,
2026-10-06,2026-10-06,CM,BSE,STK,508571,INE788M01017,COCHMAL,X,,,,,COCHIN MALABAR ESTATES & INDUS,133.35,138.00,133.35,134.30,138.00,138.00,,134.30,,,9,1206.00,5,F1,1,,,,,
2026-10-06,2026-10-06,CM,BSE,STK,508664,INE553F01035,BESTEAST,XT,,,,,BEST EASTERN HOTELS LTD.,14.05,14.75,14.05,14.10,14.10,14.05,,14.10,,,722,10266.00,8,F1,1,,,,,
2026-10-06,2026-10-06,CM,BSE,STK,508670,INE605D01012,NEAGI,B,,,,,NEELAMALAI AGRO INDUSTRIES LTD,3300.00,3300.00,3300.00,3300.00,3300.00,3305.95,,3284.40,,,22,72600.00,5,F1,1,,,,,
2026-10-06,2026-10-06,CM,BSE,STK,508807,INE684B01029,ISTLTD,B,,,,,IST LTD.,637.00,637.60,624.00,634.50,634.50,621.25,,635.65,,,82,52017.00,34,F1,1,,,,,
2026-10-06,2026-10-06,CM,BSE,STK,508814,INE757A01017,COSMOFIRST,B,,,,,Cosmo First Limited,850.00,850.00,817.40,830.55,830.55,821.60,,829.15,,,735,605853.00,116,F1,1,,,,,
2026-10-06,2026-10-06,CM,BSE,STK,508867,INE800K01014,NEWMKTAVE,XT,,,,,NEW MARKETS AVENUE LIMITED,101.13,101.13,101.13,101.13,101.13,99.15,,101.13,,,1,101.00,1,F1,1,,,,,
2026-10-06,2026-10-06,CM,BSE,STK,508869,INE437A01024,APOLLOHOSP,A,,,,,APOLLO HOSPITALS ENTERPRISE LT,7960.05,8044.00,7803.15,7910.00,7910.00,8010.00,,7914.49,,,161049,1269969330.00,6184,F1,1,,,,,
2026-10-06,2026-10-06,CM,BSE,STK,508875,INE861H01020,NITINCAST,XT,,,,,Nitin Castings Limited,428.10,471.00,428.05,429.00,450.00,449.60,,429.00,,,165,71529.00,23,F1,1,,,,,
2026-10-06,2026-10-06,CM,BSE,STK,508905,INE641A01013,NEXOME,X,,,,,NEXOME CAPITAL MARKETS LIMITED,84.98,84.98,77.49,82.00,82.00,81.01,,82.00,,,1221,101655.00,18,F1,1,,,,,
2026-10-06,2026-10-06,CM,BSE,STK,508906,INE295A01018,EVERESTIND,B,,,,,EVEREST INDUSTRIES LTD.,483.00,524.00,466.50,515.00,516.00,478.00,,515.93,,,1796,897548.00,200,F1,1,,,,,
2026-10-06,2026-10-06,CM,BSE,STK,508918,INE791H01011,IRONWOOD,X,,,,,IRONWOOD EDUCATION LIMITED,44.70,46.60,43.00,46.55,46.60,44.00,,46.55,,,11125,501095.00,56,F1,1,,,,,
2026-10-06,2026-10-06,CM,BSE,STK,508933,INE193B01039,AYMSYNTEX,B,,,,,AYM Syntex Limited,286.05,289.60,281.90,288.10,289.60,283.25,,289.24,,,2773,784443.00,320,F1,1,,,,,
2026-10-06,2026-10-06,CM,BSE,STK,508941,INE013E01017,PANCARBON,X,,,,,PANASONIC CARBON INDIA CO.LTD.,396.00,398.50,390.00,396.00,396.00,395.00,,396.00,,,1881,740015.00,72,F1,1,,,,,
2026-10-06,2026-10-06,CM,BSE,STK,508954,INE734I01027,FINKURVE,B,,,,,FINKURVE FINANCIAL SERVICES LT,68.91,69.67,68.91,69.56,69.56,69.05,,69.33,,,182,12636.00,9,F1,1,,,,,
2026-10-06,2026-10-06,CM,BSE,STK,508956,INE549B01016,HBLEAS,X,,,,,HB LEASING & FINANCE CO.LTD.,10.30,10.30,9.72,10.00,10.00,9.76,,10.00,,,928,9123.00,22,F1,1,,,,,
2026-10-06,2026-10-06,CM,BSE,STK,508961,INE753D01010,SHRICON,XT,,,,,SHRICON INDUSTRIES LTD.,197.55,197.55,197.55,197.55,197.55,207.90,,197.55,,,26,5136.00,2,F1,1,,,,,
2026-10-06,2026-10-06,CM,BSE,STK,508963,INE668Y01024,TRUSTWAVE,XT,,,,,TRUSTWAVE SECURITIES LIMITED,259.00,259.00,259.00,259.00,259.00,253.95,,259.00,,,1,259.00,1,F1,1,,,,,
2026-10-06,2026-10-06,CM,BSE,STK,508969,INE673M01029,SULABEN,X,,,,,SULABH ENGINEERS & SERVICES LT,2.36,2.49,2.35,2.36,2.35,2.41,,2.36,,,17479,41739.00,58,F1,1,,,,,
2026-10-06,2026-10-06,CM,BSE,STK,508980,INE977E01013,FRONTCAP,XT,,,,,FRONTIER CAPITAL LIMITED,10.77,11.30,10.77,11.29,11.29,10.77,,11.29,,,4752,52506.00,11,F1,1,,,,,
2026-10-06,2026-10-06,CM,BSE,STK,508989,INE060A01024,NAVNETEDUL,B,,,,,NAVNEET EDUCATION LIMITED,123.80,125.25,123.50,124.10,125.00,122.90,,124.22,,,6184,767649.00,54,F1,1,,,,,
2026-10-06,2026-10-06,CM,BSE,STK,509009,INE218C01016,AUSOMENT,B,,,,,AUSOM ENTERPRISE LIMITED,136.00,140.00,136.00,139.95,139.95,140.00,,138.29,,,364,50857.00,5,F1,1,,,,,
2026-10-06,2026-10-06,CM,BSE,STK,509020,INE413B01023,RUCHINFRA,B,,,,,RUCHI INFRASTRUCTURE LTD.,4.85,5.10,4.85,4.98,4.98,4.87,,4.98,,,8079,40277.00,39,F1,1,,,,,
2026-10-06,2026-10-06,CM,BSE,STK,509024,INE088E01019,GOLDLEG,X,,,,,GOLDEN LEGAND LEASING & FINANC,8.12,8.12,7.70,7.91,7.91,7.93,,7.91,,,1788,14146.00,32,F1,1,,,,,
2026-10-06,2026-10-06,CM,BSE,STK,509026,INE117F01013,VJTFEDU,X,,,,,VJTF EDUSERVICES LTD.,63.95,68.39,63.01,65.14,68.39,68.40,,65.14,,,5,323.00,5,F1,1,,,,,
2026-10-06,2026-10-06,CM,BSE,STK,509038,INE763D01019,VOLLF,XT,,,,,VOLTAIRE LEASING & FINANCE LTD,23.00,23.00,23.00,23.00,23.00,23.00,,23.00,,,8,184.00,3,F1,1,,,,,
2026-10-06,2026-10-06,CM,BSE,STK,509040,INE040F01033,NETLINK,X,,,,,NETLINK SOLUTIONS (INDIA) LTD.,170.80,179.50,170.80,177.60,178.00,174.65,,177.60,,,436,77047.00,29,F1,1,,,,,
2026-10-06,2026-10-06,CM,BSE,STK,509046,INE778N01016,TRILIANCE,X,,,,,TRILIANCE POLYMERS LIMITED,45.00,45.00,45.00,45.00,45.00,45.00,,45.00,,,1,45.00,1,F1,1,,,,,
2026-10-06,2026-10-06,CM,BSE,STK,509048,INE572G01025,LANCORHOL,T,,,,,LANCOR HOLDINGS LTD.,30.51,32.70,30.51,32.69,32.70,32.10,,32.27,,,5118,162025.00,41,F1,1,,,,,
2026-10-06,2026-10-06,CM,BSE,STK,509051,INE300B01022,INDINFO,X,,,,,INDIAN INFOTECH & SOFTWARE LTD,0.53,0.56,0.52,0.54,0.53,0.53,,0.54,,,3091990,1676340.00,733,F1,1,,,,,
2026-10-06,2026-10-06,CM,BSE,STK,509053,INE521L01030,BANASFN,X,,,,,BANAS FINANCE LTD.,6.97,6.97,6.71,6.86,6.83,6.89,,6.86,,,13426,91253.00,87,F1,1,,,,,
2026-10-06,2026-10-06,CM,BSE,STK,509055,INE392A01021,VISAKAIND,T,,,,,VISAKA INDUSTRIES LTD.,81.60,82.80,80.20,81.89,82.29,81.57,,81.67,,,10672,870580.00,81,F1,1,,,,,
2026-10-06,2026-10-06,CM,BSE,STK,509069,INE669A01022,INFOMEDIA,B,,,,,INFOMEDIA PRESS LTD.,5.98,5.98,5.09,5.35,5.35,5.06,,5.21,,,79,436.00,5,F1,1,,,,,
2026-10-06,2026-10-06,CM,BSE,STK,509073,INE525B01016,HATHWAYB,X,,,,,HATHWAY BHAWANI CABLETEL & DAT,11.20,11.21,11.20,11.21,11.21,11.20,,11.21,,,2023,22658.00,12,F1,1,,,,,
2026-10-06,2026-10-06,CM,BSE,STK,509079,INE742B01025,GUFICBIO,B,,,,,GUFIC BIOSCIENCES LTD.,419.10,431.55,414.80,427.65,427.15,420.55,,427.79,,,8919,3780192.00,400,F1,1,,,,,
2026-10-06,2026-10-06,CM,BSE,STK,509084,INE107J01016,PHOTON,XT,,,,,PHOTON CAPITAL ADVISORS LTD.,403.70,403.70,403.70,403.70,403.70,395.80,,403.70,,,255,102943.00,5,F1,1,,,,,
2026-10-06,2026-10-06,CM,BSE,STK,509152,INE137I01015,GRPLTD,B,,,,,GRP LTD.,1881.00,1881.00,1848.45,1857.95,1858.00,1870.00,,1857.53,,,1002,1861543.00,7,F1,1,,,,,
2026-10-06,2026-10-06,CM,BSE,STK,509162,INE802D01023,INDAG,XT,,,,,INDAG RUBBER LTD.,103.10,106.00,102.25,104.45,104.45,103.10,,104.45,,,9000,944649.00,57,F1,1,,,,,
2026-10-06,2026-10-06,CM,BSE,STK,509196,INE159E01026,MMRUBBR-B,X,,,,,MM RUBBER COMPANY LTD.,60.51,62.00,56.20,62.00,62.00,61.74,,62.00,,,1928,117567.00,28,F1,1,,,,,
2026-10-06,2026-10-06,CM,BSE,STK,509220,INE034D01049,PTL,B,,,,,PTL ENTERPRISES LTD.,38.90,38.90,38.13,38.46,38.46,38.50,,38.23,,,1413,54269.00,46,F1,1,,,,,
2026-10-06,2026-10-06,CM,BSE,STK,509243,INE421C01016,TVSSRICHAK,B,,,,,TVS SRICHAKRA LTD.,4455.85,4455.85,4324.90,4404.95,4390.00,4264.00,,4391.94,,,403,1759572.00,106,F1,1,,,,,
2026-10-06,2026-10-06,CM,BSE,STK,509438,INE664D01019,BENARAS,B,,,,,BENARES HOTELS LTD.,10200.00,10294.00,10200.00,10258.05,10287.00,10200.00,,10246.59,,,11,112548.00,11,F1,1,,,,,
2026-10-06,2026-10-06,CM,BSE,STK,509470,INE01TL01014,BOMOXY-B1,X,,,,,BOMBAY OXYGEN INVESTMENTS LIMI,18499.95,18500.00,18080.00,18080.05,18080.05,17480.15,,18080.05,,,12,218529.00,7,F1,1,,,,,
2026-10-06,2026-10-06,CM,BSE,STK,509472,INE145E01017,CRAVATEX,B,,,,,CRAVATEX LTD.,335.25,389.80,335.25,368.05,375.75,338.75,,373.57,,,159,57208.00,9,F1,1,,,,,
2026-10-06,2026-10-06,CM,BSE,STK,509480,INE463A01038,BERGEPAINT,A,,,,,BERGER PAINTS INDIA LTD.,461.55,474.45,458.75,472.10,470.05,458.65,,472.52,,,29425,13722857.00,1615,F1,1,,,,,
2026-10-06,2026-10-06,CM,BSE,STK,509486,INE479A01018,CAPRIHANS,XT,,,,,CAPRIHANS INDIA LTD.,109.15,109.15,109.15,109.15,109.15,109.15,,109.15,,,500,54575.00,3,F1,1,,,,,
2026-10-06,2026-10-06,CM,BSE,STK,509488,INE371A01025,GRAPHITE,A,,,,,GRAPHITE INDIA LTD.,820.45,861.95,817.95,850.85,850.85,816.15,,851.19,,,94573,79534649.00,4907,F1,1,,,,,
2026-10-06,2026-10-06,CM,BSE,STK,509496,INE686A01026,CEMPRO,A,,,,,Cemindia Projects Limited,1167.65,1170.45,1145.05,1159.80,1161.30,1159.30,,1159.80,,,14398,16679188.00,1211,F1,1,,,,,
2026-10-06,2026-10-06,CM,BSE,STK,509525,INE515H01014,EMPIND,B,,,,,EMPIRE INDUSTRIES LTD.,1041.50,1050.00,1039.05,1042.15,1042.15,1041.50,,1040.00,,,522,543843.00,29,F1,1,,,,,
2026-10-06,2026-10-06,CM,BSE,STK,509546,INE214F01026,GRAVISSHO,T,,,,,GRAVISS HOSPITALITY LIMITED,31.50,33.53,30.57,30.69,33.53,32.00,,30.76,,,202,6199.00,4,F1,1,,,,,
2026-10-06,2026-10-06,CM,BSE,STK,509557,INE276A01018,GARFIBRES,A,,,,,GARWARE TECHNICAL FIBRES LIMIT,768.70,772.20,756.00,770.50,772.20,769.55,,770.05,,,1728,1315878.00,289,F1,1,,,,,
2026-10-06,2026-10-06,CM,BSE,STK,509563,INE925D01014,GARWAMAR,X,,,,,GARWARE MARINE INDUSTRIES LTD.,18.96,19.49,17.57,18.67,18.99,18.21,,18.67,,,2262,42217.00,44,F1,1,,,,,
2026-10-06,2026-10-06,CM,BSE,STK,509567,INE426D01013,GOACARBON,B,,,,,GOA CARBON LTD.,390.00,422.75,390.00,414.85,414.85,404.80,,414.66,,,1403,581432.00,160,F1,1,,,,,
2026-10-06,2026-10-06,CM,BSE,STK,509597,INE722D01015,HARDCAS,X,,,,,HARDCASTLE & WAUD MFG.CO.LTD.,859.95,859.95,811.65,852.35,858.00,837.55,,852.35,,,141,120041.00,22,F1,1,,,,,
2026-10-06,2026-10-06,CM,BSE,STK,509631,INE545A01024,HEGAM,A,,,,,HEG Advanced Materials Limited,235.00,256.00,235.00,252.15,252.15,233.95,,252.21,,,388377,97054798.00,6185,F1,1,,,,,
2026-10-06,2026-10-06,CM,BSE,STK,509635,INE310C01029,HINDCOMPOS,B,,,,,HINDUSTAN COMPOSITES LTD.,413.95,413.95,397.70,400.90,400.40,401.20,,401.36,,,469,188394.00,86,F1,1,,,,,
2026-10-06,2026-10-06,CM,BSE,STK,509675,INE557A01011,BIRLANU,B,,,,,BIRLANU LIMITED,1387.05,1419.00,1387.05,1405.00,1405.00,1378.95,,1406.19,,,526,740156.00,69,F1,1,,,,,
2026-10-06,2026-10-06,CM,BSE,STK,509692,INE061A01014,INDIANCARD,B,,,,,INDIAN CARD CLOTHING CO.LTD.,188.00,188.00,186.50,186.50,186.50,185.65,,187.86,,,3,561.00,3,F1,1,,,,,
2026-10-06,2026-10-06,CM,BSE,STK,509709,INE575C01027,INTLCONV,B,,,,,INTERNATIONAL CONVEYORS LTD.,80.00,81.27,80.00,80.00,80.55,80.54,,80.02,,,4304,346279.00,87,F1,1,,,,,
2026-10-06,2026-10-06,CM,BSE,STK,509715,INE364A01020,JAYSREETEA,B,,,,,JAY SHREE TEA & INDUSTRIES LTD,86.99,86.99,83.80,85.91,85.18,83.07,,85.75,,,1502,128506.00,179,F1,1,,,,,
2026-10-06,2026-10-06,CM,BSE,STK,509732,INE972A01020,KOTIC,B,,,,,KOTHARI INDUSTRIAL CORPORATION,151.25,151.65,146.75,148.25,147.00,149.75,,147.62,,,666,99111.00,49,F1,1,,,,,
2026-10-06,2026-10-06,CM,BSE,STK,509760,INE370A01019,MODRNSH,XT,,,,,MODERN SHARES & STOCKBROKERS L,30.70,30.71,30.70,30.70,30.71,31.49,,30.70,,,4095,125718.00,4,F1,1,,,,,
2026-10-06,2026-10-06,CM,BSE,STK,509762,INE848M01019,MAPROIN,XT,,,,,MAPRO INDUSTRIES LTD.,70.41,70.41,70.41,70.41,70.41,69.03,,70.41,,,1787,125822.00,14,F1,1,,,,,
2026-10-06,2026-10-06,CM,BSE,STK,509820,INE275B01026,HUHTAMAKI,B,,,,,HUHTAMAKI INDIA LIMITED,228.00,234.75,228.00,233.15,234.75,227.75,,233.43,,,4605,1066757.00,223,F1,1,,,,,
2026-10-06,2026-10-06,CM,BSE,STK,509835,INE940N01012,PREMSYN,X,,,,,PREMIER SYNTHETICS LTD.,16.00,16.00,14.35,14.98,14.98,15.94,,14.98,,,201,3004.00,14,F1,1,,,,,
2026-10-06,2026-10-06,CM,BSE,STK,509874,INE849C01026,SHALPAINTS,T,,,,,SHALIMAR PAINTS LTD.,75.84,78.50,74.01,77.97,76.71,75.53,,77.91,,,30225,2324989.00,308,F1,1,,,,,
2026-10-06,2026-10-06,CM,BSE,STK,509895,INE832D01020,HINDMILL,X,,,,,HINDOOSTAN MILLS LTD.,159.75,159.75,149.05,155.90,155.90,159.85,,155.90,,,241,36616.00,21,F1,1,,,,,
2026-10-06,2026-10-06,CM,BSE,STK,509930,INE195A01028,SUPREMEIND,A,,,,,SUPREME INDUSTRIES LTD.,3430.40,3528.65,3377.70,3516.70,3524.85,3376.80,,3497.90,,,5231,18169757.00,618,F1,1,,,,,
2026-10-06,2026-10-06,CM,BSE,STK,509945,INE077P01034,THACKER,B,,,,,THACKER & CO.LTD.,971.00,971.00,970.00,970.00,970.00,989.00,,954.83,,,11,10680.00,2,F1,1,,,,,
2026-10-06,2026-10-06,CM,BSE,STK,509953,INE961E01017,TRADWIN,XT,,,,,TRADE WINGS LTD.,437.00,449.00,437.00,449.00,449.00,460.00,,449.00,,,7,3131.00,3,F1,1,,,,,
2026-10-06,2026-10-06,CM,BSE,STK,509966,INE710A01016,VSTIND,B,,,,,VST INDUSTRIES LTD.,203.90,203.90,200.85,202.15,203.00,200.95,,202.55,,,9608,1940859.00,254,F1,1,,,,,
2026-10-06,2026-10-06,CM,BSE,STK,510245,INE804A01025,SWASTIVI,X,,,,,SWASTI VINAYAKA SYNTHETICS LTD,3.66,3.75,3.50,3.56,3.56,3.71,,3.56,,,47138,169673.00,116,F1,1,,,,,
2026-10-06,2026-10-06,CM,BSE,STK,511000,INE856D01011,MSLGLOBAL,X,,,,,MSL GLOBAL LIMITED,21.40,21.50,18.00,18.09,18.99,18.38,,18.09,,,14635,275329.00,51,F1,1,,,,,
2026-10-06,2026-10-06,CM,BSE,STK,511012,INE457N01025,YAMNINV,XT,,,,,YAMINI INVESTMENTS COMPANY LTD,0.56,0.57,0.55,0.56,0.57,0.57,,0.56,,,569709,316907.00,319,F1,1,,,,,
2026-10-06,2026-10-06,CM,BSE,STK,511016,INE946K01023,PREMCAP,XT,,,,,PREMIER CAPITAL SERVICES LTD.,6.51,6.52,6.50,6.50,6.50,6.84,,6.50,,,827,5384.00,10,F1,1,,,,,
2026-10-06,2026-10-06,CM,BSE,STK,511018,INE679T01013,ZMILGFIN,X,,,,,MILGREY FINANCE & INVESTMENT L,43.98,46.00,42.06,43.78,44.16,43.89,,43.78,,,12893,559776.00,89,F1,1,,,,,
2026-10-06,2026-10-06,CM,BSE,STK,511034,INE742C01031,JINDRILL,B,,,,,JINDAL DRILLING & INDUSTRIES L,588.65,592.80,584.40,589.75,589.05,585.60,,590.70,,,3870,2280685.00,162,F1,1,,,,,
2026-10-06,2026-10-06,CM,BSE,STK,511066,INE302E01014,SAKTHIFIN,X,,,,,SAKTHI FINANCE LTD.,24.99,24.99,23.30,24.75,24.75,24.75,,24.75,,,4198,102598.00,81,F1,1,,,,,
2026-10-06,2026-10-06,CM,BSE,STK,511076,INE065D01027,AEROENTER,B,,,,,AEROFLEX ENTERPRISES LIMITED,120.90,133.70,120.90,132.35,133.70,126.75,,132.55,,,43381,5702368.00,628,F1,1,,,,,
2026-10-06,2026-10-06,CM,BSE,STK,511092,INE047E01031,JMDVL,XT,,,,,JMD Ventures Limited,7.09,7.33,6.74,6.74,6.74,7.09,,6.74,,,15272,108270.00,51,F1,1,,,,,
2026-10-06,2026-10-06,CM,BSE,STK,511110,INE848D01018,VBDESAI,X,,,,,V.B.DESAI FINANCIAL SERVICES L,18.25,18.25,18.00,18.00,18.00,17.40,,18.00,,,2,36.00,2,F1,1,,,,,
2026-10-06,2026-10-06,CM,BSE,STK,511116,INE527B01020,QUADRANT,XT,,,,,QUADRANT TELEVENTURES LIMITED,0.83,0.83,0.83,0.83,0.83,0.84,,0.83,,,152466,126546.00,64,F1,1,,,,,
2026-10-06,2026-10-06,CM,BSE,STK,511122,INE609B01018,1STCUS,X,,,,,FIRST CUSTODIAN FUND (INDIA) L,65.50,65.50,61.69,65.18,65.18,65.00,,65.18,,,54,3409.00,7,F1,1,,,,,
2026-10-06,2026-10-06,CM,BSE,STK,511144,INE520G01024,AXISOL,XT,,,,,AXIS SOLUTIONS LIMITED,665.95,665.95,639.85,665.95,665.95,652.90,,665.95,,,82088,54598619.00,336,F1,1,,,,,
2026-10-06,2026-10-06,CM,BSE,STK,511147,INE549D01012,WSFX,X,,,,,WSFX Global Pay Limited,62.78,62.78,60.63,60.72,60.72,61.00,,60.72,,,263,16155.00,14,F1,1,,,,,
2026-10-06,2026-10-06,CM,BSE,STK,511153,INE096I01021,ANJANIFOODS,XT,,,,,Anjani Foods Limited,17.49,17.85,16.34,17.50,17.50,17.19,,17.50,,,9736,161293.00,50,F1,1,,,,,
2026-10-06,2026-10-06,CM,BSE,STK,511169,INE552N01023,RKDAGRRTL,X,,,,,RKD AGRI AND RETAIL LIMITED,5.60,5.60,5.60,5.60,5.60,5.62,,5.60,,,5,28.00,1,F1,1,,,,,
2026-10-06,2026-10-06,CM,BSE,STK,511187,INE570N01025,MILLENNIUM,X,,,,,Millennium Online Solutions (I,1.59,1.59,1.46,1.46,1.46,1.52,,1.46,,,10222,14937.00,11,F1,1,,,,,
2026-10-06,2026-10-06,CM,BSE,STK,511194,INE613B01010,ICDSLTD,T,,,,,ICDS LTD.,49.80,49.80,47.79,47.79,47.79,47.93,,44.27,,,107,5314.00,3,F1,1,,,,,
2026-10-06,2026-10-06,CM,BSE,STK,511196,INE477A01020,CANFINHOME,A,,,,,CAN FIN HOMES LTD.,719.20,736.90,719.20,734.45,736.05,722.75,,734.74,,,5232,3823025.00,434,F1,1,,,,,
2026-10-06,2026-10-06,CM,BSE,STK,511208,INE050B01023,IVC,B,,,,,IL&FS INVESTMENT MANAGERS LTD.,7.84,8.05,7.81,8.00,8.00,7.87,,8.00,,,15420,123294.00,195,F1,1,,,,,
2026-10-06,2026-10-06,CM,BSE,STK,511218,INE721A01047,SHRIRAMFIN,A,,,,,Shriram Finance Limited,974.95,975.00,959.10,970.00,970.00,975.00,,965.10,,,52508,50755914.00,3717,F1,1,,,,,
2026-10-06,2026-10-06,CM,BSE,STK,511243,INE121A01024,CHOLAFIN,A,,,,,CHOLAMANDALAM INVESTMENT AND F,1608.00,1615.55,1596.40,1608.20,1608.20,1608.00,,1610.98,,,172909,278463733.00,1949,F1,1,,,,,
2026-10-06,2026-10-06,CM,BSE,STK,511260,INE088P01015,ICONIKSPEV,X,,,,,ICONIK SPORTS AND EVENTS LIMIT,30.68,31.90,30.00,30.29,30.95,30.68,,30.29,,,1658,50237.00,43,F1,1,,,,,
2026-10-06,2026-10-06,CM,BSE,STK,511333,INE709A01018,VLSFINANCE,B,,,,,VLS FINANCE LTD.,232.30,232.30,232.30,232.30,232.30,230.05,,233.90,,,23,5342.00,4,F1,1,,,,,
2026-10-06,2026-10-06,CM,BSE,STK,511355,INE429D01017,INDCEMCAP,XT,,,,,INDIA CEMENTS CAPITAL LTD.,29.26,29.26,26.51,29.26,29.26,27.87,,29.26,,,98763,2857016.00,134,F1,1,,,,,
2026-10-06,2026-10-06,CM,BSE,STK,511359,INE556D01017,ADMANUM,X,,,,,AD-MANUM FINANCE LTD.,50.26,52.93,48.95,51.31,51.44,52.00,,51.31,,,15147,759922.00,51,F1,1,,,,,
2026-10-06,2026-10-06,CM,BSE,STK,511391,INE661M01016,INTRGLB,X,,,,,INTER GLOBE FINANCE LTD.,64.80,64.80,60.00,60.00,60.00,59.81,,60.00,,,11,693.00,6,F1,1,,,,,
2026-10-06,2026-10-06,CM,BSE,STK,511411,INE472C01027,SHRISTI,X,,,,,SHRISTI INFRASTRUCTURE DEVELOP,30.55,34.80,30.55,34.50,34.50,31.79,,34.50,,,360,11588.00,9,F1,1,,,,,
2026-10-06,2026-10-06,CM,BSE,STK,511413,INE559D01011,CREST,B,,,,,CREST,366.10,366.10,365.30,365.30,365.30,366.10,,359.90,,,4,1462.00,2,F1,1,,,,,
2026-10-06,2026-10-06,CM,BSE,STK,511431,INE051B01021,VAKRANGEE,B,,,,,VAKRANGEE LIMITED,5.21,5.23,5.16,5.19,5.21,5.21,,5.19,,,108967,567236.00,229,F1,1,,,,,
2026-10-06,2026-10-06,CM,BSE,STK,511441,INE034B01019,GUJCRED,X,,,,,GUJARAT CREDIT CORPORATION LTD,20.90,20.90,20.90,20.90,20.90,21.00,,20.90,,,72,1504.00,3,F1,1,,,,,
2026-10-06,2026-10-06,CM,BSE,STK,511447,INE706F01021,SYLPH,X,,,,,Sylph Industries Limited,0.21,0.21,0.20,0.20,0.21,0.20,,0.20,,,2988796,606611.00,570,F1,1,,,,,
2026-10-06,2026-10-06,CM,BSE,STK,511451,INE899D01011,DHARFIN,X,,,,,DHARANI FINANCE LTD.,12.00,12.00,11.95,11.95,11.95,12.00,,11.95,,,126,1511.00,2,F1,1,,,,,
2026-10-06,2026-10-06,CM,BSE,STK,511463,INE191N01012,ALEXANDER,X,,,,,Alexander Stamps And Coin Limi,8.48,8.70,8.48,8.49,8.49,8.00,,8.49,,,4658,39836.00,15,F1,1,,,,,
2026-10-06,2026-10-06,CM,BSE,STK,511473,INE841B01017,INDBANK,B,,,,,INDBANK MERCHANT BANKING SERVI,28.20,28.20,25.00,25.20,25.20,25.11,,25.23,,,2251,56920.00,121,F1,1,,,,,
2026-10-06,2026-10-06,CM,BSE,STK,511493,INE488C01015,SHRYDUS,XT,,,,,SHRYDUS INDUSTRIES LIMITED,3.70,3.79,3.70,3.79,3.79,3.67,,3.79,,,441,1663.00,6,F1,1,,,,,
2026-10-06,2026-10-06,CM,BSE,STK,511501,INE900A01013,BHARAT,X,,,,,Bharat Bhushan Finance & Commo,22.17,22.48,21.51,22.35,22.36,22.25,,22.35,,,452,10047.00,22,F1,1,,,,,
2026-10-06,2026-10-06,CM,BSE,STK,511505,INE707C01018,CAPTRUST,T,,,,,CAPITAL TRUST LTD.,20.84,21.01,20.61,21.01,21.01,20.01,,21.01,,,37906,795584.00,42,F1,1,,,,,
2026-10-06,2026-10-06,CM,BSE,STK,511507,INE697C01011,USHAKIRA,X,,,,,USHAKIRAN FINANCE LTD.,24.31,26.85,24.31,24.55,24.55,25.58,,24.55,,,5615,143988.00,10,F1,1,,,,,
2026-10-06,2026-10-06,CM,BSE,STK,511509,INE380K01017,VIVOBIOT,B,,,,,VIVO BIO TECH LTD.,14.81,15.21,13.50,14.07,13.84,14.98,,13.94,,,69544,993262.00,444,F1,1,,,,,
2026-10-06,2026-10-06,CM,BSE,STK,511523,INE882C01035,VEERHEALTH,XT,,,,,VEERHEALTH CARE LIMITED,50.90,51.44,49.56,49.97,50.00,50.24,,49.97,,,127323,6423319.00,358,F1,1,,,,,
2026-10-06,2026-10-06,CM,BSE,STK,511525,INE376A01032,PANINDIAC,X,,,,,PAN INDIA CORPORATION LTD.,1.45,1.45,1.32,1.43,1.43,1.44,,1.43,,,13288,18474.00,87,F1,1,,,,,
2026-10-06,2026-10-06,CM,BSE,STK,511533,INE135C01012,SAHARAHOUS,X,,,,,SAHARA HOUSINGFINA CORPORATION,35.85,40.00,35.85,39.97,40.00,34.92,,39.97,,,12335,469684.00,74,F1,1,,,,,
2026-10-06,2026-10-06,CM,BSE,STK,511535,INE026C01013,NDASEC,X,,,,,NDA SECURITIES LTD.,23.00,23.00,22.35,22.35,22.35,24.00,,22.35,,,515,11770.00,9,F1,1,,,,,
2026-10-06,2026-10-06,CM,BSE,STK,511539,INE533B01028,SUPRATRE,X,,,,,Supra Trends Limited,14.85,14.85,14.50,14.50,14.50,14.16,,14.50,,,107,1552.00,6,F1,1,,,,,
2026-10-06,2026-10-06,CM,BSE,STK,511543,INE777C01011,GSBFIN,XT,,,,,GSB FINANCE LTD.,45.75,49.85,45.75,49.85,49.85,48.15,,49.85,,,2038,93349.00,22,F1,1,,,,,
2026-10-06,2026-10-06,CM,BSE,STK,511549,INE367A01015,MORARKFI,X,,,,,MORARKA FINANCE LTD.,63.89,65.40,62.00,62.86,62.86,63.89,,62.86,,,271,17261.00,15,F1,1,,,,,
2026-10-06,2026-10-06,CM,BSE,STK,511551,INE903D01011,MONARCH,B,,,,,Monarch Networth Capital Limit,350.90,353.70,342.70,345.00,344.90,349.20,,344.65,,,798,279017.00,65,F1,1,,,,,
2026-10-06,2026-10-06,CM,BSE,STK,511557,INE732K01027,PROFINC,Z,,,,,PRO FIN CAPITAL SERVICES LTD.,2.77,2.77,2.67,2.74,2.72,2.67,,2.74,,,2049633,5535567.00,214,F1,1,,,,,
2026-10-06,2026-10-06,CM,BSE,STK,511559,INE289C01025,TEAMGTY,B,,,,,TEAM INDIA GUARANTY LIMITED,239.80,241.70,234.00,234.10,234.00,235.00,,234.87,,,13,3056.00,5,F1,1,,,,,
2026-10-06,2026-10-06,CM,BSE,STK,511563,INE654D01010,SANCF,Z,,,,,SANCHAY FINVEST LTD.,46.84,46.84,46.84,46.84,46.84,49.30,,46.84,,,1,46.00,1,F1,1,,,,,
2026-10-06,2026-10-06,CM,BSE,STK,511571,INE754C01010,CRESCENTIS,X,,,,,Crescentis Capital Limited,98.10,108.00,98.10,102.00,102.00,100.00,,102.00,,,3913,398207.00,33,F1,1,,,,,
2026-10-06,2026-10-06,CM,BSE,STK,511577,INE304E01010,MANTRA,X,,,,,Mantra Capital Limited,17.50,17.82,16.33,16.37,17.82,16.52,,16.37,,,116,1908.00,18,F1,1,,,,,
2026-10-06,2026-10-06,CM,BSE,STK,511589,INE323B01024,AVONMORE,B,,,,,AVONMORE CAPITAL & MANAGEMENT,12.69,12.93,12.41,12.46,12.46,12.73,,12.54,,,14263,180894.00,135,F1,1,,,,,
2026-10-06,2026-10-06,CM,BSE,STK,511593,INE212B01011,LIBORDFIN,X,,,,,LIBORD FINANCE LTD,14.95,15.90,14.95,15.90,15.90,14.95,,15.90,,,360,5676.00,5,F1,1,,,,,
2026-10-06,2026-10-06,CM,BSE,STK,511601,INE216B01012,YASHMGM,X,,,,,YASH MANAGEMENT & SATELLITE LT,10.18,10.24,9.75,10.18,10.18,9.98,,10.18,,,77,776.00,13,F1,1,,,,,
2026-10-06,2026-10-06,CM,BSE,STK,511605,INE420B01036,ARIHANTCAP,B,,,,,ARIHANT CAPITAL MARKETS LTD.,89.10,97.53,89.10,94.10,94.10,91.02,,94.13,,,55691,5287864.00,885,F1,1,,,,,
2026-10-06,2026-10-06,CM,BSE,STK,511609,INE569B01022,ISLCONSUL,X,,,,,ISL CONSULTING LTD.,11.71,11.71,11.65,11.65,11.65,12.26,,11.65,,,750,8773.00,4,F1,1,,,,,
2026-10-06,2026-10-06,CM,BSE,STK,511611,INE891B01012,DCMFINSERV,B,,,,,DCM FINANCIAL SERVICES LTD.,5.10,5.20,5.10,5.20,5.20,5.03,,5.21,,,18734,96263.00,56,F1,1,,,,,
2026-10-06,2026-10-06,CM,BSE,STK,511626,INE229D01011,RRFIN,X,,,,,RR FINANCIAL CONSULTANTS LTD.,61.05,64.99,61.05,61.89,61.70,64.00,,61.89,,,3109,192549.00,53,F1,1,,,,,
2026-10-06,2026-10-06,CM,BSE,STK,511628,INE417D01020,FEDDERSHOL,B,,,,,FEDDERS HOLDING LIMITED,64.50,76.00,63.10,64.32,64.32,64.47,,64.25,,,2119303,146155964.00,6913,F1,1,,,,,
2026-10-06,2026-10-06,CM,BSE,STK,511630,INE699B01027,SAMBHAAV,B,,,,,SAMBHAAV MEDIA LTD.,5.30,5.36,4.95,5.33,5.33,5.28,,5.25,,,609,3164.00,21,F1,1,,,,,
2026-10-06,2026-10-06,CM,BSE,STK,511644,INE113B01037,OMEGAIN,X,,,,,OMEGA INTERACTIVE TECHNOLOGIES,16.04,16.04,16.04,16.04,16.04,16.88,,16.04,,,84246,1351305.00,478,F1,1,,,,,
2026-10-06,2026-10-06,CM,BSE,STK,511654,INE309D01011,SUGALDAM,X,,,,,SUGAL & DAMANI SHARE BROKERS L,68.45,68.50,65.00,65.05,65.05,67.96,,65.05,,,1094,74810.00,9,F1,1,,,,,
2026-10-06,2026-10-06,CM,BSE,STK,511658,INE027D01019,NETTLINX,X,,,,,NETTLINX LTD.,13.60,13.60,12.51,12.70,12.80,12.99,,12.70,,,5494,71326.00,43,F1,1,,,,,
2026-10-06,2026-10-06,CM,BSE,STK,511664,INE443D01018,BGIL,X,,,,,BGIL FILMS & TECHNOLOGIES LTD.,6.65,7.16,6.65,6.74,6.74,6.91,,6.74,,,6168,43452.00,13,F1,1,,,,,
2026-10-06,2026-10-06,CM,BSE,STK,511672,INE099G01011,SCANSTL,T,,,,,Scan Steels Limited,46.35,47.95,46.19,47.95,47.95,46.50,,48.06,,,2178,102461.00,18,F1,1,,,,,
2026-10-06,2026-10-06,CM,BSE,STK,511676,INE289B01019,GICHSGFIN,B,,,,,GIC HOUSING FINANCE LTD.,134.00,135.50,132.55,135.45,135.50,133.00,,134.48,,,2809,374929.00,152,F1,1,,,,,
2026-10-06,2026-10-06,CM,BSE,STK,511692,INE759C01027,AJCON,X,,,,,AJCON GLOBAL SERVICES LTD.,6.19,6.34,6.19,6.32,6.32,6.07,,6.32,,,2300,14457.00,12,F1,1,,,,,
2026-10-06,2026-10-06,CM,BSE,STK,511696,INE953B01010,CHRTEDCA,X,,,,,CHARTERED CAPITAL & INVESTMENT,250.00,250.00,250.00,250.00,250.00,250.00,,250.00,,,5,1250.00,1,F1,1,,,,,
2026-10-06,2026-10-06,CM,BSE,STK,511700,INE625D01028,STANCAP,X,,,,,STANDARD CAPITAL MARKETS LTD.,0.31,0.31,0.30,0.30,0.30,0.31,,0.30,,,6087565,1839973.00,920,F1,1,,,,,
2026-10-06,2026-10-06,CM,BSE,STK,511702,INE290E01011,YOGI,B,,,,,YOGI LIMITED,165.30,165.30,158.70,162.50,162.50,160.05,,161.75,,,703,113522.00,11,F1,1,,,,,
2026-10-06,2026-10-06,CM,BSE,STK,511710,INE717D01023,CUBIFIN,XT,,,,,CUBICAL FINANCIAL SERVICES LTD,5.68,5.73,5.68,5.73,5.73,5.70,,5.73,,,15808,90191.00,28,F1,1,,,,,
2026-10-06,2026-10-06,CM,BSE,STK,511712,INE452B01013,RELICTEC,X,,,,,RELIC TECHNOLOGIES LTD.,72.50,72.50,61.36,63.91,63.60,68.00,,63.91,,,157,10410.00,19,F1,1,,,,,
2026-10-06,2026-10-06,CM,BSE,STK,511714,INE875B01015,NIMBSPROJ,B,,,,,NIMBUS PROJECTS LTD.,187.10,190.00,184.65,188.70,188.70,187.10,,191.57,,,100,18747.00,16,F1,1,,,,,
2026-10-06,2026-10-06,CM,BSE,STK,511716,INE359A01012,INVIGO,XT,,,,,Invigorated Business Consultin,8.84,8.84,8.81,8.81,8.81,8.85,,8.81,,,209,1842.00,6,F1,1,,,,,
2026-10-06,2026-10-06,CM,BSE,STK,511724,INE020D01022,BAIDFIN,B,,,,,BAID FINSERV LIMITED,10.62,10.62,10.01,10.43,10.43,10.43,,10.32,,,1388,14279.00,42,F1,1,,,,,
2026-10-06,2026-10-06,CM,BSE,STK,511726,INE946H01037,VIPULLTD,T,,,,,VIPUL LTD.,10.23,10.50,10.20,10.20,10.20,10.50,,10.20,,,7416,76310.00,34,F1,1,,,,,
2026-10-06,2026-10-06,CM,BSE,STK,511728,INE006C01015,KZLFIN,X,,,,,K.Z.LEASING & FINANCE LTD.,16.27,16.27,16.27,16.27,16.27,15.50,,16.27,,,500,8135.00,1,F1,1,,,,,
2026-10-06,2026-10-06,CM,BSE,STK,511734,INE527C01010,PASUFIN,XT,,,,,PASUPATI FINCAP LTD.,27.54,27.54,27.50,27.54,27.54,27.00,,27.54,,,46170,1271433.00,16,F1,1,,,,,
2026-10-06,2026-10-06,CM,BSE,STK,511740,INE239B01014,RFL,X,,,,,RUPAREL FOOD PRODUCTS LIMITED,80.00,85.24,80.00,85.24,85.24,81.19,,85.24,,,91,7285.00,2,F1,1,,,,,
2026-10-06,2026-10-06,CM,BSE,STK,511742,INE583D01011,UGROCAP,B,,,,,UGRO CAPITAL LIMITED,82.39,83.75,81.83,83.04,83.04,81.71,,82.97,,,3432,284275.00,54,F1,1,,,,,
2026-10-06,2026-10-06,CM,BSE,STK,511754,INE861D01011,SAHLIBHFI,B,,,,,SHALIBHADRA FINANCE LTD.,75.11,77.90,72.99,77.88,77.88,77.86,,76.71,,,1799,135024.00,53,F1,1,,,,,
2026-10-06,2026-10-06,CM,BSE,STK,511756,INE195I01013,ABIRAFN,Z,,,,,ABIRAMI FINANCIAL SERVICES (IN,34.50,34.50,32.79,34.45,34.45,34.50,,34.45,,,123,4134.00,10,F1,1,,,,,
2026-10-06,2026-10-06,CM,BSE,STK,511758,INE094E01017,MANSIFIN,X,,,,,MANSI FINANCE (CHENNAI) LTD.,57.33,58.00,57.33,58.00,58.00,57.33,,58.00,,,42,2409.00,3,F1,1,,,,,
2026-10-06,2026-10-06,CM,BSE,STK,511764,INE819K01014,AASTAFIN,X,,,,,Aastamangalam Finance Limited,27.49,27.49,24.80,25.71,25.71,26.90,,25.71,,,13058,330790.00,97,F1,1,,,,,
2026-10-06,2026-10-06,CM,BSE,STK,511766,INE296G01013,MUTHOOTCAP,B,,,,,MUTHOOT CAPITAL SERVICES LTD.,219.80,220.25,214.00,215.75,215.55,219.80,,216.30,,,325,70382.00,45,F1,1,,,,,
2026-10-06,2026-10-06,CM,BSE,STK,511768,INE677D01037,MASTERTR,B,,,,,MASTER TRUST LTD.,82.04,83.47,81.87,82.52,83.47,81.49,,82.61,,,30799,2531524.00,58,F1,1,,,,,
2026-10-06,2026-10-06,CM,BSE,STK,512008,INE886D01026,EFCIL,B,,,,,EFC (I) LIMITED,174.30,174.30,166.00,170.00,169.65,168.75,,170.10,,,14219,2402611.00,323,F1,1,,,,,
2026-10-06,2026-10-06,CM,BSE,STK,512014,INE754D01018,SOBME,X,,,,,SOBHAGYA MERCHANTILE LTD.,1334.25,1340.00,1319.95,1334.00,1334.00,1334.25,,1334.00,,,107,142584.00,22,F1,1,,,,,
2026-10-06,2026-10-06,CM,BSE,STK,512018,INE135H01029,TTGIL,X,,,,,TOMORROW TECHNOLOGIES GLOBAL I,7.83,8.00,7.57,7.69,7.88,7.83,,7.69,,,8857,68561.00,46,F1,1,,,,,
2026-10-06,2026-10-06,CM,BSE,STK,512020,INE967G01019,ZSARACOM,B,,,,,SARASWATI COMMERCIAL (INDIA) L,10107.00,10107.00,10107.00,10107.00,10107.00,9713.00,,9961.00,,,2,20214.00,1,F1,1,,,,,
2026-10-06,2026-10-06,CM,BSE,STK,512025,INE767M01029,ASGARD,X,,,,,ASGARD ALCOBEV LIMITED,33.66,33.98,32.00,33.53,33.53,33.31,,33.53,,,37328,1238564.00,120,F1,1,,,,,
2026-10-06,2026-10-06,CM,BSE,STK,512026,INE603D01017,VEGA,XT,,,,,VEGA JEWELLERS LIMITED,61.95,61.95,61.95,61.95,61.95,65.04,,61.95,,,100,6195.00,2,F1,1,,,,,
2026-10-06,2026-10-06,CM,BSE,STK,512036,INE393H01016,SKYBIOTECH,X,,,,,SKYBIOTECH HEALTHCARE LIMITED,116.20,116.20,116.20,116.20,116.20,116.20,,116.20,,,6,697.00,1,F1,1,,,,,
2026-10-06,2026-10-06,CM,BSE,STK,512038,INE887D01024,TCC,B,,,,,TCC CONCEPT LIMITED,49.00,49.00,46.62,47.04,46.75,46.95,,47.09,,,28362,1343456.00,245,F1,1,,,,,
2026-10-06,2026-10-06,CM,BSE,STK,512047,INE510H01015,ROYALIND,X,,,,,ROYAL INDIA CORPORATION LIMITE,5.59,5.66,5.45,5.60,5.60,5.45,,5.60,,,74639,417097.00,230,F1,1,,,,,
2026-10-06,2026-10-06,CM,BSE,STK,512048,INE195E01020,DHANSAFAL,X,,,,,DHANSAFAL FINSERVE LIMITED,2.72,2.85,2.55,2.79,2.71,2.68,,2.79,,,175135,472081.00,187,F1,1,,,,,
2026-10-06,2026-10-06,CM,BSE,STK,512062,INE896J01014,TANDHANIN,XT,,,,,TANDHAN INDUSTRIES LIMITED,140.00,148.00,140.00,148.00,148.00,141.35,,148.00,,,516,73047.00,14,F1,1,,,,,
2026-10-06,2026-10-06,CM,BSE,STK,512064,INE762D01011,VISVEN,X,,,,,VISHVPRABHA VENTURES LIMITED,44.49,46.76,40.01,44.99,44.99,38.97,,44.99,,,2004,87596.00,13,F1,1,,,,,
2026-10-06,2026-10-06,CM,BSE,STK,512065,INE738D01029,MRUTR,XT,,,,,MRUGESH TRADING LTD.,72.82,72.82,72.82,72.82,72.82,74.30,,72.82,,,394,28691.00,32,F1,1,,,,,
2026-10-06,2026-10-06,CM,BSE,STK,512068,INE945F01025,DECNGOLD,B,,,,,DECCAN GOLD MINES LTD.,189.00,200.00,187.75,199.40,199.70,188.70,,199.20,,,232622,45233068.00,2674,F1,1,,,,,
2026-10-06,2026-10-06,CM,BSE,STK,512070,INE628A01036,UPL,A,,,,,UPL LIMITED,503.05,511.65,503.05,507.85,507.85,501.80,,509.55,,,78297,39767317.00,1845,F1,1,,,,,
2026-10-06,2026-10-06,CM,BSE,STK,512093,INE234B01023,CRANESSOFT,Z,,,,,CRANES SOFTWARE INTERNATIONAL,6.30,6.30,6.30,6.30,6.30,6.42,,6.30,,,88772,559263.00,49,F1,1,,,,,
2026-10-06,2026-10-06,CM,BSE,STK,512097,INE092G01024,SAICOM,X,,,,,SAIANAND COMMERCIAL LIMITED,0.20,0.21,0.20,0.21,0.21,0.20,,0.21,,,161474,33317.00,37,F1,1,,,,,
2026-10-06,2026-10-06,CM,BSE,STK,512099,INE750G01019,EY,XT,,,,,EYANTRA VENTURES LIMITED,539.70,539.70,539.70,539.70,539.70,514.00,,539.70,,,2,1079.00,2,F1,1,,,,,
2026-10-06,2026-10-06,CM,BSE,STK,512103,INE276H01013,NIDHGRN,X,,,,,NIDHI GRANITES LTD.,258.50,258.50,235.60,238.70,240.00,247.90,,238.70,,,1095,266611.00,41,F1,1,,,,,
2026-10-06,2026-10-06,CM,BSE,STK,512115,INE649C01012,ROSEMER,X,,,,,ROSE MERC.LTD.,41.49,41.50,39.30,41.50,41.50,37.73,,41.50,,,5712,236737.00,57,F1,1,,,,,
2026-10-06,2026-10-06,CM,BSE,STK,512131,INE529F01035,SIGIND,T,,,,,SIGNET INDUSTRIES LIMITED,63.61,65.50,63.55,63.60,63.60,66.89,,62.86,,,3718,239715.00,18,F1,1,,,,,
2026-10-06,2026-10-06,CM,BSE,STK,512149,INE758A01072,AVANCE,B,,,,,AVANCE TECHNOLOGIES LTD.,0.79,0.81,0.77,0.78,0.78,0.80,,0.77,,,3370319,2657831.00,831,F1,1,,,,,
2026-10-06,2026-10-06,CM,BSE,STK,512161,INE650K01021,SECURKLOUD,B,,,,,SECUREKLOUD TECHNOLOGIES LIMIT,16.25,16.25,15.68,16.01,16.10,16.20,,15.71,,,1028,16430.00,44,F1,1,,,,,
2026-10-06,2026-10-06,CM,BSE,STK,512165,INE365O01028,ABANSENT,B,,,,,ABANS ENTERPRISES LTD,27.33,28.25,26.25,27.29,27.63,27.33,,27.50,,,2308,61770.00,26,F1,1,,,,,
2026-10-06,2026-10-06,CM,BSE,STK,512169,INE968E01012,CAPRICORN,XT,,,,,CAPRICORN SYSTEMS GLOBAL SOLUT,31.78,32.00,31.78,31.80,31.80,31.79,,31.80,,,106951,3412326.00,34,F1,1,,,,,
2026-10-06,2026-10-06,CM,BSE,STK,512175,INE685D01022,VAMA,X,,,,,VAMA INDUSTRIES LTD.,3.19,3.38,3.19,3.30,3.30,3.24,,3.30,,,9778,32345.00,49,F1,1,,,,,
2026-10-06,2026-10-06,CM,BSE,STK,512179,INE805D01034,SUNTECK,B,,,,,SUNTECK REALTY LTD.,282.30,282.30,278.80,279.45,279.50,278.05,,279.60,,,9291,2599462.00,343,F1,1,,,,,
2026-10-06,2026-10-06,CM,BSE,STK,512197,INE798C01017,SILVERO,Z,,,,,SILVER OAK COMMERCIAL LTD.,6.34,6.34,6.20,6.34,6.34,6.22,,6.34,,,120,751.00,11,F1,1,,,,,
2026-10-06,2026-10-06,CM,BSE,STK,512217,INE730E01016,PRISMMEDI,X,,,,,PRISM MEDICO AND PHARMACY LTD.,28.98,30.97,28.02,28.68,28.68,28.98,,28.68,,,16416,487376.00,46,F1,1,,,,,
2026-10-06,2026-10-06,CM,BSE,STK,512229,INE379J01029,VERITAS,XT,,,,,VERITAS (INDIA) LTD.,145.20,146.85,142.30,144.55,144.50,145.20,,144.55,,,5172,743426.00,58,F1,1,,,,,
2026-10-06,2026-10-06,CM,BSE,STK,512237,INE070D01027,JAICORPLTD,B,,,,,JAI CORP LTD.,88.99,90.48,88.65,90.17,90.15,88.23,,90.17,,,17232,1545417.00,454,F1,1,,,,,
2026-10-06,2026-10-06,CM,BSE,STK,512247,INE894A01026,ASHCAP,X,,,,,ASHIRWAD CAPITAL LTD.,2.36,2.62,2.36,2.53,2.57,2.44,,2.53,,,23706,59563.00,129,F1,1,,,,,
2026-10-06,2026-10-06,CM,BSE,STK,512257,INE895A01023,SVARTCORP,X,,,,,SWASTI VINAYAKA ART AND HERITA,3.21,3.26,3.16,3.21,3.21,3.22,,3.21,,,26561,84979.00,82,F1,1,,,,,
2026-10-06,2026-10-06,CM,BSE,STK,512267,INE200D01020,MMWL,B,,,,,MEDIA MATRIX WORLDWIDE LTD.,16.80,17.28,16.79,17.28,17.28,16.46,,17.28,,,317003,5477314.00,114,F1,1,,,,,
2026-10-06,2026-10-06,CM,BSE,STK,512277,INE340U01010,AUTOINT,X,,,,,AUTORIDERS INTERNATIONAL LTD.,237.50,237.50,225.65,227.90,230.00,237.50,,227.90,,,940,213831.00,56,F1,1,,,,,
2026-10-06,2026-10-06,CM,BSE,STK,512296,INE458B01036,BHAGYANGR,B,,,,,BHAGYANAGAR INDIA LTD.,420.05,432.35,413.70,432.35,432.35,411.80,,432.93,,,14567,6233734.00,662,F1,1,,,,,
2026-10-06,2026-10-06,CM,BSE,STK,512301,INE417N01011,CHMBBRW,XT,,,,,CHAMBAL BREWERIES & DISTILLERI,39.19,39.19,38.00,38.01,38.00,39.00,,38.01,,,8712,334782.00,42,F1,1,,,,,
2026-10-06,2026-10-06,CM,BSE,STK,512329,INE385F01024,SGMART,B,,,,,SG MART LIMITED,741.55,754.85,735.95,742.70,736.00,736.85,,742.84,,,6341,4730362.00,555,F1,1,,,,,
2026-10-06,2026-10-06,CM,BSE,STK,512344,INE068C01015,ARAVALIS,X,,,,,ARAVALI SECURITIES & FINANCE L,4.70,4.70,4.70,4.70,4.70,4.80,,4.70,,,10,47.00,1,F1,1,,,,,
2026-10-06,2026-10-06,CM,BSE,STK,512345,INE745A01012,LEXGLOBAL,XT,,,,,LEXORA GLOBAL LIMITED,112.37,112.37,112.37,112.37,112.37,107.02,,112.37,,,1000,112370.00,3,F1,1,,,,,
2026-10-06,2026-10-06,CM,BSE,STK,512359,INE093G01022,SWORDEDGE,X,,,,,SWORD-EDGE COMMERCIALS LIMITED,0.31,0.31,0.31,0.31,0.31,0.30,,0.31,,,699625,216883.00,85,F1,1,,,,,
2026-10-06,2026-10-06,CM,BSE,STK,512361,INE108G01010,CUPIDALBV,X,,,,,CUPID BREWERIES AND DISTILLERI,26.07,26.07,26.07,26.07,26.07,24.83,,26.07,,,38884,1013705.00,63,F1,1,,,,,
2026-10-06,2026-10-06,CM,BSE,STK,512377,INE664N01018,MAGANTR,XT,,,,,MAGNANIMOUS TRADE & FINANCE LT,0.28,0.28,0.28,0.28,0.28,0.27,,0.28,,,1694,474.00,20,F1,1,,,,,
2026-10-06,2026-10-06,CM,BSE,STK,512379,INE716D01033,CRSL,Z,,,,,CRESSANDA RAILWAY SOLUTIONS LI,2.00,2.11,2.00,2.08,2.08,2.09,,2.05,,,185184,383279.00,184,F1,1,,,,,
2026-10-06,2026-10-06,CM,BSE,STK,512381,INE992I01013,STARTECK,B,,,,,STARTECK FINANCE LIMITED,260.00,270.00,260.00,270.00,270.00,270.50,,272.50,,,55,14341.00,4,F1,1,,,,,
2026-10-06,2026-10-06,CM,BSE,STK,512393,INE037B01020,SHARDUL,T,,,,,SHARDUL SECURITIES LTD.,57.50,58.30,57.50,58.18,58.10,58.40,,58.21,,,4477,259996.00,35,F1,1,,,,,
2026-10-06,2026-10-06,CM,BSE,STK,512399,INE017I01027,SERA,X,,,,,SERA INVESTMENTS & FINANCE IND,61.60,64.01,59.11,60.12,60.12,60.61,,60.12,,,175961,10888037.00,619,F1,1,,,,,
2026-10-06,2026-10-06,CM,BSE,STK,512415,INE319T01016,MERCTRD,Z,,,,,MERCURY TRADE LINKS LTD.,3.63,3.63,3.40,3.50,3.50,3.56,,3.50,,,19545,67651.00,71,F1,1,,,,,
2026-10-06,2026-10-06,CM,BSE,STK,512425,INE242B01018,NIRAVCOM,X,,,,,NIRAV COMMERCIALS LTD.,672.00,672.00,672.00,672.00,672.00,672.00,,672.00,,,10,6720.00,1,F1,1,,,,,
2026-10-06,2026-10-06,CM,BSE,STK,512437,INE412D01013,APOLLOFI,XT,,,,,APOLLO FINVEST (INDIA) LTD.,485.20,492.00,470.00,471.50,471.50,490.10,,471.50,,,273,129469.00,11,F1,1,,,,,
2026-10-06,2026-10-06,CM,BSE,STK,512441,INE993I01029,ENBETRD,X,,,,,Enbee Trade &amp; Finance Ltd,0.24,0.25,0.24,0.24,0.24,0.25,,0.24,,,6972365,1692999.00,705,F1,1,,,,,
2026-10-06,2026-10-06,CM,BSE,STK,512443,INE162L01017,GANONPRO,X,,,,,Ganon Products Limited,6.70,6.70,6.40,6.55,6.58,6.40,,6.55,,,98193,639758.00,57,F1,1,,,,,
2026-10-06,2026-10-06,CM,BSE,STK,512453,INE564J01026,SHRJAGP,B,,,,,SHRI JAGDAMBA POLYMERS LTD.,671.05,689.90,671.05,683.15,689.90,692.15,,683.15,,,272,184613.00,36,F1,1,,,,,
2026-10-06,2026-10-06,CM,BSE,STK,512455,INE281B01032,LLOYDSME,A,,,,,LLOYDS METALS AND ENERGY LTD.,1832.55,1869.00,1828.00,1860.25,1860.25,1802.85,,1858.32,,,61070,112829072.00,9022,F1,1,,,,,
2026-10-06,2026-10-06,CM,BSE,STK,512463,INE080I01025,LLOYDSENT,A,,,,,LLOYDS ENTERPRISES LIMITED,80.22,81.78,78.22,78.73,78.73,79.55,,78.82,,,179384,14302469.00,1356,F1,1,,,,,
2026-10-06,2026-10-06,CM,BSE,STK,512489,INE876A01023,OASISEC,XT,,,,,OASIS SECURITIES LTD.,14.54,14.84,14.54,14.84,14.84,14.14,,14.84,,,1239,18337.00,8,F1,1,,,,,
2026-10-06,2026-10-06,CM,BSE,STK,512493,INE590B01010,GARNETINT,X,,,,,GARNET INTERNATIONAL LTD.,50.94,51.44,50.00,50.47,51.44,49.50,,50.47,,,164,8277.00,10,F1,1,,,,,
2026-10-06,2026-10-06,CM,BSE,STK,512499,INE435E01020,SHALPRO,XT,,,,,SHALIMAR PRODUCTIONS LTD.,0.23,0.24,0.23,0.23,0.23,0.23,,0.23,,,727785,169755.00,334,F1,1,,,,,
2026-10-06,2026-10-06,CM,BSE,STK,512519,INE668D01028,DONEAR,B,,,,,DONEAR INDUSTRIES LTD.,88.99,88.99,80.20,80.30,80.30,80.17,,80.38,,,500,42747.00,6,F1,1,,,,,
2026-10-06,2026-10-06,CM,BSE,STK,512527,INE091C01017,SUPER,XT,,,,,SUPER SALES INDIA LTD.,1059.00,1094.95,1025.00,1089.00,1089.00,1064.55,,1089.00,,,1135,1206015.00,14,F1,1,,,,,
2026-10-06,2026-10-06,CM,BSE,STK,512529,INE807F01027,VIYASH,A,,,,,VIYASH SCIENTIFIC LIMITED,229.40,234.50,228.25,233.50,233.50,229.25,,233.25,,,108805,25284889.00,1261,F1,1,,,,,
2026-10-06,2026-10-06,CM,BSE,STK,512531,INE655A01013,STCINDIA,B,,,,,STATE TRADING CORPORATION OF I,106.00,106.95,105.30,106.75,106.50,105.15,,105.94,,,677,72067.00,19,F1,1,,,,,
2026-10-06,2026-10-06,CM,BSE,STK,512553,INE058B01018,ZENITHEXPO,B,,,,,ZENITH EXPORTS LTD.,194.10,194.10,194.10,194.10,194.10,194.10,,187.56,,,5,970.00,1,F1,1,,,,,
2026-10-06,2026-10-06,CM,BSE,STK,512559,INE080B01012,KOHINOOR,B,,,,,KOHINOOR FOODS LTD.,29.10,29.40,28.58,28.87,28.97,29.10,,28.89,,,8173,236198.00,278,F1,1,,,,,
2026-10-06,2026-10-06,CM,BSE,STK,512573,INE871C01038,AVANTIFEED,A,,,,,AVANTI FEEDS LTD.,712.20,721.10,709.20,713.85,714.00,712.20,,714.09,,,15360,10961479.00,842,F1,1,,,,,
2026-10-06,2026-10-06,CM,BSE,STK,512587,INE077B01018,ZODJRDMKJ,X,,,,,ZODIAC-JRD-MKJ LTD.,33.70,33.70,32.00,32.60,32.60,32.83,,32.60,,,5669,184900.00,68,F1,1,,,,,
2026-10-06,2026-10-06,CM,BSE,STK,512589,INE579D01019,SITAENT,X,,,,,SITA ENTERPRISES LTD.,133.00,143.50,133.00,143.50,143.50,139.00,,143.50,,,134,18045.00,14,F1,1,,,,,
2026-10-06,2026-10-06,CM,BSE,STK,512591,INE183U01022,PULSRIN,X,,,,,PULSAR INTERNATIONAL LTD.,0.38,0.40,0.38,0.39,0.39,0.39,,0.39,,,2483336,967733.00,373,F1,1,,,,,
2026-10-06,2026-10-06,CM,BSE,STK,512595,INE348N01042,KDGREEN,B,,,,,KD Green Industries Limited,47.69,50.97,47.50,50.03,50.97,47.69,,49.21,,,13204,641874.00,215,F1,1,,,,,
2026-10-06,2026-10-06,CM,BSE,STK,512597,INE681C01015,KEYFINSERV,B,,,,,KEYNOTE FINANCIAL SERVICES LIM,237.00,237.00,237.00,237.00,237.00,238.00,,241.53,,,1,237.00,1,F1,1,,,,,
2026-10-06,2026-10-06,CM,BSE,STK,512599,INE423A01024,ADANIENT,A,,,,,ADANI ENTERPRISES LTD.,2874.35,2886.80,2835.70,2850.00,2850.00,2858.00,,2849.90,,,94270,269583634.00,3469,F1,1,,,,,
2026-10-06,2026-10-06,CM,BSE,STK,512600,INE307N01014,ASTALLTD,X,,,,,ASTAL LABORATORIES LIMITED,71.27,71.40,69.36,69.72,69.80,71.27,,69.72,,,5104,356952.00,64,F1,1,,,,,
2026-10-06,2026-10-06,CM,BSE,STK,512604,INE772B01014,HARIAEXPO,XT,,,,,HARIA EXPORTS LTD.,9.12,9.12,9.12,9.12,9.12,9.60,,9.12,,,500,4560.00,3,F1,1,,,,,
2026-10-06,2026-10-06,CM,BSE,STK,512608,INE474E01029,BHANDARI,B,,,,,BHANDARI HOSIERY EXPORTS LTD.,2.80,2.88,2.71,2.87,2.87,2.76,,2.83,,,33122,92785.00,57,F1,1,,,,,
2026-10-06,2026-10-06,CM,BSE,STK,512618,INE629C01014,RLF,X,,,,,RLF LTD.,9.50,9.50,9.50,9.50,9.50,9.40,,9.50,,,433,4113.00,4,F1,1,,,,,
2026-10-06,2026-10-06,CM,BSE,STK,512624,INE769D01016,REGENTRP,X,,,,,Regent Enterprises Limited,5.66,5.66,5.20,5.27,5.20,5.27,,5.27,,,18010,95725.00,56,F1,1,,,,,
2026-10-06,2026-10-06,CM,BSE,STK,512626,INE231G01010,ORBTEXP,B,,,,,ORBIT EXPORTS LTD.,247.80,253.85,245.05,245.65,245.05,237.45,,246.51,,,1107,272760.00,12,F1,1,,,,,
2026-10-06,2026-10-06,CM,BSE,STK,512634,INE104E01014,SAVERA,X,,,,,SAVERA INDUSTRIES LTD.,159.40,164.80,159.40,162.45,162.00,157.00,,162.45,,,2417,394850.00,42,F1,1,,,,,
2026-10-06,2026-10-06,CM,BSE,STK,513005,INE114E01013,CHROME,X,,,,,Chrome Silicon Limited,42.00,42.00,39.10,39.28,39.12,41.00,,39.28,,,905,37093.00,17,F1,1,,,,,
2026-10-06,2026-10-06,CM,BSE,STK,513023,INE725A01030,NAVA,A,,,,,NAVA LIMITED,558.55,578.20,558.55,574.75,573.65,556.10,,575.00,,,26158,14972741.00,1036,F1,1,,,,,
2026-10-06,2026-10-06,CM,BSE,STK,513043,INE158G01015,REMIEDEL,X,,,,,REMI EDELSTAHL TUBULARS LIMITE,201.50,226.00,196.10,204.20,200.65,201.05,,204.20,,,5858,1222807.00,84,F1,1,,,,,
2026-10-06,2026-10-06,CM,BSE,STK,513059,INE736H01024,GSAUTO,XT,,,,,G.S.AUTO INTERNATIONAL LTD.,17.92,18.49,17.88,17.90,18.29,18.52,,17.90,,,3373,61232.00,67,F1,1,,,,,
2026-10-06,2026-10-06,CM,BSE,STK,513063,INE360D01014,TRANSFRE,X,,,,,TRANS-FREIGHT CONTAINERS LTD.,20.46,20.46,18.16,18.31,18.16,18.99,,18.31,,,1452,27146.00,10,F1,1,,,,,
2026-10-06,2026-10-06,CM,BSE,STK,513097,INE386D01027,SBCL,B,,,,,SHIVALIK BIMETAL CONTROLS LTD.,1162.40,1162.40,1068.40,1098.85,1100.00,1076.20,,1099.60,,,5599,6135850.00,393,F1,1,,,,,
2026-10-06,2026-10-06,CM,BSE,STK,513108,INE524B01027,GANDHITUBE,B,,,,,GANDHI SPECIAL TUBES LTD.,987.95,1001.80,973.20,980.35,976.20,990.55,,981.39,,,693,679937.00,101,F1,1,,,,,
2026-10-06,2026-10-06,CM,BSE,STK,513117,INE991A01020,AMFORG,X,,,,,AMFORGE INDUSTRIES LTD.,5.90,5.99,5.56,5.84,5.84,5.90,,5.84,,,6682,37537.00,19,F1,1,,,,,
2026-10-06,2026-10-06,CM,BSE,STK,513119,INE173M01012,ONIXSOLAR,B,,,,,ONIX SOLAR ENERGY LIMITED,330.45,346.90,330.45,337.95,336.20,337.10,,338.19,,,40255,13610578.00,579,F1,1,,,,,
2026-10-06,2026-10-06,CM,BSE,STK,513121,INE730A01022,ORICONENT,B,,,,,ORICON ENTERPRISES LTD.,52.16,53.31,52.06,52.27,52.26,51.25,,52.27,,,902,47064.00,24,F1,1,,,,,
2026-10-06,2026-10-06,CM,BSE,STK,513149,INE950D01012,ACROW,X,,,,,ACROW INDIA LTD.,800.00,800.00,800.00,800.00,800.00,799.00,,800.00,,,30,24000.00,1,F1,1,,,,,
2026-10-06,2026-10-06,CM,BSE,STK,513173,INE205F01016,STLSTRINF,B,,,,,STEEL STRIPS INFRASTRUCTURES L,22.80,22.80,21.50,22.05,22.05,22.10,,21.81,,,401,9033.00,16,F1,1,,,,,
2026-10-06,2026-10-06,CM,BSE,STK,513228,INE932A01024,PENIND,A,,,,,PENNAR INDUSTRIES LTD.,176.95,180.25,176.55,177.90,178.20,178.55,,177.85,,,13116,2339282.00,240,F1,1,,,,,
2026-10-06,2026-10-06,CM,BSE,STK,513250,INE197A01024,JYOTISTRUC,B,,,,,JYOTI STRUCTURES LTD.,8.55,9.00,8.55,8.93,8.93,8.68,,8.94,,,368994,3269689.00,494,F1,1,,,,,
2026-10-06,2026-10-06,CM,BSE,STK,513252,INE289D01015,JAYUSH,X,,,,,JAY USHIN LTD.,759.00,789.90,759.00,789.90,789.90,758.95,,789.90,,,3,2307.00,3,F1,1,,,,,
2026-10-06,2026-10-06,CM,BSE,STK,513262,INE802C01033,SSWL,B,,,,,STEEL STRIPS WHEELS LTD.,414.90,434.05,412.05,424.00,425.00,410.45,,424.68,,,105850,44838351.00,2178,F1,1,,,,,
2026-10-06,2026-10-06,CM,BSE,STK,513269,INE993A01026,MANINDS,B,,,,,MAN INDUSTRIES (INDIA) LTD.,880.15,928.00,880.15,921.55,925.00,888.95,,922.04,,,61437,55910226.00,2173,F1,1,,,,,
2026-10-06,2026-10-06,CM,BSE,STK,513295,INE611C01020,IMEC,X,,,,,IMEC SERVICES LIMITED,92.49,92.49,90.00,92.00,92.00,92.70,,92.00,,,214,19539.00,15,F1,1,,,,,
2026-10-06,2026-10-06,CM,BSE,STK,513303,INE001F01019,MDRNSTL,X,,,,,MODERN STEELS LTD.,14.50,14.60,14.00,14.11,14.42,14.15,,14.11,,,148,2121.00,14,F1,1,,,,,
2026-10-06,2026-10-06,CM,BSE,STK,513307,INE363L01045,BELDING,B,,,,,BELDING INDIA LIMITED,890.00,936.80,881.00,924.15,930.00,894.60,,924.15,,,17234,15676164.00,385,F1,1,,,,,
2026-10-06,2026-10-06,CM,BSE,STK,513337,INE145J01032,GUJTLRM,B,,,,,GUJARAT TOOLROOM LTD.,0.41,0.41,0.37,0.40,0.40,0.41,,0.40,,,7785155,3039603.00,1322,F1,1,,,,,
2026-10-06,2026-10-06,CM,BSE,STK,513343,INE534A01028,GFSTEELS,T,,,,,GRAND FOUNDRY LTD.,35.35,35.35,35.35,35.35,35.35,34.66,,37.59,,,750,26512.00,6,F1,1,,,,,
2026-10-06,2026-10-06,CM,BSE,STK,513349,INE298G01035,AJMERA,B,,,,,AJMERA REALTY & INFRA INDIA LT,114.60,117.90,114.60,116.35,116.55,116.80,,116.24,,,10078,1168306.00,241,F1,1,,,,,
2026-10-06,2026-10-06,CM,BSE,STK,513353,INE105D01013,COCHINM,X,,,,,COCHIN MINERALS & RUTILE LTD.,302.90,305.00,290.00,293.60,293.90,300.15,,293.60,,,8863,2619270.00,187,F1,1,,,,,
2026-10-06,2026-10-06,CM,BSE,STK,513361,INE072A01029,INDIAHOMES,X,,,,,India Homes Limited,29.66,30.38,28.56,29.67,29.67,29.83,,29.67,,,677059,19977954.00,1096,F1,1,,,,,
2026-10-06,2026-10-06,CM,BSE,STK,513369,INE013J01016,KVFORGE,XT,,,,,KRISHANVEER FORGE LIMITED,139.75,139.75,132.10,133.95,136.00,135.00,,133.95,,,215,29225.00,9,F1,1,,,,,
2026-10-06,2026-10-06,CM,BSE,STK,513375,INE120A01034,CARBORUNIV,A,,,,,CARBORUNDUM UNIVERSAL LTD.,1280.05,1293.50,1261.50,1270.00,1268.85,1267.50,,1269.61,,,13252,16849805.00,1097,F1,1,,,,,
2026-10-06,2026-10-06,CM,BSE,STK,513377,INE123F01029,MMTC,B,,,,,MMTC LTD.,56.50,57.50,56.50,57.04,57.04,56.19,,57.01,,,32257,1838553.00,391,F1,1,,,,,
2026-10-06,2026-10-06,CM,BSE,STK,513397,INE457E01016,VALLABHSQ,XT,,,,,VALLABH STEELS LTD.,8.15,8.15,8.15,8.15,8.15,8.56,,8.15,,,466,3797.00,6,F1,1,,,,,
2026-10-06,2026-10-06,CM,BSE,STK,513418,INE728B01032,SMFIL,XT,,,,,SMITHS & FOUNDERS (INDIA) LIMI,8.70,8.91,8.53,8.70,8.62,8.70,,8.70,,,20065,177042.00,39,F1,1,,,,,
2026-10-06,2026-10-06,CM,BSE,STK,513422,INE373E01015,BLOIN,X,,,,,BLOOM INDUSTRIES LTD.,30.99,30.99,30.89,30.89,30.89,29.94,,30.89,,,6,185.00,2,F1,1,,,,,
2026-10-06,2026-10-06,CM,BSE,STK,513430,INE501L01024,MAITRI,X,,,,,Maitri Enterprises Limited,39.37,39.37,35.65,39.37,39.37,37.50,,39.37,,,302,10773.00,6,F1,1,,,,,
2026-10-06,2026-10-06,CM,BSE,STK,513436,INE640C01011,SHAHALLOYS,T,,,,,SHAH ALLOYS LTD.,80.05,84.32,80.01,84.19,84.19,82.72,,81.03,,,406,32579.00,15,F1,1,,,,,
2026-10-06,2026-10-06,CM,BSE,STK,513452,INE594D01018,ELANGO,XT,,,,,ELANGO INDUSTRIES LTD.,12.49,12.49,12.49,12.49,12.49,12.25,,12.49,,,500,6245.00,1,F1,1,,,,,
2026-10-06,2026-10-06,CM,BSE,STK,513456,INE791E01018,KANSHST,X,,,,,KANISHK STEEL INDUSTRIES LTD.,44.95,44.95,42.65,44.33,44.40,44.09,,44.33,,,413,18237.00,12,F1,1,,,,,
2026-10-06,2026-10-06,CM,BSE,STK,513460,INE257F01017,MAHALXSE,Z,,,,,MAHALAXMI SEAMLESS LTD.,10.96,10.96,10.96,10.96,10.96,10.44,,10.96,,,6578,72094.00,16,F1,1,,,,,
2026-10-06,2026-10-06,CM,BSE,STK,513472,INE658D01029,SIMPLEXCAS,X,,,,,SIMPLEX CASTINGS LTD.,136.65,140.80,136.50,138.90,138.90,135.45,,138.90,,,144003,20045351.00,1096,F1,1,,,,,
2026-10-06,2026-10-06,CM,BSE,STK,513488,INE387D01025,SSWRL,XT,,,,,SHREE STEEL WIRE ROPES LTD.,23.51,24.68,23.51,24.68,24.68,23.51,,24.68,,,1800,42961.00,10,F1,1,,,,,
2026-10-06,2026-10-06,CM,BSE,STK,513496,INE235U01012,SIZEMASTER,XT,,,,,SIZEMASTERS TECHNOLOGY LIMITED,428.00,428.00,398.50,411.35,417.95,419.40,,411.35,,,1881,762485.00,73,F1,1,,,,,
2026-10-06,2026-10-06,CM,BSE,STK,513498,INE308N01012,SOUTHMG,X,,,,,SOUTHERN MAGNESIUM & CHEMICALS,78.00,82.00,78.00,79.00,79.00,77.58,,79.00,,,457,37067.00,11,F1,1,,,,,
2026-10-06,2026-10-06,CM,BSE,STK,513502,INE927K01023,BAROEXT,X,,,,,BARODA EXTRUSION LTD.,9.37,9.37,8.78,9.33,9.30,9.23,,9.33,,,68647,632515.00,284,F1,1,,,,,
2026-10-06,2026-10-06,CM,BSE,STK,513507,INE276I01011,GUJCONT,P,,,,,GUJARAT CONTAINERS LTD.,161.75,170.45,161.75,170.45,170.45,170.00,,170.45,,,200,33220.00,2,F1,100,,,,,
2026-10-06,2026-10-06,CM,BSE,STK,513509,INE314G01014,KALYANIFRG,T,,,,,KALYANI FORGE LTD.,918.00,919.45,881.10,910.00,902.00,920.15,,905.93,,,703,628161.00,30,F1,1,,,,,
2026-10-06,2026-10-06,CM,BSE,STK,513511,INE798F01010,PANCHMAHQ,B,,,,,PANCHMAHAL STEEL LTD.,289.90,289.90,280.00,280.00,280.00,284.70,,296.40,,,76,21900.00,4,F1,1,,,,,
2026-10-06,2026-10-06,CM,BSE,STK,513513,INE570B01012,ADITYA,X,,,,,ADITYA ISPAT LTD.,9.00,9.00,8.75,8.75,8.75,9.00,,8.75,,,2598,22862.00,12,F1,1,,,,,
2026-10-06,2026-10-06,CM,BSE,STK,513517,INE124E01038,STEELCAS,B,,,,,STEELCAST LTD.,365.00,375.50,360.15,368.90,367.65,363.20,,369.59,,,6279,2302470.00,231,F1,1,,,,,
2026-10-06,2026-10-06,CM,BSE,STK,513519,INE450D01021,PITTIENG,B,,,,,PITTI ENGINEERING LIMITED,1114.05,1158.60,1110.25,1121.10,1120.60,1126.45,,1121.97,,,4630,5290254.00,334,F1,1,,,,,
2026-10-06,2026-10-06,CM,BSE,STK,513528,INE741B01027,GLITTEKG,XT,,,,,GLITTEK GRANITES LTD.,78.40,78.40,76.72,76.72,76.72,78.28,,76.72,,,7266,566325.00,36,F1,1,,,,,
2026-10-06,2026-10-06,CM,BSE,STK,513532,INE770A01010,PRADPME,B,,,,,PRADEEP METALS LTD.,474.95,558.50,474.70,542.30,546.00,470.70,,543.85,,,16290,8671400.00,723,F1,1,,,,,
2026-10-06,2026-10-06,CM,BSE,STK,513536,INE207H01018,GNRL,B,,,,,GUJARAT NATURAL RESOURCES LIMI,97.10,99.22,95.80,98.68,98.45,96.65,,98.77,,,15520,1509966.00,527,F1,1,,,,,
2026-10-06,2026-10-06,CM,BSE,STK,513540,INE176E01012,TNSTLTU,P,,,,,TAMILNADU STEEL TUBES LTD.,29.50,29.50,29.50,29.50,29.50,28.50,,29.50,,,200,5900.00,1,F1,100,,,,,
2026-10-06,2026-10-06,CM,BSE,STK,513544,INE277E01026,MSCTC,XT,,,,,MARDIA SAMYOUNG CAPILLARY TUBE,51.00,52.02,51.00,52.02,52.02,51.00,,52.02,,,242,12543.00,10,F1,1,,,,,
2026-10-06,2026-10-06,CM,BSE,STK,513548,INE385M01012,SHRDAIS,X,,,,,SHARDA ISPAT LTD.,148.00,152.00,148.00,151.00,151.00,147.00,,151.00,,,160,24186.00,6,F1,1,,,,,
2026-10-06,2026-10-06,CM,BSE,STK,513554,INE451L01014,MAHASTEEL,T,,,,,MAHAMAYA STEEL INDUSTRIES LTD.,1168.55,1168.60,1135.00,1162.70,1135.00,1174.55,,1141.66,,,12,13952.00,5,F1,1,,,,,
2026-10-06,2026-10-06,CM,BSE,STK,513566,INE608C01026,NOVIS,XT,,,,,NOVA IRON & STEEL LTD.,12.66,13.29,12.66,13.20,13.20,12.66,,13.20,,,1310,17274.00,12,F1,1,,,,,
2026-10-06,2026-10-06,CM,BSE,STK,513575,INE067E01013,STERPOW,X,,,,,STERLING POWERGENSYS LTD,23.00,23.60,22.01,23.00,23.00,22.80,,23.00,,,2195,50409.00,35,F1,1,,,,,
2026-10-06,2026-10-06,CM,BSE,STK,513599,INE531E01026,HINDCOPPER,A,,,,,HINDUSTAN COPPER LTD.,484.20,487.40,480.00,485.65,485.65,478.70,,485.51,,,485899,234899518.00,8890,F1,1,,,,,
2026-10-06,2026-10-06,CM,BSE,STK,513629,INE463D01016,TULSYAN,X,,,,,TULSYAN NEC LTD.,30.00,30.00,29.20,30.00,30.00,30.06,,30.00,,,412,12358.00,7,F1,1,,,,,
2026-10-06,2026-10-06,CM,BSE,STK,513642,INE197C01012,AXELPOLY,X,,,,,AXEL POLYMERS LTD.,50.97,50.97,43.50,46.91,46.90,47.16,,46.91,,,1389,65104.00,41,F1,1,,,,,
2026-10-06,2026-10-06,CM,BSE,STK,513683,INE589A01014,NLCINDIA,A,,,,,NLC India Limited,256.90,260.00,254.10,254.60,254.60,252.25,,254.89,,,61483,15812670.00,1195,F1,1,,,,,
2026-10-06,2026-10-06,CM,BSE,STK,513687,INE848B01012,SPECTRA,Z,,,,,SPECTRA INDUSTRIES LTD.,3.92,4.03,3.65,4.03,4.03,3.84,,4.03,,,1591,5824.00,11,F1,1,,,,,
2026-10-06,2026-10-06,CM,BSE,STK,513693,INE434C01027,KAJARIR,X,,,,,KIC METALIKS LTD.,29.95,30.80,29.15,29.70,29.70,29.02,,29.70,,,5519,165074.00,20,F1,1,,,,,
2026-10-06,2026-10-06,CM,BSE,STK,513699,INE584G01012,SOLIDSTON,X,,,,,SOLID STONE COMPANY LTD.,29.74,29.74,25.00,26.97,26.97,26.00,,26.97,,,20,531.00,11,F1,1,,,,,
2026-10-06,2026-10-06,CM,BSE,STK,513709,INE960A01017,SHILGRAVQ,B,,,,,SHILP GRAVURES LTD.,144.90,153.85,144.90,145.20,145.20,138.20,,145.31,,,47,6825.00,4,F1,1,,,,,
2026-10-06,2026-10-06,CM,BSE,STK,513713,INE146C01019,WHITEORG,X,,,,,White Organic Agro Limited,3.49,3.49,3.32,3.46,3.46,3.46,,3.46,,,9329,31820.00,38,F1,1,,,,,
2026-10-06,2026-10-06,CM,BSE,STK,513721,INE614F01019,MFSINTRCRP,X,,,,,MFS INTERCORP LTD.,13.00,13.22,13.00,13.19,13.19,12.85,,13.19,,,1286,16966.00,10,F1,1,,,,,
2026-10-06,2026-10-06,CM,BSE,STK,513729,INE210C01013,AROGRANITE,B,,,,,ARO GRANITE INDUSTRIES LTD.,23.00,23.00,22.51,22.98,22.72,21.93,,22.97,,,274,6299.00,17,F1,1,,,,,
2026-10-06,2026-10-06,CM,BSE,STK,514010,INE723D01021,RUDRAECO,XT,,,,,RUDRA ECOVATION LIMITED,21.16,22.60,21.03,21.12,21.08,22.00,,21.12,,,109889,2344345.00,147,F1,1,,,,,
2026-10-06,2026-10-06,CM,BSE,STK,514028,INE376L01013,RAJKSYN,X,,,,,RAJKAMAL SYNTHETICS LTD.,18.51,19.90,18.10,19.90,19.90,20.11,,19.90,,,1064,19394.00,5,F1,1,,,,,
2026-10-06,2026-10-06,CM,BSE,STK,514030,INE272C01013,DEEPAKSP,X,,,,,DEEPAK SPINNERS LTD.,141.00,145.90,140.00,143.70,143.70,141.60,,143.70,,,4102,584576.00,71,F1,1,,,,,
2026-10-06,2026-10-06,CM,BSE,STK,514043,INE049A01027,HIMATSEIDE,B,,,,,HIMATSINGKA SEIDE LTD.,65.99,66.11,64.65,65.40,65.17,64.59,,65.36,,,24627,1605141.00,436,F1,1,,,,,
2026-10-06,2026-10-06,CM,BSE,STK,514045,INE594B01012,BSL,B,,,,,BSL LTD.,118.55,118.75,118.15,118.75,118.75,120.20,,119.76,,,65,7691.00,6,F1,1,,,,,
2026-10-06,2026-10-06,CM,BSE,STK,514060,INE229N01010,NEWTRAC,XT,,,,,NEWTRAC FOODS & BEVERAGES LIMI,4.60,4.85,4.41,4.78,4.79,4.64,,4.78,,,55497,257664.00,174,F1,1,,,,,
2026-10-06,2026-10-06,CM,BSE,STK,514087,INE501F01018,PBMPOLY,B,,,,,PBM POLYTEX LTD.,56.85,61.00,55.05,61.00,61.00,60.40,,58.75,,,3131,184747.00,11,F1,1,,,,,
2026-10-06,2026-10-06,CM,BSE,STK,514138,INE132C01027,SURYALA,B,,,,,SURYALATA SPINNING MILLS LTD.,375.00,375.00,375.00,375.00,375.00,377.30,,375.65,,,10,3750.00,1,F1,1,,,,,
2026-10-06,2026-10-06,CM,BSE,STK,514142,INE592B01024,TTL,B,,,,,T T LTD.,7.76,7.85,7.36,7.47,7.54,7.81,,7.38,,,9087,69778.00,100,F1,1,,,,,
2026-10-06,2026-10-06,CM,BSE,STK,514162,INE192B01031,WELSPUNLIV,A,,,,,WELSPUN LIVING LIMITED,230.70,240.45,230.65,237.70,237.70,230.30,,237.85,,,641417,151946997.00,6006,F1,1,,,,,
2026-10-06,2026-10-06,CM,BSE,STK,514165,INE862B01013,INDIANACRY,X,,,,,INDIAN ACRYLICS LTD.,5.89,5.89,5.55,5.66,5.66,5.70,,5.66,,,11123,63576.00,54,F1,1,,,,,
2026-10-06,2026-10-06,CM,BSE,STK,514167,INE845D01014,GANECOS,B,,,,,GANESHA ECOSPHERE LTD.,965.90,995.00,965.75,992.05,995.00,967.10,,990.12,,,613,605796.00,83,F1,1,,,,,
2026-10-06,2026-10-06,CM,BSE,STK,514171,INE760J01012,CEETAIN,X,,,,,CEETA INDUSTRIES LTD.,41.60,41.60,35.36,35.53,38.39,38.90,,35.53,,,506,19795.00,8,F1,1,,,,,
2026-10-06,2026-10-06,CM,BSE,STK,514175,INE835A01029,VARDMNPOLY,B,,,,,VARDHMAN POLYTEX LTD.,5.51,5.66,5.31,5.59,5.58,5.61,,5.44,,,15832,86451.00,71,F1,1,,,,,
2026-10-06,2026-10-06,CM,BSE,STK,514183,INE761G01016,BLACKROSE,B,,,,,BLACK ROSE INDUSTRIES LTD.,110.80,111.85,107.15,108.95,108.95,110.80,,107.80,,,8455,919587.00,164,F1,1,,,,,
2026-10-06,2026-10-06,CM,BSE,STK,514197,INE110Q01023,STCORP,X,,,,,S&T CORPORATION LTD.,4.18,4.18,4.01,4.13,4.01,4.01,,4.13,,,502,2078.00,11,F1,1,,,,,
2026-10-06,2026-10-06,CM,BSE,STK,514211,INE235C01036,SUMEETINDS,B,,,,,SUMEET INDUSTRIES LTD.,11.51,11.51,11.51,11.51,11.51,10.97,,11.46,,,256113,2947860.00,140,F1,1,,,,,
2026-10-06,2026-10-06,CM,BSE,STK,514223,INE410D01017,RAMGOPOLY,XT,,,,,RAMGOPAL POLYTEX LTD.,28.82,29.45,28.82,29.45,29.45,29.40,,29.45,,,2596,75039.00,13,F1,1,,,,,
2026-10-06,2026-10-06,CM,BSE,STK,514234,INE495C01010,SANGAMIND,B,,,,,SANGAM (INDIA) LTD.,632.65,645.00,630.90,642.80,642.60,629.75,,642.42,,,1538,982379.00,88,F1,1,,,,,
2026-10-06,2026-10-06,CM,BSE,STK,514238,INE874A01010,MKVENTURES,X,,,,,MKVENTURES CAPITAL LIMITED,1076.95,1076.95,982.00,1018.75,1029.80,1032.75,,1018.75,,,1757,1755949.00,108,F1,1,,,,,
2026-10-06,2026-10-06,CM,BSE,STK,514240,INE979D01011,KUSHIND,X,,,,,Kush Industries Limited,6.06,6.06,5.78,5.91,5.91,6.06,,5.91,,,1179,7067.00,11,F1,1,,,,,
2026-10-06,2026-10-06,CM,BSE,STK,514248,INE377C01010,SRECR,P,,,,,SREECHEM RESINS LTD.,27.50,27.50,27.50,27.50,27.50,28.93,,27.50,,,200,5500.00,2,F1,100,,,,,
2026-10-06,2026-10-06,CM,BSE,STK,514260,INE899E01019,SURBHIN,XT,,,,,SURBHI INDUSTRIES LTD.,82.50,89.78,81.28,86.45,81.35,85.55,,86.45,,,830,68760.00,47,F1,1,,,,,
2026-10-06,2026-10-06,CM,BSE,STK,514266,INE106C01013,ZENIFIB,X,,,,,ZENITH FIBRES LTD.,62.99,63.70,59.00,62.89,62.89,61.76,,62.89,,,3162,191172.00,26,F1,1,,,,,
2026-10-06,2026-10-06,CM,BSE,STK,514272,INE436C01014,BHILSPIN,X,,,,,BHILWARA SPINNERS LTD.,123.65,129.75,121.15,125.00,125.00,122.50,,125.00,,,2768,339120.00,38,F1,1,,,,,
2026-10-06,2026-10-06,CM,BSE,STK,514274,INE273D01027,VGL,B,,,,,VARVEE GLOBAL LIMITED,64.31,65.18,63.35,63.57,63.52,63.13,,63.74,,,7607,485443.00,216,F1,1,,,,,
2026-10-06,2026-10-06,CM,BSE,STK,514280,INE589J01015,SANTETX,X,,,,,SANRHEA TECHNICAL TEXTILES LTD,165.90,166.00,158.05,161.50,162.00,157.85,,161.50,,,445,71921.00,15,F1,1,,,,,
2026-10-06,2026-10-06,CM,BSE,STK,514286,INE440A01010,ASHIMASYN,B,,,,,ASHIMA LTD.,14.88,15.34,14.75,14.75,14.75,14.82,,14.88,,,2977,44047.00,30,F1,1,,,,,
2026-10-06,2026-10-06,CM,BSE,STK,514300,INE156C01018,PIONEEREMB,B,,,,,PIONEER EMBROIDERIES LTD.,20.60,20.60,20.60,20.60,20.60,20.89,,20.60,,,110,2266.00,4,F1,1,,,,,
2026-10-06,2026-10-06,CM,BSE,STK,514302,INE660D01017,VIPPYSP,X,,,,,VIPPY SPINPRO LTD.,173.05,173.05,173.05,173.05,173.05,173.05,,173.05,,,1,173.00,1,F1,1,,,,,
2026-10-06,2026-10-06,CM,BSE,STK,514312,INE156E01014,JAIHIND,X,,,,,JAIHIND INDUSTRIES LIMITED,45.50,45.50,43.20,44.36,44.99,44.98,,44.36,,,722,31357.00,25,F1,1,,,,,
2026-10-06,2026-10-06,CM,BSE,STK,514316,INE969C01022,RAGHUSYN,X,,,,,RAGHUVIR SYNTHETICS LTD.,80.65,80.65,74.60,78.60,78.60,79.33,,78.60,,,1743,136639.00,29,F1,1,,,,,
2026-10-06,2026-10-06,CM,BSE,STK,514318,INE722N01014,JATTAINDUS,X,,,,,JATTASHANKAR INDUSTIES LTD.,610.00,670.00,610.00,646.90,665.00,610.00,,646.90,,,692,449155.00,46,F1,1,,,,,
2026-10-06,2026-10-06,CM,BSE,STK,514322,INE535C01013,KAMADGIRI,X,,,,,KAMADGIRI FASHION LTD.,105.00,105.00,105.00,105.00,105.00,98.00,,105.00,,,25,2625.00,2,F1,1,,,,,
2026-10-06,2026-10-06,CM,BSE,STK,514324,INE814D01010,OMNITEX,X,,,,,OMNITEX INDUSTRIES (INDIA) LTD,744.80,755.00,711.30,729.15,750.00,734.35,,729.15,,,713,520993.00,30,F1,1,,,,,
2026-10-06,2026-10-06,CM,BSE,STK,514326,INE790C01014,PATSPINLTD,X,,,,,PATSPIN INDIA LTD.,6.40,6.60,6.21,6.32,6.48,6.17,,6.32,,,3766,24091.00,46,F1,1,,,,,
2026-10-06,2026-10-06,CM,BSE,STK,514330,INE670O01013,ONEGLOBAL,B,,,,,ONE GLOBAL SERVICE PROVIDER LI,559.35,565.00,537.30,563.95,564.85,543.20,,563.99,,,4407,2427893.00,279,F1,1,,,,,
2026-10-06,2026-10-06,CM,BSE,STK,514332,INE216I01017,NEOINFRA,X,,,,,NEO INFRACON LTD.,45.52,45.52,41.06,43.00,42.99,46.46,,43.00,,,2541,108504.00,61,F1,1,,,,,
2026-10-06,2026-10-06,CM,BSE,STK,514336,INE194N01016,CCME,XT,,,,,CCME GLOBAL LIMITED,37.47,37.47,37.47,37.47,37.47,39.44,,37.47,,,716,26828.00,25,F1,1,,,,,
2026-10-06,2026-10-06,CM,BSE,STK,514354,INE309M01020,PREMIERPOL,B,,,,,PREMIER POLYFILM LTD.,100.12,103.32,94.99,97.78,97.66,101.80,,97.26,,,74973,7497342.00,1070,F1,1,,,,,
2026-10-06,2026-10-06,CM,BSE,STK,514358,INE339D01034,EVERFIN,X,,,,,EVERLON FINANCIALS LIMITED,109.00,109.00,109.00,109.00,109.00,109.10,,109.00,,,129,14061.00,3,F1,1,,,,,
2026-10-06,2026-10-06,CM,BSE,STK,514360,INE078T01026,KRRAIL,X,,,,,K&R RAIL ENGINEERING LIMITED,17.87,17.87,16.85,17.29,17.45,17.44,,17.29,,,123319,2110427.00,685,F1,1,,,,,
2026-10-06,2026-10-06,CM,BSE,STK,514378,INE564C01013,YARNSYN,X,,,,,YARN SYNDICATE LTD.,12.98,14.50,12.75,13.40,13.47,12.51,,13.40,,,12740,167428.00,57,F1,1,,,,,
2026-10-06,2026-10-06,CM,BSE,STK,514386,INE004C01028,GUJCOTEX,X,,,,,GUJARAT COTEX LTD.,2.40,2.50,2.40,2.46,2.46,2.42,,2.46,,,2136010,5240855.00,211,F1,1,,,,,
2026-10-06,2026-10-06,CM,BSE,STK,514400,INE340D01016,GARWSYN,X,,,,,GARWARE SYNTHETICS LTD.,18.50,18.50,18.00,18.17,18.00,18.50,,18.17,,,150,2725.00,2,F1,1,,,,,
2026-10-06,2026-10-06,CM,BSE,STK,514402,INE638N01012,ECOHOTELS,X,,,,,ECO HOTELS AND RESORTS LIMITED,11.10,11.10,10.27,10.84,10.98,10.81,,10.84,,,19690,209398.00,53,F1,1,,,,,
2026-10-06,2026-10-06,CM,BSE,STK,514414,INE114D01015,OXFORDIN,XT,,,,,OXFORD INDUSTRIES LTD.,11.99,11.99,11.99,11.99,11.99,12.23,,11.99,,,225,2697.00,11,F1,1,,,,,
2026-10-06,2026-10-06,CM,BSE,STK,514418,INE370D01013,MANORG,B,,,,,MANGALAM ORGANICS LIMITED,433.30,437.90,430.30,437.90,437.90,430.50,,436.12,,,385,166608.00,16,F1,1,,,,,
2026-10-06,2026-10-06,CM,BSE,STK,514428,INE074C01013,HINDADH,B,,,,,HINDUSTAN ADHESIVES LTD.,391.95,391.95,370.20,374.20,376.55,387.30,,381.02,,,62,23393.00,13,F1,1,,,,,
2026-10-06,2026-10-06,CM,BSE,STK,514440,INE439N01031,BPAGRI,B,,,,,Blue Pearl Agriventures Limite,6.99,7.00,6.70,6.80,6.80,6.79,,6.80,,,28330,193248.00,113,F1,1,,,,,
2026-10-06,2026-10-06,CM,BSE,STK,514442,INE009C01019,SRIKPRIND,T,,,,,SRI KPR INDUSTRIES LTD.,26.20,28.00,26.00,27.90,27.90,27.36,,25.23,,,2780,75953.00,11,F1,1,,,,,
2026-10-06,2026-10-06,CM,BSE,STK,514448,INE577D01013,JYOTIRES,B,,,,,JYOTI RESINS & ADHESIVES LTD.,833.85,848.00,832.90,848.00,848.00,832.40,,849.46,,,931,781190.00,144,F1,1,,,,,
2026-10-06,2026-10-06,CM,BSE,STK,514450,INE112D01035,MHLXMIRU,T,,,,,MAHALAXMI RUBTECH LTD.,172.00,172.00,171.50,171.50,171.50,175.70,,171.12,,,233,40056.00,2,F1,1,,,,,
2026-10-06,2026-10-06,CM,BSE,STK,514454,INE410M01018,SOUTLAT,XT,,,,,SOUTHERN LATEX LTD.,30.80,32.00,29.00,32.00,32.00,30.50,,32.00,,,982,28704.00,22,F1,1,,,,,
2026-10-06,2026-10-06,CM,BSE,STK,514470,INE837B01031,WINSOMTX,X,,,,,WINSOME TEXTILE INDUSTRIES LTD,81.96,81.96,78.06,79.09,79.06,81.56,,79.09,,,7744,613448.00,59,F1,1,,,,,
2026-10-06,2026-10-06,CM,BSE,STK,515008,INE219W01012,MODINSU,T,,,,,MODERN INSULATORS LTD.,466.75,466.75,466.75,466.75,466.75,444.55,,466.75,,,27184,12688132.00,141,F1,1,,,,,
2026-10-06,2026-10-06,CM,BSE,STK,515018,INE277C01012,REGENCERAM,B,,,,,REGENCY CERAMICS LTD.,32.00,33.90,30.05,33.53,33.33,32.00,,33.41,,,5195,172325.00,37,F1,1,,,,,
2026-10-06,2026-10-06,CM,BSE,STK,515030,INE439A01020,ASAHIINDIA,A,,,,,ASAHI INDIA GLASS LTD.,990.00,990.00,941.85,956.80,956.15,944.10,,956.95,,,1592,1508975.00,173,F1,1,,,,,
2026-10-06,2026-10-06,CM,BSE,STK,515037,INE692B01014,MURUDCERA,B,,,,,MURUDESHWAR CERAMICS LTD.,28.89,28.89,27.69,27.69,27.69,28.07,,27.96,,,1407,39626.00,16,F1,1,,,,,
2026-10-06,2026-10-06,CM,BSE,STK,515043,INE068B01017,SEKURITIND,B,,,,,SAINT-GOBAIN SEKURIT INDIA LTD,109.45,110.35,107.75,110.10,109.60,108.40,,110.09,,,5862,638804.00,141,F1,1,,,,,
2026-10-06,2026-10-06,CM,BSE,STK,515055,INE242C01024,ANANTRAJ,A,,,,,ANANT RAJ LIMITED,589.40,612.00,588.05,608.80,608.80,587.60,,608.89,,,108962,65257460.00,3089,F1,1,,,,,
2026-10-06,2026-10-06,CM,BSE,STK,515059,INE469C01023,MADHUDIN,X,,,,,MADHUSUDAN INDUSTRIES LTD.,34.88,35.00,32.58,32.67,32.58,34.94,,32.67,,,1100,37949.00,9,F1,1,,,,,
2026-10-06,2026-10-06,CM,BSE,STK,515085,INE298E01022,RESTILE,X,,,,,RESTILE CERAMICS LTD.,7.34,7.90,7.34,7.88,7.90,7.19,,7.88,,,30125,232786.00,66,F1,1,,,,,
2026-10-06,2026-10-06,CM,BSE,STK,515093,INE925C01016,MADHAV,B,,,,,MADHAV MARBLES & GRANITES LTD.,33.76,36.18,33.76,33.80,33.80,34.07,,33.93,,,81,2759.00,18,F1,1,,,,,
2026-10-06,2026-10-06,CM,BSE,STK,515147,INE506D01020,HALDYNGL,B,,,,,HALDYN GLASS LTD,144.10,144.80,140.35,142.85,142.90,142.35,,142.29,,,3238,459607.00,88,F1,1,,,,,
2026-10-06,2026-10-06,CM,BSE,STK,516003,INE932D01010,DUROPLY,X,,,,,DUROPLY INDUSTRIES LIMITED,112.90,112.90,100.95,103.55,103.85,99.00,,103.55,,,3304,340728.00,31,F1,1,,,,,
2026-10-06,2026-10-06,CM,BSE,STK,516016,INE231C01019,SHREYANIND,B,,,,,SHREYANS INDUSTRIES LTD.,129.00,129.20,126.75,126.75,126.75,128.35,,128.94,,,460,58658.00,93,F1,1,,,,,
2026-10-06,2026-10-06,CM,BSE,STK,516020,INE112C01011,AGIOPAPER,X,,,,,AGIO PAPER & INDUSTRIES LTD.,3.50,3.50,3.50,3.50,3.50,3.52,,3.50,,,4,14.00,1,F1,1,,,,,
2026-10-06,2026-10-06,CM,BSE,STK,516022,INE733A01018,STARPAPER,B,,,,,STAR PAPER MILLS LTD.,152.70,152.70,152.70,152.70,152.70,150.20,,154.14,,,1,152.00,1,F1,1,,,,,
2026-10-06,2026-10-06,CM,BSE,STK,516030,INE551D01018,PAKKA,B,,,,,PAKKA LIMITED,71.62,73.95,68.86,69.29,69.29,70.15,,69.14,,,34552,2446065.00,1156,F1,1,,,,,
2026-10-06,2026-10-06,CM,BSE,STK,516032,INE385D01029,TAHMARENT,X,,,,,TAHMAR ENTERPRISES LIMITED,4.13,4.28,4.00,4.11,4.04,4.13,,4.11,,,37259,151988.00,71,F1,1,,,,,
2026-10-06,2026-10-06,CM,BSE,STK,516038,INE737E01011,KSSMART,B,,,,,KS Smart Technologies Limited,94.01,94.01,89.04,89.88,89.51,90.27,,89.88,,,8319,750845.00,93,F1,1,,,,,
2026-10-06,2026-10-06,CM,BSE,STK,516062,INE497C01016,NATPLY,Z,,,,,NATIONAL PLYWOOD INDUSTRIES LT,2.60,2.60,2.60,2.60,2.60,2.63,,2.60,,,4,10.00,1,F1,1,,,,,
2026-10-06,2026-10-06,CM,BSE,STK,516064,INE570D01018,ARROWGREEN,B,,,,,Arrow Greentech Limited,869.85,913.45,860.65,893.10,891.00,860.10,,891.83,,,3265,2920376.00,373,F1,1,,,,,
2026-10-06,2026-10-06,CM,BSE,STK,516072,INE270I01022,VISHNU,B,,,,,VISHNU CHEMICALS LTD.,649.90,700.70,649.90,694.55,693.65,647.55,,695.51,,,14216,9730046.00,682,F1,1,,,,,
2026-10-06,2026-10-06,CM,BSE,STK,516078,INE699D01015,JUMBO,XT,,,,,JUMBO BAG LTD.,92.90,92.90,89.30,89.41,89.31,89.33,,89.41,,,4745,425073.00,37,F1,1,,,,,
2026-10-06,2026-10-06,CM,BSE,STK,516082,INE740D01017,NRAIL,B,,,,,N.R.AGARWAL INDUSTRIES LTD.,683.75,683.75,658.00,658.00,658.00,657.45,,658.25,,,761,506955.00,90,F1,1,,,,,
2026-10-06,2026-10-06,CM,BSE,STK,516092,INE105C01023,3PLAND,B,,,,,3P LAND HOLDINGS LTD.,30.30,30.30,30.00,30.03,30.03,29.70,,30.73,,,179,5375.00,5,F1,1,,,,,
2026-10-06,2026-10-06,CM,BSE,STK,516096,INE384D01022,SANPA,X,,,,,SANGAL PAPERS LTD.,192.00,194.90,190.30,193.70,194.90,199.75,,193.70,,,252,48575.00,13,F1,1,,,,,
2026-10-06,2026-10-06,CM,BSE,STK,516098,INE810C01044,VENTURA,X,,,,,VENTURA TEXTILES LTD.,7.85,7.88,7.53,7.55,7.53,7.85,,7.55,,,433,3359.00,12,F1,1,,,,,
2026-10-06,2026-10-06,CM,BSE,STK,516106,INE538D01015,SHKARTP,X,,,,,SHREE KARTHIK PAPERS LTD.,7.75,7.75,7.50,7.51,7.51,7.75,,7.51,,,699,5297.00,22,F1,1,,,,,
2026-10-06,2026-10-06,CM,BSE,STK,516108,INE088G01014,STHINPA,X,,,,,SOUTH INDIA PAPER MILLS LTD.,119.00,119.95,117.00,117.50,117.50,118.95,,117.50,,,7486,890700.00,23,F1,1,,,,,
2026-10-06,2026-10-06,CM,BSE,STK,516110,INE146N01016,FAMILYCARE,X,,,,,FAMILY CARE HOSPITALS LIMITED,1.93,1.94,1.83,1.85,1.87,1.88,,1.85,,,49780,93318.00,148,F1,1,,,,,
2026-10-06,2026-10-06,CM,BSE,STK,517015,INE707A01012,VINDHYATEL,B,,,,,VINDHYA TELELINKS LTD.,2607.60,2841.00,2607.60,2827.45,2827.45,2576.75,,2829.66,,,9512,26295886.00,1008,F1,1,,,,,
2026-10-06,2026-10-06,CM,BSE,STK,517035,INE302D01024,RIR,B,,,,,RIR POWER ELECTRONICS LIMITED,175.05,185.00,175.05,183.25,183.25,174.35,,183.46,,,79493,14308188.00,813,F1,1,,,,,
2026-10-06,2026-10-06,CM,BSE,STK,517041,INE045A01017,ADOR,B,,,,,ADOR WELDING LTD.,1500.05,1552.10,1500.05,1533.35,1540.10,1519.25,,1534.87,,,1501,2307593.00,216,F1,1,,,,,
2026-10-06,2026-10-06,CM,BSE,STK,517059,INE457F01013,SALZERELEC,B,,,,,SALZER ELECTRONICS LTD.,523.00,529.05,520.30,524.35,520.30,524.55,,524.94,,,1232,646684.00,77,F1,1,,,,,
2026-10-06,2026-10-06,CM,BSE,STK,517063,INE919C01019,JETKINGQ,X,,,,,JETKING INFOTRAIN LTD.,120.00,123.80,120.00,120.95,120.50,121.60,,120.95,,,1456,177498.00,50,F1,1,,,,,
2026-10-06,2026-10-06,CM,BSE,STK,517077,INE115E01010,INDAGIV,X,,,,,IND-AGIV COMMERCE LTD.,38.00,38.00,38.00,38.00,38.00,37.24,,38.00,,,60,2280.00,2,F1,1,,,,,
2026-10-06,2026-10-06,CM,BSE,STK,517096,INE273A01015,APLAB,X,,,,,APLAB LTD.,75.98,75.98,68.20,70.25,71.48,71.96,,70.25,,,2255,158780.00,38,F1,1,,,,,
2026-10-06,2026-10-06,CM,BSE,STK,517119,INE834B01012,PCS,X,,,,,PCS TECHNOLOGY LTD.,22.54,24.15,22.51,22.92,23.50,23.00,,22.92,,,18249,433470.00,83,F1,1,,,,,
2026-10-06,2026-10-06,CM,BSE,STK,517146,INE228A01035,USHAMART,A,,,,,USHA MARTIN LTD.,514.00,519.70,501.90,516.35,516.35,511.55,,516.67,,,74904,38449304.00,3293,F1,1,,,,,
2026-10-06,2026-10-06,CM,BSE,STK,517168,INE287B01021,SUBROS,B,,,,,SUBROS LTD.,680.55,685.20,674.00,681.40,683.95,675.10,,682.92,,,675,457825.00,90,F1,1,,,,,
2026-10-06,2026-10-06,CM,BSE,STK,517170,INE125G01014,EDVENSWA,X,,,,,Edvenswa Enterprises Limited,21.36,22.25,21.36,22.13,22.13,22.25,,22.13,,,4456,96914.00,16,F1,1,,,,,
2026-10-06,2026-10-06,CM,BSE,STK,517172,INE443P01038,PERVASIVE,XT,,,,,Pervasive Commodities Limited,12.58,12.58,12.58,12.58,12.58,12.34,,12.58,,,25,314.00,1,F1,1,,,,,
2026-10-06,2026-10-06,CM,BSE,STK,517174,INE671A01010,HONAUT,A,,,,,HONEYWELL AUTOMATION INDIA LTD,33775.00,34010.00,33545.00,33764.45,33700.00,33766.70,,33779.67,,,84,2831097.00,58,F1,1,,,,,
2026-10-06,2026-10-06,CM,BSE,STK,517201,INE311D01017,SWITCHTE,XT,,,,,SWITCHING TECHNOLOGIES GUNTHER,170.10,170.10,157.05,164.00,164.00,164.75,,164.00,,,6062,997592.00,45,F1,1,,,,,
2026-10-06,2026-10-06,CM,BSE,STK,517206,INE162B01018,LUMAXIND,B,,,,,LUMAX INDUSTRIES LTD.,5430.10,5500.00,5395.90,5437.50,5421.35,5453.90,,5435.53,,,241,1312173.00,71,F1,1,,,,,
2026-10-06,2026-10-06,CM,BSE,STK,517214,INE927C01020,DIGISPICE,B,,,,,DIGISPICE TECHNOLOGIES LIMITED,15.49,15.51,15.00,15.10,15.10,15.17,,15.12,,,8049,122733.00,50,F1,1,,,,,
2026-10-06,2026-10-06,CM,BSE,STK,517230,INE766A01026,AURIQUE,XT,,,,,AURIQUE LIMITED,43.16,43.16,43.16,43.16,43.16,41.11,,43.16,,,21,906.00,3,F1,1,,,,,
2026-10-06,2026-10-06,CM,BSE,STK,517236,INE216C01010,CALCOM,X,,,,,CALCOM VISION LTD.,68.00,68.00,62.25,63.92,64.00,64.21,,63.92,,,1635,103432.00,35,F1,1,,,,,
2026-10-06,2026-10-06,CM,BSE,STK,517238,INE083E01010,DYNAVSN,X,,,,,DYNAVISION LTD.,235.05,235.05,234.95,235.00,235.00,240.00,,235.00,,,600,141000.00,8,F1,1,,,,,
2026-10-06,2026-10-06,CM,BSE,STK,517246,INE788D01016,BCCFUBA,XT,,,,,BCC FUBA INDIA LTD.,312.90,312.90,298.55,302.80,307.85,314.10,,302.80,,,26878,8170399.00,476,F1,1,,,,,
2026-10-06,2026-10-06,CM,BSE,STK,517258,INE143C01024,PRECISIO,XT,,,,,PRECISION ELECTRONICS LTD.,186.00,190.00,186.00,190.00,190.00,187.20,,190.00,,,168,31912.00,8,F1,1,,,,,
2026-10-06,2026-10-06,CM,BSE,STK,517264,INE087E01011,FINELINE,X,,,,,FINE-LINE CIRCUITS LTD.,64.05,64.05,60.69,63.07,63.07,63.09,,63.07,,,2371,147012.00,34,F1,1,,,,,
2026-10-06,2026-10-06,CM,BSE,STK,517271,INE292B01021,HBLENGINE,A,,,,,HBL ENGINEERING LIMITED,766.20,770.65,762.00,764.10,765.00,763.45,,764.30,,,32653,24997134.00,1074,F1,1,,,,,
2026-10-06,2026-10-06,CM,BSE,STK,517273,INE902B01017,S&SPOWER,B,,,,,S&S POWER SWITCHGEAR LTD.,286.50,296.75,280.15,292.75,292.75,292.80,,286.00,,,252,73699.00,16,F1,1,,,,,
2026-10-06,2026-10-06,CM,BSE,STK,517286,INE335Q01026,RNITAI,XT,,,,,RNIT AI SOLUTIONS LIMITED,107.65,111.90,107.60,111.90,111.90,109.75,,111.90,,,109476,12100601.00,167,F1,1,,,,,
2026-10-06,2026-10-06,CM,BSE,STK,517288,INE541F01022,GUJARATPOLY,X,,,,,Gujarat Poly Electronics Limit,54.50,63.72,54.20,63.71,63.71,57.93,,63.71,,,8900,556257.00,117,F1,1,,,,,
2026-10-06,2026-10-06,CM,BSE,STK,517300,INE162A01010,GIPCL,B,,,,,GUJARAT INDUSTRIES POWER CO.LT,176.30,179.20,173.30,174.10,173.75,176.50,,174.06,,,15585,2738091.00,532,F1,1,,,,,
2026-10-06,2026-10-06,CM,BSE,STK,517320,INE898E01011,MAGNUS,XT,,,,,MAGNUS STEEL AND INFRA LIMITED,28.71,28.71,28.71,28.71,28.71,30.22,,28.71,,,10743,308431.00,135,F1,1,,,,,
2026-10-06,2026-10-06,CM,BSE,STK,517334,INE775A01035,MOTHERSON,A,,,,,Samvardhana Motherson Internat,156.45,160.70,155.70,160.10,160.10,157.50,,160.00,,,350013,55471219.00,3942,F1,1,,,,,
2026-10-06,2026-10-06,CM,BSE,STK,517336,INE834C01028,MODMA,P,,,,,MODERN MALLEABLES LTD.,34.01,34.01,33.52,33.76,33.76,34.01,,33.76,,,1100,37190.00,8,F1,100,,,,,
2026-10-06,2026-10-06,CM,BSE,STK,517344,INE110B01017,MINDTECK,B,,,,,MINDTECK (INDIA) LTD.,152.00,154.45,139.90,144.00,142.00,152.00,,143.73,,,18866,2731118.00,493,F1,1,,,,,
2026-10-06,2026-10-06,CM,BSE,STK,517354,INE176B01034,HAVELLS,A,,,,,HAVELLS INDIA LTD.,1051.15,1057.00,1040.00,1056.00,1056.00,1052.00,,1057.00,,,137962,144451191.00,2140,F1,1,,,,,
2026-10-06,2026-10-06,CM,BSE,STK,517356,INE167B01025,ACIIN,XT,,,,,ACI INFOCOM LTD.,2.43,2.43,2.43,2.43,2.43,2.47,,2.43,,,239892,582937.00,53,F1,1,,,,,
2026-10-06,2026-10-06,CM,BSE,STK,517360,INE689V01018,SBECSYS,X,,,,,SBEC SYSTEMS (INDIA) LTD.,19.12,19.94,18.53,18.98,19.40,20.49,,18.98,,,643,12298.00,21,F1,1,,,,,
2026-10-06,2026-10-06,CM,BSE,STK,517370,INE437C01012,INCAP,X,,,,,INCAP LTD.,74.62,75.00,73.01,74.03,73.01,74.62,,74.03,,,1409,105237.00,25,F1,1,,,,,
2026-10-06,2026-10-06,CM,BSE,STK,517372,INE877E01015,GUJINTRX,X,,,,,GUJARAT INTRUX LTD.,427.95,431.00,420.00,427.10,425.25,427.90,,427.10,,,3895,1665445.00,127,F1,1,,,,,
2026-10-06,2026-10-06,CM,BSE,STK,517380,INE188B01013,IGARASHI,B,,,,,IGARASHI MOTORS INDIA LTD.,391.10,416.05,390.25,401.90,401.10,389.05,,401.41,,,6794,2754094.00,309,F1,1,,,,,
2026-10-06,2026-10-06,CM,BSE,STK,517385,INE225D01027,SYMPHONY,B,,,,,SYMPHONY LIMITED,564.50,568.95,555.50,557.55,556.55,559.15,,556.97,,,4730,2655411.00,267,F1,1,,,,,
2026-10-06,2026-10-06,CM,BSE,STK,517393,INE043B01028,REGANTO,Z,,,,,REGANTO ENTERPRISES LIMITED,3.77,3.88,3.74,3.87,3.87,3.70,,3.87,,,196415,754848.00,280,F1,1,,,,,
2026-10-06,2026-10-06,CM,BSE,STK,517397,INE648E01010,PANELEC,X,,,,,PAN ELECTRONICS INDIA LTD.,25.32,26.89,25.13,26.84,26.84,25.32,,26.84,,,92,2395.00,6,F1,1,,,,,
2026-10-06,2026-10-06,CM,BSE,STK,517399,INE756A01019,VXLINSTR,XT,,,,,VXL INSTRUMENTS LTD.,5.50,5.50,5.09,5.48,5.48,5.35,,5.48,,,15398,78998.00,28,F1,1,,,,,
2026-10-06,2026-10-06,CM,BSE,STK,517411,INE635A01023,SHYAMTEL,B,,,,,SHYAM TELECOM LTD.,10.27,11.38,10.26,10.81,11.25,11.38,,10.73,,,95,983.00,7,F1,1,,,,,
2026-10-06,2026-10-06,CM,BSE,STK,517415,INE791B01014,LEENEE,T,,,,,LEE & NEE SOFTWARES (EXPORTS),7.40,7.55,7.20,7.29,7.50,7.52,,7.36,,,1416,10394.00,18,F1,1,,,,,
2026-10-06,2026-10-06,CM,BSE,STK,517417,INE082C01024,PATELSAI,XT,,,,,PATELS AIRTEMP (INDIA) LTD.,380.00,388.00,360.10,375.20,379.50,373.35,,375.20,,,8497,3210103.00,149,F1,1,,,,,
2026-10-06,2026-10-06,CM,BSE,STK,517421,INE295F01017,BUTTERFLY,B,,,,,BUTTERFLY GANDHIMATHI APPLIANC,551.85,553.95,536.95,542.40,541.70,546.90,,543.25,,,1603,873904.00,130,F1,1,,,,,
2026-10-06,2026-10-06,CM,BSE,STK,517429,INE576B01019,ATHENAGLO,X,,,,,Athena Global Technologies Lim,52.90,56.38,52.31,54.35,56.38,54.90,,54.35,,,44,2330.00,3,F1,1,,,,,
2026-10-06,2026-10-06,CM,BSE,STK,517431,INE060D01028,NARMP,X,,,,,NARMADA MACPLAST DRIP IRRIGATI,24.10,24.10,23.10,23.52,23.65,23.01,,23.52,,,25313,594906.00,139,F1,1,,,,,
2026-10-06,2026-10-06,CM,BSE,STK,517437,INE940C01015,DUTRON,X,,,,,DUTRON POLYMERS LTD.,104.00,104.00,104.00,104.00,104.00,102.20,,104.00,,,90,9360.00,1,F1,1,,,,,
2026-10-06,2026-10-06,CM,BSE,STK,517447,INE165B01029,RSSOFTWARE,B,,,,,R.S.SOFTWARE INDIA LTD.,29.55,31.00,29.55,29.91,29.80,29.98,,30.30,,,1109,33307.00,20,F1,1,,,,,
2026-10-06,2026-10-06,CM,BSE,STK,517449,INE437D01010,MAGNAELQ,X,,,,,MAGNA ELECTRO CASTINGS LTD.,1329.00,1334.40,1268.00,1297.45,1310.00,1329.00,,1297.45,,,681,885654.00,41,F1,1,,,,,
2026-10-06,2026-10-06,CM,BSE,STK,517467,INE415B01044,MARSONS,B,,,,,MARSONS LIMITED,115.45,122.20,114.75,119.05,119.35,114.30,,119.23,,,113580,13332495.00,833,F1,1,,,,,
2026-10-06,2026-10-06,CM,BSE,STK,517477,INE033C01019,ELNET,X,,,,,ELNET TECHNOLOGIES LTD.,298.00,301.95,298.00,298.00,298.00,298.00,,298.00,,,119,35513.00,8,F1,1,,,,,
2026-10-06,2026-10-06,CM,BSE,STK,517494,INE258C01038,ACCEL,X,,,,,ACCEL LIMITED,12.00,12.40,11.67,11.88,11.88,11.84,,11.88,,,7331,87793.00,59,F1,1,,,,,
2026-10-06,2026-10-06,CM,BSE,STK,517498,INE855C01023,WEBELSOLAR,A,,,,,WEBSOL ENERGY SYSTEM LTD.,68.91,71.51,67.20,71.08,71.08,68.11,,70.91,,,389833,27081792.00,3813,F1,1,,,,,
2026-10-06,2026-10-06,CM,BSE,STK,517500,INE535D01037,ROTO,B,,,,,ROTO PUMPS LTD.,62.96,63.17,61.80,62.17,62.48,62.19,,62.24,,,32477,2023634.00,219,F1,1,,,,,
2026-10-06,2026-10-06,CM,BSE,STK,517506,INE690A01028,TTKPRESTIG,B,,,,,TTK PRESTIGE LTD.,537.40,537.40,514.10,521.30,519.65,511.50,,522.83,,,624,323596.00,61,F1,1,,,,,
2026-10-06,2026-10-06,CM,BSE,STK,517514,INE589D01018,DHINDIA,X,,,,,D&H INDIA LTD,190.10,198.00,190.10,192.45,196.00,197.05,,192.45,,,623,120508.00,23,F1,1,,,,,
2026-10-06,2026-10-06,CM,BSE,STK,517522,INE451D01029,RAJRATAN,B,,,,,RAJRATAN GLOBAL WIRE LTD.,455.00,474.00,454.50,467.05,466.55,453.75,,467.29,,,2646,1222179.00,220,F1,1,,,,,
2026-10-06,2026-10-06,CM,BSE,STK,517530,INE130B01031,SURANAT&P,B,,,,,SURANA TELECOM AND POWER LIMIT,15.98,16.17,15.50,15.53,15.50,15.49,,15.70,,,4748,74516.00,32,F1,1,,,,,
2026-10-06,2026-10-06,CM,BSE,STK,517536,INE229A01017,ONWARDTEC,B,,,,,ONWARD TECHNOLOGIES LTD.,292.00,296.00,290.85,295.35,295.35,292.40,,294.64,,,1560,457432.00,101,F1,1,,,,,
2026-10-06,2026-10-06,CM,BSE,STK,517544,INE320B01020,CENTUM,B,,,,,CENTUM ELECTRONICS LTD.,4610.65,4649.80,4430.00,4454.20,4454.20,4590.15,,4451.20,,,4009,17988993.00,881,F1,1,,,,,
2026-10-06,2026-10-06,CM,BSE,STK,517546,INE209C01015,ALFATRAN,X,,,,,ALFA TRANSFORMERS LTD.,37.45,38.70,36.30,38.44,38.45,37.45,,38.44,,,3760,141888.00,56,F1,1,,,,,
2026-10-06,2026-10-06,CM,BSE,STK,517554,INE141C01036,NHCFOODS,XT,,,,,NHC FOODS LTD.,1.70,1.77,1.62,1.71,1.71,1.70,,1.71,,,9770873,16392732.00,3689,F1,1,,,,,
2026-10-06,2026-10-06,CM,BSE,STK,517556,INE362A01016,PVP,B,,,,,PVP VENTURES LTD.,46.02,50.42,45.62,50.42,50.42,48.02,,50.34,,,401049,19097409.00,1879,F1,1,,,,,
2026-10-06,2026-10-06,CM,BSE,STK,517562,INE948A01012,TRIGYN,B,,,,,TRIGYN TECHNOLOGIES LTD.,51.61,52.77,51.21,51.66,51.66,51.50,,51.70,,,1771,91178.00,33,F1,1,,,,,
2026-10-06,2026-10-06,CM,BSE,STK,517569,INE878B01027,KEI,A,,,,,KEI INDUSTRIES LTD.,4653.45,4653.45,4570.00,4572.65,4572.65,4625.00,,4557.40,,,7439,34229771.00,2006,F1,1,,,,,
2026-10-06,2026-10-06,CM,BSE,STK,518011,INE145L01012,KEERTHI,X,,,,,KEERTHI INDUSTRIES LTD.,41.00,41.00,38.02,41.00,41.00,39.96,,41.00,,,711,28461.00,19,F1,1,,,,,
2026-10-06,2026-10-06,CM,BSE,STK,518053,INE827D01020,SRICC,X,,,,,Sri Chakra Cement Limited,33.91,34.20,30.10,34.00,34.00,34.23,,34.00,,,252,8153.00,15,F1,1,,,,,
2026-10-06,2026-10-06,CM,BSE,STK,518075,INE069E01019,SURAJ,X,,,,,SURAJ PRODUCTS LTD.,246.65,253.70,234.40,243.65,245.00,246.65,,243.65,,,5077,1227999.00,68,F1,1,,,,,
2026-10-06,2026-10-06,CM,BSE,STK,518091,INE071F01012,APCL,B,,,,,ANJANI PORTLAND CEMENT LTD.,92.35,92.35,92.35,92.35,92.35,92.81,,93.58,,,350,32322.00,4,F1,1,,,,,
2026-10-06,2026-10-06,CM,BSE,STK,519003,INE537F01012,MODINATUR,B,,,,,MODI NATURALS LIMITED,331.00,331.00,310.90,310.90,310.90,325.00,,317.48,,,349,115110.00,11,F1,1,,,,,
2026-10-06,2026-10-06,CM,BSE,STK,519031,INE455D01012,SHAHFOOD,XT,,,,,SHAH FOODS LTD.,350.85,359.95,343.00,351.00,351.00,343.95,,351.00,,,331,114793.00,9,F1,1,,,,,
2026-10-06,2026-10-06,CM,BSE,STK,519091,INE488B01017,TASTYBITE,B,,,,,TASTY BITE EATABLES LTD.,9434.95,9483.50,9330.20,9449.95,9450.00,9348.05,,9418.13,,,107,1005333.00,35,F1,1,,,,,
2026-10-06,2026-10-06,CM,BSE,STK,519097,INE534D01014,RITESHIN,XT,,,,,RITESH INTERNATIONAL LTD.,87.25,88.98,83.10,88.08,88.97,87.47,,88.08,,,9055,763734.00,58,F1,1,,,,,
2026-10-06,2026-10-06,CM,BSE,STK,519105,INE488D01021,AVTNPL,B,,,,,AVT NATURAL PRODUCTS LTD.,89.00,91.85,89.00,89.75,89.24,89.27,,90.16,,,18409,1674127.00,225,F1,1,,,,,
2026-10-06,2026-10-06,CM,BSE,STK,519126,INE254N01026,HNDFDS,B,,,,,HINDUSTAN FOODS LTD.,570.00,591.25,570.00,585.40,586.10,570.55,,584.77,,,3524,2056434.00,239,F1,1,,,,,
2026-10-06,2026-10-06,CM,BSE,STK,519136,INE289A01011,NAHARINDUS,B,,,,,NAHAR INDUSTRIAL ENTERPRISES L,128.10,129.50,126.60,127.05,127.05,126.50,,127.66,,,509,64851.00,30,F1,1,,,,,
2026-10-06,2026-10-06,CM,BSE,STK,519152,INE693D01018,VADILENT,B,,,,,VADILAL ENTERPRISES LTD.,9865.00,9865.00,9850.00,9850.00,9850.00,9870.00,,9855.00,,,2,19715.00,2,F1,1,,,,,
2026-10-06,2026-10-06,CM,BSE,STK,519156,INE694D01016,VADILALIND,B,,,,,VADILAL INDUSTRIES LTD.,7000.05,7367.00,7000.05,7282.10,7318.10,7118.60,,7308.09,,,548,3978218.00,158,F1,1,,,,,
2026-10-06,2026-10-06,CM,BSE,STK,519183,INE982B01027,ADFFOODS,B,,,,,ADF FOODS LTD.,283.05,299.60,282.85,292.65,292.75,282.45,,293.09,,,26729,7799483.00,801,F1,1,,,,,
2026-10-06,2026-10-06,CM,BSE,STK,519191,INE601N01010,RGRL,Z,,,,,Retro Green Revolution Limited,1.20,1.20,1.15,1.20,1.20,1.20,,1.20,,,16416,19602.00,22,F1,1,,,,,
2026-10-06,2026-10-06,CM,BSE,STK,519214,INE188E01017,WILLIMFI,X,,,,,WILLIAMSON FINANCIAL SERVICES,4.10,4.10,4.10,4.10,4.10,4.05,,4.10,,,5,20.00,2,F1,1,,,,,
2026-10-06,2026-10-06,CM,BSE,STK,519216,INE601B01023,AJANTSOY,X,,,,,AJANTA SOYA LTD.,21.00,21.59,20.80,21.11,21.05,20.88,,21.11,,,39578,833818.00,171,F1,1,,,,,
2026-10-06,2026-10-06,CM,BSE,STK,519224,INE210A01017,WILLAMAGOR,B,,,,,WILLIAMSON MAGOR & COMPANY LTD,21.63,21.63,21.50,21.63,21.63,21.63,,21.67,,,504,10888.00,21,F1,1,,,,,
2026-10-06,2026-10-06,CM,BSE,STK,519230,INE102C01020,KISAAN,X,,,,,KISAAN PARIVAR INDUSTRIES LIMI,10.43,10.43,9.41,9.46,9.41,9.91,,9.46,,,13184,125299.00,72,F1,1,,,,,
2026-10-06,2026-10-06,CM,BSE,STK,519234,INE843L01012,SIEL,B,,,,,SUPERIOR INDUSTRIAL ENTERPRISE,30.92,31.50,29.98,29.98,29.98,31.55,,29.98,,,26,815.00,3,F1,1,,,,,
2026-10-06,2026-10-06,CM,BSE,STK,519238,INE233P01017,SPTRSHI,XT,,,,,SAPTARISHI AGRO INDUSTRIES LTD,28.93,30.50,28.93,30.35,30.35,30.45,,30.35,,,1033,29937.00,12,F1,1,,,,,
2026-10-06,2026-10-06,CM,BSE,STK,519242,INE995U01011,FRESITA,XT,,,,,FRESITA PROTEINS LIMITED,129.10,133.35,128.45,133.00,133.00,135.20,,133.00,,,11798,1525740.00,97,F1,1,,,,,
2026-10-06,2026-10-06,CM,BSE,STK,519260,INE890C01046,SANWARIA,Z,,,,,SANWARIA CONSUMER LIMITED,0.49,0.49,0.49,0.49,0.49,0.49,,0.18,,,6143,3010.00,9,F1,1,,,,,
2026-10-06,2026-10-06,CM,BSE,STK,519262,INE297D01018,PRIMAGR,X,,,,,PRIMA AGRO LTD.,15.00,15.00,15.00,15.00,15.00,15.00,,15.00,,,250,3750.00,2,F1,1,,,,,
2026-10-06,2026-10-06,CM,BSE,STK,519279,INE110C01015,MADHURIND,X,,,,,MADHUR INDUSTRIES LTD.,6.68,6.68,6.68,6.68,6.68,6.37,,6.68,,,1003,6700.00,2,F1,1,,,,,
2026-10-06,2026-10-06,CM,BSE,STK,519285,INE906C01016,TARAI,Z,,,,,TARAI FOODS LTD.,4.70,4.70,4.70,4.70,4.70,4.48,,4.70,,,1796,8441.00,3,F1,1,,,,,
2026-10-06,2026-10-06,CM,BSE,STK,519287,INE617B01011,MODAIRY,XT,,,,,MODERN DAIRIES LTD.,48.71,53.83,48.71,53.27,53.83,51.27,,53.27,,,97644,4851822.00,199,F1,1,,,,,
2026-10-06,2026-10-06,CM,BSE,STK,519295,INE921D01013,BAMBINO,X,,,,,BAMBINO AGRO INDUSTRIES LTD.,242.00,248.80,242.00,243.20,243.20,248.85,,243.20,,,409,99181.00,3,F1,1,,,,,
2026-10-06,2026-10-06,CM,BSE,STK,519299,INE543F01028,PRIMIND,XT,,,,,PRIME INDUSTRIES LTD.,102.14,102.14,102.14,102.14,102.14,97.28,,102.14,,,6969,711813.00,28,F1,1,,,,,
2026-10-06,2026-10-06,CM,BSE,STK,519307,INE706A01022,VIKASWSP,Z,,,,,VIKAS WSP LTD.,0.87,0.89,0.85,0.89,0.89,0.85,,0.89,,,65223,57423.00,67,F1,1,,,,,
2026-10-06,2026-10-06,CM,BSE,STK,519331,INE923K01014,VSFPROJ,X,,,,,VSF PROJECTS LTD.,35.89,35.89,32.08,32.78,32.78,33.50,,32.78,,,5424,189488.00,20,F1,1,,,,,
2026-10-06,2026-10-06,CM,BSE,STK,519359,INE809E01018,POONADAL,X,,,,,POONA DAL & OIL INDUSTRIES LTD,59.77,59.77,58.00,58.00,58.00,59.48,,58.00,,,809,47203.00,24,F1,1,,,,,
2026-10-06,2026-10-06,CM,BSE,STK,519367,INE213P01027,TRANSFD,X,,,,,TRANSGLOBE FOODS LTD.,428.00,428.00,428.00,428.00,428.00,429.90,,428.00,,,124,53072.00,1,F1,1,,,,,
2026-10-06,2026-10-06,CM,BSE,STK,519383,INE087B01017,ANIKINDS,B,,,,,ANIK INDUSTRIES LTD.,44.35,48.00,44.11,46.26,45.18,44.40,,45.62,,,10603,493344.00,162,F1,1,,,,,
2026-10-06,2026-10-06,CM,BSE,STK,519397,INE220Z01013,SHINDL,B,,,,,SHARAT INDUSTRIES LTD.,158.85,159.15,156.10,158.90,159.00,158.85,,158.70,,,1628,257652.00,57,F1,1,,,,,
2026-10-06,2026-10-06,CM,BSE,STK,519413,INE673U01014,DATIWARE,P,,,,,DATIWARE MARITIME INFRA LIMITE,50.73,50.73,50.73,50.73,50.73,53.39,,50.73,,,100,5073.00,1,F1,100,,,,,
2026-10-06,2026-10-06,CM,BSE,STK,519421,INE953E01022,KSE,B,,,,,KSE LTD.,175.90,176.50,174.10,175.75,176.50,174.00,,176.46,,,2372,416591.00,145,F1,1,,,,,
2026-10-06,2026-10-06,CM,BSE,STK,519457,INE295C01014,VIRATCRA,X,,,,,VIRAT CRANE INDUSTRIES LTD.,34.99,34.99,34.99,34.99,34.99,34.99,,34.99,,,64,2239.00,5,F1,1,,,,,
2026-10-06,2026-10-06,CM,BSE,STK,519463,INE678B01039,IBINFO,X,,,,,IB INFOTECH ENTERPRISES LTD.,30.00,30.99,28.68,30.96,30.96,30.18,,30.96,,,2432,70927.00,24,F1,1,,,,,
2026-10-06,2026-10-06,CM,BSE,STK,519471,INE072V01017,AMBARPIL,XT,,,,,Ambar Protein Industries Limit,194.95,195.00,194.00,194.90,195.00,185.75,,194.90,,,166,32356.00,16,F1,1,,,,,
2026-10-06,2026-10-06,CM,BSE,STK,519477,INE052V01019,CIANAGRO,B,,,,,CIAN Agro Ind & Infra Ltd,1051.00,1054.95,1014.05,1050.90,1053.00,1034.15,,1050.90,,,31254,32619614.00,1875,F1,1,,,,,
2026-10-06,2026-10-06,CM,BSE,STK,519483,INE358D01018,TAIIND,X,,,,,TAI INDUSTRIES LTD.,28.00,28.93,23.72,26.50,26.50,25.12,,26.50,,,472,11880.00,21,F1,1,,,,,
2026-10-06,2026-10-06,CM,BSE,STK,519494,INE542C01019,NKIND,B,,,,,N.K.INDUSTRIES LTD.,52.51,62.00,50.00,61.80,61.80,52.51,,57.06,,,253,14324.00,21,F1,1,,,,,
2026-10-06,2026-10-06,CM,BSE,STK,519500,INE356C01022,BKV,X,,,,,BKV INDUSTRIES LTD.,9.20,9.39,8.52,9.21,9.39,9.20,,9.21,,,70,638.00,10,F1,1,,,,,
2026-10-06,2026-10-06,CM,BSE,STK,519528,INE369C01017,NORBTEAEXP,B,,,,,NORBEN TEA & EXPORTS LTD.,65.23,65.23,64.40,64.40,64.40,65.55,,64.21,,,35,2276.00,5,F1,1,,,,,
2026-10-06,2026-10-06,CM,BSE,STK,519532,INE822B01017,ASIANTNE,B,,,,,ASIAN TEA & EXPORTS LTD.,9.00,9.10,9.00,9.00,9.00,8.61,,9.06,,,2674,24123.00,17,F1,1,,,,,
2026-10-06,2026-10-06,CM,BSE,STK,519552,INE978A01027,HERITGFOOD,B,,,,,HERITAGE FOODS LIMITED,394.25,408.00,393.55,405.55,404.50,395.50,,406.05,,,17663,7087821.00,413,F1,1,,,,,
2026-10-06,2026-10-06,CM,BSE,STK,519566,INE354D01017,SIMRAN,X,,,,,SIMRAN FARMS LTD.,169.80,169.80,167.00,167.00,167.00,165.30,,167.00,,,267,45231.00,6,F1,1,,,,,
2026-10-06,2026-10-06,CM,BSE,STK,519574,INE092301014,HINDUST,X,,,,,HINDUSTAN AGRIGENETICS LTD.,37.99,37.99,36.15,37.64,37.64,38.99,,37.64,,,410,14967.00,4,F1,1,,,,,
2026-10-06,2026-10-06,CM,BSE,STK,519600,INE421D01022,CCL,A,,,,,CCL PRODUCTS (INDIA) LTD.,1050.00,1069.90,1028.60,1059.00,1059.00,1049.40,,1055.02,,,4761,4992045.00,642,F1,1,,,,,
2026-10-06,2026-10-06,CM,BSE,STK,519602,INE164B01030,KELLTONTEC,B,,,,,KELLTON TECH SOLUTIONS LTD.,12.00,12.49,12.00,12.39,12.49,12.18,,12.40,,,154745,1899834.00,399,F1,1,,,,,
2026-10-06,2026-10-06,CM,BSE,STK,519604,INE565E01016,SURFI,X,,,,,SURYO FOODS & INDUSTRIES LTD.,19.02,20.85,18.92,19.28,18.92,19.90,,19.28,,,7,135.00,4,F1,1,,,,,
2026-10-06,2026-10-06,CM,BSE,STK,519606,INE177M01021,INTEGFD,XT,,,,,INTEGRATED PROTEINS LTD.,12.93,13.45,12.93,13.45,13.45,13.19,,13.45,,,14170,187222.00,31,F1,1,,,,,
2026-10-06,2026-10-06,CM,BSE,STK,519612,INE734D01010,LAKESHORE,X,,,,,LAKE SHORE REALTY LIMITED,64.00,64.00,60.05,60.19,60.15,63.00,,60.19,,,389,23800.00,17,F1,1,,,,,
2026-10-06,2026-10-06,CM,BSE,STK,520008,INE209B01025,RICOAUTO,B,,,,,RICO AUTO INDUSTRIES LTD.,120.20,122.50,120.20,121.90,122.05,120.65,,121.83,,,51750,6284291.00,625,F1,1,,,,,
2026-10-06,2026-10-06,CM,BSE,STK,520021,INE090B01011,OMAXAUTO,B,,,,,OMAX AUTOS LTD.,203.50,213.15,203.50,209.25,209.40,202.25,,209.28,,,11505,2407928.00,402,F1,1,,,,,
2026-10-06,2026-10-06,CM,BSE,STK,520043,INE577A01027,MUNJALSHOW,B,,,,,MUNJAL SHOWA LTD.,125.70,127.85,124.05,124.55,124.30,124.05,,124.80,,,1003,125263.00,34,F1,1,,,,,
2026-10-06,2026-10-06,CM,BSE,STK,520051,INE039C01032,JAMNAAUTO,A,,,,,JAMNA AUTO INDUSTRIES LTD.,133.05,145.60,133.05,144.20,144.20,134.25,,144.21,,,348966,49698235.00,4072,F1,1,,,,,
2026-10-06,2026-10-06,CM,BSE,STK,520056,INE105A01035,TVSHLTD,A,,,,,TVS Holdings Limited,11756.60,11849.00,11705.00,11743.90,11753.40,11822.05,,11762.46,,,509,5994643.00,211,F1,1,,,,,
2026-10-06,2026-10-06,CM,BSE,STK,520057,INE643A01035,JTEKTINDIA,B,,,,,JTEKT India Ltd,113.20,116.15,110.00,115.25,115.15,114.00,,115.37,,,10690,1226650.00,145,F1,1,,,,,
2026-10-06,2026-10-06,CM,BSE,STK,520059,INE672B01032,MUNJALAU,B,,,,,MUNJAL AUTO INDUSTRIES LTD.,100.50,106.05,100.50,105.55,105.25,105.70,,105.33,,,15446,1621747.00,241,F1,1,,,,,
2026-10-06,2026-10-06,CM,BSE,STK,520066,INE571B01036,JAYBARMARU,B,,,,,JAY BHARAT MARUTI LTD.,130.10,134.30,126.85,134.30,134.30,127.95,,134.37,,,83003,10875462.00,1129,F1,1,,,,,
2026-10-06,2026-10-06,CM,BSE,STK,520073,INE704B01017,RACLGEAR,B,,,,,RACL Geartech Limited,1558.00,1601.00,1552.30,1593.60,1601.00,1552.60,,1593.41,,,2996,4691711.00,293,F1,1,,,,,
2026-10-06,2026-10-06,CM,BSE,STK,520075,INE706B01012,SAMKRG,X,,,,,SAMKRG PISTONS & RINGS LTD.,111.50,111.75,109.10,110.95,110.95,109.65,,110.95,,,369,40822.00,13,F1,1,,,,,
2026-10-06,2026-10-06,CM,BSE,STK,520086,INE075B01020,SICALLOG,T,,,,,SICAL LOGISTICS LTD.,87.80,89.95,87.80,88.29,88.29,88.75,,89.33,,,1136,100583.00,20,F1,1,,,,,
2026-10-06,2026-10-06,CM,BSE,STK,520111,INE703B01027,RATNAMANI,A,,,,,RATNAMANI METALS & TUBES LTD.,2590.95,2601.85,2571.50,2595.65,2593.85,2561.45,,2601.12,,,465,1203459.00,102,F1,1,,,,,
2026-10-06,2026-10-06,CM,BSE,STK,520113,INE386A01023,VESUVIUS,A,,,,,VESUVIUS INDIA LTD.,389.60,424.40,389.60,404.70,404.70,389.60,,404.41,,,24506,10024569.00,747,F1,1,,,,,
2026-10-06,2026-10-06,CM,BSE,STK,520119,INE900C01027,ASAL,B,,,,,AUTOMOTIVE STAMPINGS & ASSEMBL,420.00,430.70,420.00,425.25,429.00,425.00,,425.86,,,1361,579745.00,76,F1,1,,,,,
2026-10-06,2026-10-06,CM,BSE,STK,520121,INE276D01012,ARCEEIN,X,,,,,ARCEE INDUSTRIES LTD.,14.55,14.55,14.02,14.15,14.15,13.87,,14.15,,,6124,86629.00,18,F1,1,,,,,
2026-10-06,2026-10-06,CM,BSE,STK,520123,INE125D01011,ABCINDQ,X,,,,,ABC INDIA LTD.,64.00,64.00,60.65,64.00,64.00,64.00,,64.00,,,241,15222.00,14,F1,1,,,,,
2026-10-06,2026-10-06,CM,BSE,STK,520127,INE654B01014,BALTE,X,,,,,BALURGHAT TECHNOLOGIES LTD.,16.20,16.20,14.11,15.79,15.99,14.96,,15.79,,,4243,64684.00,52,F1,1,,,,,
2026-10-06,2026-10-06,CM,BSE,STK,520131,INE229E01019,COARO,P,,,,,COASTAL ROADWAYS LTD.,19.80,19.80,19.80,19.80,19.80,20.80,,19.80,,,100,1980.00,1,F1,100,,,,,
2026-10-06,2026-10-06,CM,BSE,STK,520141,INE441C01014,SIBARAUT,X,,,,,SIBAR AUTO PARTS LTD.,8.20,8.20,7.70,8.10,8.10,8.09,,8.10,,,14461,114651.00,31,F1,1,,,,,
2026-10-06,2026-10-06,CM,BSE,STK,520151,INE757B01015,TRANSWORLD,T,,,,,TRANSWORLD SHIPPING LINES LIMI,153.70,155.00,153.00,153.00,153.00,155.25,,153.70,,,27,4174.00,7,F1,1,,,,,
2026-10-06,2026-10-06,CM,BSE,STK,520155,INE580C01019,STARLOG,X,,,,,Starlog Enterprises Limited,38.66,38.66,36.57,37.20,38.00,38.71,,37.20,,,2091,77184.00,9,F1,1,,,,,
2026-10-06,2026-10-06,CM,BSE,STK,521005,INE807M01031,TITANIN,X,,,,,TITAN INTECH LIMITED,0.95,0.96,0.94,0.95,0.96,0.95,,0.95,,,2606935,2481780.00,726,F1,1,,,,,
2026-10-06,2026-10-06,CM,BSE,STK,521016,INE483B01026,ICIL,A,,,,,INDO COUNT INDUSTRIES LTD.,448.50,475.00,448.50,473.00,473.00,446.15,,473.13,,,88194,41543243.00,2530,F1,1,,,,,
2026-10-06,2026-10-06,CM,BSE,STK,521018,INE882A01013,MARALOVER,B,,,,,MARAL OVERSEAS LTD.,57.62,58.50,57.57,57.57,57.57,57.62,,57.99,,,82,4777.00,7,F1,1,,,,,
2026-10-06,2026-10-06,CM,BSE,STK,521034,INE314C01013,SOMATEX,B,,,,,SOMA TEXTILES & INDUSTRIES LTD,75.11,79.36,75.11,79.14,79.36,75.59,,79.11,,,630,49855.00,8,F1,1,,,,,
2026-10-06,2026-10-06,CM,BSE,STK,521036,INE695C01015,SOURCEIND,XT,,,,,SOURCE INDUSTRIES (INDIA) LTD.,72.80,72.80,72.80,72.80,72.80,71.38,,72.80,,,5220,380016.00,7,F1,1,,,,,
2026-10-06,2026-10-06,CM,BSE,STK,521054,INE092E01011,KAKTEX,X,,,,,KAKATIYA TEXTILES LTD.,7.94,7.94,7.94,7.94,7.94,7.94,,7.94,,,95,754.00,3,F1,1,,,,,
2026-10-06,2026-10-06,CM,BSE,STK,521062,INE814L01013,OCTAVE,X,,,,,PERFECT-OCTAVE MEDIA PROJECTS,3.70,3.85,3.03,3.17,3.21,3.69,,3.17,,,47648,151123.00,48,F1,1,,,,,
2026-10-06,2026-10-06,CM,BSE,STK,521064,INE064C01022,TRIDENT,A,,,,,TRIDENT LTD.,21.81,22.98,21.81,22.56,22.56,21.85,,22.56,,,699711,15663274.00,2655,F1,1,,,,,
2026-10-06,2026-10-06,CM,BSE,STK,521070,INE270A01029,ALOKINDS,A,,,,,ALOK INDUSTRIES LTD.,7.20,7.83,7.12,7.83,7.83,7.12,,7.83,,,2571587,19621895.00,2336,F1,1,,,,,
2026-10-06,2026-10-06,CM,BSE,STK,521080,INE604F01010,PASARI,X,,,,,PASARI SPINNING MILLS LTD.,6.60,6.60,6.60,6.60,6.60,6.67,,6.60,,,1,6.00,1,F1,1,,,,,
2026-10-06,2026-10-06,CM,BSE,STK,521097,INE484D01012,AMARJOTHI,B,,,,,AMARJOTHI SPINNING MILLS LTD.,147.50,149.50,146.20,149.10,149.50,146.40,,149.05,,,96,14187.00,15,F1,1,,,,,
2026-10-06,2026-10-06,CM,BSE,STK,521105,INE482O01021,OLYMPTX,X,,,,,OLYMPIA INDUSTRIES LTD.,23.00,25.75,23.00,24.13,24.13,23.47,,24.13,,,512,12318.00,22,F1,1,,,,,
2026-10-06,2026-10-06,CM,BSE,STK,521109,INE123B01028,NAGREEKEXP,B,,,,,NAGREEKA EXPORTS LTD.,20.00,22.13,20.00,22.13,22.13,20.70,,21.97,,,28,587.00,5,F1,1,,,,,
2026-10-06,2026-10-06,CM,BSE,STK,521113,INE691D01012,SUDTIND-B,X,,,,,SUDITI INDUSTRIES LTD.,67.84,69.00,63.05,65.00,66.20,65.08,,65.00,,,15295,1006008.00,160,F1,1,,,,,
2026-10-06,2026-10-06,CM,BSE,STK,521131,INE363D01018,SBFL,X,,,,,Shree Bhavya Fabrics Limited,21.75,21.83,21.50,21.62,21.83,21.91,,21.62,,,363,7854.00,6,F1,1,,,,,
2026-10-06,2026-10-06,CM,BSE,STK,521133,INE165F01020,GEMSPIN,P,,,,,GEM SPINNERS INDIA LTD.,4.15,4.15,4.15,4.15,4.15,4.30,,4.15,,,500,2075.00,1,F1,100,,,,,
2026-10-06,2026-10-06,CM,BSE,STK,521137,INE958A01011,EUREKAI,XT,,,,,EUREKA INDUSTRIES LTD.,6.76,6.90,6.37,6.37,6.37,6.70,,6.37,,,8926,56968.00,48,F1,1,,,,,
2026-10-06,2026-10-06,CM,BSE,STK,521141,INE122D01026,ADITYASP,X,,,,,ADITYA SPINNERS LTD.,14.14,14.14,13.50,14.00,14.00,14.14,,14.00,,,222,3037.00,12,F1,1,,,,,
2026-10-06,2026-10-06,CM,BSE,STK,521149,INE419E01024,PRIMEURB,X,,,,,PRIME URBAN DEVELOPMENT INDIA,8.34,8.34,7.50,7.81,8.29,7.55,,7.81,,,325,2541.00,13,F1,1,,,,,
2026-10-06,2026-10-06,CM,BSE,STK,521161,INE456D01010,SLSTLQ,X,,,,,SRI LAKSHMI SARASWATHI TEXTILE,35.00,35.00,35.00,35.00,35.00,35.00,,35.00,,,310,10850.00,3,F1,1,,,,,
2026-10-06,2026-10-06,CM,BSE,STK,521163,INE206B01013,ZODIACLOTH,B,,,,,ZODIAC CLOTHING CO.LTD.,67.26,68.50,66.35,68.38,66.50,68.00,,66.82,,,560,37576.00,14,F1,1,,,,,
2026-10-06,2026-10-06,CM,BSE,STK,521167,INE485D01043,MAXGROW,XT,,,,,MAXGROW INDIA LIMITED,173.85,173.85,171.00,173.85,173.85,170.45,,173.85,,,15652,2717196.00,136,F1,1,,,,,
2026-10-06,2026-10-06,CM,BSE,STK,521178,INE306D01017,SRMCL,X,,,,,SRI RAMAKRISHNA MILLS (COIMBAT,61.00,64.05,61.00,63.35,64.05,61.02,,63.35,,,1646,103050.00,45,F1,1,,,,,
2026-10-06,2026-10-06,CM,BSE,STK,521180,INE662A01027,SUPERSPIN,T,,,,,SUPER SPINNING MILLS LTD.,7.29,7.29,7.24,7.24,7.24,7.25,,7.14,,,56,405.00,3,F1,1,,,,,
2026-10-06,2026-10-06,CM,BSE,STK,521194,INE923A01015,SILINV,B,,,,,SIL INVESTMENTS LTD.,458.30,459.95,454.95,459.95,459.95,439.80,,459.59,,,123,56396.00,31,F1,1,,,,,
2026-10-06,2026-10-06,CM,BSE,STK,521206,INE931D01020,SAMTEX,X,,,,,SAMTEX FASHIONS LTD.,1.38,1.44,1.25,1.40,1.41,1.38,,1.40,,,19692,26462.00,72,F1,1,,,,,
2026-10-06,2026-10-06,CM,BSE,STK,521210,INE117C01010,CITYMAN,X,,,,,CITYMAN LTD.,14.45,14.45,14.45,14.45,14.45,14.50,,14.45,,,40,578.00,1,F1,1,,,,,
2026-10-06,2026-10-06,CM,BSE,STK,521216,INE220C01012,DHANROTO,X,,,,,DHANALAXMI ROTO SPINNERS LTD.,67.76,70.00,67.76,70.00,70.00,69.14,,70.00,,,421,29123.00,10,F1,1,,,,,
2026-10-06,2026-10-06,CM,BSE,STK,521226,INE980D01019,UNIROYAL,X,,,,,UNIROYAL INDUSTRIES LTD.,25.50,25.50,21.81,24.00,24.00,24.12,,24.00,,,92,2135.00,11,F1,1,,,,,
2026-10-06,2026-10-06,CM,BSE,STK,521228,INE083G01031,TATIAGLOB,X,,,,,TATIA GLOBAL VENNTURE LTD.,2.06,2.06,2.01,2.04,2.06,2.03,,2.04,,,24880,50796.00,134,F1,1,,,,,
2026-10-06,2026-10-06,CM,BSE,STK,521234,INE443E01016,SRINACHA,X,,,,,SRI NACHAMMAI COTTON MILLS LTD,26.35,26.35,24.15,26.00,26.00,25.40,,26.00,,,556,13507.00,16,F1,1,,,,,
2026-10-06,2026-10-06,CM,BSE,STK,521238,INE893C01032,BGDL,B,,,,,BHARAT GLOBAL DEVELOPERS LIMIT,108.40,108.40,108.40,108.40,108.40,114.10,,108.40,,,22366,2424474.00,307,F1,1,,,,,
2026-10-06,2026-10-06,CM,BSE,STK,521244,INE676G01024,MKPMOB,XT,,,,,MKP Mobility Limited,229.00,229.00,223.80,225.65,226.05,235.55,,225.65,,,93,21056.00,5,F1,1,,,,,
2026-10-06,2026-10-06,CM,BSE,STK,521246,INE162C01024,PARASPETRO,B,,,,,PARAS PETROFILS LTD.,2.08,2.12,1.98,2.05,2.05,2.08,,2.02,,,24827,50577.00,94,F1,1,,,,,
2026-10-06,2026-10-06,CM,BSE,STK,521248,INE602G01020,KITEX,A,,,,,KITEX GARMENTS LTD.,117.90,121.20,117.35,119.05,119.05,118.15,,118.97,,,34025,4062216.00,642,F1,1,,,,,
2026-10-06,2026-10-06,CM,BSE,STK,522001,INE608B01010,CRANEX,X,,,,,CRANEX LTD.,95.00,104.00,88.30,101.22,101.90,92.04,,101.22,,,52940,5205931.00,536,F1,1,,,,,
2026-10-06,2026-10-06,CM,BSE,STK,522004,INE177C01022,BATLIBOI,B,,,,,BATLIBOI LTD.,90.30,99.00,90.30,96.15,96.98,89.77,,96.16,,,22807,2169435.00,808,F1,1,,,,,
2026-10-06,2026-10-06,CM,BSE,STK,522005,INE759F01012,AUSTENG,B,,,,,AUSTIN ENGINEERING CO.LTD.,162.75,168.00,159.00,167.05,167.50,162.30,,166.49,,,797,130976.00,72,F1,1,,,,,
2026-10-06,2026-10-06,CM,BSE,STK,522014,INE961D01019,UNIDT,B,,,,,UNITED DRILLING TOOLS LTD.,231.20,236.90,225.05,225.95,226.40,229.80,,226.12,,,2346,540856.00,97,F1,1,,,,,
2026-10-06,2026-10-06,CM,BSE,STK,522017,INE459C01016,FLUIDOM,X,,,,,FLUIDOMAT LTD.,714.40,720.00,700.00,706.60,706.60,710.85,,706.60,,,3261,2313669.00,138,F1,1,,,,,
2026-10-06,2026-10-06,CM,BSE,STK,522027,INE279D01016,EMAINDIA,X,,,,,EMA INDIA LTD.,570.00,570.00,566.25,566.25,566.25,577.80,,566.25,,,50,28342.00,5,F1,1,,,,,
2026-10-06,2026-10-06,CM,BSE,STK,522029,INE052A01021,WINDMACHIN,B,,,,,WINDSOR MACHINES LTD.,283.25,296.75,282.30,295.70,296.75,287.00,,294.91,,,6220,1802609.00,229,F1,1,,,,,
2026-10-06,2026-10-06,CM,BSE,STK,522034,INE631A01022,SHANTIGEAR,B,,,,,SHANTHI GEARS LTD.,590.00,605.20,586.55,601.75,605.20,592.10,,602.28,,,3303,1968360.00,242,F1,1,,,,,
2026-10-06,2026-10-06,CM,BSE,STK,522036,INE338P01014,MIVENMACH,X,,,,,MIVEN MACHINE TOOLS LTD.,79.55,79.55,77.49,77.49,77.49,80.00,,77.49,,,32,2515.00,3,F1,1,,,,,
2026-10-06,2026-10-06,CM,BSE,STK,522064,INE634A01018,HONDAPOWER,B,,,,,HONDA INDIA POWER PRODUCTS LIM,1862.00,1904.00,1855.60,1894.40,1904.00,1862.60,,1885.99,,,88,166052.00,19,F1,1,,,,,
2026-10-06,2026-10-06,CM,BSE,STK,522073,INE127B01011,HITECHGEAR,T,,,,,The Hi-Tech Gears Ltd,600.00,600.00,560.00,560.00,560.00,588.00,,568.90,,,120,70955.00,7,F1,1,,,,,
2026-10-06,2026-10-06,CM,BSE,STK,522074,INE285A01027,ELGIEQUIP,A,,,,,ELGI EQUIPMENTS LTD.,590.05,601.50,587.45,600.35,600.35,591.25,,599.29,,,16114,9586003.00,1123,F1,1,,,,,
2026-10-06,2026-10-06,CM,BSE,STK,522091,INE890G01047,UVDRHOR,X,,,,,UNITED VAN DER HORST LTD.,34.05,34.05,33.15,33.24,33.15,33.62,,33.24,,,1255,41886.00,32,F1,1,,,,,
2026-10-06,2026-10-06,CM,BSE,STK,522101,INE338F01015,KLBRENG-B,B,,,,,KILBURN ENGINEERING LTD.,522.95,537.95,520.10,527.90,528.35,523.30,,528.39,,,5937,3144810.00,364,F1,1,,,,,
2026-10-06,2026-10-06,CM,BSE,STK,522105,INE372E01025,BIRLAPREC,T,,,,,BIRLA PRECISION TECHNOLOGIES L,57.20,59.60,55.70,58.02,58.00,57.16,,57.84,,,10953,634070.00,98,F1,1,,,,,
2026-10-06,2026-10-06,CM,BSE,STK,522108,INE384C01016,YUKEN,B,,,,,YUKEN INDIA LTD.,1135.05,1335.30,1135.05,1239.45,1239.45,1133.35,,1238.63,,,14216,17969663.00,1395,F1,1,,,,,
2026-10-06,2026-10-06,CM,BSE,STK,522113,INE325A01013,TIMKEN,A,,,,,TIMKEN INDIA LTD.,3120.60,3167.85,3120.55,3157.60,3167.85,3131.50,,3156.91,,,494,1554289.00,120,F1,1,,,,,
2026-10-06,2026-10-06,CM,BSE,STK,522122,INE285C01015,VOITHPAPR,B,,,,,VOITH PAPER FABRICS INDIA LTD.,1429.00,1429.00,1425.00,1425.55,1425.00,1410.10,,1425.32,,,14,19958.00,4,F1,1,,,,,
2026-10-06,2026-10-06,CM,BSE,STK,522134,INE133D01023,ARTSON,X,,,,,ARTSON LIMITED,159.25,159.25,152.05,158.05,159.25,151.70,,158.05,,,15650,2479149.00,158,F1,1,,,,,
2026-10-06,2026-10-06,CM,BSE,STK,522150,INE281H01013,ADTYFRG,XT,,,,,ADITYA FORGE LTD.,38.14,38.14,38.14,38.14,38.14,36.33,,38.14,,,12779,487391.00,20,F1,1,,,,,
2026-10-06,2026-10-06,CM,BSE,STK,522152,INE410A01013,SOLIMAC,X,,,,,SOLITAIRE MACHINE TOOLS LTD.,88.82,95.00,88.82,90.20,90.15,88.82,,90.20,,,328,29342.00,18,F1,1,,,,,
2026-10-06,2026-10-06,CM,BSE,STK,522163,INE989C01038,DIACABS,T,,,,,DIAMOND POWER INFRASTRUCTURE L,347.00,370.55,347.00,370.55,370.55,352.95,,368.78,,,88375,32441303.00,2016,F1,1,,,,,
2026-10-06,2026-10-06,CM,BSE,STK,522165,INE867D01018,INDSILHYD,X,,,,,INDSIL HYDRO POWER AND MANGANE,37.77,39.00,37.63,39.00,39.00,37.66,,39.00,,,3021,117125.00,34,F1,1,,,,,
2026-10-06,2026-10-06,CM,BSE,STK,522183,INE478D01014,ITL,B,,,,,ITL INDUSTRIES LTD.,365.00,373.80,352.60,352.85,352.85,346.15,,355.54,,,40,14278.00,4,F1,1,,,,,
2026-10-06,2026-10-06,CM,BSE,STK,522195,INE572D01014,FRONTSP,B,,,,,FRONTIER SPRINGS LTD.,1389.00,1414.85,1387.40,1394.65,1390.10,1387.10,,1392.77,,,1532,2144175.00,237,F1,1,,,,,
2026-10-06,2026-10-06,CM,BSE,STK,522205,INE074A01025,PRAJIND,A,,,,,PRAJ INDUSTRIES LTD.,305.05,315.90,305.05,315.05,314.55,303.60,,315.05,,,39795,12401992.00,1141,F1,1,,,,,
2026-10-06,2026-10-06,CM,BSE,STK,522207,INE682D01011,RASANDIK,X,,,,,RASANDIK ENGINEERING INDUSTRIE,60.20,60.20,59.25,59.25,59.25,58.50,,59.25,,,54,3225.00,2,F1,1,,,,,
2026-10-06,2026-10-06,CM,BSE,STK,522209,INE429B01011,YOGISUNG,X,,,,,YOGI SUNG-WON (INDIA) LTD.,6.30,6.48,6.17,6.40,6.40,6.31,,6.40,,,2125,13550.00,17,F1,1,,,,,
2026-10-06,2026-10-06,CM,BSE,STK,522215,INE461D01028,HLEGLAS,B,,,,,HLE GLASCOAT LIMITED,429.95,446.85,426.50,446.85,446.85,425.60,,447.10,,,13261,5855528.00,416,F1,1,,,,,
2026-10-06,2026-10-06,CM,BSE,STK,522217,INE826C01016,GUJAPOLLO,B,,,,,GUJARAT APOLLO INDUSTRIES LTD.,343.80,345.45,337.40,337.40,337.40,339.95,,346.70,,,61,20718.00,16,F1,1,,,,,
2026-10-06,2026-10-06,CM,BSE,STK,522229,INE692C01020,TANAA,B,,,,,TANEJA AEROSPACE & AVIATION LT,315.10,322.15,308.15,309.80,309.80,314.05,,309.35,,,5337,1675168.00,528,F1,1,,,,,
2026-10-06,2026-10-06,CM,BSE,STK,522231,INE714D01020,CONART,X,,,,,CONART ENGINEERS LTD.,85.98,88.84,82.80,84.54,84.54,84.01,,84.54,,,2470,210507.00,68,F1,1,,,,,
2026-10-06,2026-10-06,CM,BSE,STK,522235,INE097E01028,MINALIND,T,,,,,MINAL INDUSTRIES LIMITED,4.18,4.21,4.18,4.21,4.21,4.26,,4.19,,,69,289.00,5,F1,1,,,,,
2026-10-06,2026-10-06,CM,BSE,STK,522237,INE092H01014,SHIVAGR,X,,,,,SHIVAGRICO IMPLEMENTS LTD.,18.50,19.99,18.49,19.00,19.00,18.50,,19.00,,,2769,51357.00,15,F1,1,,,,,
2026-10-06,2026-10-06,CM,BSE,STK,522241,INE227C01017,MMFL,B,,,,,M.M.FORGINGS LTD.,556.55,583.25,556.55,579.15,579.45,552.45,,579.15,,,1467,840350.00,136,F1,1,,,,,
2026-10-06,2026-10-06,CM,BSE,STK,522249,INE040D01038,MAYURUNIQ,B,,,,,MAYUR UNIQUOTERS LTD.,710.90,764.00,710.50,761.75,757.45,706.85,,761.17,,,8006,5948192.00,478,F1,1,,,,,
2026-10-06,2026-10-06,CM,BSE,STK,522251,INE627F01011,CENLUB,X,,,,,CENLUB INDUSTRIES LTD.,174.50,175.00,168.00,169.50,170.00,167.75,,169.50,,,7468,1271949.00,156,F1,1,,,,,
2026-10-06,2026-10-06,CM,BSE,STK,522257,INE535F01024,RAJOOENG,B,,,,,RAJOO ENGINEERS LTD.,55.79,57.50,54.04,56.88,57.00,54.86,,56.94,,,110063,6094404.00,604,F1,1,,,,,
2026-10-06,2026-10-06,CM,BSE,STK,522261,INE920A01037,DOLPHIN,B,,,,,DOLPHIN OFFSHORE ENTERPRISES (,626.00,655.95,618.75,640.90,642.30,619.10,,643.25,,,2044,1308625.00,341,F1,1,,,,,
2026-10-06,2026-10-06,CM,BSE,STK,522267,INE466D01019,VJLAXMIE,X,,,,,VEEJAY LAKSHMI ENGINEERING WOR,41.00,41.35,40.99,40.99,40.99,40.50,,40.99,,,728,29923.00,12,F1,1,,,,,
2026-10-06,2026-10-06,CM,BSE,STK,522273,INE868C01018,AHMDSTE,X,,,,,AHMEDABAD STEELCRAFT LTD.,161.10,174.95,161.10,164.05,164.65,166.95,,164.05,,,291,47552.00,29,F1,1,,,,,
2026-10-06,2026-10-06,CM,BSE,STK,522275,INE200A01026,GVT&D,A,,,,,GE Vernova T&D India Limited,4289.95,4289.95,4228.35,4260.00,4260.00,4233.45,,4245.21,,,10976,46740420.00,1546,F1,1,,,,,
2026-10-06,2026-10-06,CM,BSE,STK,522281,INE207E01023,RAMRAT,B,,,,,RAM RATNA WIRES LTD.,638.60,647.00,634.65,640.75,637.95,635.25,,641.18,,,28751,18449502.00,982,F1,1,,,,,
2026-10-06,2026-10-06,CM,BSE,STK,522285,INE854B01010,JAYNECOIND,A,,,,,JAYASWAL NECO INDUSTRIES LTD.,90.15,95.30,90.15,94.61,94.61,91.02,,94.46,,,199374,18554357.00,1811,F1,1,,,,,
2026-10-06,2026-10-06,CM,BSE,STK,522287,INE220B01022,KPIL,A,,,,,KALPATARU PROJECTS INTERNATION,1377.25,1489.00,1377.25,1452.60,1451.05,1378.95,,1451.54,,,70315,102221139.00,3582,F1,1,,,,,
2026-10-06,2026-10-06,CM,BSE,STK,522289,INE169F01014,NMSGLOBAL,X,,,,,NMS GLOBAL LIMITED,38.47,38.48,36.00,38.36,38.40,36.65,,38.36,,,28288,1083715.00,128,F1,1,,,,,
2026-10-06,2026-10-06,CM,BSE,STK,522292,INE713D01055,CANDOUR,XT,,,,,CANDOUR TECHTEX LIMITED,68.10,68.10,66.74,66.74,66.74,68.10,,66.74,,,1789,121758.00,10,F1,1,,,,,
2026-10-06,2026-10-06,CM,BSE,STK,522294,INE811B01010,TIGLOB,X,,,,,T & I GLOBAL LTD.,193.60,194.00,193.60,193.95,193.60,193.60,,193.95,,,574,111298.00,11,F1,1,,,,,
2026-10-06,2026-10-06,CM,BSE,STK,522295,INE663B01015,CONTROLPR,B,,,,,CONTROL PRINT LIMITED,616.15,624.00,614.60,621.35,618.50,617.50,,622.49,,,4961,3068300.00,146,F1,1,,,,,
2026-10-06,2026-10-06,CM,BSE,STK,522650,INE142E01022,BEMHY,X,,,,,BEMCO HYDRAULICS LTD.,97.30,97.80,89.00,94.89,95.00,96.76,,94.89,,,6540,616354.00,241,F1,1,,,,,
2026-10-06,2026-10-06,CM,BSE,STK,523007,INE030C01015,ANSALBU,B,,,,,ANSAL BUILDWELL LTD.,99.99,99.99,85.00,85.00,85.00,89.00,,85.52,,,185,15865.00,23,F1,1,,,,,
2026-10-06,2026-10-06,CM,BSE,STK,523011,INE080A01014,WEIZMANIND,B,,,,,WEIZMANN LTD.,72.00,72.04,69.60,70.60,70.60,68.50,,70.44,,,2090,147204.00,112,F1,1,,,,,
2026-10-06,2026-10-06,CM,BSE,STK,523019,INE710D01028,BNRSEC,X,,,,,B.N.RATHI SECURITIES LTD.,16.00,17.85,15.50,16.49,16.49,16.00,,16.49,,,45501,754524.00,345,F1,1,,,,,
2026-10-06,2026-10-06,CM,BSE,STK,523021,INE989D01010,RISHITECH,X,,,,,RISHI TECHTEX LTD.,43.01,47.05,42.21,45.37,45.99,43.01,,45.37,,,14246,643180.00,64,F1,1,,,,,
2026-10-06,2026-10-06,CM,BSE,STK,523023,INE985A01022,SINCLAIR,B,,,,,SINCLAIRS HOTELS LIMITED,76.76,77.98,75.00,75.52,75.51,76.00,,75.92,,,1765,134584.00,63,F1,1,,,,,
2026-10-06,2026-10-06,CM,BSE,STK,523025,INE429E01023,SAFARI,A,,,,,SAFARI INDUSTRIES (INDIA) LTD.,1310.00,1342.30,1298.70,1318.15,1315.15,1309.90,,1318.01,,,3305,4379192.00,524,F1,1,,,,,
2026-10-06,2026-10-06,CM,BSE,STK,523062,INE584C01011,JJFINCOR,XT,,,,,J.J.FINANCE CORPORATION LTD.,53.55,53.55,53.55,53.55,53.55,53.55,,53.55,,,1,53.00,1,F1,1,,,,,
2026-10-06,2026-10-06,CM,BSE,STK,523100,INE124B01018,COSMOFE,X,,,,,COSMO FERRITES LTD.,166.85,169.50,158.55,167.55,165.00,166.85,,167.55,,,8190,1350344.00,99,F1,1,,,,,
2026-10-06,2026-10-06,CM,BSE,STK,523105,INE293E01031,CROPSTER,XT,,,,,CROPSTER AGRO LIMITED,2.31,2.31,2.31,2.31,2.31,2.43,,2.31,,,3662739,8460927.00,3745,F1,1,,,,,
2026-10-06,2026-10-06,CM,BSE,STK,523120,INE628D01014,THRIVE,XT,,,,,THRIVE FUTURE HABITATS LIMITED,82.10,87.00,82.10,82.30,87.00,85.00,,82.30,,,302,24866.00,9,F1,1,,,,,
2026-10-06,2026-10-06,CM,BSE,STK,523127,INE276C01014,EIHAHOTELS,B,,,,,EIH ASSOCIATED HOTELS LTD.,290.05,298.10,290.05,297.05,297.05,295.20,,297.78,,,1662,492405.00,208,F1,1,,,,,
2026-10-06,2026-10-06,CM,BSE,STK,523144,INE442D01010,MEDICAPQ,T,,,,,MEDI-CAPS LTD.,24.10,25.12,24.07,24.95,24.95,25.33,,24.95,,,4360,106255.00,28,F1,1,,,,,
2026-10-06,2026-10-06,CM,BSE,STK,523160,INE599F01020,FOSECOC,X,,,,,FOSECO CRUCIBLE INDIA LIMITED,1966.00,1966.00,1905.00,1930.10,1953.35,1927.80,,1930.10,,,1187,2290860.00,168,F1,1,,,,,
2026-10-06,2026-10-06,CM,BSE,STK,523186,INE00FM01013,BAPACK,X,,,,,B&A PACKAGING INDIA LIMITED,198.05,204.80,198.05,204.80,204.80,198.00,,204.80,,,198,40189.00,7,F1,1,,,,,
2026-10-06,2026-10-06,CM,BSE,STK,523204,INE421A01028,ABAN,T,,,,,ABAN OFFSHORE LTD.,16.87,16.87,16.87,16.87,16.87,16.07,,16.92,,,3490,58876.00,8,F1,1,,,,,
2026-10-06,2026-10-06,CM,BSE,STK,523207,INE760A01029,KOKUYOCMLN,B,,,,,KOKUYO CAMLIN LTD.,75.50,75.76,74.05,74.94,75.05,75.50,,74.57,,,2285,170529.00,42,F1,1,,,,,
2026-10-06,2026-10-06,CM,BSE,STK,523222,INE173J01018,SRMENERGY,XT,,,,,SRM ENERGY LTD.,28.88,28.88,28.88,28.88,28.88,27.51,,28.88,,,9108,263039.00,42,F1,1,,,,,
2026-10-06,2026-10-06,CM,BSE,STK,523229,INE415D01024,BHARATSE,B,,,,,BHARAT SEATS LTD.,204.85,207.00,204.10,206.70,207.00,202.85,,206.17,,,4437,911430.00,160,F1,1,,,,,
2026-10-06,2026-10-06,CM,BSE,STK,523232,INE369D01023,CONTPTR,X,,,,,CONTINENTAL PETROLEUMS LTD.,71.59,74.00,71.59,74.00,74.00,73.05,,74.00,,,67,4832.00,7,F1,1,,,,,
2026-10-06,2026-10-06,CM,BSE,STK,523242,INE006F01018,NBFOOT,P,,,,,NB FOOTWEAR LTD.,3.65,3.83,3.47,3.81,3.81,3.65,,3.81,,,42800,162714.00,18,F1,100,,,,,
2026-10-06,2026-10-06,CM,BSE,STK,523248,INE082B01018,MACPLASQ,X,,,,,MACHINO PLASTICS LTD.,280.00,280.10,276.00,279.45,276.00,277.00,,279.45,,,622,174072.00,19,F1,1,,,,,
2026-10-06,2026-10-06,CM,BSE,STK,523260,INE844A01013,PEARLPOLY,B,,,,,PEARL POLYMERS LTD.,17.20,17.59,17.10,17.59,17.59,16.80,,17.20,,,40,699.00,3,F1,1,,,,,
2026-10-06,2026-10-06,CM,BSE,STK,523261,INE398A01010,VENKEYS,B,,,,,VENKYS (INDIA) LTD.,1664.00,1707.95,1655.30,1694.15,1689.10,1644.75,,1694.78,,,2895,4873300.00,415,F1,1,,,,,
2026-10-06,2026-10-06,CM,BSE,STK,523269,INE199C01026,ADVANIHOTR,B,,,,,ADVANI HOTELS & RESORTS (INDIA,47.62,48.08,47.20,47.58,47.58,47.19,,47.51,,,1349,64584.00,52,F1,1,,,,,
2026-10-06,2026-10-06,CM,BSE,STK,523277,INE395B01048,GVFILM,X,,,,,GV FILMS LTD.,0.41,0.41,0.38,0.38,0.38,0.40,,0.38,,,2447722,947358.00,329,F1,1,,,,,
2026-10-06,2026-10-06,CM,BSE,STK,523283,INE712B01010,SUPERHOUSE,B,,,,,SUPERHOUSE LTD.,153.40,153.40,153.40,153.40,153.40,159.15,,154.83,,,100,15340.00,4,F1,1,,,,,
2026-10-06,2026-10-06,CM,BSE,STK,523289,INE763B01013,RAMAVISION,X,,,,,RAMA VISION LTD.,184.50,184.50,175.50,178.05,178.05,183.40,,178.05,,,1499,265420.00,46,F1,1,,,,,
2026-10-06,2026-10-06,CM,BSE,STK,523301,INE822C01015,TCPLPACK,B,,,,,TCPL PACKAGING LTD.,3929.90,4020.00,3896.00,3988.80,3988.75,3899.55,,4004.24,,,342,1364524.00,57,F1,1,,,,,
2026-10-06,2026-10-06,CM,BSE,STK,523309,INE241V01018,SHRIGANG,X,,,,,SHRI GANG INDUSTRIES AND ALLIE,51.79,51.79,49.70,49.92,50.55,49.97,,49.92,,,21409,1074354.00,118,F1,1,,,,,
2026-10-06,2026-10-06,CM,BSE,STK,523319,INE164A01016,BALMLAWRIE,B,,,,,BALMER LAWRIE AND COMPANY LIMI,161.40,161.40,150.10,158.35,158.00,158.45,,158.77,,,21804,3418514.00,338,F1,1,,,,,
2026-10-06,2026-10-06,CM,BSE,STK,523323,INE177F01017,KOVAI,B,,,,,KOVAI MEDICAL CENTER & HOSPITA,5990.00,5994.55,5919.65,5926.10,5925.00,5959.35,,5935.07,,,306,1816890.00,104,F1,1,,,,,
2026-10-06,2026-10-06,CM,BSE,STK,523329,INE668G01021,ELDEHSG,B,,,,,ELDECO HOUSING & INDUSTRIES LT,785.05,788.00,785.05,788.00,788.00,790.00,,785.20,,,151,118545.00,2,F1,1,,,,,
2026-10-06,2026-10-06,CM,BSE,STK,523367,INE499A01024,DCMSHRIRAM,A,,,,,DCM SHRIRAM LIMITED,1011.00,1016.90,983.30,989.00,989.00,1052.70,,988.86,,,24466,24400779.00,1669,F1,1,,,,,
2026-10-06,2026-10-06,CM,BSE,STK,523369,INE843D01027,DCMSRIND,B,,,,,DCM SHRIRAM INDUSTRIES LTD.,39.65,40.81,39.04,39.78,39.75,39.11,,39.78,,,78462,3129930.00,477,F1,1,,,,,
2026-10-06,2026-10-06,CM,BSE,STK,523371,INE636A01039,MAWANASUG,B,,,,,MAWANA SUGARS LTD.,149.25,153.00,146.15,148.10,148.10,146.25,,147.90,,,20471,3051218.00,455,F1,1,,,,,
2026-10-06,2026-10-06,CM,BSE,STK,523373,INE281E01028,MINID,X,,,,,MINI DIAMONDS (INDIA) LTD.,4.03,4.18,3.99,4.00,4.02,4.03,,4.00,,,276697,1116804.00,359,F1,1,,,,,
2026-10-06,2026-10-06,CM,BSE,STK,523384,INE843B01013,MAHAPEXLTD,B,,,,,MAHA RASHTRA APEX CORPORATION,50.02,50.02,50.00,50.00,50.00,49.55,,50.84,,,10,500.00,2,F1,1,,,,,
2026-10-06,2026-10-06,CM,BSE,STK,523385,INE310A01015,NILKAMAL,B,,,,,NILKAMAL LTD.,1811.65,1834.50,1803.10,1813.65,1815.00,1830.35,,1811.72,,,2581,4684898.00,437,F1,1,,,,,
2026-10-06,2026-10-06,CM,BSE,STK,523387,INE982C01033,HOM,X,,,,,HOMRE LIMITED,1.77,1.82,1.66,1.76,1.74,1.74,,1.76,,,325424,571152.00,377,F1,1,,,,,
2026-10-06,2026-10-06,CM,BSE,STK,523391,INE308A01027,NAHARPOLY,B,,,,,NAHAR POLYFILMS LTD.,223.20,225.00,220.00,222.35,220.00,223.20,,220.40,,,1729,383536.00,323,F1,1,,,,,
2026-10-06,2026-10-06,CM,BSE,STK,523395,INE470A01017,3MINDIA,A,,,,,3M INDIA LTD.,30886.55,30972.85,30500.00,30879.70,30972.85,30397.05,,30841.06,,,101,3097642.00,67,F1,1,,,,,
2026-10-06,2026-10-06,CM,BSE,STK,523398,INE782A01015,BOSCH-HCIL,B,,,,,BOSCH HOME COMFORT INDIA LIMIT,2000.10,2016.60,1973.45,1977.95,1974.65,1997.40,,1976.92,,,3508,7011740.00,428,F1,1,,,,,
2026-10-06,2026-10-06,CM,BSE,STK,523405,INE780C01023,JMFINANCIL,A,,,,,JM FINANCIAL LTD.,123.10,125.15,120.70,124.20,124.35,123.10,,124.00,,,129792,16057628.00,853,F1,1,,,,,
2026-10-06,2026-10-06,CM,BSE,STK,523411,INE833A01016,ADCINDIA,X,,,,,ADC INDIA COMMUNICATIONS LIMIT,2358.00,2495.00,2358.00,2420.05,2420.05,2358.00,,2420.05,,,3615,8838257.00,377,F1,1,,,,,
2026-10-06,2026-10-06,CM,BSE,STK,523419,INE141D01018,TNTELE,T,,,,,TAMILNADU TELECOMMUNICATIONS L,10.49,10.49,10.49,10.49,10.49,11.04,,10.45,,,409,4290.00,11,F1,1,,,,,
2026-10-06,2026-10-06,CM,BSE,STK,523445,INE046A01015,RIIL,B,,,,,RELIANCE INDUSTRIAL INFRASTRUC,667.00,683.20,664.10,680.55,681.00,664.20,,681.69,,,2518,1700060.00,151,F1,1,,,,,
2026-10-06,2026-10-06,CM,BSE,STK,523457,INE473A01011,LINDEINDIA,A,,,,,Linde India Limited,6090.00,6165.00,6078.70,6154.15,6159.10,6029.50,,6152.54,,,876,5356624.00,216,F1,1,,,,,
2026-10-06,2026-10-06,CM,BSE,STK,523465,INE969D01012,INDBNK,B,,,,,IND BANK HOUSING LTD.,53.00,53.00,48.12,51.94,51.94,50.87,,51.94,,,115,5659.00,11,F1,1,,,,,
2026-10-06,2026-10-06,CM,BSE,STK,523467,INE250C01027,JAIMATAG,XT,,,,,JAI MATA GLASS LTD.,2.80,2.81,2.80,2.81,2.81,2.85,,2.81,,,20259,56789.00,38,F1,1,,,,,
2026-10-06,2026-10-06,CM,BSE,STK,523475,INE026D01011,LOTUSCHO,B,,,,,LOTUS CHOCOLATE CO.LTD.,537.00,588.15,537.00,580.80,588.15,536.40,,579.81,,,1408,795703.00,205,F1,1,,,,,
2026-10-06,2026-10-06,CM,BSE,STK,523489,INE889F01017,CMMHOSP,X,,,,,CHENNAI MEENAKSHI MULTISPECIAL,37.00,38.25,35.22,37.52,38.25,36.79,,37.52,,,1532,56482.00,25,F1,1,,,,,
2026-10-06,2026-10-06,CM,BSE,STK,523519,INE951C01012,UNIOFFICE,X,,,,,UNIVERSAL OFFICE AUTOMATION LT,6.86,6.99,6.84,6.99,6.99,7.20,,6.99,,,2022,13846.00,14,F1,1,,,,,
2026-10-06,2026-10-06,CM,BSE,STK,523537,INE170D01025,APMIN,X,,,,,APM INDUSTRIES LTD.,55.20,57.80,55.11,57.16,57.35,55.56,,57.16,,,1124,62094.00,21,F1,1,,,,,
2026-10-06,2026-10-06,CM,BSE,STK,523539,INE372C01037,PRECWIRE,B,,,,,PRECISION WIRES INDIA LTD.,514.95,518.30,506.50,514.45,512.95,507.55,,515.09,,,21662,11104725.00,891,F1,1,,,,,
2026-10-06,2026-10-06,CM,BSE,STK,523550,INE951B01014,KRYPTONQ,X,,,,,KRYPTON INDUSTRIES LTD.,29.20,29.31,28.25,28.50,28.50,28.89,,28.50,,,10117,290979.00,110,F1,1,,,,,
2026-10-06,2026-10-06,CM,BSE,STK,523558,INE010C01025,SWISSMLTRY,T,,,,,SWISS MILITARY CONSUMER GOODS,14.25,14.28,13.96,14.10,14.28,14.17,,14.08,,,21313,301238.00,91,F1,1,,,,,
2026-10-06,2026-10-06,CM,BSE,STK,523566,INE199D01016,MARBU,X,,,,,MARTIN BURN LTD.,43.22,43.22,43.22,43.22,43.22,43.22,,43.22,,,310,13398.00,6,F1,1,,,,,
2026-10-06,2026-10-06,CM,BSE,STK,523574,INE623B01027,FEL,Z,,,,,Future Enterprises Limited,0.49,0.49,0.49,0.49,0.49,0.49,,0.37,,,10638,5212.00,11,F1,1,,,,,
2026-10-06,2026-10-06,CM,BSE,STK,523586,INE826B01026,INDTONER,X,,,,,INDIAN TONERS & DEVELOPERS LTD,47.25,47.25,45.31,45.77,45.65,46.37,,45.77,,,6070,278208.00,138,F1,1,,,,,
2026-10-06,2026-10-06,CM,BSE,STK,523594,INE638D01021,KUNSTOFF,X,,,,,KUNSTSTOFFE INDUSTRIES LTD.,28.50,28.50,26.42,27.98,27.98,27.81,,27.98,,,10,267.00,4,F1,1,,,,,
2026-10-06,2026-10-06,CM,BSE,STK,523598,INE109A01011,SCI,A,,,,,SHIPPING CORPORATION OF INDIA,291.05,293.95,283.30,288.55,288.55,290.60,,288.99,,,305969,88001937.00,4657,F1,1,,,,,
2026-10-06,2026-10-06,CM,BSE,STK,523606,INE438E01032,SIKA,B,,,,,SIKA INTERPLANT SYSTEMS LTD.,1019.30,1047.65,1019.30,1029.70,1027.20,1023.85,,1029.42,,,2903,2985305.00,278,F1,1,,,,,
2026-10-06,2026-10-06,CM,BSE,STK,523610,INE248A01017,ITI,B,,,,,ITI LTD.,241.15,253.85,241.15,247.85,248.60,241.15,,247.84,,,59068,14646356.00,1218,F1,1,,,,,
2026-10-06,2026-10-06,CM,BSE,STK,523618,INE506A01018,DREDGECORP,B,,,,,DREDGING CORPORATION OF INDIA,906.05,923.45,898.30,910.85,904.25,904.90,,909.09,,,3944,3583087.00,375,F1,1,,,,,
2026-10-06,2026-10-06,CM,BSE,STK,523630,INE870D01012,NFL,B,,,,,NATIONAL FERTILIZERS LTD.,63.21,65.11,63.20,64.85,64.80,63.26,,64.90,,,53161,3424057.00,293,F1,1,,,,,
2026-10-06,2026-10-06,CM,BSE,STK,523642,INE603J01030,PIIND,A,,,,,P.I.INDUSTRIES LTD.,2206.70,2250.60,2201.70,2250.00,2250.00,2213.30,,2250.00,,,22920,51040785.00,2871,F1,1,,,,,
2026-10-06,2026-10-06,CM,BSE,STK,523648,INE083C01022,PLASTIBLEN,B,,,,,PLASTIBLENDS INDIA LTD.,202.00,205.90,200.10,202.90,202.90,198.00,,202.42,,,2956,599545.00,145,F1,1,,,,,
2026-10-06,2026-10-06,CM,BSE,STK,523650,INE823D01011,YASHINNO,X,,,,,YASH INNOVENTURES LIMITED,42.85,42.85,40.11,41.75,41.85,41.24,,41.75,,,49112,2052453.00,46,F1,1,,,,,
2026-10-06,2026-10-06,CM,BSE,STK,523660,INE054C01015,WATERBASE,B,,,,,WATERBASE LTD.,46.25,46.50,44.50,45.07,45.00,45.52,,44.86,,,3886,176120.00,162,F1,1,,,,,
2026-10-06,2026-10-06,CM,BSE,STK,523672,INE954B01018,FLEXFO,X,,,,,FLEX FOODS LTD.,53.90,53.90,50.40,51.95,51.90,50.99,,51.95,,,10882,563554.00,42,F1,1,,,,,
2026-10-06,2026-10-06,CM,BSE,STK,523676,INE798D01015,GOLKUNDIA,X,,,,,GOLKUNDA DIAMONDS & JEWELLERY,305.30,320.00,305.30,314.85,316.50,311.90,,314.85,,,3398,1074723.00,109,F1,1,,,,,
2026-10-06,2026-10-06,CM,BSE,STK,523694,INE116A01032,APCOTEXIND,B,,,,,APCOTEX INDUSTRIES LTD.,590.00,613.85,584.80,612.50,612.00,587.95,,610.87,,,4844,2936421.00,374,F1,1,,,,,
2026-10-06,2026-10-06,CM,BSE,STK,523696,INE842B01015,FORTISMLR,X,,,,,FORTIS MALAR HOSPITALS LIMITED,40.22,41.45,40.22,40.63,40.30,40.07,,40.63,,,5941,242941.00,111,F1,1,,,,,
2026-10-06,2026-10-06,CM,BSE,STK,523704,INE759A01021,MASTEK,A,,,,,MASTEK LTD.,1630.00,1630.00,1591.95,1616.05,1619.80,1606.65,,1616.29,,,3286,5295317.00,539,F1,1,,,,,
2026-10-06,2026-10-06,CM,BSE,STK,523708,INE158B01016,EIMCOELECO,B,,,,,EIMCO ELECON (INDIA) LTD.,2242.60,2414.30,2242.60,2368.20,2377.00,2242.60,,2371.61,,,6028,14068344.00,813,F1,1,,,,,
2026-10-06,2026-10-06,CM,BSE,STK,523710,INE318C01014,SAYAJIHOTL,B,,,,,SAYAJI HOTELS LIMITED,310.00,310.00,306.00,307.75,308.00,321.00,,307.42,,,120,37127.00,22,F1,1,,,,,
2026-10-06,2026-10-06,CM,BSE,STK,523716,INE365D01021,ASHIANA,B,,,,,ASHIANA HOUSING LTD.,381.10,386.80,379.45,384.70,384.95,382.90,,382.97,,,2518,960926.00,71,F1,1,,,,,
2026-10-06,2026-10-06,CM,BSE,STK,523722,INE119B01018,SVAMSOF,XT,,,,,SVAM SOFTWARE LTD.,7.70,8.00,7.32,7.50,7.50,7.70,,7.50,,,7671,57331.00,22,F1,1,,,,,
2026-10-06,2026-10-06,CM,BSE,STK,523732,INE866A01016,ECOBOAR,X,,,,,ECOBOARD INDUSTRIES LTD.,61.35,61.35,58.00,59.75,59.75,60.75,,59.75,,,2358,137668.00,19,F1,1,,,,,
2026-10-06,2026-10-06,CM,BSE,STK,523736,INE477B01010,DVL,B,,,,,Dhunseri Ventures Limited,277.50,280.00,274.70,280.00,280.00,276.75,,278.68,,,115,32083.00,8,F1,1,,,,,
2026-10-06,2026-10-06,CM,BSE,STK,523752,INE502D01011,TIHIL,X,,,,,TRANS INDIA HOUSE IMPEX LIMITE,2.78,2.83,2.65,2.80,2.82,2.75,,2.80,,,42768,117810.00,77,F1,1,,,,,
2026-10-06,2026-10-06,CM,BSE,STK,523754,INE215D01010,MAHEPC,B,,,,,MAHINDRA EPC IRRIGATION LIMITE,97.05,99.51,95.18,98.02,98.00,97.05,,98.81,,,1444,140089.00,69,F1,1,,,,,
2026-10-06,2026-10-06,CM,BSE,STK,523782,INE844D01017,MITSHI,X,,,,,Mitshi India Limited,13.98,13.99,13.00,13.61,13.61,13.28,,13.61,,,8245,111316.00,55,F1,1,,,,,
2026-10-06,2026-10-06,CM,BSE,STK,523792,INE885E01042,MAZDA,T,,,,,MAZDA LTD.,281.00,295.80,275.85,287.60,285.00,282.90,,283.97,,,5566,1573978.00,52,F1,1,,,,,
2026-10-06,2026-10-06,CM,BSE,STK,523796,INE048C01025,VHLTD,T,,,,,VICEROY HOTELS LTD.,131.65,131.65,128.80,129.00,129.00,127.45,,128.97,,,8046,1049239.00,74,F1,1,,,,,
2026-10-06,2026-10-06,CM,BSE,STK,523826,INE959D01013,SOVERDIA,X,,,,,SOVEREIGN DIAMONDS LTD.,28.44,28.44,27.40,28.10,27.50,28.44,,28.10,,,2006,56745.00,30,F1,1,,,,,
2026-10-06,2026-10-06,CM,BSE,STK,523828,INE071D01033,MENONBE,B,,,,,MENON BEARINGS LTD.,287.00,308.60,285.25,304.20,307.65,287.40,,304.90,,,25889,7829929.00,881,F1,1,,,,,
2026-10-06,2026-10-06,CM,BSE,STK,523832,INE862C01029,MUKATPIP,X,,,,,MUKAT PIPES LTD.,13.40,14.03,12.81,14.03,14.03,13.37,,14.03,,,995,13237.00,10,F1,1,,,,,
2026-10-06,2026-10-06,CM,BSE,STK,523836,INE610B01024,GUJRAFFIA,B,,,,,GUJARAT RAFFIA INDUSTRIES LTD.,41.45,41.95,39.90,41.95,41.95,39.69,,41.87,,,2009,82794.00,142,F1,1,,,,,
2026-10-06,2026-10-06,CM,BSE,STK,523838,INE059B01024,SIMPLEXINF,B,,,,,SIMPLEX INFRASTRUCTURES LTD.,254.25,261.00,247.85,259.10,258.65,249.25,,259.13,,,8751,2252183.00,227,F1,1,,,,,
2026-10-06,2026-10-06,CM,BSE,STK,523840,INE965C01038,INNOVTEC,X,,,,,INNOVATIVE TECH PACK LTD.,14.00,14.44,13.75,14.44,14.44,14.00,,14.44,,,840,11766.00,12,F1,1,,,,,
2026-10-06,2026-10-06,CM,BSE,STK,523842,INE460D01038,SUPTANERY,T,,,,,SUPER TANNERY LIMITED,7.39,8.10,7.39,8.10,8.10,7.72,,8.07,,,43829,349816.00,94,F1,1,,,,,
2026-10-06,2026-10-06,CM,BSE,STK,523844,INE537B01011,CONSTRONIC,X,,,,,CONSTRONICS INFRA LIMITED,51.90,51.90,46.93,49.90,49.90,49.98,,49.90,,,23304,1098959.00,49,F1,1,,,,,
2026-10-06,2026-10-06,CM,BSE,STK,523850,INE767C01012,AXTEL,B,,,,,AXTEL INDUSTRIES LTD.,431.00,455.45,429.95,447.90,447.95,434.95,,447.95,,,2583,1146008.00,147,F1,1,,,,,
2026-10-06,2026-10-06,CM,BSE,STK,523862,INE926B01016,GRANDOAK,B,,,,,GRAND OAK CANYONS DISTILLERY L,36.99,36.99,35.00,35.50,36.75,35.97,,35.98,,,614,22029.00,23,F1,1,,,,,
2026-10-06,2026-10-06,CM,BSE,STK,523874,INE191C01023,EASTINDIA,XT,,,,,East India Drums and Barrels M,95.00,96.90,94.50,94.97,96.40,94.81,,94.97,,,11656,1122343.00,108,F1,1,,,,,
2026-10-06,2026-10-06,CM,BSE,STK,523888,INE317D01014,MEGAMONT,X,,,,,MEGAMONT LIMITED,198.70,198.70,190.95,192.10,194.90,189.35,,192.10,,,8057,1560025.00,20,F1,1,,,,,
2026-10-06,2026-10-06,CM,BSE,STK,524000,INE511C01022,POONAWALLA,A,,,,,POONAWALLA FINCORP LIMITED,454.00,461.85,448.65,460.60,460.95,451.80,,460.45,,,25500,11615086.00,1314,F1,1,,,,,
2026-10-06,2026-10-06,CM,BSE,STK,524019,INE473D01015,KINGFA,B,,,,,Kingfa Science & Technology (I,6844.75,6994.80,6687.00,6932.80,6932.00,6667.05,,6932.02,,,971,6653537.00,261,F1,1,,,,,
2026-10-06,2026-10-06,CM,BSE,STK,524031,INE637N01014,PATIDAR,X,,,,,PATIDAR BUILDCON LIMITED,5.63,5.63,5.35,5.35,5.35,5.63,,5.35,,,65,357.00,2,F1,1,,,,,
2026-10-06,2026-10-06,CM,BSE,STK,524037,INE809A01032,RAMAPHO,B,,,,,RAMA PHOSPHATES LTD.,118.25,123.00,117.80,117.90,118.65,119.15,,117.99,,,6040,724627.00,80,F1,1,,,,,
2026-10-06,2026-10-06,CM,BSE,STK,524038,INE204D01022,VENLONENT,X,,,,,VENLON ENTERPRISES LTD.,3.99,4.10,3.61,3.74,3.74,3.65,,3.74,,,12600,50189.00,46,F1,1,,,,,
2026-10-06,2026-10-06,CM,BSE,STK,524051,INE633B01018,POLYPLEX,B,,,,,POLYPLEX CORPORATION LTD.,1021.90,1058.25,999.00,1035.95,1023.30,1020.10,,1034.33,,,613630,638020854.00,515,F1,1,,,,,
2026-10-06,2026-10-06,CM,BSE,STK,524075,INE155C01010,ALBERTDAVD,B,,,,,ALBERT DAVID LTD.,839.20,850.80,823.95,831.00,831.00,835.35,,839.07,,,507,420987.00,103,F1,1,,,,,
2026-10-06,2026-10-06,CM,BSE,STK,524080,INE681F01018,HARLETH,X,,,,,HARYANA LEATHER CHEMICALS LTD.,55.00,56.49,54.00,56.49,56.49,56.51,,56.49,,,21,1149.00,5,F1,1,,,,,
2026-10-06,2026-10-06,CM,BSE,STK,524091,INE482D01024,CARYSIL,B,,,,,CARYSIL LIMITED,1041.15,1045.30,1023.45,1034.35,1032.60,1028.70,,1033.20,,,3475,3587778.00,392,F1,1,,,,,
2026-10-06,2026-10-06,CM,BSE,STK,524109,INE900B01029,KABRAEXTRU,T,,,,,KABRA EXTRUSIONTECHNIK LTD.,798.75,828.80,773.20,809.75,797.00,798.75,,815.06,,,5907,4752482.00,156,F1,1,,,,,
2026-10-06,2026-10-06,CM,BSE,STK,524129,INE250B01029,VINYLINDIA,B,,,,,VINYL CHEMICALS (INDIA) LTD.,214.00,217.85,208.85,214.40,214.10,214.90,,212.79,,,138,29580.00,18,F1,1,,,,,
2026-10-06,2026-10-06,CM,BSE,STK,524136,INE417E01010,PCCOSMA,XT,,,,,PEE CEE COSMA SOPE LTD.,459.00,470.00,457.90,458.95,462.00,482.00,,458.95,,,701,321765.00,30,F1,1,,,,,
2026-10-06,2026-10-06,CM,BSE,STK,524156,INE034F01010,TCMLMTD,X,,,,,TCM LTD.,47.00,47.00,45.10,47.00,47.00,47.00,,47.00,,,8556,399921.00,25,F1,1,,,,,
2026-10-06,2026-10-06,CM,BSE,STK,524164,INE485C01029,IOLCP,B,,,,,IOL CHEMICALS & PHARMACEUTICAL,207.90,216.65,204.75,214.50,214.50,205.60,,214.88,,,225047,47728315.00,2997,F1,1,,,,,
2026-10-06,2026-10-06,CM,BSE,STK,524174,INE133C01033,KESARPE,X,,,,,KESAR PETROPRODUCTS LTD.,11.78,11.84,11.41,11.84,11.84,11.37,,11.84,,,26871,316980.00,109,F1,1,,,,,
2026-10-06,2026-10-06,CM,BSE,STK,524200,INE410B01037,VINATIORGA,A,,,,,VINATI ORGANICS LTD.,1176.95,1200.00,1165.60,1180.55,1175.00,1175.90,,1179.57,,,27118,32316322.00,636,F1,1,,,,,
2026-10-06,2026-10-06,CM,BSE,STK,524202,INE058I01013,LACTOSE,X,,,,,LACTOSE (INDIA) LTD.,104.15,105.00,101.00,104.30,104.50,106.95,,104.30,,,5083,520580.00,34,F1,1,,,,,
2026-10-06,2026-10-06,CM,BSE,STK,524204,INE757D01011,TEEAI,X,,,,,TEESTA AGRO INDUSTRIES LTD.,110.10,114.70,110.10,112.35,110.65,115.00,,112.35,,,335,37146.00,17,F1,1,,,,,
2026-10-06,2026-10-06,CM,BSE,STK,524208,INE769A01020,AARTIIND,A,,,,,AARTI INDUSTRIES LTD.,473.10,489.85,472.55,480.55,481.10,470.40,,481.12,,,33590,16209198.00,1168,F1,1,,,,,
2026-10-06,2026-10-06,CM,BSE,STK,524210,INE702E01015,PNTKYOR,X,,,,,PENTOKEY ORGANY (INDIA) LTD.,32.67,35.40,32.67,35.40,35.40,33.07,,35.40,,,465,15542.00,13,F1,1,,,,,
2026-10-06,2026-10-06,CM,BSE,STK,524212,INE107F01022,WANBURY,B,,,,,WANBURY LTD.,195.90,205.95,191.30,197.25,197.25,189.30,,197.85,,,43618,8723881.00,757,F1,1,,,,,
2026-10-06,2026-10-06,CM,BSE,STK,524218,INE486D01017,RESONANCE,XT,,,,,RESONANCE SPECIALTIES LTD.,186.80,192.00,184.05,190.00,190.00,187.70,,190.00,,,5763,1092900.00,78,F1,1,,,,,
2026-10-06,2026-10-06,CM,BSE,STK,524226,INE036B01030,GAEL,B,,,,,GUJARAT AMBUJA EXPORTS LTD.,159.80,163.25,158.00,162.80,162.05,158.55,,162.81,,,54198,8727199.00,896,F1,1,,,,,
2026-10-06,2026-10-06,CM,BSE,STK,524230,INE027A01015,RCF,A,,,,,RASHTRIYA CHEMICALS & FERTILIZ,107.80,109.40,106.80,108.80,109.25,106.65,,108.93,,,89510,9657514.00,661,F1,1,,,,,
2026-10-06,2026-10-06,CM,BSE,STK,524238,INE659F01022,GUJINJEC,XT,,,,,GUJARAT INJECT (KERALA) LTD.,9.39,9.39,9.25,9.36,9.39,9.09,,9.36,,,122704,1144811.00,251,F1,1,,,,,
2026-10-06,2026-10-06,CM,BSE,STK,524280,INE082A01010,KOPRAN,B,,,,,KOPRAN LTD.,267.05,275.00,264.85,269.95,269.00,268.75,,269.62,,,24771,6677308.00,364,F1,1,,,,,
2026-10-06,2026-10-06,CM,BSE,STK,524288,INE008B01013,AIMCOPEST,X,,,,,AIMCO PESTICIDES LTD.,42.00,42.00,39.30,40.15,40.00,40.79,,40.15,,,1717,70381.00,48,F1,1,,,,,
2026-10-06,2026-10-06,CM,BSE,STK,524314,INE499G01013,GUJTERC,X,,,,,GUJARAT TERCE LABORATORIES LTD,35.60,38.00,35.50,38.00,38.00,34.83,,38.00,,,1011,37000.00,16,F1,1,,,,,
2026-10-06,2026-10-06,CM,BSE,STK,524322,INE323K01017,KABRADG,X,,,,,KABRA DRUGS LTD.,18.60,18.60,17.01,17.89,18.17,18.08,,17.89,,,63703,1148637.00,169,F1,1,,,,,
2026-10-06,2026-10-06,CM,BSE,STK,524324,INE573R01012,SEYAIND,T,,,,,SEYA INDUSTRIES LTD.,13.00,13.00,12.73,12.73,12.73,12.98,,12.73,,,554,7085.00,9,F1,1,,,,,
2026-10-06,2026-10-06,CM,BSE,STK,524330,INE785A01026,JAYAGROGN,B,,,,,JAYANT AGRO-ORGANICS LTD.,215.50,218.00,213.60,218.00,218.00,211.80,,219.16,,,389,83848.00,59,F1,1,,,,,
2026-10-06,2026-10-06,CM,BSE,STK,524332,INE412G01024,BCLIND,B,,,,,BCL INDUSTRIES LIMITED,31.21,32.17,31.21,32.03,32.00,31.29,,32.03,,,24984,794594.00,195,F1,1,,,,,
2026-10-06,2026-10-06,CM,BSE,STK,524336,INE065E01017,SHHARICH,XT,,,,,SHREE HARI CHEMICALS EXPORT LT,317.10,320.00,295.60,318.55,317.00,311.10,,318.55,,,22503,7013037.00,158,F1,1,,,,,
2026-10-06,2026-10-06,CM,BSE,STK,524342,INE803D01021,INDOBORAX,B,,,,,INDO BORAX & CHEMICALS LTD.,461.45,495.70,460.65,491.15,485.30,461.45,,491.73,,,13253,6429623.00,352,F1,1,,,,,
2026-10-06,2026-10-06,CM,BSE,STK,524348,INE767A01016,AARTIDRUGS,B,,,,,AARTI DRUGS LTD.,417.25,430.00,414.65,428.45,429.25,415.20,,428.79,,,15138,6416850.00,452,F1,1,,,,,
2026-10-06,2026-10-06,CM,BSE,STK,524370,INE338D01028,BODALCHEM,T,,,,,BODAL CHEMICALS LTD.,176.00,189.00,173.50,186.80,186.90,182.40,,186.59,,,59812,10744160.00,674,F1,1,,,,,
2026-10-06,2026-10-06,CM,BSE,STK,524372,INE191A01027,ORCHPHARMA,B,,,,,Orchid Pharma Limited,971.75,1015.00,965.65,1006.70,996.25,966.80,,1006.56,,,6195,6159596.00,736,F1,1,,,,,
2026-10-06,2026-10-06,CM,BSE,STK,524394,INE579C01029,VIMTALABS,B,,,,,VIMTA LABS LTD.,573.00,584.30,570.30,578.25,579.00,571.30,,577.41,,,7074,4079708.00,369,F1,1,,,,,
2026-10-06,2026-10-06,CM,BSE,STK,524396,INE829A01014,BIOFILCHEM,B,,,,,BIOFIL CHEMICALS & PHARMACEUTI,32.98,32.98,29.67,30.38,29.79,29.57,,30.24,,,728,22339.00,28,F1,1,,,,,
2026-10-06,2026-10-06,CM,BSE,STK,524400,INE806D01016,ISHITADR,X,,,,,ISHITA DRUGS & INDUSTRIES LTD.,80.62,80.62,76.50,76.50,76.50,79.83,,76.50,,,684,54666.00,10,F1,1,,,,,
2026-10-06,2026-10-06,CM,BSE,STK,524404,INE750C01026,MARKSANS,A,,,,,MARKSANS PHARMA LTD.,333.40,341.95,322.55,324.35,326.05,331.50,,324.40,,,124248,41346250.00,2912,F1,1,,,,,
2026-10-06,2026-10-06,CM,BSE,STK,524408,INE113E01015,UNIVSTAR,X,,,,,UNIVERSAL STARCH-CHEM ALLIED L,198.10,204.90,198.05,203.00,203.00,203.75,,203.00,,,2111,425022.00,22,F1,1,,,,,
2026-10-06,2026-10-06,CM,BSE,STK,524412,INE198H01019,AAREYDRUGS,B,,,,,AAREY DRUGS & PHARMACEUTICALS,103.00,108.40,102.50,108.05,108.05,103.25,,107.87,,,10139,1086755.00,96,F1,1,,,,,
2026-10-06,2026-10-06,CM,BSE,STK,524414,INE744C01029,NORRIS,X,,,,,NORRIS MEDICINES LTD.,15.75,16.25,15.27,16.25,16.25,16.07,,16.25,,,623,9634.00,13,F1,1,,,,,
2026-10-06,2026-10-06,CM,BSE,STK,524434,INE810M01019,ASINPET,X,,,,,ASIAN PETROPRODUCTS & EXPORTS,9.20,9.35,9.20,9.35,9.35,9.15,,9.35,,,5097,47241.00,18,F1,1,,,,,
2026-10-06,2026-10-06,CM,BSE,STK,524440,INE198C01010,CAMEXLTD,X,,,,,CAMEX LTD.,54.10,57.30,52.50,53.32,54.99,56.05,,53.32,,,5916,324566.00,51,F1,1,,,,,
2026-10-06,2026-10-06,CM,BSE,STK,524444,INE313M01030,EVEXIA,X,,,,,EVEXIA LIFECARE LIMITED,2.03,2.06,1.95,1.99,1.99,1.99,,1.99,,,19193932,38314776.00,1123,F1,1,,,,,
2026-10-06,2026-10-06,CM,BSE,STK,524458,INE319N01019,INDOEURO,X,,,,,INDO EURO INDCHEM LTD.,8.16,8.16,8.15,8.15,8.15,8.15,,8.15,,,2808,22910.00,10,F1,1,,,,,
2026-10-06,2026-10-06,CM,BSE,STK,524470,INE312C01025,SYNCOMF,B,,,,,SYNCOM FORMULATIONS (INDIA) LT,23.27,23.79,22.80,23.24,23.24,23.12,,23.22,,,1108709,25725251.00,1825,F1,1,,,,,
2026-10-06,2026-10-06,CM,BSE,STK,524480,INE249D01019,RIDDHI,X,,,,,RIDDHI SIDDHI GLUCO BIOLS LTD.,702.00,719.75,685.05,717.05,719.65,704.00,,717.05,,,289,201921.00,33,F1,1,,,,,
2026-10-06,2026-10-06,CM,BSE,STK,524488,INE038B01010,SVCIND,XT,,,,,SVC INDUSTRIES LIMITED,3.00,3.04,2.90,2.99,2.99,2.95,,2.99,,,38895,116568.00,84,F1,1,,,,,
2026-10-06,2026-10-06,CM,BSE,STK,524494,INE571A01038,IPCALAB,A,,,,,IPCA LABORATORIES LTD.,1952.00,1963.95,1931.10,1946.15,1946.15,1951.35,,1945.53,,,6124,11909826.00,1112,F1,1,,,,,
2026-10-06,2026-10-06,CM,BSE,STK,524500,INE729D01010,KILITCH,B,,,,,KILITCH DRUGS (INDIA) LTD.,243.90,267.70,238.15,261.30,261.80,233.50,,260.74,,,59828,15325908.00,1652,F1,1,,,,,
2026-10-06,2026-10-06,CM,BSE,STK,524502,INE548H01015,RAAJMEDI,XT,,,,,RAAJ MEDISAFE INDIA LTD.,101.45,103.40,101.01,102.98,102.98,101.45,,102.98,,,4954,510308.00,51,F1,1,,,,,
2026-10-06,2026-10-06,CM,BSE,STK,524506,INE683E01017,CORALAB,X,,,,,CORAL LABORATORIES LTD.,569.80,578.80,510.00,552.00,555.00,561.90,,552.00,,,1238,693076.00,48,F1,1,,,,,
2026-10-06,2026-10-06,CM,BSE,STK,524516,INE711D01018,BACPHAR,XT,,,,,BACIL PHARMA LTD.,28.00,28.00,26.23,26.76,26.85,27.27,,26.76,,,8735,234044.00,78,F1,1,,,,,
2026-10-06,2026-10-06,CM,BSE,STK,524518,INE268B01013,KREBSBIO,B,,,,,KREBS BIOCHEMICALS & INDUSTRIE,62.76,64.13,57.16,58.84,58.50,63.95,,58.86,,,11695,695933.00,300,F1,1,,,,,
2026-10-06,2026-10-06,CM,BSE,STK,524520,INE879K01018,KMCSHIL,B,,,,,KMC SPECIALITY HOSPITALS (INDI,174.25,174.25,165.20,170.05,170.05,169.35,,170.34,,,39565,6663045.00,675,F1,1,,,,,
2026-10-06,2026-10-06,CM,BSE,STK,524522,INE919B01011,LAFFANSQ,X,,,,,LAFFANS PETROCHEMICALS LTD.,30.20,30.20,29.00,29.00,29.00,29.50,,29.00,,,40,1161.00,7,F1,1,,,,,
2026-10-06,2026-10-06,CM,BSE,STK,524534,INE972C01018,BHASKAGR,X,,,,,BHASKAR AGROCHEMICALS LTD.,106.00,108.75,106.00,106.45,106.30,106.30,,106.45,,,607,65309.00,25,F1,1,,,,,
2026-10-06,2026-10-06,CM,BSE,STK,524542,INE450E01029,SUKHJITS,B,,,,,SUKHJIT STARCH & CHEMICALS LTD,152.90,153.70,147.05,147.55,147.05,150.25,,147.83,,,1083,162235.00,25,F1,1,,,,,
2026-10-06,2026-10-06,CM,BSE,STK,524548,INE465H01012,SHARMEH,X,,,,,SHARMA EAST INDIA HOSPITALS &,84.82,88.00,84.00,87.57,88.00,84.98,,87.57,,,125,10868.00,12,F1,1,,,,,
2026-10-06,2026-10-06,CM,BSE,STK,524558,INE794A01010,NEULANDLAB,A,,,,,NEULAND LABORATORIES LTD.,21904.00,21952.40,21410.05,21891.65,21879.85,21857.25,,21904.65,,,3380,73113256.00,946,F1,1,,,,,
2026-10-06,2026-10-06,CM,BSE,STK,524564,INE052E01015,GAYATRIBI,XT,,,,,GAYATRI BIOORGANICS LTD.,7.74,7.90,7.56,7.70,7.70,7.90,,7.70,,,922,7114.00,18,F1,1,,,,,
2026-10-06,2026-10-06,CM,BSE,STK,524570,INE371C01013,PODDARMENT,B,,,,,PODDAR PIGMENTS LTD.,255.90,255.95,255.50,255.50,255.50,257.00,,253.97,,,210,53659.00,5,F1,1,,,,,
2026-10-06,2026-10-06,CM,BSE,STK,524572,INE117D01018,PHARMAID,X,,,,,PHARMAIDS PHARMACEUTICALS LTD.,30.00,30.50,29.60,30.21,30.48,30.15,,30.21,,,482,14584.00,19,F1,1,,,,,
2026-10-06,2026-10-06,CM,BSE,STK,524576,INE737C01023,VIVIDIND,X,,,,,VIVID GLOBAL INDUSTRIES LTD.,18.52,19.20,18.15,18.18,18.18,18.52,,18.18,,,6435,118733.00,17,F1,1,,,,,
2026-10-06,2026-10-06,CM,BSE,STK,524582,INE314D01011,TIRUSTA,X,,,,,TIRUPATI STARCH & CHEMICALS LT,120.00,121.35,120.00,121.35,121.35,118.00,,121.35,,,15,1806.00,3,F1,1,,,,,
2026-10-06,2026-10-06,CM,BSE,STK,524592,INE263B01022,JAYSYNTH,XT,,,,,JAYSYNTH ORGOCHEM LIMITED,16.15,16.15,15.41,15.76,15.90,16.09,,15.76,,,13519,212211.00,83,F1,1,,,,,
2026-10-06,2026-10-06,CM,BSE,STK,524594,INE994D01010,AEONXDIGI,X,,,,,Aeonx Digital Technology Limit,108.50,114.70,108.50,114.70,114.70,108.00,,114.70,,,1630,184403.00,18,F1,1,,,,,
2026-10-06,2026-10-06,CM,BSE,STK,524598,INE542B01011,AKSHARCHEM,T,,,,,AKSHARCHEM (INDIA) LTD.,379.00,379.00,370.00,379.00,379.00,384.00,,374.22,,,635,236152.00,12,F1,1,,,,,
2026-10-06,2026-10-06,CM,BSE,STK,524602,INE875N01036,BANDARAM,X,,,,,BANDARAM PHARMA PACKTECH LIMIT,19.85,19.88,18.70,18.70,18.70,19.09,,18.70,,,1479,28104.00,23,F1,1,,,,,
2026-10-06,2026-10-06,CM,BSE,STK,524606,INE415H01017,BERLDRG,X,,,,,BERYL DRUGS LTD.,25.84,25.99,24.80,25.86,25.86,24.84,,25.86,,,772,19821.00,27,F1,1,,,,,
2026-10-06,2026-10-06,CM,BSE,STK,524614,INE056E01024,INDXTRA,X,,,,,IEL LIMITED,5.11,5.50,5.00,5.33,5.50,5.20,,5.33,,,59744,305968.00,2653,F1,1,,,,,
2026-10-06,2026-10-06,CM,BSE,STK,524622,INE532B01020,ISTRNETWK,X,,,,,ISTREET NETWORK LIMITED,44.99,44.99,43.16,43.91,43.58,44.31,,43.91,,,15723,692215.00,105,F1,1,,,,,
2026-10-06,2026-10-06,CM,BSE,STK,524624,INE076D01016,GAGAN,X,,,,,GAGAN GASES LTD.,18.00,19.40,18.00,19.31,19.30,18.22,,19.31,,,386,7282.00,17,F1,1,,,,,
2026-10-06,2026-10-06,CM,BSE,STK,524628,INE750B01010,PARKERAC,X,,,,,PARKER AGROCHEM EXPORTS LTD.,19.50,19.50,19.50,19.50,19.50,20.20,,19.50,,,368,7176.00,6,F1,1,,,,,
2026-10-06,2026-10-06,CM,BSE,STK,524632,INE551C01044,SHUKRAPHAR,B,,,,,Shukra Pharmaceuticals Limited,72.75,75.50,70.55,72.48,72.85,70.15,,72.58,,,1958186,142328463.00,6337,F1,1,,,,,
2026-10-06,2026-10-06,CM,BSE,STK,524634,INE058F01019,ALUFLUOR,B,,,,,ALUFLUORIDE LTD.,614.95,625.00,611.85,613.60,613.10,614.90,,619.36,,,4768,2953552.00,186,F1,1,,,,,
2026-10-06,2026-10-06,CM,BSE,STK,524636,INE102E01018,OXYGENTAPH,XT,,,,,OXYGENTA PHARMACEUTICAL LIMITE,46.45,48.39,46.15,47.75,47.75,46.96,,47.75,,,12208,577594.00,38,F1,1,,,,,
2026-10-06,2026-10-06,CM,BSE,STK,524640,INE078I01011,ARCHITORG,X,,,,,ARCHIT ORGANOSYS LTD.,62.00,63.25,60.15,62.85,62.98,62.68,,62.85,,,8096,502164.00,45,F1,1,,,,,
2026-10-06,2026-10-06,CM,BSE,STK,524648,INE760F01028,INDOAMIN,B,,,,,INDO AMINES LTD.,143.30,168.15,143.30,161.50,161.50,143.25,,161.17,,,479728,77297185.00,6513,F1,1,,,,,
2026-10-06,2026-10-06,CM,BSE,STK,524654,INE936B01015,NATCAPSUQ,T,,,,,NATURAL CAPSULES LTD.,168.00,168.00,164.20,167.95,167.95,167.90,,166.74,,,91,14995.00,6,F1,1,,,,,
2026-10-06,2026-10-06,CM,BSE,STK,524661,INE331C01025,WELCURE,X,,,,,WELCURE DRUGS & PHARMACEUTICAL,0.21,0.21,0.20,0.20,0.21,0.20,,0.20,,,3664828,743351.00,383,F1,1,,,,,
2026-10-06,2026-10-06,CM,BSE,STK,524663,INE994B01014,BIBCL,B,,,,,BHARAT IMMUNOLOGICALS & BIOLOG,7.40,8.28,7.11,8.28,8.28,7.53,,8.28,,,144536,1140952.00,324,F1,1,,,,,
2026-10-06,2026-10-06,CM,BSE,STK,524667,INE035D01020,SOTL,B,,,,,SAVITA OIL TECHNOLOGIES LTD.,728.00,779.90,724.10,776.10,776.10,727.60,,775.54,,,46945,35490582.00,1762,F1,1,,,,,
2026-10-06,2026-10-06,CM,BSE,STK,524669,INE782E01017,HESTERBIO,B,,,,,HESTER BIOSCIENCES LTD.,2127.20,2197.90,2088.00,2187.65,2186.35,2105.70,,2176.62,,,497,1073588.00,75,F1,1,,,,,
2026-10-06,2026-10-06,CM,BSE,STK,524675,INE645C01010,KABSON,X,,,,,KABSONS INDUSTRIES LTD.,18.50,20.40,18.50,20.02,20.40,19.93,,20.02,,,5081,102930.00,17,F1,1,,,,,
2026-10-06,2026-10-06,CM,BSE,STK,524687,INE473E01021,BASANTGL,X,,,,,BASANT AGRO TECH (INDIA) LTD.,11.00,11.20,10.92,10.94,10.94,11.00,,10.94,,,16619,183064.00,76,F1,1,,,,,
2026-10-06,2026-10-06,CM,BSE,STK,524703,INE751D01014,SANDUPHQ,X,,,,,SANDU PHARMACEUTICALS LTD.,37.00,37.00,35.35,36.16,36.82,37.27,,36.16,,,625,22490.00,33,F1,1,,,,,
2026-10-06,2026-10-06,CM,BSE,STK,524709,INE295D01020,NACLIND,B,,,,,NACL Industries Limited,132.80,137.00,131.00,136.55,136.55,130.20,,136.63,,,25968,3507540.00,342,F1,1,,,,,
2026-10-06,2026-10-06,CM,BSE,STK,524711,INE427C01021,VISTAPH,X,,,,,VISTA PHARMACEUTICALS LTD.,6.50,6.50,6.00,6.29,6.29,5.83,,6.29,,,10253,63307.00,33,F1,1,,,,,
2026-10-06,2026-10-06,CM,BSE,STK,524715,INE044A01036,SUNPHARMA,A,,,,,SUN PHARMACEUTICAL INDUSTRIES,1773.20,1801.00,1769.25,1801.00,1801.00,1782.00,,1804.08,,,23216,41426975.00,3037,F1,1,,,,,
2026-10-06,2026-10-06,CM,BSE,STK,524717,INE150C01029,TITANBIO,B,,,,,TITAN BIOTECH LTD.,383.20,390.45,381.00,382.10,382.95,383.20,,382.10,,,11448,4396023.00,404,F1,1,,,,,
2026-10-06,2026-10-06,CM,BSE,STK,524723,INE491D01017,ARVAYA,XT,,,,,Arvaya Healthcare Limited,115.25,116.00,115.25,116.00,116.00,117.60,,116.00,,,1308,150747.00,5,F1,1,,,,,
2026-10-06,2026-10-06,CM,BSE,STK,524727,INE004E01016,SDL,X,,,,,Span Divergent Limited,21.81,22.89,21.81,22.73,22.89,21.81,,22.73,,,62,1362.00,5,F1,1,,,,,
2026-10-06,2026-10-06,CM,BSE,STK,524731,INE354A01013,JENBURPH,B,,,,,JENBURKT PHARMACEUTICALS LTD.,903.00,915.00,895.50,905.00,905.00,900.00,,905.55,,,454,407528.00,20,F1,1,,,,,
2026-10-06,2026-10-06,CM,BSE,STK,524735,INE475B01022,HIKAL,B,,,,,HIKAL LTD.,215.50,227.40,213.90,226.45,226.45,214.45,,226.43,,,71256,15781551.00,1097,F1,1,,,,,
2026-10-06,2026-10-06,CM,BSE,STK,524742,INE475E01026,CAPLIPOINT,A,,,,,CAPLIN POINT LABORATORIES LTD.,2627.75,2689.00,2585.00,2679.15,2673.50,2603.65,,2679.69,,,6298,16635173.00,949,F1,1,,,,,
2026-10-06,2026-10-06,CM,BSE,STK,524743,INE771F01041,FISCHER,B,,,,,FISCHER MEDICAL VENTURES LIMIT,32.87,33.34,32.56,33.09,33.33,32.87,,33.14,,,14561,481478.00,71,F1,1,,,,,
2026-10-06,2026-10-06,CM,BSE,STK,524748,INE302F01011,LINKPH,X,,,,,LINK PHARMA CHEM LTD.,26.20,28.45,25.30,26.39,26.30,26.09,,26.39,,,2495,64929.00,19,F1,1,,,,,
2026-10-06,2026-10-06,CM,BSE,STK,524752,INE643N01012,DECIPHER,X,,,,,DECIPHER LABS LIMITED,5.55,5.95,5.55,5.60,5.60,5.67,,5.60,,,5032,27999.00,28,F1,1,,,,,
2026-10-06,2026-10-06,CM,BSE,STK,524768,INE634B01016,EMMESSA,X,,,,,EMMESSAR BIOTECH & NUTRITION L,23.67,23.67,22.51,23.54,23.54,23.67,,23.54,,,447,10492.00,11,F1,1,,,,,
2026-10-06,2026-10-06,CM,BSE,STK,524774,INE887E01022,NGLFINE,B,,,,,NGL FINE-CHEM LTD.,3009.70,3175.00,3001.60,3099.85,3099.85,3009.65,,3120.64,,,1282,3965983.00,393,F1,1,,,,,
2026-10-06,2026-10-06,CM,BSE,STK,524790,INE334C01029,EVERESTO,X,,,,,EVEREST ORGANICS LTD.,249.00,249.75,243.00,248.95,249.00,236.00,,248.95,,,1710,423801.00,67,F1,1,,,,,
2026-10-06,2026-10-06,CM,BSE,STK,524804,INE406A01037,AUROPHARMA,A,,,,,AUROBINDO PHARMA LTD.,1677.65,1694.30,1672.80,1690.00,1690.00,1670.00,,1692.80,,,6344,10682351.00,777,F1,1,,,,,
2026-10-06,2026-10-06,CM,BSE,STK,524808,INE037C01010,PHYTO,X,,,,,PHYTO CHEM (INDIA) LTD.,17.50,17.50,17.00,17.00,17.00,16.91,,17.00,,,618,10758.00,14,F1,1,,,,,
2026-10-06,2026-10-06,CM,BSE,STK,524816,INE987B01026,NATCOPHARM,A,,,,,NATCO PHARMA LTD.,823.90,826.00,815.55,823.70,823.70,822.15,,823.65,,,27933,22929483.00,2117,F1,1,,,,,
2026-10-06,2026-10-06,CM,BSE,STK,524818,INE457C01010,DYNAMIND,X,,,,,DYNAMIC INDUSTRIES LTD.,120.00,123.95,115.85,119.45,115.85,120.00,,119.45,,,506,60530.00,19,F1,1,,,,,
2026-10-06,2026-10-06,CM,BSE,STK,524820,INE305C01029,PANAMAPET,B,,,,,PANAMA PETROCHEM LTD.,482.10,509.00,480.05,504.25,504.25,482.50,,504.11,,,36965,18428219.00,1239,F1,1,,,,,
2026-10-06,2026-10-06,CM,BSE,STK,524824,INE083D01012,BALPHARMA,T,,,,,BAL PHARMA LTD.,107.75,107.75,102.25,102.30,102.25,107.60,,101.50,,,1738,178866.00,49,F1,1,,,,,
2026-10-06,2026-10-06,CM,BSE,STK,524828,INE278D01018,BDH,X,,,,,BDH INDUSTRIES LTD.,487.00,510.00,470.00,491.35,498.25,473.70,,491.35,,,4289,2043509.00,135,F1,1,,,,,
2026-10-06,2026-10-06,CM,BSE,STK,526001,INE593O01017,JAUSPOL,X,,,,,JAUSS POLYMERS LTD.,27.40,27.40,26.60,26.60,26.60,27.99,,26.60,,,1635,43505.00,11,F1,1,,,,,
2026-10-06,2026-10-06,CM,BSE,STK,526025,INE064L01015,GLOBUSCON,X,,,,,GLOBUS CONSTRUCTORS & DEVELOPE,15.95,16.69,15.95,16.50,16.50,15.90,,16.50,,,9058,148232.00,41,F1,1,,,,,
2026-10-06,2026-10-06,CM,BSE,STK,526027,INE144D01012,CUBEXTUB,T,,,,,CUBEX TUBINGS LTD.,149.70,156.45,149.15,149.15,149.15,157.00,,149.64,,,24880,3726348.00,199,F1,1,,,,,
2026-10-06,2026-10-06,CM,BSE,STK,526043,INE809B01014,POLYCHMP,X,,,,,POLYMECHPLAST MACHINES LTD.,46.68,47.70,45.00,47.00,47.00,46.69,,47.00,,,2827,131992.00,15,F1,1,,,,,
2026-10-06,2026-10-06,CM,BSE,STK,526071,INE395F01023,STELLANT,XT,,,,,STELLANT SECURITIES (INDIA) LT,915.00,932.85,875.00,894.65,905.00,901.40,,894.65,,,2122,1922176.00,112,F1,1,,,,,
2026-10-06,2026-10-06,CM,BSE,STK,526073,INE020S01012,GALXBRG,XT,,,,,GALAXY BEARINGS LTD.,903.50,984.90,903.50,984.90,984.90,938.00,,984.90,,,1445,1399078.00,72,F1,1,,,,,
2026-10-06,2026-10-06,CM,BSE,STK,526075,INE092O01028,VINRKLB,XT,,,,,REKVINA LABORATORIES LTD.,51.51,51.51,51.51,51.51,51.51,50.50,,51.51,,,207,10662.00,3,F1,1,,,,,
2026-10-06,2026-10-06,CM,BSE,STK,526081,INE895E01017,SCAGRO,XT,,,,,SC Agrotech Limited,40.41,40.41,36.60,36.60,36.60,38.52,,36.60,,,2021,75456.00,24,F1,1,,,,,
2026-10-06,2026-10-06,CM,BSE,STK,526095,INE427E01027,RALEGRA,X,,,,,RAVILEELA GRANITES LTD.,55.40,59.90,55.40,59.40,59.40,55.40,,59.40,,,18,1010.00,3,F1,1,,,,,
2026-10-06,2026-10-06,CM,BSE,STK,526113,INE602H01010,UNRYLMA,XT,,,,,UNIROYAL MARINE EXPORTS LTD.,16.30,16.30,15.01,16.30,16.30,15.58,,16.30,,,13,199.00,4,F1,1,,,,,
2026-10-06,2026-10-06,CM,BSE,STK,526115,INE327D01013,KARANWO,X,,,,,KARAN WOO-SIN LTD.,7.10,7.10,7.10,7.10,7.10,7.10,,7.10,,,100,710.00,2,F1,1,,,,,
2026-10-06,2026-10-06,CM,BSE,STK,526125,INE00HZ01011,BNAGROCHEM,B,,,,,BN AGROCHEM LIMITED,233.20,244.85,221.55,221.55,221.55,233.20,,221.55,,,990,227892.00,71,F1,1,,,,,
2026-10-06,2026-10-06,CM,BSE,STK,526133,INE881B01054,SUPERTEX,X,,,,,SUPERTEX INDUSTRIES LTD.,5.80,5.80,5.01,5.01,5.01,5.85,,5.01,,,171,873.00,5,F1,1,,,,,
2026-10-06,2026-10-06,CM,BSE,STK,526137,INE278C01010,SHETR,X,,,,,SHETRON LTD.,101.55,101.55,100.35,100.50,100.35,101.55,,100.50,,,1058,106337.00,18,F1,1,,,,,
2026-10-06,2026-10-06,CM,BSE,STK,526139,INE773D01018,TRABI,X,,,,,TRANSGENE BIOTEK LTD.,2.47,2.47,2.18,2.27,2.27,2.43,,2.27,,,47191,107915.00,59,F1,1,,,,,
2026-10-06,2026-10-06,CM,BSE,STK,526143,INE343A01016,MPL,X,,,,,MPL PLASTICS LTD.,6.59,6.59,6.20,6.59,6.59,6.59,,6.59,,,336,2175.00,9,F1,1,,,,,
2026-10-06,2026-10-06,CM,BSE,STK,526159,INE926C01022,NIKHILAD,X,,,,,NIKHIL ADHESIVES LTD.,79.05,81.30,79.05,80.97,81.00,79.01,,80.97,,,9212,742417.00,172,F1,1,,,,,
2026-10-06,2026-10-06,CM,BSE,STK,526161,INE175C01018,SPENTA,XT,,,,,SPENTA INTERNATIONAL LTD.,134.20,134.20,131.55,131.55,131.55,134.20,,131.55,,,200,26575.00,2,F1,1,,,,,
2026-10-06,2026-10-06,CM,BSE,STK,526169,INE678F01014,MULTIBASE,X,,,,,MULTIBASE INDIA LTD.,169.70,169.85,167.10,169.60,169.70,168.10,,169.60,,,2260,380389.00,90,F1,1,,,,,
2026-10-06,2026-10-06,CM,BSE,STK,526173,INE449C01025,ANDREWYU,B,,,,,ANDREW YULE & COMPANY LTD.,25.49,25.50,24.50,24.85,24.98,25.11,,24.94,,,48382,1202322.00,454,F1,1,,,,,
2026-10-06,2026-10-06,CM,BSE,STK,526179,INE983C01015,LUDLOWJUT,X,,,,,LUDLOW JUTE & SPECIALITIES LTD,321.00,328.00,316.00,320.15,328.00,320.00,,320.15,,,350,111906.00,17,F1,1,,,,,
2026-10-06,2026-10-06,CM,BSE,STK,526187,INE293C01019,ASHRAM,X,,,,,ASHRAM ONLINE.COM LTD.,5.42,5.42,5.41,5.42,5.42,5.17,,5.42,,,742,4021.00,5,F1,1,,,,,
2026-10-06,2026-10-06,CM,BSE,STK,526193,INE618A01011,ROYALCU,X,,,,,ROYAL CUSHION VINYL PRODUCTS L,12.80,12.80,12.05,12.79,12.79,12.80,,12.79,,,366,4534.00,10,F1,1,,,,,
2026-10-06,2026-10-06,CM,BSE,STK,526211,INE170U01011,SURJIND,X,,,,,SURAJ INDUSTRIES LTD.,53.87,56.50,53.87,55.22,55.50,53.87,,55.22,,,4197,228363.00,23,F1,1,,,,,
2026-10-06,2026-10-06,CM,BSE,STK,526217,INE120D01012,HITECHCORP,T,,,,,Hitech Corporation Limited,340.00,341.00,340.00,340.30,340.30,341.20,,342.37,,,345,117398.00,9,F1,1,,,,,
2026-10-06,2026-10-06,CM,BSE,STK,526227,INE816B01035,FILATEX,B,,,,,FILATEX INDIA LTD.,104.70,112.90,104.70,111.00,111.00,103.70,,111.35,,,258484,28161759.00,1998,F1,1,,,,,
2026-10-06,2026-10-06,CM,BSE,STK,526231,INE307D01015,STDSFAC,XT,,,,,STANDARD SURFACTANTS LTD.,200.60,200.60,200.60,200.60,200.60,211.15,,200.60,,,305,61183.00,16,F1,1,,,,,
2026-10-06,2026-10-06,CM,BSE,STK,526237,INE902C01015,MORGAN,X,,,,,MORGAN VENTURES LTD.,43.06,44.00,43.00,43.75,43.75,43.35,,43.75,,,307,13402.00,10,F1,1,,,,,
2026-10-06,2026-10-06,CM,BSE,STK,526241,INE762C01021,AMRAPLIN,XT,,,,,AMRAPALI INDUSTRIES LTD.,34.97,34.97,33.55,33.74,34.00,34.97,,33.74,,,4367,147901.00,49,F1,1,,,,,
2026-10-06,2026-10-06,CM,BSE,STK,526247,INE863B01029,PREMEXPLN,A,,,,,PREMIER EXPLOSIVES LTD.,685.05,686.45,683.00,684.95,685.45,685.10,,685.09,,,25703,17606857.00,262,F1,1,,,,,
2026-10-06,2026-10-06,CM,BSE,STK,526251,INE033E01015,MIDEASTP,X,,,,,MID EAST PORTFOLIO MANAGEMENT,31.99,33.00,28.99,32.94,32.99,31.99,,32.94,,,4672,150149.00,28,F1,1,,,,,
2026-10-06,2026-10-06,CM,BSE,STK,526263,INE835B01035,MOLDTECH,T,,,,,MOLD-TEK TECHNOLOGIES LTD.,219.90,220.90,210.10,217.05,218.85,213.85,,216.74,,,7890,1712446.00,180,F1,1,,,,,
2026-10-06,2026-10-06,CM,BSE,STK,526269,INE293N01016,CRSTCHM,X,,,,,CRESTCHEM LTD.,130.00,133.00,122.20,126.00,127.20,127.95,,126.00,,,2215,283159.00,78,F1,1,,,,,
2026-10-06,2026-10-06,CM,BSE,STK,526299,INE356A01018,MPHASIS,A,,,,,MPHASIS LTD.,2297.55,2303.15,2267.25,2290.45,2284.90,2289.00,,2298.00,,,20203,45988538.00,577,F1,1,,,,,
2026-10-06,2026-10-06,CM,BSE,STK,526315,INE410G01010,DIVSHKT,XT,,,,,DIVYASHAKTI LIMITED,61.46,67.00,61.46,64.88,64.88,64.60,,64.88,,,644,40874.00,23,F1,1,,,,,
2026-10-06,2026-10-06,CM,BSE,STK,526331,INE875S01019,ADVMULT,XT,,,,,ADVANCE MULTITECH LTD.,153.35,153.35,153.35,153.35,153.35,146.05,,153.35,,,30,4600.00,1,F1,1,,,,,
2026-10-06,2026-10-06,CM,BSE,STK,526335,INE115F01017,SHREYASI,X,,,,,SHREYAS INTERMEDIATES LTD.,8.44,8.79,7.50,7.70,7.50,8.27,,7.70,,,21633,177577.00,79,F1,1,,,,,
2026-10-06,2026-10-06,CM,BSE,STK,526345,INE744D01019,PANJON,X,,,,,PANJON LTD.,21.70,21.70,20.40,21.21,21.24,20.76,,21.21,,,1785,37394.00,27,F1,1,,,,,
2026-10-06,2026-10-06,CM,BSE,STK,526355,INE138B01018,DUROPACK,X,,,,,DUROPACK LTD.,60.27,60.27,56.69,57.50,57.50,59.98,,57.50,,,459,26189.00,10,F1,1,,,,,
2026-10-06,2026-10-06,CM,BSE,STK,526365,INE967A01012,SWARNSAR,B,,,,,SWARNSARITA JEWELS INDIA LIMIT,41.00,41.40,40.40,41.20,41.20,40.00,,40.69,,,8358,343582.00,22,F1,1,,,,,
2026-10-06,2026-10-06,CM,BSE,STK,526367,INE460C01014,GANESHHOU,B,,,,,GANESH HOUSING LIMITED,704.55,722.05,703.60,706.60,711.35,704.55,,711.92,,,3291,2328714.00,87,F1,1,,,,,
2026-10-06,2026-10-06,CM,BSE,STK,526371,INE584A01023,NMDC,A,,,,,NMDC LTD.,74.49,74.49,73.79,74.30,74.30,73.80,,74.38,,,644345,47772747.00,5431,F1,1,,,,,
2026-10-06,2026-10-06,CM,BSE,STK,526373,INE908C01012,CINDHO,X,,,,,CINDRELLA HOTELS LTD.,47.38,47.38,47.38,47.38,47.38,48.38,,47.38,,,20,947.00,1,F1,1,,,,,
2026-10-06,2026-10-06,CM,BSE,STK,526381,INE529D01014,PATINTLOG,B,,,,,PATEL INTEGRATED LOGISTICS LTD,13.10,13.40,13.00,13.38,13.38,13.10,,13.15,,,8684,113365.00,60,F1,1,,,,,
2026-10-06,2026-10-06,CM,BSE,STK,526397,INE137C01018,ALPHAGEO,T,,,,,ALPHAGEO (INDIA) LTD.,257.00,258.00,243.35,256.50,256.50,250.55,,251.16,,,568,141793.00,16,F1,1,,,,,
2026-10-06,2026-10-06,CM,BSE,STK,526407,INE299D01022,HAMPTON,B,,,,,HAMPTON SKY REALTY LIMITED,8.08,8.27,7.87,8.04,8.21,8.05,,8.08,,,1167,9318.00,25,F1,1,,,,,
2026-10-06,2026-10-06,CM,BSE,STK,526409,INE301C01028,KKALPANAIND,X,,,,,KKALPANA INDUSTRIES (INDIA) LT,6.80,6.80,6.53,6.63,6.65,6.78,,6.63,,,9058,60278.00,51,F1,1,,,,,
2026-10-06,2026-10-06,CM,BSE,STK,526415,INE870B01024,OKPLA,X,,,,,OK PLAY INDIA LTD.,2.99,3.09,2.94,3.09,3.09,2.99,,3.09,,,155952,470448.00,226,F1,1,,,,,
2026-10-06,2026-10-06,CM,BSE,STK,526423,INE479D01038,KRITI,B,,,,,KRITI INDUSTRIES (INDIA) LTD.,62.94,62.94,59.02,59.02,59.02,60.84,,60.03,,,1316,81930.00,36,F1,1,,,,,
2026-10-06,2026-10-06,CM,BSE,STK,526431,INE662D01013,WELTI,XT,,,,,WELTERMAN INTERNATIONAL LTD.,21.10,21.10,21.10,21.10,21.10,22.21,,21.10,,,10,211.00,1,F1,1,,,,,
2026-10-06,2026-10-06,CM,BSE,STK,526433,INE867C01010,ASMTEC,B,,,,,ASM TECHNOLOGIES LTD.,6655.20,6899.00,6600.15,6845.35,6845.35,6617.20,,6845.35,,,17780,120324535.00,2480,F1,1,,,,,
2026-10-06,2026-10-06,CM,BSE,STK,526435,INE759I01024,PERFEPA,X,,,,,PERFECTPAC LTD.,80.00,84.75,79.00,79.00,79.00,77.09,,79.00,,,273,21885.00,10,F1,1,,,,,
2026-10-06,2026-10-06,CM,BSE,STK,526439,INE267C01013,AMBIT,X,,,,,AMBITIOUS PLASTOMAC COMPANY LT,8.30,8.30,8.30,8.30,8.30,8.30,,8.30,,,460,3818.00,7,F1,1,,,,,
2026-10-06,2026-10-06,CM,BSE,STK,526441,INE515B01025,VISIONCINE,X,,,,,VISION CINEMAS LTD.,1.08,1.12,1.08,1.08,1.08,1.08,,1.08,,,3412,3699.00,31,F1,1,,,,,
2026-10-06,2026-10-06,CM,BSE,STK,526443,INE072B01027,AEIM,X,,,,,Artificial Electronics Intelli,51.96,51.96,51.96,51.96,51.96,54.69,,51.96,,,56935,2958342.00,317,F1,1,,,,,
2026-10-06,2026-10-06,CM,BSE,STK,526445,INE007C01021,INDRANIB,XT,,,,,INDRAYANI BIOTECH LTD.,10.29,10.45,9.61,10.24,10.24,10.08,,10.24,,,65603,660582.00,127,F1,1,,,,,
2026-10-06,2026-10-06,CM,BSE,STK,526468,INE940E01011,EUROLED,XT,,,,,EURO LEDER FASHION LTD.,26.86,26.86,24.33,25.45,25.45,25.59,,25.45,,,922,23394.00,33,F1,1,,,,,
2026-10-06,2026-10-06,CM,BSE,STK,526471,INE391C01011,WINSOMBR,X,,,,,WINSOME BREWERIES LTD.,18.97,19.48,18.35,18.92,18.67,18.94,,18.92,,,1795,33766.00,73,F1,1,,,,,
2026-10-06,2026-10-06,CM,BSE,STK,526473,INE152E01013,ELEFLOR,X,,,,,ELEGANT FLORICULTURE & AGROTEC,4.70,4.80,4.58,4.80,4.80,4.73,,4.80,,,3281,15262.00,19,F1,1,,,,,
2026-10-06,2026-10-06,CM,BSE,STK,526479,INE765B01018,SKYIND,X,,,,,SKY INDUSTRIES LTD.,94.00,95.80,93.11,94.40,94.31,94.21,,94.40,,,1151,108827.00,54,F1,1,,,,,
2026-10-06,2026-10-06,CM,BSE,STK,526481,INE245B01011,PHOENXINTL,B,,,,,PHOENIX INTERNATIONAL LTD.,28.00,28.72,28.00,28.58,28.72,27.55,,28.01,,,351,9831.00,5,F1,1,,,,,
2026-10-06,2026-10-06,CM,BSE,STK,526488,INE432N01010,BHUDEVI,X,,,,,BHUDEVI INFRA PROJECTS LIMITED,79.05,79.05,76.21,79.05,79.05,75.29,,79.05,,,8238,650914.00,78,F1,1,,,,,
2026-10-06,2026-10-06,CM,BSE,STK,526490,INE206C01029,PRATIK,X,,,,,PRATIK PANELS LTD.,3.75,3.75,3.40,3.54,3.57,3.57,,3.54,,,40592,144805.00,108,F1,1,,,,,
2026-10-06,2026-10-06,CM,BSE,STK,526492,INE582D01013,RISHIROOP,X,,,,,Rishiroop Limited,121.90,125.90,118.20,120.85,121.50,121.95,,120.85,,,1526,185043.00,40,F1,1,,,,,
2026-10-06,2026-10-06,CM,BSE,STK,526494,INE818D01011,PROMACT,XT,,,,,Promact Plastics Limited,15.96,15.96,15.50,15.50,15.50,15.96,,15.50,,,474,7356.00,3,F1,1,,,,,
2026-10-06,2026-10-06,CM,BSE,STK,526500,INE398F01019,STRGRENWO,X,,,,,STERLING GREEN WOODS LTD.,19.00,19.00,19.00,19.00,19.00,18.69,,19.00,,,220,4180.00,5,F1,1,,,,,
2026-10-06,2026-10-06,CM,BSE,STK,526506,INE356B01024,SYSTMTXC,T,,,,,SYSTEMATIX CORPORATE SERVICES,73.49,73.49,73.00,73.00,73.00,73.50,,73.00,,,2299,168317.00,9,F1,1,,,,,
2026-10-06,2026-10-06,CM,BSE,STK,526508,INE825D01016,SHAHISHIP,X,,,,,Shahi Shipping Limited,10.84,11.25,10.84,10.85,11.23,10.84,,10.85,,,918,10072.00,23,F1,1,,,,,
2026-10-06,2026-10-06,CM,BSE,STK,526519,INE840D01015,ALPINEHOU,XT,,,,,ALPINE HOUSING DEVELOPMENT COR,96.65,100.95,96.65,99.80,99.80,96.60,,99.80,,,1515,148474.00,8,F1,1,,,,,
2026-10-06,2026-10-06,CM,BSE,STK,526525,INE550D01010,WWALUM,X,,,,,WORLDWIDE ALUMINIUM LIMITED,18.06,18.06,17.25,17.25,17.25,18.06,,17.25,,,34,613.00,3,F1,1,,,,,
2026-10-06,2026-10-06,CM,BSE,STK,526530,INE670C01026,IIRM,X,,,,,IIRM HOLDINGS INDIA LIMITED,127.00,127.00,118.10,119.75,120.50,117.05,,119.75,,,5724,691775.00,59,F1,1,,,,,
2026-10-06,2026-10-06,CM,BSE,STK,526532,INE716K01020,SFPIL,X,,,,,SQUARE FOUR PROJECTS INDIA LIM,8.46,8.46,8.45,8.45,8.45,8.50,,8.45,,,202,1706.00,3,F1,1,,,,,
2026-10-06,2026-10-06,CM,BSE,STK,526544,INE967B01028,SGLRES,B,,,,,SGL RESOURCES LIMITED,2.24,2.28,2.23,2.26,2.28,2.34,,2.26,,,14990,33624.00,29,F1,1,,,,,
2026-10-06,2026-10-06,CM,BSE,STK,526546,INE493D01013,CHOKSILA,XT,,,,,CHOKSI LABORATORIES LTD.,184.00,184.00,175.55,183.30,183.40,184.75,,183.30,,,1813,325653.00,44,F1,1,,,,,
2026-10-06,2026-10-06,CM,BSE,STK,526550,INE652F01027,CCHHL,B,,,,,COUNTRY CLUB HOSPITALITY AND H,12.98,13.11,12.56,13.11,13.11,13.12,,12.81,,,1834,23448.00,13,F1,1,,,,,
2026-10-06,2026-10-06,CM,BSE,STK,526570,INE519N01022,REMAGNET,B,,,,,MIDWEST ENERGY LIMITED,345.05,353.95,341.15,341.15,341.15,359.10,,341.15,,,672512,229487321.00,687,F1,1,,,,,
2026-10-06,2026-10-06,CM,BSE,STK,526574,INE439G01019,ENTRINT,X,,,,,ENTERPRISE INTERNATIONAL LTD.,22.80,22.80,22.80,22.80,22.80,24.00,,22.80,,,19,433.00,4,F1,1,,,,,
2026-10-06,2026-10-06,CM,BSE,STK,526582,INE413G01022,TPLPLASTEH,B,,,,,TPL PLASTECH LTD.,70.00,70.00,68.00,69.12,69.49,67.73,,69.18,,,1370,93670.00,98,F1,1,,,,,
2026-10-06,2026-10-06,CM,BSE,STK,526588,INE813B01016,PHOTOQUP,XT,,,,,PHOTOQUIP INDIA LTD.,11.55,11.55,11.55,11.55,11.55,11.00,,11.55,,,248,2864.00,3,F1,1,,,,,
2026-10-06,2026-10-06,CM,BSE,STK,526596,INE557B01019,LIBERTSHOE,B,,,,,LIBERTY SHOES LTD.,216.45,219.00,213.45,219.00,219.00,212.20,,218.57,,,615,133055.00,174,F1,1,,,,,
2026-10-06,2026-10-06,CM,BSE,STK,526604,INE845B01018,LIPPISYS,XT,,,,,LIPPI SYSTEMS LTD.,234.75,236.00,229.00,236.00,236.00,224.80,,236.00,,,4899,1150658.00,71,F1,1,,,,,
2026-10-06,2026-10-06,CM,BSE,STK,526608,INE822G01016,ELECTHERM,B,,,,,ELECTROTHERM (INDIA) LTD.,734.00,753.20,713.40,734.65,729.70,703.80,,735.24,,,1190,870180.00,140,F1,1,,,,,
2026-10-06,2026-10-06,CM,BSE,STK,526612,INE233B01017,BLUEDART,A,,,,,BLUE DART EXPRESS LTD.,4509.00,4569.00,4492.95,4560.60,4569.00,4513.50,,4562.73,,,261,1181692.00,82,F1,1,,,,,
2026-10-06,2026-10-06,CM,BSE,STK,526614,INE561D01025,EXPOEAPL,XT,,,,,EXPO ENGINEERING AND PROJECTS,91.65,91.65,88.00,89.70,89.70,89.99,,89.70,,,1065,95573.00,22,F1,1,,,,,
2026-10-06,2026-10-06,CM,BSE,STK,526616,INE233D01013,NATPLAS,X,,,,,NATIONAL PLASTIC INDUSTRIES LT,39.46,39.46,38.32,38.54,39.00,38.12,,38.54,,,603,23309.00,27,F1,1,,,,,
2026-10-06,2026-10-06,CM,BSE,STK,526622,INE244C01020,MFLINDIA,X,,,,,MFL INDIA LTD.,0.42,0.42,0.41,0.42,0.41,0.41,,0.42,,,222218,92446.00,177,F1,1,,,,,
2026-10-06,2026-10-06,CM,BSE,STK,526628,INE863E01015,AJWAFUN,P,,,,,AJWA FUN WORLD & RESORT LTD.,39.00,40.95,39.00,40.95,40.95,39.00,,40.95,,,900,36585.00,3,F1,100,,,,,
2026-10-06,2026-10-06,CM,BSE,STK,526638,INE594V01028,TEXELIN,X,,,,,TEXEL INDUSTRIES LTD.,64.27,65.99,61.30,62.96,62.96,64.01,,62.96,,,9582,600932.00,118,F1,1,,,,,
2026-10-06,2026-10-06,CM,BSE,STK,526640,INE008C01011,RAYALEMA,X,,,,,ROYALE MANOR HOTELS & INDUSTRI,24.41,26.44,24.41,26.07,26.14,25.40,,26.07,,,885,22166.00,21,F1,1,,,,,
2026-10-06,2026-10-06,CM,BSE,STK,526642,INE771A01026,MIRZAINT,B,,,,,MIRZA INTERNATIONAL LTD.,28.99,28.99,27.52,28.09,28.09,27.69,,27.72,,,4690,130159.00,84,F1,1,,,,,
2026-10-06,2026-10-06,CM,BSE,STK,526650,INE305A01023,TFCILTD,A,,,,,TOURISM FINANCE CORPORATION OF,139.70,141.25,139.10,140.65,140.65,139.70,,140.65,,,133328,18718026.00,902,F1,1,,,,,
2026-10-06,2026-10-06,CM,BSE,STK,526666,INE828A01016,BIL,B,,,,,BHARTIYA INTERNATIONAL LTD.,1089.25,1100.00,1047.60,1094.35,1094.50,1069.25,,1093.02,,,1463,1588631.00,111,F1,1,,,,,
2026-10-06,2026-10-06,CM,BSE,STK,526668,INE967C01018,KAMATHOTEL,B,,,,,KAMAT HOTELS (INDIA) LTD.,250.00,264.65,249.45,259.25,259.95,245.45,,258.82,,,20802,5399147.00,566,F1,1,,,,,
2026-10-06,2026-10-06,CM,BSE,STK,526675,INE008N01018,TIRTPLS,X,,,,,TIRTH PLASTIC LTD.,28.50,30.12,27.64,29.95,30.12,29.09,,29.95,,,31283,921674.00,633,F1,1,,,,,
2026-10-06,2026-10-06,CM,BSE,STK,526677,INE055C01020,KEEPLEARN,B,,,,,DSJ KEEP LEARNING LIMITED,1.78,2.02,1.71,1.89,1.89,1.82,,1.81,,,812,1476.00,19,F1,1,,,,,
2026-10-06,2026-10-06,CM,BSE,STK,526703,INE423D01010,ECOPLAST,X,,,,,ECOPLAST LTD.,499.00,500.00,481.40,499.85,500.00,498.30,,499.85,,,2469,1233496.00,28,F1,1,,,,,
2026-10-06,2026-10-06,CM,BSE,STK,526705,INE095B01010,ELEMARB,X,,,,,ELEGANT MARBLES & GRANI INDUST,169.00,172.40,169.00,170.45,171.50,169.00,,170.45,,,157,26610.00,13,F1,1,,,,,
2026-10-06,2026-10-06,CM,BSE,STK,526709,INE839A01021,BITS,X,,,,,BITS LTD.,6.46,6.57,6.20,6.42,6.42,6.29,,6.42,,,53082,340147.00,259,F1,1,,,,,
2026-10-06,2026-10-06,CM,BSE,STK,526711,INE627D01016,ADARSHPL,X,,,,,ADARSH PLANT PROTECT LTD.,24.29,25.00,23.70,23.70,23.70,23.95,,23.70,,,663,16168.00,9,F1,1,,,,,
2026-10-06,2026-10-06,CM,BSE,STK,526717,INE136C01044,HPBL,XT,,,,,HCP PLASTENE BULKPACK LIMITED,309.80,322.50,309.80,314.80,317.45,326.10,,314.80,,,10723,3411723.00,150,F1,1,,,,,
2026-10-06,2026-10-06,CM,BSE,STK,526721,INE653C01022,NICCOPAR,B,,,,,NICCO PARKS & RESORTS LTD.,79.85,79.85,79.85,79.85,79.85,80.25,,79.85,,,6,479.00,4,F1,1,,,,,
2026-10-06,2026-10-06,CM,BSE,STK,526723,INE920C01017,NTCIND,B,,,,,NTC INDUSTRIES LTD.,137.00,142.00,133.00,136.00,136.00,137.00,,134.88,,,110,14995.00,21,F1,1,,,,,
2026-10-06,2026-10-06,CM,BSE,STK,526727,INE797D01017,GARNET,X,,,,,GARNET CONSTRUCTION LTD.,45.30,48.00,45.30,47.94,47.94,44.81,,47.94,,,627,29917.00,13,F1,1,,,,,
2026-10-06,2026-10-06,CM,BSE,STK,526729,INE025B01025,GOLDIAM,A,,,,,GOLDIAM INTERNATIONAL LTD.,310.15,320.00,310.15,317.65,319.00,310.05,,317.51,,,28662,9108106.00,626,F1,1,,,,,
2026-10-06,2026-10-06,CM,BSE,STK,526731,INE630D01010,BRIGHTBR,B,,,,,BRIGHT BROTHERS LTD.,235.00,236.00,231.00,236.00,236.00,227.50,,235.33,,,358,83773.00,10,F1,1,,,,,
2026-10-06,2026-10-06,CM,BSE,STK,526739,INE869A01010,SHAWGELTIN,X,,,,,NARMADA GELATINES LTD.,435.05,448.40,435.05,447.40,448.00,439.90,,447.40,,,3588,1591026.00,104,F1,1,,,,,
2026-10-06,2026-10-06,CM,BSE,STK,526747,INE078D01012,PGFOILQ,X,,,,,PG FOILS LTD.,201.30,205.00,197.00,203.15,204.00,201.30,,203.15,,,3187,643072.00,54,F1,1,,,,,
2026-10-06,2026-10-06,CM,BSE,STK,526751,INE915E01013,GRATEXI,X,,,,,GRATEX INDUSTRIES LTD.,20.99,20.99,20.99,20.99,20.99,20.01,,20.99,,,297,6234.00,3,F1,1,,,,,
2026-10-06,2026-10-06,CM,BSE,STK,526755,INE548D01014,VELHO,X,,,,,VELAN HOTELS LTD.,7.59,7.59,6.93,7.21,7.21,7.26,,7.21,,,23567,170825.00,66,F1,1,,,,,
2026-10-06,2026-10-06,CM,BSE,STK,526761,INE931B01016,HOWARHO,X,,,,,HOWARD HOTELS LTD.,17.98,19.09,17.98,19.00,19.00,17.39,,19.00,,,2715,50186.00,22,F1,1,,,,,
2026-10-06,2026-10-06,CM,BSE,STK,526775,INE760B01019,VALIANT,B,,,,,VALIANT COMMUNICATIONS LTD.,1704.90,1823.95,1704.35,1808.30,1806.45,1686.25,,1808.30,,,62447,111538048.00,2317,F1,1,,,,,
2026-10-06,2026-10-06,CM,BSE,STK,526783,INE934C01018,DRAGARWQ,B,,,,,DR.AGARWALS EYE HOSPITAL LTD.,5265.50,5303.00,5128.25,5202.40,5220.80,5182.10,,5196.09,,,84,439092.00,32,F1,1,,,,,
2026-10-06,2026-10-06,CM,BSE,STK,526797,INE461C01038,GREENPLY,B,,,,,GREENPLY INDUSTRIES LTD.,306.00,316.95,305.85,315.05,315.30,308.15,,315.13,,,111761,35173112.00,452,F1,1,,,,,
2026-10-06,2026-10-06,CM,BSE,STK,526807,INE497B01018,SEAMECLTD,B,,,,,SEAMEC LTD.,1575.40,1603.70,1565.15,1585.25,1588.25,1577.40,,1584.91,,,1714,2722394.00,214,F1,1,,,,,
2026-10-06,2026-10-06,CM,BSE,STK,526813,INE753B01014,RAGHUNAT,X,,,,,RAGHUNATH INTERNATIONAL LTD.,10.94,10.94,10.11,10.25,10.25,10.95,,10.25,,,3707,37775.00,13,F1,1,,,,,
2026-10-06,2026-10-06,CM,BSE,STK,526817,INE974B01016,CHEVIOT,B,,,,,CHEVIOT CO.LTD.,1145.25,1155.20,1142.20,1145.00,1145.00,1165.15,,1152.87,,,345,395473.00,36,F1,1,,,,,
2026-10-06,2026-10-06,CM,BSE,STK,526821,INE928C01010,DAICHI,T,,,,,DAI-ICHI KARKARIA LTD.,322.95,322.95,322.95,322.95,322.95,311.00,,316.57,,,1,322.00,1,F1,1,,,,,
2026-10-06,2026-10-06,CM,BSE,STK,526827,INE882D01025,SPICEISLIN,X,,,,,SPICE ISLANDS INDUSTRIES LIMIT,104.98,104.98,100.15,103.52,103.95,101.65,,103.52,,,36477,3758620.00,456,F1,1,,,,,
2026-10-06,2026-10-06,CM,BSE,STK,526829,INE552D01024,CONFIPET,B,,,,,CONFIDENCE PETROLEUM INDIA LTD,86.18,87.66,85.30,86.47,86.47,86.17,,86.66,,,57844,5000541.00,901,F1,1,,,,,
2026-10-06,2026-10-06,CM,BSE,STK,526839,INE413C01013,SIPL,X,,,,,SHELTER INFRA PROJECTS LTD.,14.03,15.55,14.03,14.20,14.20,15.15,,14.20,,,978,13987.00,22,F1,1,,,,,
2026-10-06,2026-10-06,CM,BSE,STK,526841,INE794C01016,SHAKTIPR,X,,,,,SHAKTI PRESS LTD.,8.89,9.12,8.85,9.04,9.04,8.91,,9.04,,,112998,1022916.00,370,F1,1,,,,,
2026-10-06,2026-10-06,CM,BSE,STK,526847,INE338C01012,ASHSI,X,,,,,ASHIRWAD STEELS & INDUSTRIES L,22.50,23.00,22.50,22.99,22.99,22.50,,22.99,,,1013,22807.00,15,F1,1,,,,,
2026-10-06,2026-10-06,CM,BSE,STK,526849,INE655B01011,BANARBEADS,B,,,,,BANARAS BEADS LTD.,117.00,119.90,117.00,119.30,119.30,117.50,,116.11,,,47,5583.00,9,F1,1,,,,,
2026-10-06,2026-10-06,CM,BSE,STK,526853,INE986A01012,BI,T,,,,,BILCARE LTD.,94.00,94.00,93.15,93.15,93.15,94.77,,93.15,,,3832,357169.00,20,F1,1,,,,,
2026-10-06,2026-10-06,CM,BSE,STK,526859,INE973B01026,ISFL,X,,,,,ISF LIMITED,0.68,0.70,0.68,0.70,0.70,0.68,,0.70,,,44273,30691.00,24,F1,1,,,,,
2026-10-06,2026-10-06,CM,BSE,STK,526861,INE988D01012,RISHILASE,X,,,,,RISHI LASER LTD.,143.65,148.00,140.20,145.60,147.00,143.65,,145.60,,,1780,256285.00,19,F1,1,,,,,
2026-10-06,2026-10-06,CM,BSE,STK,526865,INE966C01010,JAINCO,X,,,,,JAINCO PROJECTS (INDIA) LTD.,4.10,4.11,4.10,4.11,4.11,4.18,,4.11,,,1057,4342.00,5,F1,1,,,,,
2026-10-06,2026-10-06,CM,BSE,STK,526869,INE795E01019,KUMPFIN,X,,,,,KUMBHAT FINANCIAL SERVICES LTD,21.43,21.43,20.37,20.37,20.37,21.43,,20.37,,,1100,22475.00,4,F1,1,,,,,
2026-10-06,2026-10-06,CM,BSE,STK,526871,INE017E01018,INTECCAP,X,,,,,INTEC CAPITAL LTD.,14.95,14.95,14.05,14.70,14.70,14.64,,14.70,,,3296,47567.00,29,F1,1,,,,,
2026-10-06,2026-10-06,CM,BSE,STK,526873,INE184D01026,RAJSEC,X,,,,,RAJASTHAN SECURITIES LIMITED,59.40,59.40,59.30,59.40,59.40,59.29,,59.40,,,1305,77443.00,24,F1,1,,,,,
2026-10-06,2026-10-06,CM,BSE,STK,526877,INE797C01019,SIDDHEGA,XT,,,,,SIDDHESWARI GARMENTS LTD.,22.50,22.50,22.50,22.50,22.50,22.50,,22.50,,,6,135.00,2,F1,1,,,,,
2026-10-06,2026-10-06,CM,BSE,STK,526881,INE111B01023,63MOONS,A,,,,,63 Moons Technologies Limited,786.00,795.80,784.15,792.90,791.80,791.55,,792.95,,,9064,7156509.00,458,F1,1,,,,,
2026-10-06,2026-10-06,CM,BSE,STK,526885,INE453D01025,SARLAPOLY,B,,,,,SARLA PERFORMANCE FIBERS LTD.,95.47,97.13,94.72,96.26,96.26,94.61,,96.44,,,978,92926.00,16,F1,1,,,,,
2026-10-06,2026-10-06,CM,BSE,STK,526887,INE147D01015,INDOCRED,XT,,,,,INDO CREDIT CAPITAL LTD.,5.96,5.96,5.96,5.96,5.96,5.96,,5.96,,,3,17.00,1,F1,1,,,,,
2026-10-06,2026-10-06,CM,BSE,STK,526891,INE944C01017,MKTCREAT,X,,,,,MARKET CREATORS LTD.,15.79,15.79,15.01,15.64,15.64,15.80,,15.64,,,53,834.00,4,F1,1,,,,,
2026-10-06,2026-10-06,CM,BSE,STK,526899,INE552B01010,HFIL,X,,,,,HIMALAYA FOOD INTERNATIONAL LI,8.14,8.15,7.97,8.00,8.08,8.07,,8.00,,,49604,399475.00,120,F1,1,,,,,
2026-10-06,2026-10-06,CM,BSE,STK,526901,INE344I01017,SONALAD,X,,,,,SONAL ADHESIVES LTD.,44.20,47.90,43.99,47.05,47.05,45.30,,47.05,,,1915,85508.00,20,F1,1,,,,,
2026-10-06,2026-10-06,CM,BSE,STK,526905,INE743D01011,PADMAIND,X,,,,,Padmanabh Industries Ltd,7.69,7.70,7.69,7.70,7.70,7.69,,7.70,,,65,500.00,3,F1,1,,,,,
2026-10-06,2026-10-06,CM,BSE,STK,526921,INE253B01015,21STCENMGM,B,,,,,TWENTYFIRST CENTURY MANAGEMENT,37.73,38.85,37.73,37.76,37.76,38.50,,38.06,,,380,14371.00,10,F1,1,,,,,
2026-10-06,2026-10-06,CM,BSE,STK,526931,INE400G01011,HRYNSHP,B,,,,,HARIYANA SHIP BREAKERS LTD.,96.03,96.03,94.15,94.17,94.55,95.68,,95.08,,,76,7205.00,8,F1,1,,,,,
2026-10-06,2026-10-06,CM,BSE,STK,526935,INE377D01026,KALIND,B,,,,,Kalind Limited,4.16,4.18,3.97,3.97,3.97,4.17,,3.97,,,6842064,27416163.00,1691,F1,1,,,,,
2026-10-06,2026-10-06,CM,BSE,STK,526945,INE945B01016,TYROON,X,,,,,TYROON TEA CO.LTD.,84.95,84.95,84.80,84.80,84.80,83.77,,84.80,,,2,169.00,2,F1,1,,,,,
2026-10-06,2026-10-06,CM,BSE,STK,526947,INE059D01020,LAOPALA,B,,,,,LA OPALA RG LTD.,153.00,160.00,153.00,158.95,159.10,154.70,,159.06,,,22544,3558478.00,403,F1,1,,,,,
2026-10-06,2026-10-06,CM,BSE,STK,526951,INE239C01020,STYLAMIND,B,,,,,STYLAM INDUSTRIES LIMITED,3436.70,3436.70,3289.30,3305.60,3289.30,3323.85,,3303.58,,,1636,5430184.00,242,F1,1,,,,,
2026-10-06,2026-10-06,CM,BSE,STK,526953,INE411B01019,VENUSREM,T,,,,,VENUS REMEDIES LTD.,1765.00,1794.00,1715.05,1778.70,1784.90,1751.75,,1748.52,,,1120,1960489.00,134,F1,1,,,,,
2026-10-06,2026-10-06,CM,BSE,STK,526961,INE404B01022,LASTMILE,X,,,,,LAST MILE ENTERPRISES LIMITED,5.31,5.31,5.08,5.28,5.29,5.19,,5.28,,,15621,81331.00,80,F1,1,,,,,
2026-10-06,2026-10-06,CM,BSE,STK,526965,INE372D01019,GUJCRAFT,X,,,,,GUJARAT CRAFT INDUSTRIES LTD.,92.46,92.46,87.13,91.68,91.68,92.46,,91.68,,,134,12089.00,13,F1,1,,,,,
2026-10-06,2026-10-06,CM,BSE,STK,526967,INE025D01013,HEERAISP,X,,,,,HEERA ISPAT LTD.,5.99,5.99,5.99,5.99,5.99,5.99,,5.99,,,1002,6001.00,10,F1,1,,,,,
2026-10-06,2026-10-06,CM,BSE,STK,526971,INE313G01016,DHOOTIN,XT,,,,,DHOOT INDUSTRIAL FINANCE LTD.,235.00,243.35,221.85,230.00,233.85,233.50,,230.00,,,9888,2230825.00,169,F1,1,,,,,
2026-10-06,2026-10-06,CM,BSE,STK,526981,INE402H01015,SHBAJRG,B,,,,,SHRI BAJRANG ALLIANCE LIMITED,166.40,166.85,161.55,162.80,162.85,163.75,,162.80,,,1188,195084.00,30,F1,1,,,,,
2026-10-06,2026-10-06,CM,BSE,STK,526987,INE550C01020,URJA,B,,,,,URJA GLOBAL LTD.,8.75,8.75,8.55,8.61,8.62,8.58,,8.60,,,65976,568810.00,479,F1,1,,,,,
2026-10-06,2026-10-06,CM,BSE,STK,527001,INE348A01023,ASHAPURMIN,A,,,,,ASHAPURA MINECHEM LTD.,490.05,504.95,490.05,503.65,503.40,491.45,,502.92,,,15490,7742731.00,434,F1,1,,,,,
2026-10-06,2026-10-06,CM,BSE,STK,527005,INE847D01010,SHREEPAC,X,,,,,SHREE PACETRONIX LTD.,179.20,191.95,179.20,189.15,185.25,184.90,,189.15,,,2001,377426.00,94,F1,1,,,,,
2026-10-06,2026-10-06,CM,BSE,STK,530001,INE186A01019,GUJALKALI,B,,,,,GUJARAT ALKALIES & CHEMICALS L,614.00,620.00,603.00,616.35,615.10,605.00,,613.60,,,4870,2978894.00,270,F1,1,,,,,
2026-10-06,2026-10-06,CM,BSE,STK,530005,INE383A01012,INDIACEM,A,,,,,INDIA CEMENTS LTD.,299.30,303.05,294.00,295.25,295.90,299.30,,295.25,,,14606,4354223.00,740,F1,1,,,,,
2026-10-06,2026-10-06,CM,BSE,STK,530007,INE573A01042,JKTYRE,A,,,,,JK TYRE & INDUSTRIES LTD.,340.00,342.35,338.65,339.45,339.70,339.55,,339.36,,,28744,9774068.00,1003,F1,1,,,,,
2026-10-06,2026-10-06,CM,BSE,STK,530017,INE173A01025,SIL,B,,,,,STANDARD INDUSTRIES LTD.,16.15,16.24,15.62,16.19,16.19,15.92,,16.00,,,4448,71721.00,18,F1,1,,,,,
2026-10-06,2026-10-06,CM,BSE,STK,530019,INE700A01033,JUBLPHARMA,A,,,,,JUBILANT PHARMOVA LIMITED,1018.75,1018.75,971.00,988.05,986.30,980.50,,989.18,,,11146,10994898.00,538,F1,1,,,,,
2026-10-06,2026-10-06,CM,BSE,STK,530023,INE924D01017,THEINVEST,B,,,,,THE INVESTMENT TRUST OF INDIA,90.27,90.30,89.50,90.26,89.94,90.26,,90.72,,,57,5122.00,8,F1,1,,,,,
2026-10-06,2026-10-06,CM,BSE,STK,530025,INE607G01011,SAMYAKINT,X,,,,,SAMYAK INTERNATIONAL LTD.,21.00,22.38,20.54,22.13,22.38,21.32,,22.13,,,7962,169645.00,21,F1,1,,,,,
2026-10-06,2026-10-06,CM,BSE,STK,530027,INE563D01013,AADIIND,X,,,,,AADI INDUSTRIES LTD.,7.35,7.35,7.35,7.35,7.35,7.00,,7.35,,,240,1764.00,7,F1,1,,,,,
2026-10-06,2026-10-06,CM,BSE,STK,530037,INE618F01010,SPARKLEGR,X,,,,,SPARKLE GOLD ROCK LIMITED,72.75,72.75,68.25,71.95,72.00,71.04,,71.95,,,3527,252366.00,70,F1,1,,,,,
2026-10-06,2026-10-06,CM,BSE,STK,530043,INE326C01017,ACKNIT,X,,,,,ACKNIT INDUSTRIES LTD.,313.00,313.00,288.60,300.00,300.00,304.95,,300.00,,,98,29028.00,6,F1,1,,,,,
2026-10-06,2026-10-06,CM,BSE,STK,530045,INE090D01017,TITANSEC,X,,,,,TITAN SECURITIES LTD.,37.22,41.00,37.20,38.87,39.60,37.55,,38.87,,,22550,900160.00,131,F1,1,,,,,
2026-10-06,2026-10-06,CM,BSE,STK,530053,INE055E01034,REALECO,X,,,,,REAL ECO-ENERGY LIMITED,4.47,4.47,4.30,4.37,4.37,4.47,,4.37,,,221112,981374.00,57,F1,1,,,,,
2026-10-06,2026-10-06,CM,BSE,STK,530057,INE984E01035,VIVANZA,X,,,,,Vivanza Biosciences Limited,1.72,1.73,1.72,1.73,1.73,1.69,,1.73,,,15111,26074.00,24,F1,1,,,,,
2026-10-06,2026-10-06,CM,BSE,STK,530063,INE095C01018,YASHRAJC,XT,,,,,YASHRAJ CONTAINEURS LTD.,4.29,4.29,4.29,4.29,4.29,4.29,,4.29,,,171,733.00,5,F1,1,,,,,
2026-10-06,2026-10-06,CM,BSE,STK,530065,INE689J01013,LORDSHOTL,X,,,,,LORDS ISHWAR HOTELS LIMITED,14.31,14.31,14.31,14.31,14.31,14.47,,14.31,,,1,14.00,1,F1,1,,,,,
2026-10-06,2026-10-06,CM,BSE,STK,530067,INE718F01018,CSLFINANCE,B,,,,,CSL Finance Limited,209.50,209.65,206.00,208.10,208.10,206.35,,207.48,,,366,75760.00,21,F1,1,,,,,
2026-10-06,2026-10-06,CM,BSE,STK,530073,INE989A01032,SANGHVIMOV,B,,,,,SANGHVI MOVERS LTD.,410.00,432.00,410.00,418.10,418.10,411.95,,419.47,,,23733,10034413.00,803,F1,1,,,,,
2026-10-06,2026-10-06,CM,BSE,STK,530075,INE818A01017,ANTELOPUS,B,,,,,Antelopus Selan Energy Limited,1123.60,1123.60,1096.80,1100.65,1100.65,1101.50,,1100.60,,,8488,9417343.00,396,F1,1,,,,,
2026-10-06,2026-10-06,CM,BSE,STK,530077,INE795D01011,PURETROP,X,,,,,PURETROP FRUITS LIMITED,183.70,187.30,175.25,186.15,186.15,176.15,,186.15,,,4073,750117.00,82,F1,1,,,,,
2026-10-06,2026-10-06,CM,BSE,STK,530079,INE963C01033,FAZE3Q,B,,,,,FAZE THREE LTD.,428.65,448.95,427.20,444.65,445.80,427.20,,445.73,,,1237,542906.00,151,F1,1,,,,,
2026-10-06,2026-10-06,CM,BSE,STK,530109,INE069B01023,ANUPAM,X,,,,,ANUPAM FINSERV LIMITED,1.57,1.64,1.56,1.59,1.61,1.62,,1.59,,,308144,493617.00,170,F1,1,,,,,
2026-10-06,2026-10-06,CM,BSE,STK,530111,INE639C01013,RAJPACK,X,,,,,RAJ PACKAGING INDUSTRIES LTD.,32.00,32.15,32.00,32.15,32.15,31.87,,32.15,,,19,609.00,3,F1,1,,,,,
2026-10-06,2026-10-06,CM,BSE,STK,530117,INE959A01019,PRIVISCL,A,,,,,PRIVI SPECIALITY CHEMICALS LIM,3433.65,3562.50,3412.10,3503.15,3503.15,3444.55,,3504.81,,,11763,41163577.00,1975,F1,1,,,,,
2026-10-06,2026-10-06,CM,BSE,STK,530119,INE444D01016,NATRAJPR,X,,,,,NATRAJ PROTEINS LTD.,39.99,39.99,39.00,39.02,39.02,36.47,,39.02,,,353,13865.00,11,F1,1,,,,,
2026-10-06,2026-10-06,CM,BSE,STK,530125,INE103E01016,SAMRATPH,X,,,,,SAMRAT PHARMACHEM LTD.,236.50,243.60,235.05,239.00,239.00,240.40,,239.00,,,702,167555.00,30,F1,1,,,,,
2026-10-06,2026-10-06,CM,BSE,STK,530127,INE446D01011,NPRFIN,XT,,,,,NPR FINANCE LTD.,22.91,24.84,22.61,24.83,24.79,23.80,,24.83,,,4890,110664.00,14,F1,1,,,,,
2026-10-06,2026-10-06,CM,BSE,STK,530129,INE445D01013,NILE,B,,,,,NILE LTD.,1240.00,1262.00,1225.00,1239.80,1239.75,1231.70,,1238.07,,,1652,2046220.00,216,F1,1,,,,,
2026-10-06,2026-10-06,CM,BSE,STK,530133,INE924B01011,AMCOIND,X,,,,,AMCO INDIA LTD.,69.00,69.00,65.00,67.00,67.00,66.99,,67.00,,,219,14843.00,9,F1,1,,,,,
2026-10-06,2026-10-06,CM,BSE,STK,530135,INE350C01017,OPTIEMUS,B,,,,,OPTIEMUS INFRACOM LTD,796.55,925.70,794.30,889.90,889.90,786.10,,889.90,,,844480,749020527.00,16428,F1,1,,,,,
2026-10-06,2026-10-06,CM,BSE,STK,530139,INE302C01018,KREONFIN,XT,,,,,KREON FINNANCIAL SERVICES LTD.,88.99,88.99,84.99,84.99,84.99,85.35,,84.99,,,38,3280.00,5,F1,1,,,,,
2026-10-06,2026-10-06,CM,BSE,STK,530145,INE017C01012,KISAN,XT,,,,,KISAN MOULDINGS LTD.,21.25,21.50,20.81,21.42,21.02,21.35,,21.42,,,44724,949184.00,102,F1,1,,,,,
2026-10-06,2026-10-06,CM,BSE,STK,530163,INE817B01025,KERALAYUR,X,,,,,KERALA AYURVEDA LTD.,148.10,149.90,142.05,148.75,149.90,146.65,,148.75,,,6422,944744.00,133,F1,1,,,,,
2026-10-06,2026-10-06,CM,BSE,STK,530167,INE153K01018,MONGIPA,XT,,,,,MOONGIPA CAPITAL FINANCE LTD.,19.11,20.39,19.11,20.00,20.00,19.50,,20.00,,,311,6212.00,7,F1,1,,,,,
2026-10-06,2026-10-06,CM,BSE,STK,530169,INE388C01017,MOHITPPR,X,,,,,MOHIT PAPER MILLS LTD.,25.01,25.01,24.03,24.15,24.15,25.78,,24.15,,,1040,25802.00,19,F1,1,,,,,
2026-10-06,2026-10-06,CM,BSE,STK,530175,INE213B01019,ODYSSEY,X,,,,,ODYSSEY TECHNOLOGIES LTD.,42.90,46.74,42.90,45.81,45.81,42.65,,45.81,,,99432,4457926.00,230,F1,1,,,,,
2026-10-06,2026-10-06,CM,BSE,STK,530179,INE015F01019,RSCINT,XT,,,,,RSC INTERNATIONAL LTD.,108.15,108.15,103.95,108.15,108.15,106.05,,108.15,,,6680,721998.00,26,F1,1,,,,,
2026-10-06,2026-10-06,CM,BSE,STK,530185,INE936A01025,SURATRAML,X,,,,,Surat Trade and Mercantile Lim,4.43,4.59,4.43,4.52,4.52,4.51,,4.52,,,81509,367868.00,176,F1,1,,,,,
2026-10-06,2026-10-06,CM,BSE,STK,530187,INE354E01031,ATHARVENT,XT,,,,,ATHARV ENTERPRISES LTD.,4.86,4.86,4.65,4.65,4.65,4.86,,4.65,,,1754,8419.00,11,F1,1,,,,,
2026-10-06,2026-10-06,CM,BSE,STK,530197,INE365H01014,FUNDVISER,X,,,,,FUNDVISER CAPITAL (INDIA) LIMI,433.05,435.20,433.05,435.20,435.20,435.20,,435.20,,,115,50045.00,5,F1,1,,,,,
2026-10-06,2026-10-06,CM,BSE,STK,530199,INE083B01024,THEMISMED,B,,,,,THEMIS MEDICARE LTD.,114.40,115.25,112.30,114.25,112.70,112.20,,113.55,,,4337,493816.00,84,F1,1,,,,,
2026-10-06,2026-10-06,CM,BSE,STK,530201,INE629F01025,KALLAM,XT,,,,,KALLAM TEXTILES LTD,2.09,2.09,2.00,2.09,2.09,2.03,,2.09,,,14036,28701.00,24,F1,1,,,,,
2026-10-06,2026-10-06,CM,BSE,STK,530207,INE899B01015,BRAWN,X,,,,,BRAWN BIOTECH LTD.,25.70,25.70,25.50,25.50,25.50,24.50,,25.50,,,155,3982.00,5,F1,1,,,,,
2026-10-06,2026-10-06,CM,BSE,STK,530213,INE501D01013,FORINTL,X,,,,,FORTUNE INTERNATIONAL LTD.,76.91,83.94,76.53,83.92,83.92,76.53,,83.92,,,231,18599.00,11,F1,1,,,,,
2026-10-06,2026-10-06,CM,BSE,STK,530215,INE050N01010,KINGSINFR,X,,,,,KINGS INFRA VENTURES LIMITED,70.63,71.00,68.20,69.46,69.44,70.61,,69.46,,,7687,533908.00,111,F1,1,,,,,
2026-10-06,2026-10-06,CM,BSE,STK,530217,INE295B01016,SWOJAS,X,,,,,SWOJAS FOODS LIMITED,7.00,7.34,7.00,7.32,7.32,7.34,,7.32,,,2201,16147.00,10,F1,1,,,,,
2026-10-06,2026-10-06,CM,BSE,STK,530233,INE292C01011,AUROLAB,X,,,,,AURO LABORATORIES LTD.,230.85,233.95,226.00,227.85,230.50,230.85,,227.85,,,2749,626748.00,113,F1,1,,,,,
2026-10-06,2026-10-06,CM,BSE,STK,530235,INE533C01018,KJMCFIN,B,,,,,KJMC FINANCIAL SERVICES LTD.,58.80,62.94,57.00,58.64,58.00,60.00,,58.87,,,908,52765.00,32,F1,1,,,,,
2026-10-06,2026-10-06,CM,BSE,STK,530239,INE495B01038,SUVEN,B,,,,,SUVEN LIFE SCIENCES LTD.,308.35,312.30,302.80,309.35,310.90,306.10,,309.15,,,34619,10670423.00,917,F1,1,,,,,
2026-10-06,2026-10-06,CM,BSE,STK,530245,INE032E01017,ARYAMAN,B,,,,,ARYAMAN FINANCIAL SERVICES LTD,601.50,629.00,600.00,614.50,629.00,630.00,,614.50,,,29,17727.00,6,F1,1,,,,,
2026-10-06,2026-10-06,CM,BSE,STK,530249,INE958C01025,BRIDGESE,X,,,,,BRIDGE SECURITIES LTD.,7.70,7.96,7.29,7.36,7.55,7.66,,7.36,,,378995,2820178.00,673,F1,1,,,,,
2026-10-06,2026-10-06,CM,BSE,STK,530251,INE001O01029,RISAINTL,X,,,,,RISA INTERNATIONAL LTD.,0.43,0.43,0.42,0.42,0.42,0.43,,0.42,,,62288,26774.00,24,F1,1,,,,,
2026-10-06,2026-10-06,CM,BSE,STK,530253,INE497E01020,RAJTUBE,X,,,,,RAJASTHAN TUBE MANUFACTURING C,9.24,9.24,8.02,8.11,8.11,8.70,,8.11,,,69812,572500.00,4966,F1,1,,,,,
2026-10-06,2026-10-06,CM,BSE,STK,530255,INE961B01013,KAYPOWR,X,,,,,KAY POWER AND PAPER LTD.,10.10,10.29,9.81,9.83,10.20,10.09,,9.83,,,22462,224301.00,24,F1,1,,,,,
2026-10-06,2026-10-06,CM,BSE,STK,530259,INE003B01014,INTSTOIL,XT,,,,,INTER STATE OIL CARRIER LTD.,52.00,52.00,50.05,51.90,51.90,50.89,,51.90,,,3915,202790.00,20,F1,1,,,,,
2026-10-06,2026-10-06,CM,BSE,STK,530263,INE062C01042,GLOBALCA,X,,,,,GLOBAL CAPITAL MARKETS LTD.,0.47,0.47,0.45,0.47,0.47,0.46,,0.47,,,34682,16254.00,60,F1,1,,,,,
2026-10-06,2026-10-06,CM,BSE,STK,530265,INE584B01013,SAINIK,X,,,,,SAINIK FINANCE & INDUSTRIES LT,37.50,37.55,37.50,37.55,37.55,39.53,,37.55,,,2995,112363.00,10,F1,1,,,,,
2026-10-06,2026-10-06,CM,BSE,STK,530267,INE021N01011,ARIGATO,X,,,,,ARIGATO UNIVERSE LIMITED,38.65,38.67,38.65,38.67,38.67,36.83,,38.67,,,150,5799.00,4,F1,1,,,,,
2026-10-06,2026-10-06,CM,BSE,STK,530271,INE652D01014,RICHUNV,X,,,,,RICH UNIVERSE NETWORK LTD.,10.70,10.70,10.48,10.48,10.48,10.66,,10.48,,,152,1596.00,3,F1,1,,,,,
2026-10-06,2026-10-06,CM,BSE,STK,530281,INE373C01019,QUANTDIA,XT,,,,,QUANTUM DIGITAL VISION (INDIA),46.20,46.20,44.87,44.87,44.87,45.10,,44.87,,,1166,52585.00,14,F1,1,,,,,
2026-10-06,2026-10-06,CM,BSE,STK,530289,INE102F01015,SPCAPIT,X,,,,,SP CAPITAL FINANCING LTD.,54.44,54.44,52.36,52.38,52.38,54.45,,52.38,,,353,18932.00,14,F1,1,,,,,
2026-10-06,2026-10-06,CM,BSE,STK,530291,INE791C01012,PAOS,XT,,,,,PAOS INDUSTRIES LIMITED,50.00,50.00,50.00,50.00,50.00,50.00,,50.00,,,26,1300.00,2,F1,1,,,,,
2026-10-06,2026-10-06,CM,BSE,STK,530299,INE823A01017,KOTHARIPRO,B,,,,,KOTHARI PRODUCTS LTD.,63.85,65.46,63.50,65.46,65.46,63.50,,64.64,,,657,42656.00,37,F1,1,,,,,
2026-10-06,2026-10-06,CM,BSE,STK,530305,INE546C01010,PICCADIL,B,,,,,PICCADILY AGRO INDUSTRIES LTD.,589.45,597.75,589.45,594.45,594.55,588.70,,594.22,,,6144,3655975.00,417,F1,1,,,,,
2026-10-06,2026-10-06,CM,BSE,STK,530307,INE419D01026,CLSEL,B,,,,,CHAMAN LAL SETIA EXPORTS LIMIT,282.60,295.40,276.90,292.20,291.65,282.60,,291.98,,,6752,1964293.00,337,F1,1,,,,,
2026-10-06,2026-10-06,CM,BSE,STK,530309,INE368D01025,CHANDRAP,X,,,,,CHANDRA PRABHU INTERNATIONAL L,10.02,10.38,9.50,9.82,10.35,10.02,,9.82,,,16069,156226.00,51,F1,1,,,,,
2026-10-06,2026-10-06,CM,BSE,STK,530313,INE285U01025,KIMIABL,X,,,,,KIMIA BIOSCIENCES LIMITED,31.99,33.50,31.20,33.20,33.50,31.99,,33.20,,,5460,178509.00,36,F1,1,,,,,
2026-10-06,2026-10-06,CM,BSE,STK,530315,INE428D01019,HINDTIN,X,,,,,HINDUSTAN TIN WORKS LTD.,115.50,115.50,105.15,109.10,108.90,113.20,,109.10,,,4023,441189.00,128,F1,1,,,,,
2026-10-06,2026-10-06,CM,BSE,STK,530317,INE362C01012,GODAVARI,X,,,,,GODAVARI DRUGS LTD.,116.25,119.00,116.25,117.00,119.00,116.70,,117.00,,,1740,203147.00,29,F1,1,,,,,
2026-10-06,2026-10-06,CM,BSE,STK,530331,INE001E01012,PREMCO,B,,,,,PREMCO GLOBAL LTD.,393.50,394.00,393.50,394.00,394.00,393.80,,405.90,,,7,2757.00,5,F1,1,,,,,
2026-10-06,2026-10-06,CM,BSE,STK,530343,INE955D01029,GENUSPOWER,A,,,,,GENUS POWER INFRASTRUCTURES LT,281.95,309.90,280.35,307.15,307.15,280.20,,307.20,,,105557,31512204.00,2044,F1,1,,,,,
2026-10-06,2026-10-06,CM,BSE,STK,530355,INE276G01015,ASIANENE,B,,,,,ASIAN ENERGY SERVICES LTD,460.00,469.45,458.15,464.15,464.80,458.45,,463.76,,,11503,5314138.00,304,F1,1,,,,,
2026-10-06,2026-10-06,CM,BSE,STK,530357,INE883D01023,KBSINDIA,X,,,,,KBS INDIA LIMITED,1.31,1.36,1.30,1.31,1.30,1.31,,1.31,,,36812,48578.00,60,F1,1,,,,,
2026-10-06,2026-10-06,CM,BSE,STK,530361,INE428P01013,PRABHHANS,XT,,,,,PRABHHANS INDUSTRIES LIMITED,62.46,62.46,62.46,62.46,62.46,59.49,,62.46,,,3623,226292.00,25,F1,1,,,,,
2026-10-06,2026-10-06,CM,BSE,STK,530363,INE071E01023,UGARSUGAR,T,,,,,UGAR SUGAR WORKS LTD.,60.00,61.23,59.00,59.86,59.86,58.32,,59.36,,,35537,2154294.00,219,F1,1,,,,,
2026-10-06,2026-10-06,CM,BSE,STK,530365,INE607D01018,ORIENTBELL,B,,,,,ORIENT BELL LIMITED,423.30,423.30,410.70,416.00,416.00,414.40,,413.79,,,1485,616148.00,145,F1,1,,,,,
2026-10-06,2026-10-06,CM,BSE,STK,530367,INE349A01021,NRBBEARING,B,,,,,NRB BEARINGS LTD.,536.00,543.15,534.00,536.25,537.95,536.15,,536.86,,,21999,11830386.00,677,F1,1,,,,,
2026-10-06,2026-10-06,CM,BSE,STK,530369,INE380C01014,VAMSHIRU,X,,,,,VAMSHI RUBBER LTD.,38.60,39.35,37.00,37.01,37.01,38.45,,37.01,,,1193,46179.00,16,F1,1,,,,,
2026-10-06,2026-10-06,CM,BSE,STK,530377,INE937C01029,NILAINFRA,B,,,,,NILA INFRASTRUCTURES LTD.,6.90,6.90,6.63,6.71,6.70,6.80,,6.70,,,9541,64028.00,79,F1,1,,,,,
2026-10-06,2026-10-06,CM,BSE,STK,530393,INE921B01025,DBSTOCKBRO,T,,,,,DB (INTERNATIONAL) STOCK BROKE,32.94,33.30,31.30,33.22,33.22,31.75,,32.90,,,7461,247853.00,18,F1,1,,,,,
2026-10-06,2026-10-06,CM,BSE,STK,530401,INE526H01011,VINYOFL,X,,,,,VINYOFLEX LTD.,48.60,51.95,48.60,49.72,49.00,48.60,,49.72,,,555,28005.00,17,F1,1,,,,,
2026-10-06,2026-10-06,CM,BSE,STK,530405,INE356F01017,JINDCAP,X,,,,,JINDAL CAPITAL LTD.,32.42,33.99,31.55,32.37,32.37,32.31,,32.37,,,9542,308811.00,84,F1,1,,,,,
2026-10-06,2026-10-06,CM,BSE,STK,530407,INE932F01015,EPIC,X,,,,,EPIC ENERGY LTD.,34.85,36.85,34.00,36.32,36.38,32.99,,36.32,,,40663,1450582.00,177,F1,1,,,,,
2026-10-06,2026-10-06,CM,BSE,STK,530419,INE886B01012,SUMEDHA,B,,,,,SUMEDHA FISCAL SERVICES LTD.,43.42,43.99,41.02,43.74,43.74,43.42,,43.45,,,881,37156.00,13,F1,1,,,,,
2026-10-06,2026-10-06,CM,BSE,STK,530421,INE430F01010,KUWERIN,X,,,,,KUWER INDUSTRIES LTD.,10.50,10.50,9.99,10.35,10.35,10.35,,10.35,,,5527,57724.00,29,F1,1,,,,,
2026-10-06,2026-10-06,CM,BSE,STK,530427,INE865B01016,CHOKSI,X,,,,,CHOKSI ASIA LIMITED,203.00,221.80,203.00,219.55,218.00,202.40,,219.55,,,3290,708233.00,67,F1,1,,,,,
2026-10-06,2026-10-06,CM,BSE,STK,530429,INE831C01016,ASHISHPO,X,,,,,ASHISH POLYPLAST LTD.,32.00,32.00,27.50,29.30,29.30,28.82,,29.30,,,29,847.00,6,F1,1,,,,,
2026-10-06,2026-10-06,CM,BSE,STK,530433,INE960E01019,SHIVAAGRO,B,,,,,SHIVA GLOBAL AGRO INDUSTRIES L,38.21,43.45,38.19,42.43,43.45,38.00,,40.69,,,91,3666.00,14,F1,1,,,,,
2026-10-06,2026-10-06,CM,BSE,STK,530439,INE140C01012,SIDDHA,X,,,,,SIDDHA VENTURES LTD.,4.30,4.98,4.11,4.98,4.98,4.30,,4.98,,,1714,7150.00,13,F1,1,,,,,
2026-10-06,2026-10-06,CM,BSE,STK,530443,INE293D01017,KIRANSY-B,X,,,,,KIRAN SYNTEX LTD.,13.78,14.43,13.78,14.43,14.43,14.50,,14.43,,,101,1392.00,3,F1,1,,,,,
2026-10-06,2026-10-06,CM,BSE,STK,530445,INE764B01029,SUMERUIND,X,,,,,SUMERU INDUSTRIES LTD.,1.58,1.59,1.39,1.48,1.48,1.44,,1.48,,,17362,26645.00,24,F1,1,,,,,
2026-10-06,2026-10-06,CM,BSE,STK,530449,INE347C01013,RUNGTAIR,X,,,,,RUNGTA IRRIGATION LTD.,48.61,49.99,47.55,49.99,49.99,50.48,,49.99,,,513,24650.00,12,F1,1,,,,,
2026-10-06,2026-10-06,CM,BSE,STK,530457,INE959B01017,GTTDATA,X,,,,,GTT DATA SOLUTIONS LIMITED,34.95,36.70,31.60,33.03,33.03,34.69,,33.03,,,38850,1298621.00,260,F1,1,,,,,
2026-10-06,2026-10-06,CM,BSE,STK,530459,INE808A01018,VALSONQ,XT,,,,,VALSON INDUSTRIES LTD.,39.00,41.50,39.00,41.50,41.50,41.00,,41.50,,,419,17193.00,5,F1,1,,,,,
2026-10-06,2026-10-06,CM,BSE,STK,530461,INE440C01016,SABOOSOD,X,,,,,SABOO SODIUM CHLORO LTD.,12.20,12.29,11.76,12.20,12.29,11.87,,12.20,,,10215,123543.00,29,F1,1,,,,,
2026-10-06,2026-10-06,CM,BSE,STK,530475,INE015C01016,TINNARUBR,B,,,,,TINNA RUBBER AND INFRASTRUCTUR,951.30,955.50,929.75,946.75,947.00,927.50,,949.46,,,3557,3352494.00,347,F1,1,,,,,
2026-10-06,2026-10-06,CM,BSE,STK,530477,INE337E01010,VIKRAMTH,X,,,,,VIKRAM THERMO (INDIA) LTD.,401.85,413.80,398.00,400.70,403.30,401.85,,400.70,,,16750,6762296.00,531,F1,1,,,,,
2026-10-06,2026-10-06,CM,BSE,STK,530495,INE473C01025,STRATMONT,X,,,,,STRATMONT INDUSTRIES LIMITED,53.01,55.76,51.21,55.65,55.65,53.66,,55.65,,,1405,74076.00,28,F1,1,,,,,
2026-10-06,2026-10-06,CM,BSE,STK,530499,INE701G01012,AKCAPIT,B,,,,,A.K.CAPITAL SERVICES LTD.,1735.05,1735.05,1699.80,1725.00,1725.00,1740.00,,1716.94,,,859,1484546.00,62,F1,1,,,,,
2026-10-06,2026-10-06,CM,BSE,STK,530517,INE131B01039,RELAXO,A,,,,,RELAXO FOOTWEARS LTD.,282.75,291.00,282.75,290.10,290.50,281.65,,290.49,,,5245,1511817.00,241,F1,1,,,,,
2026-10-06,2026-10-06,CM,BSE,STK,530521,INE467D01017,VIRAT,B,,,,,VIRAT INDUSTRIES LTD.,346.75,346.75,345.65,346.00,346.00,339.00,,346.93,,,558,193080.00,50,F1,1,,,,,
2026-10-06,2026-10-06,CM,BSE,STK,530525,INE786J01033,RRETAIL,XT,,,,,RAJNISH RETAIL LIMITED,2.00,2.08,1.96,2.06,2.06,2.01,,2.06,,,162516,331965.00,152,F1,1,,,,,
2026-10-06,2026-10-06,CM,BSE,STK,530533,INE390D01011,TERAI,B,,,,,TERAI TEA CO.LTD.,122.25,122.25,114.50,114.50,114.50,130.00,,114.50,,,98,11229.00,4,F1,1,,,,,
2026-10-06,2026-10-06,CM,BSE,STK,530545,INE949B01018,COSCO,X,,,,,COSCO (INDIA) LTD.,184.00,184.00,183.70,183.70,183.70,184.00,,183.70,,,134,24647.00,3,F1,1,,,,,
2026-10-06,2026-10-06,CM,BSE,STK,530547,INE395E01018,KENFIN,X,,,,,KEN FINANCIAL SERVICES LTD.,15.65,16.35,15.65,16.35,16.35,15.65,,16.35,,,58,946.00,4,F1,1,,,,,
2026-10-06,2026-10-06,CM,BSE,STK,530549,INE790G01031,SHILPAMED,A,,,,,SHILPA MEDICARE LTD.,1038.35,1078.80,1029.70,1072.45,1075.80,1030.80,,1073.65,,,111128,116961226.00,1948,F1,1,,,,,
2026-10-06,2026-10-06,CM,BSE,STK,530555,INE074B01023,PARACABLES,B,,,,,PARAMOUNT COMMUNICATIONS LTD.,56.35,58.47,56.35,58.19,58.39,56.02,,58.22,,,102632,5906544.00,573,F1,1,,,,,
2026-10-06,2026-10-06,CM,BSE,STK,530557,INE132F01038,NCLRESE,XT,,,,,NCL RESEARCH & FINANCIAL SERVI,0.74,0.75,0.71,0.74,0.74,0.74,,0.74,,,7435053,5504146.00,714,F1,1,,,,,
2026-10-06,2026-10-06,CM,BSE,STK,530577,INE519D01015,LADDERUP,T,,,,,LADDERUP FINANCE LTD.,51.34,51.34,50.25,50.25,50.25,52.39,,52.20,,,238,11995.00,5,F1,1,,,,,
2026-10-06,2026-10-06,CM,BSE,STK,530579,INE152C01025,UYFINCORP,T,,,,,U. Y. FINCORP LIMITED,24.46,24.46,22.70,23.03,22.80,23.89,,22.95,,,15679,368681.00,87,F1,1,,,,,
2026-10-06,2026-10-06,CM,BSE,STK,530581,INE906L01025,EKAMLEA,XT,,,,,EKAM LEASING & FINANCE CO.LTD.,6.63,6.63,6.63,6.63,6.63,6.50,,6.63,,,450,2983.00,3,F1,1,,,,,
2026-10-06,2026-10-06,CM,BSE,STK,530585,INE691C01022,SWASTIKA,XT,,,,,SWASTIKA INVESTMART LIMITED,143.00,143.00,135.15,138.35,140.00,142.25,,138.35,,,11849,1640906.00,79,F1,1,,,,,
2026-10-06,2026-10-06,CM,BSE,STK,530589,INE573B01016,PRIMAPLA,X,,,,,PRIMA PLASTICS LTD.,134.05,135.00,127.00,129.75,129.75,134.05,,129.75,,,14399,1856294.00,73,F1,1,,,,,
2026-10-06,2026-10-06,CM,BSE,STK,530595,INE381G01013,TELECANOR,XT,,,,,TELECANOR GLOBAL LTD.,13.62,14.30,13.61,13.61,13.61,14.32,,13.61,,,4262,58034.00,44,F1,1,,,,,
2026-10-06,2026-10-06,CM,BSE,STK,530615,INE194E01015,GARGFUR,XT,,,,,GARG FURNACE LTD.,210.65,224.10,208.45,217.15,221.95,219.40,,217.15,,,9771,2102914.00,172,F1,1,,,,,
2026-10-06,2026-10-06,CM,BSE,STK,530617,INE375C01022,SAMPRE,X,,,,,SAMPRE NUTRITIONS LTD.,6.38,6.38,5.86,6.01,5.99,6.08,,6.01,,,309128,1877811.00,404,F1,1,,,,,
2026-10-06,2026-10-06,CM,BSE,STK,530621,INE864E01021,AAIL,XT,,,,,Akar Auto Industries Limited,87.48,87.48,83.26,85.11,84.55,87.54,,85.11,,,2522,214287.00,32,F1,1,,,,,
2026-10-06,2026-10-06,CM,BSE,STK,530627,INE834D01018,VIPULORG,X,,,,,Vipul Organics Limited,259.00,264.65,256.00,258.10,259.75,257.25,,258.10,,,1865,482674.00,78,F1,1,,,,,
2026-10-06,2026-10-06,CM,BSE,STK,530643,INE316A01038,ECORECO,B,,,,,ECO RECYCLING LTD.,437.00,440.00,420.00,438.50,440.00,429.00,,438.65,,,8481,3677663.00,443,F1,1,,,,,
2026-10-06,2026-10-06,CM,BSE,STK,530655,INE127I01024,GOODLUCK,B,,,,,Goodluck India Limited,482.05,495.00,482.05,491.15,490.25,482.10,,491.30,,,16011,7858291.00,616,F1,1,,,,,
2026-10-06,2026-10-06,CM,BSE,STK,530663,INE912B01032,GOYALASS,X,,,,,GOYAL ASSOCIATES LTD.,1.11,1.33,1.11,1.33,1.33,1.11,,1.33,,,334447,431368.00,91,F1,1,,,,,
2026-10-06,2026-10-06,CM,BSE,STK,530665,INE812B01026,ZENITHHE,X,,,,,ZENITH HEALTH CARE LTD.,3.17,3.21,3.12,3.15,3.19,3.17,,3.15,,,14976,47371.00,87,F1,1,,,,,
2026-10-06,2026-10-06,CM,BSE,STK,530675,INE057Q01018,YORKEXP,X,,,,,YORK EXPORTS LTD.,57.50,60.27,57.50,60.27,60.27,57.50,,60.27,,,8,462.00,2,F1,1,,,,,
2026-10-06,2026-10-06,CM,BSE,STK,530677,INE822E01011,SUPREME,B,,,,,SUPREME HOLDINGS & HOSPITALITY,30.05,31.22,30.05,31.22,31.22,30.70,,30.27,,,559,16979.00,4,F1,1,,,,,
2026-10-06,2026-10-06,CM,BSE,STK,530689,INE624M01014,KROWNIQ,X,,,,,KROWNIQ LIMITED,48.68,50.47,48.22,48.61,48.30,49.27,,48.61,,,2939,142968.00,40,F1,1,,,,,
2026-10-06,2026-10-06,CM,BSE,STK,530695,INE233C01023,PRIMEPRO,X,,,,,PRIME PROPERTY DEVELOPMENT COR,25.61,26.98,25.60,26.98,26.98,25.50,,26.98,,,80,2089.00,3,F1,1,,,,,
2026-10-06,2026-10-06,CM,BSE,STK,530697,INE546F01013,ZENLABS,X,,,,,Zenlabs Ethica Limited,27.50,28.50,27.00,27.57,28.50,26.50,,27.57,,,621,17573.00,18,F1,1,,,,,
2026-10-06,2026-10-06,CM,BSE,STK,530699,INE533D01032,RAJRILTD,T,,,,,RAJ RAYON INDUSTRIES LIMITED,19.96,20.35,19.57,20.35,20.34,19.96,,20.02,,,5583,112928.00,80,F1,1,,,,,
2026-10-06,2026-10-06,CM,BSE,STK,530705,INE161F01011,ANIRIT,X,,,,,ANIRIT VENTURES LIMITED,38.15,38.15,38.15,38.15,38.15,38.10,,38.15,,,340,12971.00,7,F1,1,,,,,
2026-10-06,2026-10-06,CM,BSE,STK,530709,INE225G01012,GOWRALE,X,,,,,GOWRA LEASING & FINANCE LTD.,90.00,90.00,85.50,89.40,89.39,84.27,,89.40,,,233,20132.00,16,F1,1,,,,,
2026-10-06,2026-10-06,CM,BSE,STK,530711,INE144C01014,JAGANLAM,X,,,,,JAGAN LAMPS LTD.,52.81,54.80,52.80,54.65,54.65,52.80,,54.65,,,597,32451.00,16,F1,1,,,,,
2026-10-06,2026-10-06,CM,BSE,STK,530723,INE041B01014,ASITCFIN,X,,,,,ASIT C.MEHTA FINANCIAL SERVICE,106.50,112.90,106.00,112.90,112.90,110.85,,112.90,,,1395,151451.00,17,F1,1,,,,,
2026-10-06,2026-10-06,CM,BSE,STK,530735,INE897A01011,SUPERBAK,X,,,,,SUPER BAKERS (INDIA) LTD.,29.93,33.00,29.93,31.00,31.00,31.50,,31.00,,,1201,36972.00,8,F1,1,,,,,
2026-10-06,2026-10-06,CM,BSE,STK,530741,INE812S01012,OVOBELE,XT,,,,,OVOBEL FOODS LTD.,271.00,275.00,265.00,273.95,273.90,268.70,,273.95,,,2601,702755.00,110,F1,1,,,,,
2026-10-06,2026-10-06,CM,BSE,STK,530745,INE366C01021,ACSTECH,T,,,,,ACS TECHNOLOGIES LIMITED,75.01,75.01,74.96,74.96,74.96,76.48,,74.96,,,189531,14214910.00,58,F1,1,,,,,
2026-10-06,2026-10-06,CM,BSE,STK,530747,INE807A01010,CHALLANI,X,,,,,CHALLANI CAPITAL LIMITED,17.97,18.40,16.34,18.00,18.00,16.85,,18.00,,,3456,61585.00,11,F1,1,,,,,
2026-10-06,2026-10-06,CM,BSE,STK,530755,INE715D01019,CORNE,X,,,,,CORAL NEWSPRINTS LTD.,9.20,9.52,9.20,9.52,9.52,9.66,,9.52,,,1960,18621.00,13,F1,1,,,,,
2026-10-06,2026-10-06,CM,BSE,STK,530757,INE0OUS01011,MIDAAS,XT,,,,,MIDAAS FASHIONS LIMITED,142.10,145.50,142.10,145.50,145.50,138.60,,145.50,,,518,74222.00,13,F1,1,,,,,
2026-10-06,2026-10-06,CM,BSE,STK,530759,INE334A01023,STERTOOLS,B,,,,,STERLING TOOLS LTD.,217.55,224.80,215.00,217.05,222.80,217.45,,218.44,,,3685,805540.00,125,F1,1,,,,,
2026-10-06,2026-10-06,CM,BSE,STK,530779,INE118C01018,DYNAMICP,XT,,,,,DYNAMIC PORTFOLIO MANAGEMENT &,16.20,16.20,16.20,16.20,16.20,17.00,,16.20,,,2,32.00,1,F1,1,,,,,
2026-10-06,2026-10-06,CM,BSE,STK,530789,INE358C01010,CEEJAY,X,,,,,CEEJAY FINANCE LTD.,152.60,152.60,152.60,152.60,152.60,152.60,,152.60,,,19,2899.00,1,F1,1,,,,,
2026-10-06,2026-10-06,CM,BSE,STK,530795,INE584D01019,SUNCITYSY,XT,,,,,SUNCITY SYNTHETICS LTD.,13.15,13.15,13.15,13.15,13.15,12.54,,13.15,,,139,1827.00,5,F1,1,,,,,
2026-10-06,2026-10-06,CM,BSE,STK,530799,INE336D01014,ANNAINFRA,X,,,,,ANNA INFRASTRUCTURES LTD.,28.30,28.30,27.75,27.75,27.75,25.76,,27.75,,,332,9266.00,11,F1,1,,,,,
2026-10-06,2026-10-06,CM,BSE,STK,530803,INE354C01027,BHAGERIA,B,,,,,Bhageria Industries Limited,387.00,400.75,365.05,392.85,390.35,364.35,,393.49,,,46479,18349380.00,751,F1,1,,,,,
2026-10-06,2026-10-06,CM,BSE,STK,530805,INE125F01032,OIVL,X,,,,,ONESOURCE INDUSTRIES AND VENTU,3.89,3.95,3.78,3.88,3.88,3.88,,3.88,,,7271,27882.00,55,F1,1,,,,,
2026-10-06,2026-10-06,CM,BSE,STK,530813,INE001B01026,KRBL,A,,,,,KRBL LTD.,386.90,401.70,382.10,389.50,389.00,382.10,,389.16,,,17363,6806307.00,647,F1,1,,,,,
2026-10-06,2026-10-06,CM,BSE,STK,530821,INE838C01011,SSPDL,X,,,,,SSPDL LTD.,14.65,14.65,14.40,14.45,14.45,13.44,,14.45,,,364,5300.00,15,F1,1,,,,,
2026-10-06,2026-10-06,CM,BSE,STK,530825,INE789B01018,DAIKAFFI,XT,,,,,DAIKAFFIL CHEMICALS INDIA LTD.,47.00,47.00,45.75,46.70,46.70,48.00,,46.70,,,4609,211771.00,12,F1,1,,,,,
2026-10-06,2026-10-06,CM,BSE,STK,530829,INE830A01012,CILSEC,X,,,,,CIL SECURITIES LIMITED,39.88,39.88,35.04,38.68,38.49,36.55,,38.68,,,119,4602.00,20,F1,1,,,,,
2026-10-06,2026-10-06,CM,BSE,STK,530839,INE011B01017,CLIOINFO,XT,,,,,CLIO INFOTECH LTD.,13.75,13.75,12.82,13.36,13.49,13.49,,13.36,,,10917,143595.00,33,F1,1,,,,,
2026-10-06,2026-10-06,CM,BSE,STK,530843,INE509F01029,CUPID,A,,,,,CUPID LTD.,311.30,325.00,310.15,324.10,324.10,310.00,,324.20,,,1315414,419520856.00,15203,F1,1,,,,,
2026-10-06,2026-10-06,CM,BSE,STK,530845,INE199E01014,SUNSHIEL,B,,,,,SUNSHIELD CHEMICALS LTD.,1118.50,1118.50,1039.90,1055.60,1072.50,1106.25,,1047.99,,,331,353472.00,42,F1,1,,,,,
2026-10-06,2026-10-06,CM,BSE,STK,530853,INE963A01011,HIPOLIN,XT,,,,,HIPOLIN LTD.,87.90,87.90,87.50,87.50,87.50,88.00,,87.50,,,120,10540.00,5,F1,1,,,,,
2026-10-06,2026-10-06,CM,BSE,STK,530855,INE545E01018,GDLLEAS,X,,,,,GDL LEASING & FINANCE LTD.,74.97,74.97,74.97,74.97,74.97,71.40,,74.97,,,2754,206467.00,14,F1,1,,,,,
2026-10-06,2026-10-06,CM,BSE,STK,530871,INE995D01025,CHEMBOND,B,,,,,Chembond Material Technologies,180.85,194.15,178.10,192.40,194.15,178.00,,191.91,,,3281,622463.00,173,F1,1,,,,,
2026-10-06,2026-10-06,CM,BSE,STK,530879,INE345H01024,CIFL,B,,,,,CAPITAL INDIA FINANCE LIMITED,20.64,21.26,20.41,20.70,20.88,20.65,,20.68,,,61415,1285733.00,1315,F1,1,,,,,
2026-10-06,2026-10-06,CM,BSE,STK,530881,INE485K01022,ABVL,X,,,,,Arunjyoti Bio Ventures Limited,3.92,4.63,3.92,4.16,4.24,3.92,,4.16,,,116235,486928.00,280,F1,1,,,,,
2026-10-06,2026-10-06,CM,BSE,STK,530883,INE366G01022,SUCROSA,XT,,,,,SUPER CROP SAFE LTD.,13.00,13.49,13.00,13.37,13.21,13.40,,13.37,,,17717,234916.00,47,F1,1,,,,,
2026-10-06,2026-10-06,CM,BSE,STK,530889,INE061B01038,AUDROC,XT,,,,,AUDROC Limited,23.55,23.55,23.55,23.55,23.55,23.09,,23.55,,,274,6452.00,15,F1,1,,,,,
2026-10-06,2026-10-06,CM,BSE,STK,530897,INE825C01018,NGIND,X,,,,,N.G.INDUSTRIES LTD.,107.85,107.85,100.00,101.05,101.05,103.55,,101.05,,,1110,115436.00,31,F1,1,,,,,
2026-10-06,2026-10-06,CM,BSE,STK,530899,INE784M01016,ASIAPAK,X,,,,,ASIA PACK LTD.,55.86,55.86,55.86,55.86,55.86,57.00,,55.86,,,10,558.00,4,F1,1,,,,,
2026-10-06,2026-10-06,CM,BSE,STK,530907,INE417F01017,SICAPIT,XT,,,,,SI CAPITAL & FINANCIAL SERVICE,12.64,12.66,11.60,12.59,12.66,12.06,,12.59,,,59263,737530.00,39,F1,1,,,,,
2026-10-06,2026-10-06,CM,BSE,STK,530917,INE474H01014,RRSECUR,P,,,,,R.R.SECURITIES LTD.,14.97,14.97,14.97,14.97,14.97,14.97,,14.97,,,1000,14970.00,3,F1,100,,,,,
2026-10-06,2026-10-06,CM,BSE,STK,530919,INE474C01023,REMSONSIND,B,,,,,REMSONS INDUSTRIES LTD.,110.70,111.30,103.00,108.95,108.00,109.45,,108.68,,,22912,2442482.00,325,F1,1,,,,,
2026-10-06,2026-10-06,CM,BSE,STK,530921,INE038N01015,INTETHR,P,,,,,INTEGRATED THERMOPLASTICS LTD.,8.05,8.37,8.01,8.37,8.37,7.98,,8.37,,,1300,10525.00,3,F1,100,,,,,
2026-10-06,2026-10-06,CM,BSE,STK,530925,INE609D01014,RAMSONS,X,,,,,RAMSONS PROJECTS LTD.,84.37,84.37,80.50,83.00,83.00,86.09,,83.00,,,728,59892.00,11,F1,1,,,,,
2026-10-06,2026-10-06,CM,BSE,STK,530927,INE737G01016,HARAFIN,ZP,,,,,HARYANA FINANCIAL CORPORATION,57.25,57.25,57.25,57.25,57.25,56.50,,57.25,,,100,5725.00,1,F1,100,,,,,
2026-10-06,2026-10-06,CM,BSE,STK,530931,INE457D01018,STANPACK,X,,,,,STANPACKS (INDIA) LTD.,12.98,12.98,12.98,12.98,12.98,13.11,,12.98,,,100,1298.00,1,F1,1,,,,,
2026-10-06,2026-10-06,CM,BSE,STK,530943,INE416A01051,AQYLON,B,,,,,Aqylon Nexus Limited,15.95,16.25,15.13,15.49,15.38,15.63,,15.46,,,156083,2438514.00,417,F1,1,,,,,
2026-10-06,2026-10-06,CM,BSE,STK,530951,INE357B01022,RAMINFO,X,,,,,RAMINFO LIMITED,45.88,45.88,43.05,43.27,44.38,44.06,,43.27,,,3191,140760.00,29,F1,1,,,,,
2026-10-06,2026-10-06,CM,BSE,STK,530953,INE224D01012,SUNILAGR,X,,,,,SUNIL AGRO FOODS LTD.,72.00,74.95,70.96,72.00,72.00,74.69,,72.00,,,580,41642.00,24,F1,1,,,,,
2026-10-06,2026-10-06,CM,BSE,STK,530959,INE012E01035,DIANATEA,X,,,,,DIANA TEA CO.LTD.,27.02,27.90,27.00,27.14,27.00,27.02,,27.14,,,57515,1575016.00,66,F1,1,,,,,
2026-10-06,2026-10-06,CM,BSE,STK,530961,INE806A01020,VIKASECO,B,,,,,Vikas EcoTech Limited,1.02,1.03,1.01,1.02,1.02,1.03,,1.02,,,598178,610382.00,288,F1,1,,,,,
2026-10-06,2026-10-06,CM,BSE,STK,530965,INE242A01010,IOC,A,,,,,INDIAN OIL CORPORATION LTD.,131.00,131.60,129.60,131.45,131.45,130.70,,131.59,,,490116,63994610.00,8237,F1,1,,,,,
2026-10-06,2026-10-06,CM,BSE,STK,530977,INE260E01014,SKCIL,X,,,,,Shri Keshav Cements and Infra,92.02,99.00,92.02,98.67,99.00,92.02,,98.67,,,33,3056.00,4,F1,1,,,,,
2026-10-06,2026-10-06,CM,BSE,STK,530979,INE274E01015,INDIAHOME,X,,,,,INDIA HOME LOAN LTD.,32.19,33.00,31.00,31.03,31.00,32.18,,31.03,,,15476,496531.00,68,F1,1,,,,,
2026-10-06,2026-10-06,CM,BSE,STK,530991,INE443C01010,ROOPAIND,X,,,,,ROOPA INDUSTRIES LTD.,51.00,51.00,51.00,51.00,51.00,51.17,,51.00,,,34,1734.00,5,F1,1,,,,,
2026-10-06,2026-10-06,CM,BSE,STK,530993,INE075H01019,SARTHAKGL,XT,,,,,SARTHAK GLOBAL LTD.,43.05,43.05,41.00,41.00,41.00,41.00,,41.00,,,1241,51375.00,9,F1,1,,,,,
2026-10-06,2026-10-06,CM,BSE,STK,530997,INE333E01019,UNIQUEO,X,,,,,UNIQUE ORGANICS LTD.,88.85,88.85,84.00,86.87,86.87,84.12,,86.87,,,589,50626.00,27,F1,1,,,,,
2026-10-06,2026-10-06,CM,BSE,STK,530999,INE050E01027,BALAMINES,B,,,,,BALAJI AMINES LTD.,1963.00,2349.00,1963.00,2288.30,2288.30,1957.50,,2287.73,,,183445,415589383.00,7257,F1,1,,,,,
2026-10-06,2026-10-06,CM,BSE,STK,531003,INE595G01018,SWRNASE,X,,,,,SWARNA SECURITIES LTD.,92.16,92.16,92.16,92.16,92.16,87.78,,92.16,,,1,92.00,1,F1,1,,,,,
2026-10-06,2026-10-06,CM,BSE,STK,531015,INE154G01022,VENMAX,X,,,,,VENMAX DRUGS AND PHARMACEUTICA,14.99,14.99,14.01,14.49,14.70,14.44,,14.49,,,336,4919.00,17,F1,1,,,,,
2026-10-06,2026-10-06,CM,BSE,STK,531017,INE190D01015,ARISE,X,,,,,ARIHANTS SECURITIES LTD.,19.85,19.93,19.50,19.93,19.93,19.10,,19.93,,,4218,83688.00,69,F1,1,,,,,
2026-10-06,2026-10-06,CM,BSE,STK,531025,INE309H01038,VISAGAR,X,,,,,VISAGAR FINANCIAL SERVICES LTD,0.28,0.29,0.28,0.29,0.29,0.28,,0.29,,,719650,207664.00,239,F1,1,,,,,
2026-10-06,2026-10-06,CM,BSE,STK,531033,INE101E01010,REGAL,X,,,,,REGAL ENTERTAINMENT & CONSULTA,15.81,16.79,15.79,15.93,15.93,16.56,,15.93,,,146231,2327573.00,14,F1,1,,,,,
2026-10-06,2026-10-06,CM,BSE,STK,531035,INE432F01032,EBIX,T,,,,,EBIX LIMITED,16.21,17.43,16.21,17.08,17.08,17.00,,17.07,,,6374,108714.00,42,F1,1,,,,,
2026-10-06,2026-10-06,CM,BSE,STK,531039,INE0P4R01017,SWADHATURE,X,,,,,Swadha Nature Limited,8.67,8.67,8.67,8.67,8.67,8.26,,8.67,,,100,867.00,2,F1,1,,,,,
2026-10-06,2026-10-06,CM,BSE,STK,531041,INE823B01015,COMPEAU,B,,,,,COMPETENT AUTOMOBILES CO.LTD.,352.10,368.00,351.80,357.45,357.45,351.80,,357.57,,,441,156606.00,128,F1,1,,,,,
2026-10-06,2026-10-06,CM,BSE,STK,531043,INE239F01015,ZDHJERK,X,,,,,DHANVANTRI JEEVAN REKHA LTD.,21.56,21.56,21.56,21.56,21.56,22.44,,21.56,,,48,1034.00,4,F1,1,,,,,
2026-10-06,2026-10-06,CM,BSE,STK,531049,INE741D01015,NEELKAN,Z,,,,,NEELKANTH ROCKMINERALS LTD.,65.76,69.26,62.71,69.24,69.24,65.97,,69.24,,,7893,540318.00,40,F1,1,,,,,
2026-10-06,2026-10-06,CM,BSE,STK,531051,INE153C01015,VINTAGES,X,,,,,VINTAGE SECURITIES LTD.,12.55,12.55,12.55,12.55,12.55,13.20,,12.55,,,1,12.00,1,F1,1,,,,,
2026-10-06,2026-10-06,CM,BSE,STK,531067,INE080G01029,CONTILI,X,,,,,CONTIL INDIA LTD.,19.50,20.75,18.90,19.20,19.20,18.90,,19.20,,,6446,130828.00,22,F1,1,,,,,
2026-10-06,2026-10-06,CM,BSE,STK,531069,INE362D01010,VIJSOLX,B,,,,,VIJAY SOLVEX LTD.,603.40,644.60,603.30,621.00,621.00,631.25,,621.00,,,111,68473.00,13,F1,1,,,,,
2026-10-06,2026-10-06,CM,BSE,STK,531082,INE914E01040,ALANKIT,B,,,,,ALANKIT,7.86,7.86,7.51,7.59,7.51,7.55,,7.58,,,13000,99045.00,52,F1,1,,,,,
2026-10-06,2026-10-06,CM,BSE,STK,531083,INE876E01033,NIHARINF,X,,,,,NIHAR INFO GLOBAL LTD.,4.11,4.45,4.11,4.45,4.45,4.24,,4.45,,,4500,19005.00,7,F1,1,,,,,
2026-10-06,2026-10-06,CM,BSE,STK,531091,INE858C01027,UNITDCR,X,,,,,UNITED CREDIT LTD.,21.05,22.10,20.50,22.05,22.10,21.05,,22.05,,,31,672.00,6,F1,1,,,,,
2026-10-06,2026-10-06,CM,BSE,STK,531092,INE239D01028,OMINFRAL,B,,,,,OM INFRA LIMITED,73.52,75.99,73.05,73.46,73.05,75.29,,73.34,,,9321,695770.00,458,F1,1,,,,,
2026-10-06,2026-10-06,CM,BSE,STK,531099,INE396H01019,CENTUPLE,XT,,,,,CENTUPLE GLOBAL LIMITED,32.75,32.75,31.21,32.44,32.44,32.85,,32.44,,,1976,61710.00,17,F1,1,,,,,
2026-10-06,2026-10-06,CM,BSE,STK,531109,INE561M01018,ISHANCH,B,,,,,Ishan Dyes and Chemicals Limit,47.99,48.50,47.89,47.99,48.50,47.99,,47.93,,,1057,50729.00,17,F1,1,,,,,
2026-10-06,2026-10-06,CM,BSE,STK,531111,INE538G01018,GOTHIPL,P,,,,,GOTHI PLASCON (INDIA) LTD.,41.00,41.00,41.00,41.00,41.00,41.00,,41.00,,,200,8200.00,2,F1,100,,,,,
2026-10-06,2026-10-06,CM,BSE,STK,531112,INE011E01029,BALUFORGE,A,,,,,BALU FORGE INDUSTRIES LIMITED,510.15,528.55,503.05,526.65,525.45,502.55,,526.93,,,39606,20538917.00,1187,F1,1,,,,,
2026-10-06,2026-10-06,CM,BSE,STK,531119,INE418D01010,CEENIK,XT,,,,,CEENIK EXPORTS (INDIA) LTD.,218.95,218.95,209.40,209.45,209.40,208.95,,209.45,,,824,174208.00,22,F1,1,,,,,
2026-10-06,2026-10-06,CM,BSE,STK,531120,INE244B01030,PATELENG,A,,,,,PATEL ENGINEERING LTD.,25.76,26.11,25.76,25.94,26.00,25.71,,25.93,,,124612,3239256.00,423,F1,1,,,,,
2026-10-06,2026-10-06,CM,BSE,STK,531126,INE237C01016,KATIPATANG,X,,,,,KATI PATANG LIFESTYLE LIMITED,13.33,13.33,12.76,13.27,13.28,12.70,,13.27,,,32431,428031.00,44,F1,1,,,,,
2026-10-06,2026-10-06,CM,BSE,STK,531127,INE148B01033,MENAMANI,XT,,,,,MENA MANI INDUSTRIES LIMITED,14.12,14.12,14.12,14.12,14.12,14.08,,14.12,,,89759,1267397.00,25,F1,1,,,,,
2026-10-06,2026-10-06,CM,BSE,STK,531129,INE635D01027,INANI,X,,,,,INANI MARBLES & INDUSTRIES LTD,15.99,16.40,13.99,14.62,14.62,14.31,,14.62,,,96076,1451112.00,317,F1,1,,,,,
2026-10-06,2026-10-06,CM,BSE,STK,531137,INE503D01027,GEMSI,X,,,,,GEMSTONE INVESTMENTS LTD.,1.34,1.39,1.31,1.37,1.39,1.31,,1.37,,,77115,105732.00,168,F1,1,,,,,
2026-10-06,2026-10-06,CM,BSE,STK,531144,INE158F01017,ELFORGE,XT,,,,,EL FORGE LTD.,23.23,24.41,22.26,24.41,24.41,23.25,,24.41,,,44608,1060165.00,196,F1,1,,,,,
2026-10-06,2026-10-06,CM,BSE,STK,531146,INE646B01010,MEDICAMEQ,T,,,,,MEDICAMEN BIOTECH LTD.,311.00,319.50,298.05,315.15,319.50,308.75,,312.68,,,2509,779621.00,52,F1,1,,,,,
2026-10-06,2026-10-06,CM,BSE,STK,531147,INE062D01024,ALICON,B,,,,,ALICON CASTALLOY LIMITED,850.50,874.40,836.95,868.30,864.40,850.50,,866.94,,,4199,3589497.00,474,F1,1,,,,,
2026-10-06,2026-10-06,CM,BSE,STK,531153,INE650C01036,DILIGENT,X,,,,,DILIGENT INDUSTRIES LTD.,2.06,2.49,2.06,2.38,2.39,2.10,,2.38,,,749539,1764066.00,501,F1,1,,,,,
2026-10-06,2026-10-06,CM,BSE,STK,531155,INE601F01016,EPSOMPRO,X,,,,,EPSOM PROPERTIES LTD.,8.50,8.50,8.46,8.46,8.46,8.50,,8.46,,,8,67.00,3,F1,1,,,,,
2026-10-06,2026-10-06,CM,BSE,STK,531156,INE883B01027,ALFAVIO,XT,,,,,ALFAVISION OVERSEAS (INDIA) LT,12.48,12.48,11.88,11.90,11.90,12.47,,11.90,,,19811,238102.00,69,F1,1,,,,,
2026-10-06,2026-10-06,CM,BSE,STK,531157,INE412E01011,ORGCOAT,X,,,,,ORGANIC COATINGS LTD.,21.50,21.53,21.50,21.53,21.53,20.51,,21.53,,,3625,78033.00,15,F1,1,,,,,
2026-10-06,2026-10-06,CM,BSE,STK,531158,INE660B01011,CATVISION,X,,,,,CATVISION  LIMITED,19.44,19.90,19.00,19.48,19.48,19.44,,19.48,,,2681,52644.00,26,F1,1,,,,,
2026-10-06,2026-10-06,CM,BSE,STK,531161,INE850B01026,ABMKNO,B,,,,,ABM KNOWLEDGEWARE LTD.,168.85,179.90,164.20,178.25,179.90,168.85,,168.19,,,32,5447.00,9,F1,1,,,,,
2026-10-06,2026-10-06,CM,BSE,STK,531162,INE548C01032,EMAMILTD,A,,,,,EMAMI LTD.,381.65,386.05,374.25,381.90,385.65,377.10,,383.92,,,1037147,393779796.00,1697,F1,1,,,,,
2026-10-06,2026-10-06,CM,BSE,STK,531163,INE971L01029,KEMISTAR,X,,,,,KEMISTAR CORPORATION LIMITED,49.80,49.80,46.10,47.02,47.89,48.04,,47.02,,,4453,206222.00,37,F1,1,,,,,
2026-10-06,2026-10-06,CM,BSE,STK,531168,INE771E01010,ASSOCER,X,,,,,ASSOCIATED CERAMICS LTD.,157.00,157.00,157.00,157.00,157.00,150.00,,157.00,,,23,3611.00,5,F1,1,,,,,
2026-10-06,2026-10-06,CM,BSE,STK,531169,INE709B01016,SKPSEC,X,,,,,SKP SECURITIES LTD.,92.00,97.80,89.50,97.75,97.80,94.76,,97.75,,,755,71956.00,20,F1,1,,,,,
2026-10-06,2026-10-06,CM,BSE,STK,531173,INE121D01036,SYSCHEM,X,,,,,SYSCHEM (INDIA) LTD.,33.12,39.00,33.12,37.41,37.12,34.40,,37.41,,,61327,2199546.00,350,F1,1,,,,,
2026-10-06,2026-10-06,CM,BSE,STK,531176,INE186C01023,MEFCOMCAP,X,,,,,MEFCOM CAPITAL MARKETS LTD.,11.75,11.89,11.15,11.53,11.75,11.47,,11.53,,,3310,38097.00,31,F1,1,,,,,
2026-10-06,2026-10-06,CM,BSE,STK,531178,INE930A01010,HEMANG,X,,,,,HEMANG RESOURCES LIMITED,8.95,9.44,8.90,9.22,9.22,9.00,,9.22,,,2389,21768.00,41,F1,1,,,,,
2026-10-06,2026-10-06,CM,BSE,STK,531179,INE109C01017,ARMANFIN,B,,,,,ARMAN FINANCIAL SERVICES LTD.,1762.10,1762.65,1730.00,1740.90,1743.55,1762.25,,1743.48,,,1894,3305904.00,206,F1,1,,,,,
2026-10-06,2026-10-06,CM,BSE,STK,531191,INE589N01017,FILTRON,X,,,,,FILTRON ENGINEERS LTD.,70.89,70.89,69.13,70.10,70.54,70.54,,70.10,,,1105,77292.00,32,F1,1,,,,,
2026-10-06,2026-10-06,CM,BSE,STK,531201,INE024F01011,SHILCTECH,B,,,,,SHILCHAR TECHNOLOGIES LTD.,4035.30,4105.00,3997.55,4088.75,4092.60,4035.30,,4094.10,,,1020,4144115.00,206,F1,1,,,,,
2026-10-06,2026-10-06,CM,BSE,STK,531205,INE179O01031,SPRIGHT,X,,,,,SPRIGHT AGRO LIMITED,0.45,0.45,0.40,0.43,0.43,0.44,,0.43,,,8968766,3828271.00,1446,F1,1,,,,,
2026-10-06,2026-10-06,CM,BSE,STK,531209,INE096B01018,NUCLEUS,B,,,,,NUCLEUS SOFTWARE EXPORTS LTD.,636.00,646.05,630.55,641.10,640.75,637.80,,638.06,,,1514,963606.00,232,F1,1,,,,,
2026-10-06,2026-10-06,CM,BSE,STK,531210,INE923C01011,COLINZ,X,,,,,COLINZ LABORATORIES LTD.,73.00,73.00,71.80,71.80,71.80,73.00,,71.80,,,142,10315.00,3,F1,1,,,,,
2026-10-06,2026-10-06,CM,BSE,STK,531212,INE606C01012,NLFL,X,,,,,NALIN LEASE FINANCE LTD.,38.00,40.00,36.55,36.70,36.70,38.00,,36.70,,,343,12729.00,11,F1,1,,,,,
2026-10-06,2026-10-06,CM,BSE,STK,531213,INE522D01027,MANAPPURAM,A,,,,,Manappuram Finance Ltd,311.95,312.85,306.10,309.90,309.90,312.00,,310.18,,,201884,62270466.00,3042,F1,1,,,,,
2026-10-06,2026-10-06,CM,BSE,STK,531215,INE005C01017,RTSPOWR,T,,,,,RTS POWER CORPORATION LTD.,103.50,108.00,103.05,106.30,108.00,108.45,,105.80,,,3717,389355.00,71,F1,1,,,,,
2026-10-06,2026-10-06,CM,BSE,STK,531216,INE819A01049,COMFINTE,B,,,,,COMFORT INTECH LTD.,6.13,6.50,6.13,6.22,6.22,6.30,,6.23,,,41131,260283.00,173,F1,1,,,,,
2026-10-06,2026-10-06,CM,BSE,STK,531221,INE262W01012,MAYURFL,X,,,,,MAYUR FLOORINGS LTD.,18.00,18.00,18.00,18.00,18.00,18.00,,18.00,,,60,1080.00,1,F1,1,,,,,
2026-10-06,2026-10-06,CM,BSE,STK,531223,INE364D01032,ANJANI,X,,,,,ANJANI SYNTHETICS LTD.,28.49,28.70,27.16,27.96,28.00,27.99,,27.96,,,249,6917.00,14,F1,1,,,,,
2026-10-06,2026-10-06,CM,BSE,STK,531225,INE547B01028,XTGLOBAL,B,,,,,XTGLOBAL INFOTECH LIMITED,29.84,29.84,27.20,27.98,27.99,28.01,,27.62,,,1202,34040.00,18,F1,1,,,,,
2026-10-06,2026-10-06,CM,BSE,STK,531227,INE907E01010,DECOMIC,X,,,,,DECO-MICA LTD.,61.50,61.50,56.81,56.81,56.81,59.00,,56.81,,,27,1538.00,4,F1,1,,,,,
2026-10-06,2026-10-06,CM,BSE,STK,531228,INE821D01031,RANDER,XT,,,,,RANDER CORPORATION LTD.,12.75,12.85,12.75,12.85,12.85,12.85,,12.85,,,101,1294.00,4,F1,1,,,,,
2026-10-06,2026-10-06,CM,BSE,STK,531233,INE822D01021,RASIELEC,X,,,,,RASI ELECTRODES LTD.,12.91,13.38,12.76,12.90,13.15,12.97,,12.90,,,6329,81442.00,78,F1,1,,,,,
2026-10-06,2026-10-06,CM,BSE,STK,531234,INE962E01015,SCOOBEEDAY,X,,,,,SCOOBEE DAY GARMENTS (INDIA) L,69.99,69.99,68.80,68.89,68.89,66.62,,68.89,,,22,1515.00,5,F1,1,,,,,
2026-10-06,2026-10-06,CM,BSE,STK,531235,INE494D01011,CITIPOR,X,,,,,CITIPORT FINANCIAL SERVICES LT,40.61,40.61,39.80,39.98,40.00,38.68,,39.98,,,39,1560.00,6,F1,1,,,,,
2026-10-06,2026-10-06,CM,BSE,STK,531237,INE972E01014,DHRUVCA,X,,,,,DHRUVA CAPITAL SERVICES LTD.,77.69,80.00,77.69,80.00,80.00,77.69,,80.00,,,25151,1986954.00,16,F1,1,,,,,
2026-10-06,2026-10-06,CM,BSE,STK,531241,INE802B01027,LINC,B,,,,,LINC LIMITED,88.15,88.88,87.30,88.03,87.30,87.59,,88.23,,,209,18425.00,19,F1,1,,,,,
2026-10-06,2026-10-06,CM,BSE,STK,531246,INE723N01012,PRIMAIN,X,,,,,PRIMA INDUSTRIES LTD.,17.35,17.45,15.49,16.98,16.98,16.06,,16.98,,,2687,42852.00,23,F1,1,,,,,
2026-10-06,2026-10-06,CM,BSE,STK,531253,INE342D01012,INDGELA,X,,,,,INDIA GELATINE & CHEMICALS LTD,369.25,373.00,365.00,367.10,367.10,367.45,,367.10,,,434,159778.00,26,F1,1,,,,,
2026-10-06,2026-10-06,CM,BSE,STK,531254,INE031G01022,OPTIFIN,B,,,,,Optimus Finance Limited,14.89,15.03,14.20,14.31,14.20,14.56,,14.42,,,1557,22904.00,51,F1,1,,,,,
2026-10-06,2026-10-06,CM,BSE,STK,531255,INE015E01012,PARAGONF,X,,,,,PARAGON FINANCE LTD.,53.98,53.98,52.98,53.65,53.65,53.99,,53.65,,,41,2192.00,3,F1,1,,,,,
2026-10-06,2026-10-06,CM,BSE,STK,531257,INE530D01012,VELLORA,X,,,,,VELLORA IMPACT LIMITED,14.88,15.46,14.66,14.88,14.95,14.93,,14.88,,,20168,302213.00,98,F1,1,,,,,
2026-10-06,2026-10-06,CM,BSE,STK,531259,INE328F01016,ESHAMEDIA,XT,,,,,ESHA MEDIA RESEARCH LIMITED,38.00,38.76,38.00,38.76,38.76,38.00,,38.76,,,143,5435.00,4,F1,1,,,,,
2026-10-06,2026-10-06,CM,BSE,STK,531266,INE764D01017,VSTTILLERS,B,,,,,V.S.T.TILLERS TRACTORS LTD.,4249.00,4448.00,4247.15,4428.65,4395.00,4249.75,,4426.46,,,6156,26449920.00,310,F1,1,,,,,
2026-10-06,2026-10-06,CM,BSE,STK,531268,INE151B01011,B2BSOFT,X,,,,,B2B SOFTWARE TECHNOLOGIES LTD.,22.80,22.80,22.01,22.39,22.39,22.22,,22.39,,,4991,111845.00,74,F1,1,,,,,
2026-10-06,2026-10-06,CM,BSE,STK,531272,INE526C01012,NIKKIGL,X,,,,,NIKKI GLOBAL FINANCE LTD.,20.85,20.85,20.85,20.85,20.85,19.90,,20.85,,,230,4795.00,2,F1,1,,,,,
2026-10-06,2026-10-06,CM,BSE,STK,531273,INE986B01044,RADHEDE,X,,,,,RADHE DEVELOPERS (INDIA) LTD.,1.30,1.32,1.26,1.30,1.31,1.28,,1.30,,,100965,130479.00,159,F1,1,,,,,
2026-10-06,2026-10-06,CM,BSE,STK,531274,INE674M01019,KINETRU,XT,,,,,KINETIC TRUST LTD.,50.67,51.85,50.67,51.85,51.85,51.70,,51.85,,,13,671.00,4,F1,1,,,,,
2026-10-06,2026-10-06,CM,BSE,STK,531278,INE785D01012,ELIXIR,X,,,,,Elixir Capital Limited,100.00,100.00,98.20,99.69,99.69,97.60,,99.69,,,471,46835.00,12,F1,1,,,,,
2026-10-06,2026-10-06,CM,BSE,STK,531279,INE238C01022,TRISHAKT,XT,,,,,Trishakti Industries Limited,248.00,260.00,243.55,258.10,259.00,253.55,,258.10,,,18504,4766781.00,166,F1,1,,,,,
2026-10-06,2026-10-06,CM,BSE,STK,531280,INE698B01011,PANKAJPO,XT,,,,,PANKAJ POLYMERS LTD.,139.45,139.45,139.45,139.45,139.45,132.85,,139.45,,,1309,182540.00,20,F1,1,,,,,
2026-10-06,2026-10-06,CM,BSE,STK,531281,INE807H01023,MARBLE,XT,,,,,MARBLE CITY INDIA LIMITED,159.45,172.00,159.00,168.05,172.00,166.80,,168.05,,,18481,3026288.00,59,F1,1,,,,,
2026-10-06,2026-10-06,CM,BSE,STK,531283,INE897D01015,CINDRELL,X,,,,,CINDRELLA FINANCIAL SERVICES L,10.00,10.00,10.00,10.00,10.00,10.00,,10.00,,,504,5040.00,2,F1,1,,,,,
2026-10-06,2026-10-06,CM,BSE,STK,531287,INE896D01017,NATPLASTI,X,,,,,NATIONAL PLASTIC TECHNOLOGIES,239.90,239.90,225.25,228.05,228.00,239.55,,228.05,,,893,206895.00,33,F1,1,,,,,
2026-10-06,2026-10-06,CM,BSE,STK,531288,INE531D01010,LEADFIN,X,,,,,LEAD FINANCIAL SERVICES LTD.,17.00,17.00,17.00,17.00,17.00,17.00,,17.00,,,15,255.00,2,F1,1,,,,,
2026-10-06,2026-10-06,CM,BSE,STK,531289,INE643C01015,NATFIT,XT,,,,,NATIONAL FITTINGS LIMITED,323.90,343.50,317.00,341.30,341.30,327.15,,341.30,,,53204,17845246.00,367,F1,1,,,,,
2026-10-06,2026-10-06,CM,BSE,STK,531297,INE885B01014,ARTEFACT,X,,,,,ARTEFACT PROJECTS LTD.,51.00,51.25,50.05,50.17,50.90,50.82,,50.17,,,3508,177794.00,32,F1,1,,,,,
2026-10-06,2026-10-06,CM,BSE,STK,531301,INE319M01011,TUSALDAH,X,,,,,TUSALDAH LIMITED,191.95,191.95,190.00,191.00,191.00,182.85,,191.00,,,3324,637776.00,98,F1,1,,,,,
2026-10-06,2026-10-06,CM,BSE,STK,531304,INE960H01012,NUTECGLOB,X,,,,,NUTECH GLOBAL LTD.,30.64,30.64,30.64,30.64,30.64,29.19,,30.64,,,880,26963.00,3,F1,1,,,,,
2026-10-06,2026-10-06,CM,BSE,STK,531306,INE590D01016,DHPIND,X,,,,,DHP INDIA LTD.,497.35,504.95,497.00,499.60,498.30,497.35,,499.60,,,333,166013.00,17,F1,1,,,,,
2026-10-06,2026-10-06,CM,BSE,STK,531307,INE951M01037,RRIL,B,,,,,RRIL LIMITED,15.45,16.80,15.01,16.28,16.67,15.07,,16.26,,,29914,481072.00,145,F1,1,,,,,
2026-10-06,2026-10-06,CM,BSE,STK,531310,INE325G01010,AVAILFC,X,,,,,AVAILABLE FINANCE LTD.,140.00,140.75,137.00,139.00,138.65,138.85,,139.00,,,1301,180855.00,22,F1,1,,,,,
2026-10-06,2026-10-06,CM,BSE,STK,531319,INE368C01019,MGIL,X,,,,,MARUTI GLOBAL INDUSTRIES LIMIT,42.79,42.79,38.31,41.50,41.50,40.08,,41.50,,,1284,51269.00,34,F1,1,,,,,
2026-10-06,2026-10-06,CM,BSE,STK,531322,INE293B01029,HAVISHA,B,,,,,SRI HAVISHA HOSPITALITY INFRAS,1.40,1.45,1.33,1.40,1.40,1.34,,1.36,,,10773,14477.00,33,F1,1,,,,,
2026-10-06,2026-10-06,CM,BSE,STK,531323,INE250D01017,JAYIND,X,,,,,JAYATMA INDUSTRIES LIMITED,12.55,13.00,12.55,13.00,13.00,12.95,,13.00,,,101,1268.00,3,F1,1,,,,,
2026-10-06,2026-10-06,CM,BSE,STK,531324,INE475C01012,ROSELABS,X,,,,,ROSELABS FINANCE LTD.,20.04,20.04,19.04,19.04,19.04,20.04,,19.04,,,644,12262.00,2,F1,1,,,,,
2026-10-06,2026-10-06,CM,BSE,STK,531328,INE128R01023,KRETTOSYS,X,,,,,KRETTO SYSCON LIMITED,0.40,0.42,0.39,0.41,0.41,0.41,,0.41,,,2356363,954854.00,337,F1,1,,,,,
2026-10-06,2026-10-06,CM,BSE,STK,531335,INE768C01028,ZYDUSWELL,A,,,,,ZYDUS WELLNESS LTD.,485.00,505.25,485.00,504.00,500.05,483.05,,502.51,,,11153,5532075.00,404,F1,1,,,,,
2026-10-06,2026-10-06,CM,BSE,STK,531338,INE151H01018,MILESTONE,X,,,,,MILESTONE GLOBAL LTD.,20.50,20.50,20.50,20.50,20.50,20.99,,20.50,,,4,82.00,1,F1,1,,,,,
2026-10-06,2026-10-06,CM,BSE,STK,531344,INE111A01025,CONCOR,A,,,,,CONTAINER CORPORATION OF INDIA,441.05,446.50,440.20,445.25,445.25,443.00,,445.81,,,141406,62898049.00,1839,F1,1,,,,,
2026-10-06,2026-10-06,CM,BSE,STK,531346,INE500D01015,EASTRED,X,,,,,EASTERN TREADS LTD.,29.77,29.77,27.85,28.69,29.00,29.88,,28.69,,,49,1442.00,11,F1,1,,,,,
2026-10-06,2026-10-06,CM,BSE,STK,531349,INE922B01023,PANACEABIO,B,,,,,PANACEA BIOTEC LTD.,348.10,364.95,348.10,363.80,362.15,349.35,,363.22,,,5548,2001698.00,225,F1,1,,,,,
2026-10-06,2026-10-06,CM,BSE,STK,531352,INE328D01011,PEETISEC,X,,,,,PEETI SECURITIES LTD.,21.38,21.38,21.38,21.38,21.38,20.37,,21.38,,,1,21.00,1,F1,1,,,,,
2026-10-06,2026-10-06,CM,BSE,STK,531357,INE763M01028,MERCURYEV,B,,,,,MERCURY EV-TECH LIMITED,37.01,37.69,36.76,37.05,37.10,36.76,,36.98,,,14623,543969.00,154,F1,1,,,,,
2026-10-06,2026-10-06,CM,BSE,STK,531358,INE102B01014,CHOICEIN,A,,,,,CHOICE INTERNATIONAL LTD.,726.25,738.70,725.40,726.80,727.00,725.70,,727.15,,,217668,158909329.00,339,F1,1,,,,,
2026-10-06,2026-10-06,CM,BSE,STK,531359,INE777G01012,SRAMSET,X,,,,,SHRIRAM ASSET MANAGEMENT CO.LT,250.00,260.00,250.00,258.80,258.00,250.95,,258.80,,,1669,421478.00,45,F1,1,,,,,
2026-10-06,2026-10-06,CM,BSE,STK,531360,INE427D01011,GOLECHA,X,,,,,GOLECHHA GLOBAL FINANCE LTD.,23.15,23.15,23.15,23.15,23.15,23.86,,23.15,,,20,463.00,1,F1,1,,,,,
2026-10-06,2026-10-06,CM,BSE,STK,531364,INE005E01013,EKANSH,X,,,,,Ekansh Concepts Limited,196.00,199.90,193.95,195.15,199.00,196.70,,195.15,,,6959,1355613.00,91,F1,1,,,,,
2026-10-06,2026-10-06,CM,BSE,STK,531370,INE960B01015,SPAR,X,,,,,SPARC ELECTREX LIMITED,4.40,4.48,4.20,4.25,4.25,4.33,,4.25,,,29592,126353.00,17,F1,1,,,,,
2026-10-06,2026-10-06,CM,BSE,STK,531373,INE319B01014,BYKE,B,,,,,THE BYKE HOSPITALITY LTD.,29.97,29.97,28.57,29.32,29.52,30.06,,29.42,,,3302,96967.00,142,F1,1,,,,,
2026-10-06,2026-10-06,CM,BSE,STK,531380,INE405H01018,CSURGSU,X,,,,,CENTENIAL SURGICAL SUTURE LTD.,99.00,99.00,99.00,99.00,99.00,101.00,,99.00,,,100,9900.00,1,F1,1,,,,,
2026-10-06,2026-10-06,CM,BSE,STK,531381,INE413D01011,ARIHANT,B,,,,,ARIHANT FOUNDATIONS & HOUSING,892.95,947.25,892.95,936.40,947.25,897.40,,915.65,,,68,61806.00,14,F1,1,,,,,
2026-10-06,2026-10-06,CM,BSE,STK,531387,INE671D01014,HASTIFIN,XT,,,,,HASTI FINANCE LTD.,8.10,8.10,8.10,8.10,8.10,8.10,,8.10,,,100,810.00,1,F1,1,,,,,
2026-10-06,2026-10-06,CM,BSE,STK,531390,INE890B01014,UPSURGE,X,,,,,UPSURGE INVESTMENT & FINANCE L,59.36,60.50,59.00,59.15,59.00,59.32,,59.15,,,2220,131836.00,38,F1,1,,,,,
2026-10-06,2026-10-06,CM,BSE,STK,531395,INE448D01025,PADAMCO,XT,,,,,PADAM COTTON YARNS LTD.,0.94,0.98,0.92,0.97,0.97,0.94,,0.97,,,405878,386660.00,390,F1,1,,,,,
2026-10-06,2026-10-06,CM,BSE,STK,531396,INE905B01010,WOMENNET,X,,,,,WOMEN NETWORKS LTD.,7.16,7.16,7.16,7.16,7.16,6.82,,7.16,,,1,7.00,1,F1,1,,,,,
2026-10-06,2026-10-06,CM,BSE,STK,531398,INE679C01027,SOURCENTRL,X,,,,,SOURCE NATURAL FOODS & HERBAL,115.00,119.75,106.20,109.95,109.00,115.00,,109.95,,,1719,187204.00,60,F1,1,,,,,
2026-10-06,2026-10-06,CM,BSE,STK,531399,INE493B01017,GGAUTO,X,,,,,G.G.AUTOMOTIVE GEARS LTD.,204.95,216.80,202.00,204.90,205.95,208.80,,204.90,,,15491,3222349.00,312,F1,1,,,,,
2026-10-06,2026-10-06,CM,BSE,STK,531400,INE326B01035,ALMONDZ,T,,,,,ALMONDZ GLOBAL SECURITIES LTD.,18.62,19.89,18.15,19.83,19.89,18.99,,19.85,,,10784,212238.00,36,F1,1,,,,,
2026-10-06,2026-10-06,CM,BSE,STK,531402,INE281M01013,LWSKNIT,X,,,,,LWS KNITWEAR LTD.,16.00,16.00,15.30,15.94,15.94,16.18,,15.94,,,9231,143145.00,58,F1,1,,,,,
2026-10-06,2026-10-06,CM,BSE,STK,531406,INE234J01018,ANSINDUS,XT,,,,,ANS INDUSTRIES LTD,19.10,19.10,19.10,19.10,19.10,20.00,,19.10,,,32,611.00,3,F1,1,,,,,
2026-10-06,2026-10-06,CM,BSE,STK,531411,INE560D01027,TUNITEX,XT,,,,,TUNI TEXTILE MILLS LTD.,2.22,2.22,2.22,2.22,2.22,2.18,,2.22,,,1706021,3787366.00,311,F1,1,,,,,
2026-10-06,2026-10-06,CM,BSE,STK,531412,INE576N01014,RADIXIND,X,,,,,RADIX INDUSTRIES (INDIA) LIMIT,130.25,130.25,130.10,130.10,130.10,133.10,,130.10,,,19,2472.00,3,F1,1,,,,,
2026-10-06,2026-10-06,CM,BSE,STK,531416,INE603F01012,NARPROP,X,,,,,NARENDRA PROPERTIES LTD.,35.55,36.59,33.00,36.59,36.59,34.85,,36.59,,,71,2450.00,7,F1,1,,,,,
2026-10-06,2026-10-06,CM,BSE,STK,531417,INE804B01023,MEGACOR,X,,,,,MEGA CORPORATION LTD.,2.38,2.47,2.31,2.40,2.40,2.38,,2.40,,,20230,48379.00,65,F1,1,,,,,
2026-10-06,2026-10-06,CM,BSE,STK,531420,INE644K01016,BMBMUMG,XT,,,,,BMB MUSIC & MAGNETICS LTD.,6.15,6.45,5.85,6.35,6.45,6.15,,6.35,,,1351,8363.00,11,F1,1,,,,,
2026-10-06,2026-10-06,CM,BSE,STK,531426,INE107A01015,TNPL,B,,,,,TAMIL NADU NEWSPRINT & PAPERS,146.80,148.40,145.30,145.90,145.90,146.75,,145.94,,,8620,1263350.00,226,F1,1,,,,,
2026-10-06,2026-10-06,CM,BSE,STK,531431,INE908D01010,SHAKTIPUMP,A,,,,,SHAKTI PUMPS (INDIA) LTD.,443.85,451.15,443.05,449.40,450.95,443.85,,449.35,,,75010,33561499.00,1755,F1,1,,,,,
2026-10-06,2026-10-06,CM,BSE,STK,531432,INE07P301011,SYTIXSE,X,,,,,SYSTEMATIX SECURITIES LTD.,13.00,13.00,13.00,13.00,13.00,13.00,,13.00,,,1,13.00,1,F1,1,,,,,
2026-10-06,2026-10-06,CM,BSE,STK,531433,INE271D01013,SUNGOLD,X,,,,,SUNGOLD CAPITAL LTD.,3.10,3.10,3.09,3.09,3.09,2.99,,3.09,,,3436,10651.00,8,F1,1,,,,,
2026-10-06,2026-10-06,CM,BSE,STK,531436,INE474D01013,SAFFRON,X,,,,,SAFFRON INDUSTRIES LIMITED,23.51,26.00,22.00,25.76,25.74,23.17,,25.76,,,4925,114020.00,28,F1,1,,,,,
2026-10-06,2026-10-06,CM,BSE,STK,531437,INE523I01016,PWASML,X,,,,,Prakash Woollen & Synthetic Mi,22.87,23.00,21.58,22.94,22.94,22.43,,22.94,,,3091,70004.00,19,F1,1,,,,,
2026-10-06,2026-10-06,CM,BSE,STK,531439,INE805A01014,GOLDTECH,T,,,,,AION TECH SOLUTIONS LIMITED,43.00,43.00,42.26,42.26,42.26,43.12,,42.26,,,602,25661.00,11,F1,1,,,,,
2026-10-06,2026-10-06,CM,BSE,STK,531441,INE100F01019,LYONSCO,X,,,,,LYONS CORPORATE MARKET LTD.,20.90,20.90,20.80,20.80,20.80,20.95,,20.80,,,26,540.00,2,F1,1,,,,,
2026-10-06,2026-10-06,CM,BSE,STK,531449,INE192H01020,GRMOVER,B,,,,,GRM OVERSEAS LTD.,79.69,79.71,78.54,78.94,79.04,78.68,,79.03,,,349234,27661235.00,1532,F1,1,,,,,
2026-10-06,2026-10-06,CM,BSE,STK,531453,INE954E01012,MOHITIND,B,,,,,MOHIT INDUSTRIES LTD.,22.29,22.29,22.29,22.29,22.29,22.29,,22.78,,,200,4458.00,10,F1,1,,,,,
2026-10-06,2026-10-06,CM,BSE,STK,531454,INE323D01020,POLYLINK,X,,,,,POLYLINK POLYMERS (INDIA) LTD.,21.95,21.95,20.50,20.58,21.24,21.48,,20.58,,,6452,135053.00,51,F1,1,,,,,
2026-10-06,2026-10-06,CM,BSE,STK,531456,INE952C01028,MINAXI,X,,,,,MINAXI TEXTILES LTD.,1.30,1.32,1.30,1.32,1.32,1.32,,1.32,,,4574,5946.00,20,F1,1,,,,,
2026-10-06,2026-10-06,CM,BSE,STK,531458,INE109B01019,BOSTON,XT,,,,,BOSTON COMMERCE LIMITED,11.05,11.05,10.02,10.54,10.54,10.54,,10.54,,,86680,886992.00,28,F1,1,,,,,
2026-10-06,2026-10-06,CM,BSE,STK,531460,INE545B01022,CONTICON,XT,,,,,CONTINENTAL CONTROLS LTD.,17.29,17.30,17.24,17.30,17.30,16.50,,17.30,,,7875,136214.00,24,F1,1,,,,,
2026-10-06,2026-10-06,CM,BSE,STK,531465,INE317B01042,NOUVEAU,XT,,,,,NOUVEAU GLOBAL VENTURES LTD.,0.32,0.33,0.32,0.33,0.33,0.32,,0.33,,,67581,21682.00,21,F1,1,,,,,
2026-10-06,2026-10-06,CM,BSE,STK,531471,INE397G01019,DUKEOFS,XT,,,,,DUKE OFFSHORE LTD.,92.82,92.82,92.82,92.82,92.82,91.00,,92.82,,,9823,911770.00,27,F1,1,,,,,
2026-10-06,2026-10-06,CM,BSE,STK,531472,INE183D01010,CYBELEIND,X,,,,,CYBELE INDUSTRIES LTD.,36.30,37.85,35.75,37.83,37.81,36.33,,37.83,,,530,19073.00,12,F1,1,,,,,
2026-10-06,2026-10-06,CM,BSE,STK,531486,INE600B01033,FILME,XT,,,,,FILMCITY MEDIA LTD.,1.63,1.63,1.51,1.63,1.63,1.56,,1.63,,,10366,16656.00,25,F1,1,,,,,
2026-10-06,2026-10-06,CM,BSE,STK,531489,INE084D01010,CGVAK,B,,,,,CG-VAK SOFTWARE & EXPORTS LTD.,148.70,152.00,143.00,146.75,150.50,148.70,,146.66,,,2168,313793.00,58,F1,1,,,,,
2026-10-06,2026-10-06,CM,BSE,STK,531494,INE268H01044,NAVKARURB,B,,,,,NAVKAR URBANSTRUCTURE LIMITED,0.82,0.86,0.82,0.86,0.86,0.84,,0.86,,,62449,53065.00,48,F1,1,,,,,
2026-10-06,2026-10-06,CM,BSE,STK,531497,INE378D01032,MADHUCON,B,,,,,MADHUCON PROJECTS LTD.,4.05,4.08,3.89,3.94,3.94,3.89,,3.96,,,4208,16909.00,25,F1,1,,,,,
2026-10-06,2026-10-06,CM,BSE,STK,531500,INE343B01030,RAJESHEXPO,Z,,,,,RAJESH EXPORTS LTD.,61.50,62.98,61.50,61.81,61.81,62.76,,61.80,,,20607,1273817.00,415,F1,1,,,,,
2026-10-06,2026-10-06,CM,BSE,STK,531502,INE404L01039,ESARIND,X,,,,,ESAAR (INDIA) LTD.,11.34,11.34,10.80,10.83,10.80,11.13,,10.83,,,58930,647667.00,145,F1,1,,,,,
2026-10-06,2026-10-06,CM,BSE,STK,531503,INE866D01010,MARIS,X,,,,,MARIS SPINNERS LTD.,37.60,38.00,37.01,37.37,38.00,36.84,,37.37,,,772,28908.00,9,F1,1,,,,,
2026-10-06,2026-10-06,CM,BSE,STK,531506,INE561E01015,SKRABUL,X,,,,,SHUKRA BULLIONS LTD.,34.44,34.44,31.16,33.68,33.98,32.80,,33.68,,,4631,153660.00,27,F1,1,,,,,
2026-10-06,2026-10-06,CM,BSE,STK,531508,INE128A01029,EVEREADY,B,,,,,EVEREADY INDUSTRIES INDIA LTD.,318.65,321.00,316.05,320.00,319.85,318.65,,320.10,,,892,284509.00,82,F1,1,,,,,
2026-10-06,2026-10-06,CM,BSE,STK,531509,INE623D01015,STEP2COR,XT,,,,,STEP TWO CORPORATION LTD.,21.10,21.11,21.10,21.10,21.10,22.20,,21.10,,,377,7955.00,6,F1,1,,,,,
2026-10-06,2026-10-06,CM,BSE,STK,531512,INE681D01039,ORIENTTR,X,,,,,ORIENT TRADELINK LTD.,3.88,4.01,3.75,4.01,4.01,3.82,,4.01,,,212714,845799.00,175,F1,1,,,,,
2026-10-06,2026-10-06,CM,BSE,STK,531515,INE735D01041,MAHANIN,XT,,,,,MAHAN INDUSTRIES LTD.,30.73,30.73,30.73,30.73,30.73,29.27,,30.73,,,1824,56051.00,22,F1,1,,,,,
2026-10-06,2026-10-06,CM,BSE,STK,531518,INE767B01022,VIKASPROP,Z,,,,,VIKAS PROPPANT & GRANITE LTD.,0.27,0.27,0.25,0.27,0.27,0.26,,0.27,,,196478,50789.00,102,F1,1,,,,,
2026-10-06,2026-10-06,CM,BSE,STK,531525,INE849B01010,ACESOFT,XT,,,,,ACE SOFTWARE EXPORTS LTD.,192.30,195.40,189.75,194.15,194.15,199.70,,194.15,,,70947,13648293.00,273,F1,1,,,,,
2026-10-06,2026-10-06,CM,BSE,STK,531529,INE562E01021,SOFTRAKV,XT,,,,,SOFTRAK VENTURE INVESTMENT LTD,1.56,1.59,1.53,1.53,1.53,1.56,,1.53,,,9501,14689.00,24,F1,1,,,,,
2026-10-06,2026-10-06,CM,BSE,STK,531530,INE658E01027,BETALA,X,,,,,BETALA GLOBAL SECURITIES LTD.,31.47,31.47,31.47,31.47,31.47,29.98,,31.47,,,3579,112631.00,14,F1,1,,,,,
2026-10-06,2026-10-06,CM,BSE,STK,531531,INE473B01035,HATSUN,A,,,,,HATSUN AGRO PRODUCT LTD.,1151.40,1175.45,1139.30,1152.90,1152.55,1141.25,,1150.05,,,1342,1549744.00,168,F1,1,,,,,
2026-10-06,2026-10-06,CM,BSE,STK,531533,INE578B01015,ACCEDERE,X,,,,,ACCEDERE LIMITED,46.20,46.20,42.56,43.14,42.56,44.80,,43.14,,,4329,186480.00,42,F1,1,,,,,
2026-10-06,2026-10-06,CM,BSE,STK,531537,INE681K01026,MIZVEN,XT,,,,,MIZZEN VENTURES LIMITED,32.32,32.32,30.45,30.54,30.46,32.00,,30.54,,,921,29402.00,12,F1,1,,,,,
2026-10-06,2026-10-06,CM,BSE,STK,531539,INE864D01015,RISHDIGA,X,,,,,RISHABH DIGHA STEEL & ALLIED P,40.15,43.50,40.10,41.04,40.10,42.19,,41.04,,,1152,47322.00,26,F1,1,,,,,
2026-10-06,2026-10-06,CM,BSE,STK,531540,INE392G01028,MAINFRA,X,,,,,MARUTI INFRASTRUCTURE LTD.,11.19,11.19,10.25,10.85,10.99,10.68,,10.85,,,10164,108046.00,43,F1,1,,,,,
2026-10-06,2026-10-06,CM,BSE,STK,531541,INE881A01015,KOBO,Z,,,,,KOBO BIOTECH LIMITED,3.72,3.99,3.72,3.99,3.99,3.80,,3.99,,,7372,29414.00,11,F1,1,,,,,
2026-10-06,2026-10-06,CM,BSE,STK,531543,INE247D01039,JINDWORLD,B,,,,,JINDAL WORLDWIDE LTD.,46.00,46.00,45.02,45.51,45.51,45.33,,45.40,,,114480,5196109.00,449,F1,1,,,,,
2026-10-06,2026-10-06,CM,BSE,STK,531548,INE355A01028,SOMANYCERA,B,,,,,SOMANY CERAMICS LTD.,611.00,630.60,605.00,624.60,624.60,610.50,,624.99,,,4628,2876310.00,369,F1,1,,,,,
2026-10-06,2026-10-06,CM,BSE,STK,531550,INE865D01012,JHACC,X,,,,,JHAVERI CREDITS & CAPITAL LTD.,200.00,200.00,191.00,198.55,198.60,194.10,,198.55,,,24832,4762299.00,30,F1,1,,,,,
2026-10-06,2026-10-06,CM,BSE,STK,531553,INE193D01019,DRL,XT,,,,,DISHA RESOURCES LIMITED,35.18,35.18,32.88,34.68,34.68,34.61,,34.68,,,3122,104634.00,34,F1,1,,,,,
2026-10-06,2026-10-06,CM,BSE,STK,531556,INE558D01021,CORALFINAC,B,,,,,CORAL INDIA FINANCE & HOUSING,30.35,33.99,30.34,31.57,31.49,30.31,,31.18,,,162550,5253405.00,1051,F1,1,,,,,
2026-10-06,2026-10-06,CM,BSE,STK,531557,INE137E01014,AMITSEC,X,,,,,AMIT SECURITIES LTD.,34.97,34.97,34.97,34.97,34.97,34.97,,34.97,,,20,699.00,1,F1,1,,,,,
2026-10-06,2026-10-06,CM,BSE,STK,531569,INE860D01013,SANJIVIN,X,,,,,SANJIVANI PARANTERAL LTD.,171.90,175.80,168.10,175.05,175.80,165.95,,175.05,,,2690,466922.00,52,F1,1,,,,,
2026-10-06,2026-10-06,CM,BSE,STK,531574,INE192C01013,VASINFRA,XT,,,,,VAS INFRASTRUCTURE LTD.,6.50,6.53,6.22,6.52,6.53,6.53,,6.52,,,235,1497.00,13,F1,1,,,,,
2026-10-06,2026-10-06,CM,BSE,STK,531578,INE580H01026,KMFBLDR,X,,,,,KMF BUILDERS & DEVELOPERS LTD.,6.65,6.65,6.50,6.55,6.55,6.65,,6.55,,,2828,18557.00,11,F1,1,,,,,
2026-10-06,2026-10-06,CM,BSE,STK,531582,INE508J01015,BERYLSE,X,,,,,BERYL SECURITIES LTD.,30.38,31.44,30.38,31.43,31.43,31.97,,31.43,,,4,124.00,3,F1,1,,,,,
2026-10-06,2026-10-06,CM,BSE,STK,531583,INE483D01014,RAP,X,,,,,RAP CORP LIMITED,32.36,32.39,30.39,32.30,32.30,31.07,,32.30,,,797,25468.00,24,F1,1,,,,,
2026-10-06,2026-10-06,CM,BSE,STK,531591,INE802A01037,BAMPSL,X,,,,,BAMPSL SECURITIES LTD.,18.60,18.60,17.80,18.40,18.40,18.60,,18.40,,,1101,19988.00,24,F1,1,,,,,
2026-10-06,2026-10-06,CM,BSE,STK,531592,INE861N01036,GENPHARMA,X,,,,,GENPHARMASEC LIMITED,1.10,1.13,1.08,1.10,1.11,1.10,,1.10,,,167031,183104.00,206,F1,1,,,,,
2026-10-06,2026-10-06,CM,BSE,STK,531594,INE507D01010,INCON,X,,,,,INCON ENGINEERS LTD.,20.50,20.50,20.50,20.50,20.50,19.96,,20.50,,,50,1025.00,3,F1,1,,,,,
2026-10-06,2026-10-06,CM,BSE,STK,531595,INE180C01042,CGCL,A,,,,,CAPRI GLOBAL CAPITAL LIMITED,247.35,248.35,241.55,246.90,247.00,246.70,,246.88,,,59623,14669094.00,1021,F1,1,,,,,
2026-10-06,2026-10-06,CM,BSE,STK,531599,INE258B01022,FDC,B,,,,,FDC LTD.,331.10,337.70,331.10,334.25,336.35,331.65,,333.66,,,3379,1132001.00,242,F1,1,,,,,
2026-10-06,2026-10-06,CM,BSE,STK,531608,INE792J01015,GORANIN,X,,,,,GORANI INDUSTRIES LTD.,40.34,43.13,39.45,43.13,43.13,41.18,,43.13,,,1794,72532.00,5,F1,1,,,,,
2026-10-06,2026-10-06,CM,BSE,STK,531609,INE902G01016,KGPETRO,X,,,,,KG PETROCHEM LTD.,194.00,194.00,175.75,191.00,191.00,185.00,,191.00,,,50,8839.00,9,F1,1,,,,,
2026-10-06,2026-10-06,CM,BSE,STK,531613,INE100C01024,MAL,XT,,,,,Meyer Apparel Limited,1.92,2.01,1.92,2.01,2.01,1.92,,2.01,,,3541,7117.00,15,F1,1,,,,,
2026-10-06,2026-10-06,CM,BSE,STK,531624,INE695B01025,COUNCODOS,T,,,,,COUNTRY CONDOS LTD.,6.72,6.72,6.30,6.51,6.51,6.50,,6.51,,,5331,33938.00,45,F1,1,,,,,
2026-10-06,2026-10-06,CM,BSE,STK,531626,INE628B01034,OROSMITHS,X,,,,,OROSIL SMITHS INDIA LTD.,6.85,6.85,5.81,6.51,6.51,6.11,,6.51,,,50267,324544.00,226,F1,1,,,,,
2026-10-06,2026-10-06,CM,BSE,STK,531628,INE173E01019,TEJASSVI,XT,,,,,TEJASSVI AAHARAM LIMITED,65.07,65.10,63.00,63.50,63.50,62.56,,63.50,,,557,35556.00,14,F1,1,,,,,
2026-10-06,2026-10-06,CM,BSE,STK,531633,INE405C01035,LINCOLN,B,,,,,LINCOLN PHARMACEUTICALS LTD.,572.90,582.35,570.35,578.20,579.00,568.55,,577.81,,,1139,654566.00,102,F1,1,,,,,
2026-10-06,2026-10-06,CM,BSE,STK,531635,INE870J01019,SILVOAK,X,,,,,SILVER OAK (INDIA) LTD.,74.50,75.00,70.01,75.00,75.00,74.61,,75.00,,,199,14495.00,19,F1,1,,,,,
2026-10-06,2026-10-06,CM,BSE,STK,531637,INE722B01019,PRAVEG,B,,,,,PRAVEG LIMITED,234.85,249.00,234.45,248.00,248.00,232.65,,247.84,,,18616,4454141.00,430,F1,1,,,,,
2026-10-06,2026-10-06,CM,BSE,STK,531638,INE713C01016,SURAJLTD,B,,,,,SURAJ LTD.,207.50,207.50,180.10,188.00,188.00,192.05,,187.62,,,431,80710.00,131,F1,1,,,,,
2026-10-06,2026-10-06,CM,BSE,STK,531642,INE196A01026,MARICO,A,,,,,MARICO LTD.,793.25,798.45,785.00,798.45,798.45,790.65,,794.18,,,25187,19896425.00,1975,F1,1,,,,,
2026-10-06,2026-10-06,CM,BSE,STK,531644,INE546D01018,TOKYOFIN,X,,,,,TOKYO FINANCE LTD.,19.48,19.48,18.04,18.04,18.04,19.50,,18.04,,,953,18358.00,5,F1,1,,,,,
2026-10-06,2026-10-06,CM,BSE,STK,531651,INE654H01011,NATGENI,X,,,,,NATIONAL GENERAL INDUSTRIES LT,55.99,55.99,53.00,53.00,53.00,53.62,,53.00,,,31,1676.00,6,F1,1,,,,,
2026-10-06,2026-10-06,CM,BSE,STK,531652,INE528C01018,UVS,X,,,,,UVS HOSPITALITY AND SERVICES L,78.70,78.70,76.50,76.87,77.23,76.02,,76.87,,,2614,201149.00,28,F1,1,,,,,
2026-10-06,2026-10-06,CM,BSE,STK,531658,INE454E01013,ABATEAS,X,,,,,ABATE AS INDUSTRIES LIMITED,8.00,8.00,7.65,7.97,8.00,7.58,,7.97,,,83548,656742.00,165,F1,1,,,,,
2026-10-06,2026-10-06,CM,BSE,STK,531661,INE863C01019,HITTCO,XT,,,,,HITTCO TOOLS LTD.,13.63,13.65,12.40,12.48,13.60,13.00,,12.48,,,44217,557563.00,51,F1,1,,,,,
2026-10-06,2026-10-06,CM,BSE,STK,531663,INE139D01020,YUVRAAJHPL,X,,,,,YUVRAAJ HYGIENE PRODUCTS LTD.,9.05,9.41,8.75,9.07,9.03,9.04,,9.07,,,15306,138238.00,72,F1,1,,,,,
2026-10-06,2026-10-06,CM,BSE,STK,531667,INE117K01013,RRMETAL,XT,,,,,RR METALMAKERS INDIA LIMITED,44.33,45.99,43.45,45.80,45.80,44.33,,45.80,,,6047,270244.00,22,F1,1,,,,,
2026-10-06,2026-10-06,CM,BSE,STK,531668,INE661D01015,VISIONCO,XT,,,,,VISION CORPORATION LTD.,2.10,2.10,2.09,2.09,2.09,2.10,,2.09,,,3250,6803.00,6,F1,1,,,,,
2026-10-06,2026-10-06,CM,BSE,STK,531671,INE214D01021,KARNAWATI,X,,,,,Karnawati Innovation Limited,1.19,1.23,1.16,1.20,1.20,1.18,,1.20,,,55470,66868.00,121,F1,1,,,,,
2026-10-06,2026-10-06,CM,BSE,STK,531673,INE067C01025,ANKIN,X,,,,,ANKA INDIA LTD.,18.64,18.64,18.06,18.50,18.50,18.12,,18.50,,,1222,22316.00,17,F1,1,,,,,
2026-10-06,2026-10-06,CM,BSE,STK,531676,INE554H01021,EMROCK,XT,,,,,EMROCK CORPORATION LIMITED,256.95,256.95,233.10,249.50,249.50,245.00,,249.50,,,215,52191.00,16,F1,1,,,,,
2026-10-06,2026-10-06,CM,BSE,STK,531680,INE799E01011,MAYUR,XT,,,,,MAYUR LEATHER PRODUCTS LTD.,43.40,43.40,39.97,41.88,41.88,41.49,,41.88,,,12096,493197.00,38,F1,1,,,,,
2026-10-06,2026-10-06,CM,BSE,STK,531681,INE673C01020,AMERISE,XT,,,,,AMERISE BIOSCIENCES LIMITED,0.79,0.82,0.79,0.82,0.82,0.79,,0.82,,,8930,7117.00,17,F1,1,,,,,
2026-10-06,2026-10-06,CM,BSE,STK,531688,INE621B01021,PRITHVIEXCH,X,,,,,Prithvi Exchange (India) Limit,111.00,111.00,97.40,102.90,100.00,107.80,,102.90,,,1976,198907.00,77,F1,1,,,,,
2026-10-06,2026-10-06,CM,BSE,STK,531692,INE593B01030,KHYATI,X,,,,,KHYATI MULTIMEDIA-ENTERTAINMEN,3.03,3.03,2.96,2.96,2.96,2.90,,2.96,,,955,2891.00,15,F1,1,,,,,
2026-10-06,2026-10-06,CM,BSE,STK,531694,INE230F01014,RAINBOWF,X,,,,,RAINBOW FOUNDATIONS LTD.,29.80,32.00,27.45,29.86,29.84,29.86,,29.86,,,10829,326560.00,69,F1,1,,,,,
2026-10-06,2026-10-06,CM,BSE,STK,531716,INE843F01014,TRICOMFRU,XT,,,,,TRICOM FRUIT PRODUCTS LIMITED,1.37,1.37,1.25,1.32,1.36,1.31,,1.32,,,9392,12431.00,21,F1,1,,,,,
2026-10-06,2026-10-06,CM,BSE,STK,531717,INE632C01026,VIDHIING,B,,,,,Vidhi Specialty Food Ingredien,352.00,354.75,349.80,353.70,352.25,356.10,,352.31,,,1343,475302.00,150,F1,1,,,,,
2026-10-06,2026-10-06,CM,BSE,STK,531719,INE414D01027,BHAGCHEM,B,,,,,BHAGIRADHA CHEMICALS & INDUSTR,229.95,240.70,229.90,240.45,240.45,230.10,,239.91,,,2114,500813.00,80,F1,1,,,,,
2026-10-06,2026-10-06,CM,BSE,STK,531723,INE224E01028,GATECH,T,,,,,GACM Technologies Limited,0.70,0.70,0.65,0.66,0.66,0.68,,0.65,,,2138218,1448292.00,633,F1,1,,,,,
2026-10-06,2026-10-06,CM,BSE,STK,531726,INE316G01019,PANCHSHEEL,X,,,,,PANCHSHEEL ORGANICS LTD.,103.10,109.00,103.00,104.70,104.55,103.10,,104.70,,,3103,331061.00,51,F1,1,,,,,
2026-10-06,2026-10-06,CM,BSE,STK,531727,INE650G01029,MENNPIS,T,,,,,MENON PISTONS LTD.,70.99,70.99,70.01,70.08,70.60,70.60,,70.17,,,7429,521776.00,98,F1,1,,,,,
2026-10-06,2026-10-06,CM,BSE,STK,531735,INE429Q01019,PRISMFN,P,,,,,PRISM FINANCE LTD.,25.50,25.50,25.50,25.50,25.50,25.65,,25.50,,,200,5100.00,2,F1,100,,,,,
2026-10-06,2026-10-06,CM,BSE,STK,531737,INE414C01045,GREENCREST,X,,,,,GREENCREST FINANCIAL SERVICES,0.58,0.60,0.57,0.58,0.59,0.59,,0.58,,,29076,16901.00,85,F1,1,,,,,
2026-10-06,2026-10-06,CM,BSE,STK,531739,INE509C01026,GENNEX,X,,,,,GENNEX LABORATORIES LTD.,9.80,10.17,9.80,9.91,9.91,9.90,,9.91,,,217040,2161980.00,404,F1,1,,,,,
2026-10-06,2026-10-06,CM,BSE,STK,531744,INE548B01018,GINISILK,X,,,,,GINI SILK MILLS LTD.,63.95,63.95,58.00,59.02,59.00,59.11,,59.02,,,1367,80885.00,16,F1,1,,,,,
2026-10-06,2026-10-06,CM,BSE,STK,531746,INE505C01016,PRAENG,B,,,,,PRAJAY ENGINEERS SYNDICATE LTD,20.30,20.57,17.87,19.79,19.85,19.45,,19.71,,,18585,353680.00,168,F1,1,,,,,
2026-10-06,2026-10-06,CM,BSE,STK,531752,INE703D01023,BIOGEN,X,,,,,BIOGEN PHARMACHEM INDUSTRIES L,0.26,0.28,0.26,0.27,0.28,0.27,,0.27,,,4874947,1328468.00,914,F1,1,,,,,
2026-10-06,2026-10-06,CM,BSE,STK,531758,INE131D01019,GKCONS,X,,,,,G.K.CONSULTANTS LTD.,10.72,11.00,10.50,10.50,10.50,10.51,,10.50,,,265,2819.00,8,F1,1,,,,,
2026-10-06,2026-10-06,CM,BSE,STK,531761,INE126J01016,APOLLOPIPE,B,,,,,APOLLO PIPES LIMITED,553.50,553.55,528.05,530.80,530.00,530.05,,529.84,,,5969,3207507.00,270,F1,1,,,,,
2026-10-06,2026-10-06,CM,BSE,STK,531762,INE576D01015,UNJHAFOR,XT,,,,,UNJHA FORMULATIONS LTD.,31.50,31.50,30.50,31.00,31.00,32.00,,31.00,,,325,10120.00,11,F1,1,,,,,
2026-10-06,2026-10-06,CM,BSE,STK,531768,INE205C01021,POLYMED,A,,,,,POLY MEDICURE LTD.,1611.25,1637.90,1611.25,1632.25,1626.40,1617.40,,1633.75,,,2201,3583911.00,265,F1,1,,,,,
2026-10-06,2026-10-06,CM,BSE,STK,531769,INE600F01018,PFLINFOTC,X,,,,,PFL INFOTECH LTD.,4.30,4.30,4.00,4.00,4.00,4.40,,4.00,,,3102,12423.00,5,F1,1,,,,,
2026-10-06,2026-10-06,CM,BSE,STK,531771,INE311M01018,SHRADDHA,B,,,,,SHRADDHA PRIME PROJECTS LTD,173.05,173.05,164.00,166.40,166.40,166.90,,166.63,,,5054,842186.00,142,F1,1,,,,,
2026-10-06,2026-10-06,CM,BSE,STK,531778,INE059E01010,KACHCHH,X,,,,,KACHCHH MINERALS LTD.,25.70,27.00,25.70,26.57,26.85,27.04,,26.57,,,110,2835.00,11,F1,1,,,,,
2026-10-06,2026-10-06,CM,BSE,STK,531780,INE229G01022,KACL,X,,,,,KAISER CORPORATION LIMITED,5.79,5.80,5.46,5.66,5.59,5.80,,5.66,,,772655,4369397.00,175,F1,1,,,,,
2026-10-06,2026-10-06,CM,BSE,STK,531784,INE469F01026,KCLINFRA,X,,,,,KCL Infra Projects Limited,1.32,1.35,1.23,1.25,1.25,1.32,,1.25,,,148255,185652.00,124,F1,1,,,,,
2026-10-06,2026-10-06,CM,BSE,STK,531795,INE951D01028,ATULAUTO,B,,,,,ATUL AUTO LTD.,426.60,429.60,424.70,428.15,429.15,424.65,,427.54,,,2213,946700.00,193,F1,1,,,,,
2026-10-06,2026-10-06,CM,BSE,STK,531797,INE393D01015,SCANPRO,X,,,,,SCAN PROJECTS LTD.,102.15,112.00,102.15,105.50,105.50,107.50,,105.50,,,626,66899.00,6,F1,1,,,,,
2026-10-06,2026-10-06,CM,BSE,STK,531802,INE426H01014,PRERINFRA,X,,,,,PRERNA INFRABUILD LTD.,24.00,24.10,23.51,23.59,23.54,24.10,,23.59,,,3033,72007.00,23,F1,1,,,,,
2026-10-06,2026-10-06,CM,BSE,STK,531810,INE161E01014,METALCO,X,,,,,METAL COATINGS (INDIA) LTD.,50.80,50.80,50.03,50.80,50.80,50.73,,50.80,,,1375,69406.00,10,F1,1,,,,,
2026-10-06,2026-10-06,CM,BSE,STK,531812,INE266C01023,SGNTE,X,,,,,SGN TELECOMS LTD.,0.60,0.60,0.54,0.54,0.54,0.60,,0.54,,,3668,2196.00,18,F1,1,,,,,
2026-10-06,2026-10-06,CM,BSE,STK,531814,INE297J01023,TIRSARJ,X,,,,,TIRUPATI SARJAN LTD.,7.86,8.10,7.50,7.86,7.99,7.87,,7.86,,,3857,30729.00,33,F1,1,,,,,
2026-10-06,2026-10-06,CM,BSE,STK,531822,INE513E01024,RODIUM,X,,,,,RODIUM REALTY LIMITED,130.55,138.85,130.55,138.85,138.85,138.85,,138.85,,,28,3872.00,4,F1,1,,,,,
2026-10-06,2026-10-06,CM,BSE,STK,531832,INE793H01017,NAGTECH,X,,,,,NAGARJUNA AGRI TECH LTD.,36.72,36.72,36.72,36.72,36.72,36.00,,36.72,,,1403,51518.00,6,F1,1,,,,,
2026-10-06,2026-10-06,CM,BSE,STK,531834,INE487B01019,NATHUEC,XT,,,,,NATURA HUE CHEM LTD.,38.00,39.70,36.01,39.66,39.70,37.90,,39.66,,,12735,460111.00,29,F1,1,,,,,
2026-10-06,2026-10-06,CM,BSE,STK,531840,INE172B01017,IECEDU,X,,,,,IEC EDUCATION LTD.,25.99,26.00,24.60,24.61,24.60,24.58,,24.61,,,1686,42413.00,45,F1,1,,,,,
2026-10-06,2026-10-06,CM,BSE,STK,531841,INE935D01013,INDUSFINL,XT,,,,,Indus Finance Limited,316.00,316.00,315.60,315.60,315.60,322.00,,315.60,,,770,243155.00,18,F1,1,,,,,
2026-10-06,2026-10-06,CM,BSE,STK,531842,INE515C01023,LAHOTIOV,B,,,,,LAHOTI OVERSEAS LTD.,41.13,41.13,41.13,41.13,41.13,39.00,,39.12,,,2,82.00,1,F1,1,,,,,
2026-10-06,2026-10-06,CM,BSE,STK,531845,INE318D01020,ZENITHSTL,B,,,,,ZENITH STEEL PIPES AND  INDUST,5.00,5.33,5.00,5.27,5.27,5.20,,5.26,,,25586,133039.00,63,F1,1,,,,,
2026-10-06,2026-10-06,CM,BSE,STK,531846,INE884X01011,TRINITYLEA,X,,,,,TRINITY LEAGUE INDIA LTD.,10.02,10.02,10.02,10.02,10.02,10.02,,10.02,,,1,10.00,1,F1,1,,,,,
2026-10-06,2026-10-06,CM,BSE,STK,531847,INE194D01017,ASTAR,B,,,,,ASIAN STAR CO.LTD.,634.00,646.25,625.00,642.25,626.05,666.75,,641.03,,,752,481070.00,45,F1,1,,,,,
2026-10-06,2026-10-06,CM,BSE,STK,531859,INE457G01029,ORIRAIL,B,,,,,ORIENTAL RAIL INFRASTRUCTURE L,121.60,123.65,121.55,122.05,122.05,122.20,,122.91,,,5784,708207.00,94,F1,1,,,,,
2026-10-06,2026-10-06,CM,BSE,STK,531861,INE024B01010,JOINDRE,X,,,,,JOINDRE CAPITAL SERVICES LTD.,48.65,48.65,47.05,47.85,47.85,47.48,,47.85,,,2128,100836.00,18,F1,1,,,,,
2026-10-06,2026-10-06,CM,BSE,STK,531862,INE842D01029,BHARATAGRI,X,,,,,BHARAT AGRI FERT & REALTY LTD.,21.11,22.14,20.75,21.11,21.24,21.47,,21.11,,,8597,181714.00,63,F1,1,,,,,
2026-10-06,2026-10-06,CM,BSE,STK,531867,INE929K01011,UNITINT,Z,,,,,UNITECH INTERNATIONAL LTD.,2.96,2.96,2.84,2.96,2.96,2.96,,2.96,,,3572,10477.00,15,F1,1,,,,,
2026-10-06,2026-10-06,CM,BSE,STK,531869,INE433G01020,SACHEMT,X,,,,,SACHETA METALS LTD.,3.52,3.55,3.43,3.47,3.44,3.50,,3.47,,,43803,152382.00,122,F1,1,,,,,
2026-10-06,2026-10-06,CM,BSE,STK,531870,INE370C01015,POPULARES,X,,,,,POPULAR ESTATE MANAGEMENT LTD.,15.00,15.00,15.00,15.00,15.00,15.00,,15.00,,,27,405.00,2,F1,1,,,,,
2026-10-06,2026-10-06,CM,BSE,STK,531878,INE283D01018,ANJANIFIN,X,,,,,ANJANI FINANCE LTD.,8.00,8.00,7.82,7.82,7.82,8.00,,7.82,,,232,1845.00,8,F1,1,,,,,
2026-10-06,2026-10-06,CM,BSE,STK,531888,INE687C01012,REXNORD,X,,,,,REXNORD ELECTRONICS & CONTROLS,92.68,107.90,89.25,106.65,105.30,92.68,,106.65,,,36771,3744171.00,292,F1,1,,,,,
2026-10-06,2026-10-06,CM,BSE,STK,531889,INE882B01037,NWIL,X,,,,,NURTURE WELL INDUSTRIES LIMITE,20.20,20.25,19.60,19.72,19.72,19.85,,19.72,,,350892,6977576.00,542,F1,1,,,,,
2026-10-06,2026-10-06,CM,BSE,STK,531892,INE060B01014,KHANDSE,B,,,,,KHANDWALA SECURITIES LTD.,16.92,17.00,16.92,17.00,17.00,17.00,,16.97,,,8,135.00,3,F1,1,,,,,
2026-10-06,2026-10-06,CM,BSE,STK,531893,INE248B01023,SAWACA,X,,,,,SAWACA ENTERPRISES LIMITED,0.29,0.29,0.27,0.28,0.29,0.28,,0.28,,,1075086,303157.00,324,F1,1,,,,,
2026-10-06,2026-10-06,CM,BSE,STK,531900,INE778E01031,CCLINTER,X,,,,,CCL INTERNATIONAL LTD.,21.50,22.00,21.00,21.54,21.54,21.57,,21.54,,,2737,58059.00,24,F1,1,,,,,
2026-10-06,2026-10-06,CM,BSE,STK,531909,INE587J01027,CROISSANCE,XT,,,,,CROISSANCE LIMITED,0.99,0.99,0.95,0.95,0.95,0.99,,0.95,,,192527,183395.00,108,F1,1,,,,,
2026-10-06,2026-10-06,CM,BSE,STK,531910,INE312M01024,JOJO,XT,,,,,JOJO LIMITED,216.30,224.00,216.30,224.00,224.00,220.70,,224.00,,,25463,5591786.00,74,F1,1,,,,,
2026-10-06,2026-10-06,CM,BSE,STK,531911,INE803L01016,GALAGEX,XT,,,,,GALAXY AGRICO EXPORTS LTD.,86.01,93.69,86.01,92.00,92.00,90.00,,92.00,,,28023,2563404.00,13,F1,1,,,,,
2026-10-06,2026-10-06,CM,BSE,STK,531913,INE641H01018,CASTORA,X,,,,,CASTORA AGRI COMMODITIES LIMIT,12.00,12.59,11.44,11.82,11.82,12.00,,11.82,,,4780,55406.00,39,F1,1,,,,,
2026-10-06,2026-10-06,CM,BSE,STK,531918,INE02XD01011,HINDAPL,X,,,,,HINDUSTAN APPLIANCES LTD.,70.30,75.00,70.30,73.00,73.00,74.00,,73.00,,,367,26683.00,12,F1,1,,,,,
2026-10-06,2026-10-06,CM,BSE,STK,531921,INE204E01012,AGARIND,B,,,,,AGARWAL INDUSTRIAL CORPORATION,383.80,398.00,383.80,396.40,396.00,383.95,,396.50,,,1463,572194.00,130,F1,1,,,,,
2026-10-06,2026-10-06,CM,BSE,STK,531923,INE956B01013,DHAMPURE,X,,,,,DHAMPURE SPECIALITY SUGARS LTD,143.00,147.90,143.00,145.85,145.95,143.20,,145.85,,,22698,3304982.00,185,F1,1,,,,,
2026-10-06,2026-10-06,CM,BSE,STK,531925,INE545N01019,SHAQUAK,X,,,,,SHANTANU SHEOREY AQUAKULT LTD.,1.29,1.29,1.29,1.29,1.29,1.29,,1.29,,,1242,1602.00,6,F1,1,,,,,
2026-10-06,2026-10-06,CM,BSE,STK,531928,INE595D01015,GOLCA,X,,,,,GOLDEN CARPETS LTD.,10.05,10.05,10.05,10.05,10.05,10.25,,10.05,,,1,10.00,1,F1,1,,,,,
2026-10-06,2026-10-06,CM,BSE,STK,531929,INE214B01017,INNOCORP,X,,,,,INNOCORP LTD.,4.22,4.22,4.22,4.22,4.22,4.02,,4.22,,,50,211.00,1,F1,1,,,,,
2026-10-06,2026-10-06,CM,BSE,STK,531930,INE074H01012,SARTHAKIND,X,,,,,SARTHAK INDUSTRIES LTD.,24.88,26.00,24.88,26.00,26.00,25.00,,26.00,,,52,1349.00,2,F1,1,,,,,
2026-10-06,2026-10-06,CM,BSE,STK,531931,INE531X01018,SAICAPI,B,,,,,SAI CAPITAL LTD.,160.00,160.00,156.00,156.65,156.00,153.10,,150.41,,,6,940.00,4,F1,1,,,,,
2026-10-06,2026-10-06,CM,BSE,STK,531944,INE185D01015,LEXORAA,X,,,,,LEXORAA INDUSTRIES LIMITED,17.39,17.39,17.39,17.39,17.39,16.70,,17.39,,,300,5217.00,4,F1,1,,,,,
2026-10-06,2026-10-06,CM,BSE,STK,531950,INE316D01024,VERTEX,X,,,,,VERTEX SECURITIES LTD.,3.06,3.29,3.04,3.10,3.10,3.18,,3.10,,,15795,48711.00,41,F1,1,,,,,
2026-10-06,2026-10-06,CM,BSE,STK,531952,INE811H01017,RIBATEX,X,,,,,RIBA TEXTILES LTD.,67.90,67.90,64.00,64.92,65.70,66.74,,64.92,,,2597,169657.00,38,F1,1,,,,,
2026-10-06,2026-10-06,CM,BSE,STK,531959,INE997D01021,NEWINFRA,X,,,,,NEWTIME INFRASTRUCTURE LIMITED,1.85,1.85,1.80,1.82,1.83,1.83,,1.82,,,10004,18197.00,88,F1,1,,,,,
2026-10-06,2026-10-06,CM,BSE,STK,531962,INE914B01012,SHREMETAL,X,,,,,SHREE METALLOYS LTD.,35.20,40.99,35.20,36.55,37.90,36.97,,36.55,,,2975,108935.00,46,F1,1,,,,,
2026-10-06,2026-10-06,CM,BSE,STK,531977,INE558F01026,CHLOGIST,XT,,,,,CHARTERED LOGISTICS LTD.,8.39,8.43,8.00,8.26,8.37,8.09,,8.26,,,233843,1933237.00,150,F1,1,,,,,
2026-10-06,2026-10-06,CM,BSE,STK,531978,INE540G01014,AMBIKCO,B,,,,,AMBIKA COTTON MILLS LTD.,1521.80,1543.90,1521.80,1526.95,1524.15,1535.90,,1532.28,,,193,296040.00,28,F1,1,,,,,
2026-10-06,2026-10-06,CM,BSE,STK,531979,INE227B01019,HINDALUMI,B,,,,,HIND ALUMINIUM INDUSTRIES LTD.,91.50,93.27,89.00,89.35,89.00,91.50,,89.86,,,1037,92944.00,31,F1,1,,,,,
2026-10-06,2026-10-06,CM,BSE,STK,531982,INE547C01018,SPECFOOD,XT,,,,,SPECTRUM FOODS LTD.,18.75,19.42,17.69,19.12,19.40,18.50,,19.12,,,82090,1568509.00,59,F1,1,,,,,
2026-10-06,2026-10-06,CM,BSE,STK,531991,INE735C01027,AMRAAGRI,X,,,,,AMRAWORLD AGRICO LTD.,0.52,0.52,0.51,0.52,0.52,0.52,,0.52,,,150383,78078.00,48,F1,1,,,,,
2026-10-06,2026-10-06,CM,BSE,STK,531996,INE839E01023,ODYCORP,B,,,,,ODYSSEY CORPORATION LTD.,6.82,7.18,6.71,6.72,6.72,6.75,,6.85,,,2311,16041.00,23,F1,1,,,,,
2026-10-06,2026-10-06,CM,BSE,STK,531997,INE164D01010,IKOMA,X,,,,,IKOMA TECHNOLOGIES LIMITED,49.98,52.95,47.96,52.95,52.95,50.43,,52.95,,,149319,7643689.00,330,F1,1,,,,,
2026-10-06,2026-10-06,CM,BSE,STK,532001,INE146H01018,INDCTST,X,,,,,INDUCTO STEEL LTD.,60.00,60.00,60.00,60.00,60.00,62.15,,60.00,,,17,1020.00,2,F1,1,,,,,
2026-10-06,2026-10-06,CM,BSE,STK,532007,INE981C01019,SHVFL,X,,,,,SHREEVATSAA FINANCE & LEASING,30.40,30.40,27.55,27.55,27.55,29.00,,27.55,,,102,2822.00,5,F1,1,,,,,
2026-10-06,2026-10-06,CM,BSE,STK,532011,INE147C01017,POOJAENT,X,,,,,VASHU BHAGNANI INDUSTRIES LIMI,67.49,67.49,65.05,66.08,66.08,67.49,,66.08,,,735,48294.00,23,F1,1,,,,,
2026-10-06,2026-10-06,CM,BSE,STK,532015,INE995A01013,GRAVITY,X,,,,,GRAVITY (INDIA) LTD.,13.16,13.75,12.76,13.49,13.49,13.13,,13.49,,,30045,404798.00,225,F1,1,,,,,
2026-10-06,2026-10-06,CM,BSE,STK,532016,INE176O01011,ESPIRE,X,,,,,ESPIRE HOSPITALITY LIMITED,163.90,165.25,140.00,141.40,140.00,148.00,,141.40,,,2903,434947.00,54,F1,1,,,,,
2026-10-06,2026-10-06,CM,BSE,STK,532019,INE938A01021,LCCINFOTEC,T,,,,,LCC INFOTECH LTD.,3.72,3.85,3.59,3.60,3.60,3.77,,3.59,,,7920,29095.00,28,F1,1,,,,,
2026-10-06,2026-10-06,CM,BSE,STK,532022,INE185E01021,FILATFASH,B,,,,,FILATEX FASHIONS LTD.,0.19,0.19,0.19,0.19,0.19,0.19,,0.18,,,560164,106431.00,207,F1,1,,,,,
2026-10-06,2026-10-06,CM,BSE,STK,532029,INE325D01025,SINDHUTRAD,B,,,,,SINDHU TRADE LINKS LIMITED,21.56,22.66,21.56,22.09,21.75,22.47,,22.00,,,11412,255749.00,127,F1,1,,,,,
2026-10-06,2026-10-06,CM,BSE,STK,532039,INE486F01012,ZENOTECH,X,,,,,ZENOTECH LABORATORIES LTD.,42.40,44.00,41.50,41.80,41.62,42.13,,41.80,,,22279,941635.00,143,F1,1,,,,,
2026-10-06,2026-10-06,CM,BSE,STK,532041,INE597C01021,HINDBIO,XT,,,,,HINDUSTAN BIO SCIENCES LTD.,7.35,7.35,6.85,6.98,6.91,7.02,,6.98,,,3434,24011.00,33,F1,1,,,,,
2026-10-06,2026-10-06,CM,BSE,STK,532042,INE092D01013,FRONTCORP,X,,,,,FRONTLINE CORPORATION LTD.,33.71,33.71,33.71,33.71,33.71,35.48,,33.71,,,100,3371.00,1,F1,1,,,,,
2026-10-06,2026-10-06,CM,BSE,STK,532051,INE409B01013,SWELECTES,B,,,,,SWELECT ENERGY SYSTEMS LIMITED,604.95,619.00,595.20,612.10,611.10,600.45,,613.69,,,2359,1442267.00,246,F1,1,,,,,
2026-10-06,2026-10-06,CM,BSE,STK,532053,INE121B01014,WALLFORT,X,,,,,WALLFORT FINANCIAL SERVICES LT,83.99,83.99,83.99,83.99,83.99,78.93,,83.99,,,21,1763.00,4,F1,1,,,,,
2026-10-06,2026-10-06,CM,BSE,STK,532054,INE291D01011,KDDL,B,,,,,KDDL LTD.,4039.75,4068.60,3961.90,4008.85,3993.60,3961.60,,3999.93,,,1003,4042305.00,266,F1,1,,,,,
2026-10-06,2026-10-06,CM,BSE,STK,532056,INE398H01015,TRUSTEDGE,X,,,,,Trustedge Capital Limited,137.90,139.95,134.00,135.35,135.35,132.00,,135.35,,,1610,223664.00,13,F1,1,,,,,
2026-10-06,2026-10-06,CM,BSE,STK,532057,INE516F01016,ABHICAP,XT,,,,,ABHINAV CAPITAL SERVICES LTD.,150.30,150.30,136.00,144.95,144.95,143.15,,144.95,,,155,21472.00,17,F1,1,,,,,
2026-10-06,2026-10-06,CM,BSE,STK,532067,INE994E01018,3BBLACKBIO,B,,,,,3B BlackBio Dx Limited,1628.95,1660.45,1565.25,1576.20,1576.20,1630.30,,1575.17,,,3283,5249388.00,444,F1,1,,,,,
2026-10-06,2026-10-06,CM,BSE,STK,532070,INE311N01016,GUJJUBHAI,X,,,,,GUJJUBHAI INDUSTRIES LIMITED,117.80,124.90,112.00,119.75,124.90,114.85,,119.75,,,38871,4541450.00,113,F1,1,,,,,
2026-10-06,2026-10-06,CM,BSE,STK,532090,INE219M01021,ATVOENT,X,,,,,Atvo Enterprises Limited,39.00,39.10,36.95,37.99,38.00,38.42,,37.99,,,22973,864469.00,96,F1,1,,,,,
2026-10-06,2026-10-06,CM,BSE,STK,532092,INE807D01030,EPUJA,X,,,,,EPUJA SPIRITECH LIMITED,1.02,1.04,0.95,0.97,0.98,1.00,,0.97,,,77399,74916.00,76,F1,1,,,,,
2026-10-06,2026-10-06,CM,BSE,STK,532100,INE456B01014,INDOCITY,X,,,,,INDO-CITY INFOTECH LTD.,12.43,12.43,11.65,12.00,12.00,12.01,,12.00,,,7808,93635.00,23,F1,1,,,,,
2026-10-06,2026-10-06,CM,BSE,STK,532102,INE948G01019,SBECSUG,X,,,,,SBEC SUGAR LTD.,75.00,75.00,70.41,74.79,74.50,73.27,,74.79,,,5276,387243.00,57,F1,1,,,,,
2026-10-06,2026-10-06,CM,BSE,STK,532113,INE957E01031,BRIJLEAS,X,,,,,BRIJLAXMI LEASING & FINANCE LT,9.10,9.10,9.10,9.10,9.10,9.12,,9.10,,,204,1856.00,2,F1,1,,,,,
2026-10-06,2026-10-06,CM,BSE,STK,532123,INE395A01016,BSELALGO,X,,,,,BSEL ALGO LIMITED,3.78,3.87,3.75,3.81,3.82,3.87,,3.81,,,21010,80196.00,126,F1,1,,,,,
2026-10-06,2026-10-06,CM,BSE,STK,532124,INE419H01019,RELIABVEN,X,,,,,RELIABLE VENTURES INDIA LTD.,36.00,36.11,34.26,36.11,36.11,32.83,,36.11,,,93045,3347561.00,218,F1,1,,,,,
2026-10-06,2026-10-06,CM,BSE,STK,532131,INE382B01012,TRIUMPIN,X,,,,,TRIUMPH INTERNATIONAL FINANCE,17.41,17.98,16.54,16.93,16.54,17.41,,16.93,,,2097,34811.00,15,F1,1,,,,,
2026-10-06,2026-10-06,CM,BSE,STK,532134,INE028A01039,BANKBARODA,A,,,,,BANK OF BARODA,232.80,234.80,231.85,232.80,232.80,232.35,,232.73,,,143144,33364602.00,2259,F1,1,,,,,
2026-10-06,2026-10-06,CM,BSE,STK,532140,INE154B01023,MOHITE,B,,,,,MOHITE INDUSTRIES LIMITED,2.69,2.69,2.32,2.54,2.54,2.45,,2.49,,,34976,82712.00,53,F1,1,,,,,
2026-10-06,2026-10-06,CM,BSE,STK,532141,INE666E01020,ACL,B,,,,,ANDHRA CEMENTS LTD.,40.30,40.56,39.15,39.53,39.69,39.51,,39.63,,,1074,42914.00,44,F1,1,,,,,
2026-10-06,2026-10-06,CM,BSE,STK,532143,INE411D01023,SKMEGGPROD,B,,,,,SKM EGG PRODUCTS EXPORT (INDIA,199.00,213.10,199.00,210.05,210.50,202.00,,210.05,,,23497,4875340.00,468,F1,1,,,,,
2026-10-06,2026-10-06,CM,BSE,STK,532144,INE191B01025,WELCORP,A,,,,,WELSPUN CORP LIMITED,2524.05,2675.00,2501.05,2657.20,2674.60,2497.10,,2660.74,,,95871,249840324.00,6214,F1,1,,,,,
2026-10-06,2026-10-06,CM,BSE,STK,532145,INE731B01010,HOTLSILV,X,,,,,H.S.INDIA LTD.,11.20,11.20,10.55,11.20,11.20,11.00,,11.20,,,665,7441.00,12,F1,1,,,,,
2026-10-06,2026-10-06,CM,BSE,STK,532149,INE084A01016,BANKINDIA,A,,,,,BANK OF INDIA,133.25,133.65,131.65,132.55,132.55,133.25,,132.16,,,190039,25196362.00,1150,F1,1,,,,,
2026-10-06,2026-10-06,CM,BSE,STK,532150,INE681B01017,INDRAMEDCO,A,,,,,INDRAPRASTHA MEDICAL CORP.LTD.,331.70,336.45,327.45,335.10,335.00,334.10,,335.14,,,19578,6501671.00,927,F1,1,,,,,
2026-10-06,2026-10-06,CM,BSE,STK,532154,INE560F01022,JOHNPHARMA,X,,,,,JOHNSON PHARMACARE LIMITED,0.46,0.47,0.44,0.45,0.45,0.45,,0.45,,,602245,274860.00,398,F1,1,,,,,
2026-10-06,2026-10-06,CM,BSE,STK,532155,INE129A01019,GAIL,A,,,,,GAIL (INDIA) LTD.,168.30,171.50,167.15,171.50,171.50,167.50,,172.08,,,199232,33897853.00,2495,F1,1,,,,,
2026-10-06,2026-10-06,CM,BSE,STK,532156,INE884A01027,VAIBHAVGBL,B,,,,,VAIBHAV GLOBAL LTD,199.05,204.25,199.05,202.55,202.70,199.85,,202.44,,,21087,4273135.00,476,F1,1,,,,,
2026-10-06,2026-10-06,CM,BSE,STK,532159,INE088D01011,TRESCON,X,,,,,TRESCON LIMITED,7.20,7.20,6.60,6.65,6.65,7.09,,6.65,,,4726,31562.00,24,F1,1,,,,,
2026-10-06,2026-10-06,CM,BSE,STK,532160,INE944A01011,GUJSTATFIN,B,,,,,GUJARAT STATE FINANCIAL CORPOR,9.74,10.70,9.50,9.59,9.58,9.72,,9.59,,,5580,54895.00,64,F1,1,,,,,
2026-10-06,2026-10-06,CM,BSE,STK,532162,INE789E01012,JKPAPER,A,,,,,JK PAPER LTD.,387.55,401.25,387.55,393.00,393.15,384.70,,393.43,,,13425,5295078.00,521,F1,1,,,,,
2026-10-06,2026-10-06,CM,BSE,STK,532163,INE979A01025,SAREGAMA,A,,,,,SAREGAMA INDIA LTD.,495.05,505.90,495.00,503.90,505.90,497.10,,503.71,,,10039,5027989.00,489,F1,1,,,,,
2026-10-06,2026-10-06,CM,BSE,STK,532172,INE737B01033,ADROITINFO,T,,,,,Adroit Infotech Limited,12.59,12.66,12.59,12.59,12.59,13.25,,12.59,,,17912,225744.00,31,F1,1,,,,,
2026-10-06,2026-10-06,CM,BSE,STK,532173,INE214A01019,CYBERTECH,B,,,,,CYBERTECH SYSTEMS AND SOFTWARE,144.80,144.80,136.15,142.30,143.00,138.80,,143.09,,,1897,266790.00,78,F1,1,,,,,
2026-10-06,2026-10-06,CM,BSE,STK,532174,INE090A01021,ICICIBANK,A,,,,,ICICI BANK LTD.,1330.05,1343.40,1328.00,1341.60,1341.60,1333.00,,1342.80,,,641501,859894632.00,5541,F1,1,,,,,
2026-10-06,2026-10-06,CM,BSE,STK,532175,INE136B01020,CYIENT,A,,,,,CYIENT LIMITED,1136.35,1137.55,1099.00,1119.20,1120.00,1139.95,,1119.39,,,27386,30592467.00,1304,F1,1,,,,,
2026-10-06,2026-10-06,CM,BSE,STK,532178,INE510A01028,ENGINERSIN,A,,,,,ENGINEERS INDIA LTD.,309.45,320.60,306.50,313.05,313.20,307.80,,313.29,,,196986,61835500.00,2656,F1,1,,,,,
2026-10-06,2026-10-06,CM,BSE,STK,532180,INE680A01011,DHANBANK,B,,,,,DHANLAXMI BANK LIMITED,26.45,30.27,26.45,28.84,29.90,26.55,,28.83,,,1005012,27945373.00,2595,F1,1,,,,,
2026-10-06,2026-10-06,CM,BSE,STK,532181,INE131A01031,GMDCLTD,A,,,,,GUJARAT MINERAL DEVELOPMENT CO,490.00,498.15,488.45,491.85,493.00,487.05,,491.55,,,35083,17282819.00,870,F1,1,,,,,
2026-10-06,2026-10-06,CM,BSE,STK,532183,INE622E01023,GAYATRI,X,,,,,GAYATRI SUGARS LTD.,7.20,7.58,7.15,7.27,7.24,7.31,,7.27,,,63743,464372.00,198,F1,1,,,,,
2026-10-06,2026-10-06,CM,BSE,STK,532187,INE095A01012,INDUSINDBK,A,,,,,INDUSIND BANK LTD.,882.35,907.00,882.35,906.95,906.95,882.30,,906.10,,,74081,66758978.00,3189,F1,1,,,,,
2026-10-06,2026-10-06,CM,BSE,STK,532189,INE353K01014,ITDC,B,,,,,INDIA TOURISM DEVELOPMENT CORP,664.60,678.35,663.35,675.40,677.00,663.30,,675.26,,,4059,2726277.00,216,F1,1,,,,,
2026-10-06,2026-10-06,CM,BSE,STK,532209,INE168A01041,J&KBANK,A,,,,,JAMMU & KASHMIR BANK LTD.,141.00,142.10,139.10,139.60,139.60,141.55,,139.50,,,80867,11364061.00,1511,F1,1,,,,,
2026-10-06,2026-10-06,CM,BSE,STK,532210,INE491A01021,CUB,A,,,,,CITY UNION BANK LIMITED,230.05,230.05,223.05,223.70,224.00,227.50,,223.75,,,65826,14864268.00,1287,F1,1,,,,,
2026-10-06,2026-10-06,CM,BSE,STK,532212,INE731A01020,ARCHIES,B,,,,,ARCHIES LTD.,12.68,12.68,12.14,12.40,12.40,12.50,,12.24,,,670,8317.00,21,F1,1,,,,,
2026-10-06,2026-10-06,CM,BSE,STK,532215,INE238A01034,AXISBANK,A,,,,,AXIS BANK LTD.,1232.05,1251.90,1232.05,1248.50,1248.50,1223.95,,1248.00,,,355760,442812115.00,12908,F1,1,,,,,
2026-10-06,2026-10-06,CM,BSE,STK,532216,INE550B01022,HBSL,B,,,,,HB STOCKHOLDINGS LTD.,58.42,58.42,57.90,58.00,58.00,58.00,,57.94,,,825,47965.00,38,F1,1,,,,,
2026-10-06,2026-10-06,CM,BSE,STK,532217,INE027F01014,CMXLTD,Z,,,,,CMX HOLDINGS LIMITED,19.62,19.79,19.00,19.79,19.79,19.24,,19.79,,,4527,87685.00,8,F1,1,,,,,
2026-10-06,2026-10-06,CM,BSE,STK,532218,INE683A01023,SOUTHBANK,A,,,,,SOUTH INDIAN BANK LTD.,48.20,48.63,47.10,47.30,47.30,48.56,,47.23,,,739944,35505563.00,5843,F1,1,,,,,
2026-10-06,2026-10-06,CM,BSE,STK,532219,INE306C01019,ENERGYDEV,B,,,,,ENERGY DEVELOPMENT COMPANY LTD,14.96,14.96,14.07,14.17,14.17,14.21,,14.36,,,862,12291.00,16,F1,1,,,,,
2026-10-06,2026-10-06,CM,BSE,STK,532221,INE269A01021,SONATSOFTW,A,,,,,SONATA SOFTWARE LTD.,254.25,255.55,250.90,252.20,252.20,254.25,,252.06,,,44164,11147925.00,1277,F1,1,,,,,
2026-10-06,2026-10-06,CM,BSE,STK,532230,INE665D01016,BENGALT,X,,,,,BENGAL TEA & FABRICS LTD.,137.00,142.00,137.00,138.35,138.35,141.40,,138.35,,,204,27960.00,4,F1,1,,,,,
2026-10-06,2026-10-06,CM,BSE,STK,532234,INE139A01034,NATIONALUM,A,,,,,NATIONAL ALUMINIUM CO.LTD.,348.30,348.30,333.40,336.80,336.80,338.85,,337.25,,,128829,43782841.00,2415,F1,1,,,,,
2026-10-06,2026-10-06,CM,BSE,STK,532240,INE092B01025,INDNIPPON,B,,,,,INDIA NIPPON ELECTRICALS LTD.,1216.50,1246.55,1216.50,1240.55,1246.55,1220.20,,1241.55,,,2840,3484911.00,159,F1,1,,,,,
2026-10-06,2026-10-06,CM,BSE,STK,532256,INE023A01030,NSIL,B,,,,,NALWA SONS INVESTMENTS LTD.,5236.75,5350.05,5205.15,5288.00,5294.00,5197.00,,5297.43,,,32,168446.00,23,F1,1,,,,,
2026-10-06,2026-10-06,CM,BSE,STK,532259,INE372A01015,APARINDS,A,,,,,APAR INDUSTRIES LTD.,18200.00,18445.00,17930.00,18012.70,18012.70,18105.85,,18015.90,,,5181,94365888.00,1600,F1,1,,,,,
2026-10-06,2026-10-06,CM,BSE,STK,532262,INE920B01019,TCIIND,X,,,,,TCI INDUSTRIES LTD.,1155.20,1169.00,1155.20,1169.00,1169.00,1149.50,,1169.00,,,7,8169.00,2,F1,1,,,,,
2026-10-06,2026-10-06,CM,BSE,STK,532268,INE793A01012,ACCELYA,B,,,,,ACCELYA SOLUTIONS INDIA LIMITE,1116.25,1121.00,1092.05,1098.75,1109.55,1105.05,,1097.69,,,6633,7324520.00,524,F1,1,,,,,
2026-10-06,2026-10-06,CM,BSE,STK,532271,INE215B01022,ORCHASP,B,,,,,ORCHASP LIMITED,1.23,1.33,1.23,1.26,1.26,1.26,,1.29,,,31231,40188.00,35,F1,1,,,,,
2026-10-06,2026-10-06,CM,BSE,STK,532275,INE394C01023,LANDMARC,X,,,,,LANDMARC LEISURE CORPORATION L,2.09,2.09,2.00,2.02,2.05,2.02,,2.02,,,83600,168448.00,59,F1,1,,,,,
2026-10-06,2026-10-06,CM,BSE,STK,532281,INE860A01027,HCLTECH,A,,,,,HCL TECHNOLOGIES LTD.,1203.25,1208.30,1188.65,1202.10,1202.10,1200.00,,1204.39,,,64503,77207289.00,2921,F1,1,,,,,
2026-10-06,2026-10-06,CM,BSE,STK,532284,INE389D01013,TCFCFINQ,X,,,,,TCFC FINANCE LTD.,23.00,26.96,22.41,25.39,25.40,23.88,,25.39,,,9758,234014.00,61,F1,1,,,,,
2026-10-06,2026-10-06,CM,BSE,STK,532285,INE007B01023,GEOJITFSL,B,,,,,Geojit Financial Services Limi,76.00,79.04,76.00,78.68,78.87,76.69,,78.68,,,17542,1367604.00,894,F1,1,,,,,
2026-10-06,2026-10-06,CM,BSE,STK,532286,INE749A01030,JINDALSTEL,A,,,,,JINDAL STEEL LIMITED,1097.95,1097.95,1035.00,1085.00,1085.00,1107.00,,1085.90,,,164006,175958364.00,6931,F1,1,,,,,
2026-10-06,2026-10-06,CM,BSE,STK,532290,INE791A01024,BLBLIMITED,B,,,,,BLB LTD.,16.03,16.29,15.81,15.98,15.99,16.03,,16.09,,,4227,67691.00,210,F1,1,,,,,
2026-10-06,2026-10-06,CM,BSE,STK,532296,INE935A01035,GLENMARK,A,,,,,GLENMARK PHARMACEUTICALS LTD.,2316.85,2316.85,2277.05,2288.95,2288.95,2281.60,,2310.99,,,13398,30737182.00,2748,F1,1,,,,,
2026-10-06,2026-10-06,CM,BSE,STK,532300,INE049B01025,WOCKPHARMA,A,,,,,WOCKHARDT LTD.,2073.95,2181.00,2062.85,2174.10,2174.10,2061.60,,2176.31,,,35729,76037766.00,2546,F1,1,,,,,
2026-10-06,2026-10-06,CM,BSE,STK,532304,INE602C01011,KJMCCORP,X,,,,,KJMC CORPORATE ADVISORS (INDIA,56.70,56.70,56.48,56.48,56.48,56.79,,56.48,,,38,2148.00,3,F1,1,,,,,
2026-10-06,2026-10-06,CM,BSE,STK,532305,INE915B01019,INDSWFTLAB,B,,,,,IND-SWIFT LABORATORIES LTD.,389.75,402.00,387.50,400.00,401.50,383.95,,400.44,,,15978,6294370.00,438,F1,1,,,,,
2026-10-06,2026-10-06,CM,BSE,STK,532309,INE878A01011,GVPIL,B,,,,,GE Power India Ltd,714.00,738.90,700.00,735.60,730.90,704.10,,734.89,,,27147,19538063.00,1443,F1,1,,,,,
2026-10-06,2026-10-06,CM,BSE,STK,532310,INE879A01019,SHREERAMA,B,,,,,SHREE RAMA MULTI-TECH LTD.,43.00,43.95,42.75,43.52,43.90,43.10,,43.53,,,5614,242817.00,474,F1,1,,,,,
2026-10-06,2026-10-06,CM,BSE,STK,532313,INE813A01018,MAHLIFE,A,,,,,MAHINDRA LIFESPACE DEVELOPERS,348.05,352.35,346.70,351.80,352.25,351.40,,352.19,,,3582,1250782.00,194,F1,1,,,,,
2026-10-06,2026-10-06,CM,BSE,STK,532315,INE042B01012,GROARC,X,,,,,GROARC INDUSTRIES INDIA LIMITE,5.91,6.42,5.90,6.40,6.40,6.12,,6.40,,,8478,53961.00,34,F1,1,,,,,
2026-10-06,2026-10-06,CM,BSE,STK,532320,INE418B01048,VAARAD,X,,,,,VAARAD VENTURES LTD,8.99,9.03,8.91,8.91,8.91,8.43,,8.91,,,148,1330.00,7,F1,1,,,,,
2026-10-06,2026-10-06,CM,BSE,STK,532321,INE010B01027,ZYDUSLIFE,A,,,,,Zydus Lifesciences Limited,1146.55,1164.50,1145.00,1160.00,1160.00,1138.50,,1159.50,,,114115,131487238.00,2772,F1,1,,,,,
2026-10-06,2026-10-06,CM,BSE,STK,532323,INE555C01029,SHIVACEM,B,,,,,SHIVA CEMENT LTD.,12.87,13.70,12.73,13.17,13.24,12.73,,13.18,,,54932,727153.00,334,F1,1,,,,,
2026-10-06,2026-10-06,CM,BSE,STK,532324,INE039B01026,CINEVISTA,B,,,,,CINEVISTA LTD.,14.30,14.30,14.25,14.25,14.25,13.60,,13.83,,,26,370.00,2,F1,1,,,,,
2026-10-06,2026-10-06,CM,BSE,STK,532326,INE781A01025,INTENTECH,B,,,,,INTENSE TECHNOLOGIES LTD.,84.00,84.00,81.95,83.26,83.26,80.13,,84.09,,,212,17561.00,15,F1,1,,,,,
2026-10-06,2026-10-06,CM,BSE,STK,532329,INE310B01013,DANLAW,XT,,,,,DANLAW TECHNOLOGIES INDIA LTD.,1402.00,1480.00,1402.00,1473.30,1473.30,1454.35,,1473.30,,,2094,3023698.00,165,F1,1,,,,,
2026-10-06,2026-10-06,CM,BSE,STK,532331,INE031B01049,AJANTPHARM,A,,,,,AJANTA PHARMA LTD.,3500.60,3587.30,3499.90,3576.60,3554.05,3488.40,,3573.52,,,5102,18150235.00,756,F1,1,,,,,
2026-10-06,2026-10-06,CM,BSE,STK,532333,INE638B01025,HBPOR,B,,,,,HB PORTFOLIO LTD.,61.80,61.80,59.16,59.51,59.51,61.50,,59.28,,,47,2817.00,9,F1,1,,,,,
2026-10-06,2026-10-06,CM,BSE,STK,532334,INE640B01021,HBESD,B,,,,,HB ESTATE DEVELOPERS LTD.,86.00,90.99,73.20,74.71,76.00,80.04,,74.90,,,23501,1810184.00,345,F1,1,,,,,
2026-10-06,2026-10-06,CM,BSE,STK,532335,INE792B01012,AMBICAAGAR,B,,,,,AMBICA AGARBATHIES & AROMA IND,24.65,24.65,24.64,24.64,24.64,23.54,,24.42,,,148,3647.00,7,F1,1,,,,,
2026-10-06,2026-10-06,CM,BSE,STK,532339,INE453B01029,COMPUSOFT,B,,,,,COMPUCOM SOFTWARE LTD.,13.25,13.34,12.76,13.30,13.30,13.09,,12.90,,,2379,31152.00,125,F1,1,,,,,
2026-10-06,2026-10-06,CM,BSE,STK,532340,INE369B01019,OMNIAX,X,,,,,OMNI AXS SOFTWARE LTD.,3.10,3.10,3.10,3.10,3.10,3.10,,3.10,,,1610,4991.00,7,F1,1,,,,,
2026-10-06,2026-10-06,CM,BSE,STK,532341,INE848A01014,IZMO,B,,,,,IZMO Limited,886.10,886.10,859.25,864.20,871.85,871.00,,864.29,,,4022,3477827.00,267,F1,1,,,,,
2026-10-06,2026-10-06,CM,BSE,STK,532343,INE494B01023,TVSMOTOR,A,,,,,TVS MOTOR COMPANY LTD.,4031.00,4051.45,3955.00,3988.00,3988.00,4022.00,,3981.02,,,14743,58644137.00,2090,F1,1,,,,,
2026-10-06,2026-10-06,CM,BSE,STK,532344,INE002B01016,MADALA,X,,,,,MADALA HOLDINGS LIMITED,155.00,156.50,150.00,151.90,150.00,164.35,,151.90,,,3229,489112.00,99,F1,1,,,,,
2026-10-06,2026-10-06,CM,BSE,STK,532348,INE754A01055,SUBEXLTD,B,,,,,SUBEX LTD.,19.23,19.94,19.23,19.59,19.64,19.22,,19.59,,,519642,10206685.00,1154,F1,1,,,,,
2026-10-06,2026-10-06,CM,BSE,STK,532349,INE688A01022,TCI,B,,,,,TRANSPORT CORPORATION OF INDIA,883.75,889.80,876.25,887.00,887.90,879.20,,887.89,,,4393,3873238.00,326,F1,1,,,,,
2026-10-06,2026-10-06,CM,BSE,STK,532350,INE243B01016,PADMALAYAT,Z,,,,,PADMALAYA TELEFILMS LTD.,3.94,3.94,3.70,3.78,3.70,3.76,,3.78,,,1311,4887.00,10,F1,1,,,,,
2026-10-06,2026-10-06,CM,BSE,STK,532351,INE523B01011,AKSHOPTFBR,T,,,,,AKSH OPTIFIBRE LTD.,7.12,7.43,7.05,7.43,7.43,7.08,,7.38,,,190073,1388183.00,175,F1,1,,,,,
2026-10-06,2026-10-06,CM,BSE,STK,532354,INE400B01020,VIRGOGLOB,XT,,,,,Virgo Global Limited,2.67,2.67,2.67,2.67,2.67,2.81,,2.67,,,21435,57231.00,31,F1,1,,,,,
2026-10-06,2026-10-06,CM,BSE,STK,532355,INE448B01029,PICTUREHS,X,,,,,PICTUREHOUSE MEDIA LTD.,7.82,7.87,7.60,7.67,7.60,7.60,,7.67,,,267,2080.00,14,F1,1,,,,,
2026-10-06,2026-10-06,CM,BSE,STK,532356,INE256C01024,TRIVENI,A,,,,,TRIVENI ENGINEERING & INDUSTRI,242.80,248.55,239.85,242.10,242.10,237.60,,241.97,,,61770,14985297.00,1518,F1,1,,,,,
2026-10-06,2026-10-06,CM,BSE,STK,532359,INE309B01023,HITKITGLO,X,,,,,HIT KIT GLOBAL SOLUTIONS LTD.,2.55,2.58,2.35,2.38,2.38,2.47,,2.38,,,100625,239264.00,76,F1,1,,,,,
2026-10-06,2026-10-06,CM,BSE,STK,532362,INE099E01016,NAGPI,X,,,,,NAGPUR POWER & INDUSTRIES LTD.,167.75,168.00,163.00,164.50,164.50,167.75,,164.50,,,407,67602.00,21,F1,1,,,,,
2026-10-06,2026-10-06,CM,BSE,STK,532365,INE417B01040,DSSL,B,,,,,DYNACONS SYSTEMS & SOLUTIONS L,969.10,1010.45,969.10,1010.45,1010.45,962.35,,1012.31,,,2860,2874651.00,305,F1,1,,,,,
2026-10-06,2026-10-06,CM,BSE,STK,532366,INE859A01011,PNBGILTS,B,,,,,PNB GILTS LTD.,72.00,72.95,70.60,71.21,71.91,71.82,,71.42,,,16676,1199288.00,228,F1,1,,,,,
2026-10-06,2026-10-06,CM,BSE,STK,532368,INE425B01027,BCG,B,,,,,BRIGHTCOM GROUP LIMITED,9.25,9.25,9.04,9.09,9.15,9.17,,9.07,,,294247,2684696.00,716,F1,1,,,,,
2026-10-06,2026-10-06,CM,BSE,STK,532369,INE614A01028,RAMCOIND,B,,,,,RAMCO INDUSTRIES LTD.,300.15,302.20,294.05,297.85,298.65,298.40,,297.75,,,8253,2441179.00,295,F1,1,,,,,
2026-10-06,2026-10-06,CM,BSE,STK,532370,INE246B01019,RAMCOSYS,B,,,,,RAMCO SYSTEMS LTD.,544.60,565.70,544.60,563.80,565.00,555.70,,563.52,,,3469,1928714.00,213,F1,1,,,,,
2026-10-06,2026-10-06,CM,BSE,STK,532371,INE517B01013,TTML,A,,,,,TATA TELESERVICES (MAHARASHTRA,34.00,34.32,33.99,34.12,34.12,34.30,,34.17,,,103166,3523647.00,600,F1,1,,,,,
2026-10-06,2026-10-06,CM,BSE,STK,532372,INE539B01017,VIRINCHI,B,,,,,Virinchi Limited,12.89,13.47,12.65,13.11,13.02,12.89,,13.16,,,8597,112908.00,52,F1,1,,,,,
2026-10-06,2026-10-06,CM,BSE,STK,532373,INE434B01029,WEPSOLN,X,,,,,WEP SOLUTIONS LTD.,33.50,33.50,32.70,33.23,33.35,32.51,,33.23,,,1897,63389.00,20,F1,1,,,,,
2026-10-06,2026-10-06,CM,BSE,STK,532374,INE089C01029,STLTECH,T,,,,,STERLITE TECHNOLOGIES LTD.,1030.00,1049.55,1007.00,1015.45,1015.45,999.60,,1016.65,,,171563,177241463.00,6049,F1,1,,,,,
2026-10-06,2026-10-06,CM,BSE,STK,532375,INE716B01029,TIPSMUSIC,A,,,,,TIPS MUSIC LIMITED,647.30,660.50,635.95,652.70,653.60,639.15,,653.09,,,14385,9273532.00,385,F1,1,,,,,
2026-10-06,2026-10-06,CM,BSE,STK,532376,INE398B01018,UMIYA-MRO,B,,,,,UMIYA BUILDCON LIMITED,94.50,94.50,91.41,92.15,92.15,92.44,,92.54,,,193,17890.00,32,F1,1,,,,,
2026-10-06,2026-10-06,CM,BSE,STK,532378,INE464B01018,UNIVARTS,X,,,,,UNIVERSAL ARTS LTD.,4.51,5.34,4.51,5.10,5.10,5.39,,5.10,,,4615,22670.00,13,F1,1,,,,,
2026-10-06,2026-10-06,CM,BSE,STK,532379,INE683B01047,FIRSTFIN,XT,,,,,FIRST FINTEC LIMITED,14.80,14.86,13.96,14.86,14.86,14.16,,14.86,,,24051,356671.00,99,F1,1,,,,,
2026-10-06,2026-10-06,CM,BSE,STK,532380,INE893A01036,BABA,X,,,,,BABA ARTS LTD.,14.98,14.98,13.85,14.25,13.95,14.47,,14.25,,,30968,440538.00,482,F1,1,,,,,
2026-10-06,2026-10-06,CM,BSE,STK,532382,INE794B01026,BALAJITELE,B,,,,,BALAJI TELEFILMS LTD.,91.99,91.99,90.01,91.02,91.40,90.47,,90.62,,,6091,552934.00,104,F1,1,,,,,
2026-10-06,2026-10-06,CM,BSE,STK,532384,INE443B01012,TYCHE,X,,,,,TYCHE INDUSTRIES LTD.,103.00,109.70,103.00,104.15,104.85,103.50,,104.15,,,2492,260069.00,73,F1,1,,,,,
2026-10-06,2026-10-06,CM,BSE,STK,532386,INE526B01014,CALSOFT,T,,,,,CALIFORNIA SOFTWARE CO.LTD.,34.20,34.60,33.45,33.54,33.54,35.21,,33.45,,,32700,1107759.00,182,F1,1,,,,,
2026-10-06,2026-10-06,CM,BSE,STK,532387,INE392B01011,PNC,B,,,,,PNC Media and Entertainment Li,17.15,18.04,16.97,18.04,18.04,17.15,,17.41,,,34,602.00,10,F1,1,,,,,
2026-10-06,2026-10-06,CM,BSE,STK,532388,INE565A01014,IOB,A,,,,,INDIAN OVERSEAS BANK,31.36,31.64,30.92,31.45,31.34,31.38,,31.46,,,210956,6581433.00,2048,F1,1,,,,,
2026-10-06,2026-10-06,CM,BSE,STK,532390,INE586B01026,TAJGVK,B,,,,,TAJGVK HOTELS & RESORTS LTD.,315.90,320.35,315.80,319.80,319.55,314.85,,318.31,,,1477,470501.00,64,F1,1,,,,,
2026-10-06,2026-10-06,CM,BSE,STK,532392,INE230B01021,CREATIVEYE,B,,,,,CREATIVE EYE LTD.,6.10,6.10,5.76,5.90,5.90,6.20,,5.90,,,885,5246.00,16,F1,1,,,,,
2026-10-06,2026-10-06,CM,BSE,STK,532395,INE555B01013,AXISCADES,B,,,,,AXISCADES TECHNOLOGIES LIMITED,2280.00,2299.00,2252.90,2292.45,2292.45,2282.15,,2288.61,,,7661,17458161.00,864,F1,1,,,,,
2026-10-06,2026-10-06,CM,BSE,STK,532397,INE971A01014,KONNDOR,XT,,,,,KONNDOR INDUSTRIES LIMITED,18.00,18.00,17.95,17.95,17.95,18.30,,17.95,,,245,4400.00,7,F1,1,,,,,
2026-10-06,2026-10-06,CM,BSE,STK,532398,INE240C01028,UMESLTD,B,,,,,USHA MARTIN EDUCATION & SOLUTI,4.55,4.55,4.20,4.55,4.55,4.55,,4.45,,,1705,7443.00,13,F1,1,,,,,
2026-10-06,2026-10-06,CM,BSE,STK,532400,INE836A01035,BSOFT,A,,,,,BIRLASOFT LIMITED,277.30,281.55,273.65,279.45,279.45,275.90,,279.45,,,64541,17863673.00,3672,F1,1,,,,,
2026-10-06,2026-10-06,CM,BSE,STK,532402,INE718B01017,USGTECH,X,,,,,USG TECH SOLUTIONS LTD.,7.72,8.15,7.07,7.29,7.29,7.65,,7.29,,,28810,213027.00,95,F1,1,,,,,
2026-10-06,2026-10-06,CM,BSE,STK,532404,INE856B01023,7TEC,X,,,,,SAVEN TECHNOLOGIES LTD.,33.28,34.79,32.61,34.00,34.00,33.32,,34.00,,,12569,426696.00,79,F1,1,,,,,
2026-10-06,2026-10-06,CM,BSE,STK,532406,INE005B01027,AVANTEL,A,,,,,AVANTEL LTD.,149.45,152.00,148.50,151.10,150.95,147.50,,151.08,,,54099,8150074.00,752,F1,1,,,,,
2026-10-06,2026-10-06,CM,BSE,STK,532407,INE935B01025,MOSCHIP,A,,,,,MOSCHIP TECHNOLOGIES LIMITED,199.75,199.75,192.00,197.80,197.80,195.80,,197.71,,,125789,24848256.00,1442,F1,1,,,,,
2026-10-06,2026-10-06,CM,BSE,STK,532408,INE933B01012,SIGMAADV,T,,,,,SIGMA ADVANCED SYSTEMS LIMITED,1118.95,1165.00,1091.00,1119.40,1119.40,1127.30,,1119.40,,,30476,34338583.00,1119,F1,1,,,,,
2026-10-06,2026-10-06,CM,BSE,STK,532410,INE330E01023,TRANSCOR,B,,,,,TRANSCORP INTERNATIONAL LTD.,24.94,24.94,23.70,23.97,24.20,24.60,,23.95,,,411,10238.00,5,F1,1,,,,,
2026-10-06,2026-10-06,CM,BSE,STK,532416,INE747B01016,NEXTMEDIA,B,,,,,NEXT MEDIAWORKS LTD.,3.65,3.65,3.65,3.65,3.65,3.65,,3.56,,,1,3.00,1,F1,1,,,,,
2026-10-06,2026-10-06,CM,BSE,STK,532419,INE178C01020,SMARTLINK,T,,,,,Smartlink Holdings Limited,224.00,232.45,222.00,229.90,229.90,223.70,,221.99,,,700,159116.00,18,F1,1,,,,,
2026-10-06,2026-10-06,CM,BSE,STK,532424,INE102D01028,GODREJCP,A,,,,,GODREJ CONSUMER PRODUCTS LTD.,841.50,872.00,841.50,872.00,872.00,837.30,,872.50,,,108194,92697887.00,2948,F1,1,,,,,
2026-10-06,2026-10-06,CM,BSE,STK,532425,INE256D01014,GENUSPRIME,XT,,,,,GENUS PRIME INFRA LIMITED,23.87,23.87,23.87,23.87,23.87,25.12,,23.87,,,28302,675568.00,489,F1,1,,,,,
2026-10-06,2026-10-06,CM,BSE,STK,532430,INE243D01012,BFUTILITIE,B,,,,,BF UTILITIES LTD.,503.60,503.60,496.05,498.15,498.20,496.30,,498.81,,,1407,702324.00,102,F1,1,,,,,
2026-10-06,2026-10-06,CM,BSE,STK,532432,INE854D01024,UNITDSPR,A,,,,,UNITED SPIRITS LTD.,1359.30,1371.10,1350.00,1361.95,1361.95,1370.05,,1358.04,,,505296,688554568.00,2063,F1,1,,,,,
2026-10-06,2026-10-06,CM,BSE,STK,532435,INE799C01049,SANINFRA,X,,,,,SANMIT INFRA LIMITED,48.98,50.95,48.53,50.77,50.95,48.53,,50.77,,,6572,328235.00,84,F1,1,,,,,
2026-10-06,2026-10-06,CM,BSE,STK,532439,INE260D01016,OLECTRA,A,,,,,OLECTRA GREENTECH LIMITED,1091.10,1105.25,1075.65,1103.00,1104.00,1078.55,,1102.90,,,25119,27498771.00,1362,F1,1,,,,,
2026-10-06,2026-10-06,CM,BSE,STK,532440,INE943D01017,MPSLTD,B,,,,,MPS LTD.,2644.05,2714.10,2627.20,2669.60,2661.00,2635.25,,2681.08,,,519,1389242.00,131,F1,1,,,,,
2026-10-06,2026-10-06,CM,BSE,STK,532443,INE739E01017,CERA,A,,,,,CERA SANITARYWARE LTD.,5046.95,5139.35,5046.95,5134.55,5132.20,5046.00,,5123.04,,,127,648523.00,47,F1,1,,,,,
2026-10-06,2026-10-06,CM,BSE,STK,532444,INE541C01037,TSPIRITUAL,X,,,,,T.SPIRITUAL WORLD LTD.,1.98,2.07,1.92,2.05,1.93,1.98,,2.05,,,7099,14212.00,24,F1,1,,,,,
2026-10-06,2026-10-06,CM,BSE,STK,532454,INE397D01024,BHARTIARTL,A,,,,,BHARTI AIRTEL LTD.,1778.95,1809.00,1770.70,1809.00,1809.00,1782.50,,1810.49,,,554246,990575762.00,6164,F1,1,,,,,
2026-10-06,2026-10-06,CM,BSE,STK,532455,INE655D01025,SHALIWIR,X,,,,,SHALIMAR WIRES INDUSTRIES LTD.,21.10,21.85,20.05,20.70,20.70,21.10,,20.70,,,6062,125122.00,40,F1,1,,,,,
2026-10-06,2026-10-06,CM,BSE,STK,532456,INE070C01037,COMPINFO,Z,,,,,COMPUAGE INFOCOM LTD.,1.05,1.12,1.05,1.11,1.12,1.10,,1.09,,,1268,1344.00,7,F1,1,,,,,
2026-10-06,2026-10-06,CM,BSE,STK,532457,INE255D01024,GULPOLY,B,,,,,GULSHAN POLYOLS LTD.,160.95,168.85,160.95,168.25,167.85,160.95,,167.99,,,13483,2224213.00,362,F1,1,,,,,
2026-10-06,2026-10-06,CM,BSE,STK,532460,INE838E01017,PONNIERODE,B,,,,,PONNI SUGARS (ERODE) LTD.,369.50,391.20,369.50,375.15,374.20,371.65,,374.56,,,3753,1426466.00,303,F1,1,,,,,
2026-10-06,2026-10-06,CM,BSE,STK,532461,INE160A01022,PNB,A,,,,,PUNJAB NATIONAL BANK,112.70,113.00,111.20,112.00,112.00,112.00,,111.92,,,307057,34398156.00,3782,F1,1,,,,,
2026-10-06,2026-10-06,CM,BSE,STK,532466,INE881D01027,OFSS,A,,,,,ORACLE FINANCIAL SERVICES SOFT,10494.05,10550.00,10387.70,10550.00,10550.00,10450.00,,10482.16,,,2808,29377029.00,529,F1,1,,,,,
2026-10-06,2026-10-06,CM,BSE,STK,532467,INE550F01049,HAZOOR,B,,,,,HAZOOR MULTI PROJECTS LTD.,17.75,18.23,17.52,18.02,18.00,17.88,,18.00,,,100709,1797321.00,431,F1,1,,,,,
2026-10-06,2026-10-06,CM,BSE,STK,532468,INE411F01010,KAMAHOLD,B,,,,,KAMA HOLDINGS LIMITED,2257.90,2257.90,2240.00,2250.00,2250.00,2230.00,,2252.05,,,535,1201753.00,74,F1,1,,,,,
2026-10-06,2026-10-06,CM,BSE,STK,532470,INE095E01022,MPFSL,XT,,,,,MPF Systems Limited,9.78,9.78,9.78,9.78,9.78,9.32,,9.78,,,4,39.00,2,F1,1,,,,,
2026-10-06,2026-10-06,CM,BSE,STK,532475,INE266F01018,APTECHT,B,,,,,APTECH LTD.,89.10,89.10,86.00,88.24,88.02,87.26,,88.19,,,6487,573625.00,126,F1,1,,,,,
2026-10-06,2026-10-06,CM,BSE,STK,532477,INE692A01016,UNIONBANK,A,,,,,UNION BANK OF INDIA,168.80,171.25,166.95,168.40,168.40,168.10,,168.44,,,255603,43081252.00,2980,F1,1,,,,,
2026-10-06,2026-10-06,CM,BSE,STK,532478,INE686F01025,UBL,A,,,,,UNITED BREWERIES LTD.,1190.55,1197.60,1173.65,1178.55,1180.60,1182.85,,1178.30,,,4708,5567196.00,453,F1,1,,,,,
2026-10-06,2026-10-06,CM,BSE,STK,532481,INE781B01015,NOIDATOLL,B,,,,,NOIDA TOLL BRIDGE COMPANY LTD.,3.55,3.68,3.55,3.67,3.66,3.59,,3.67,,,15083,55086.00,101,F1,1,,,,,
2026-10-06,2026-10-06,CM,BSE,STK,532482,INE101D01020,GRANULES,A,,,,,GRANULES INDIA LTD.,821.00,838.80,815.00,836.15,837.90,816.70,,836.39,,,17943,14875314.00,1292,F1,1,,,,,
2026-10-06,2026-10-06,CM,BSE,STK,532483,INE476A01022,CANBK,A,,,,,CANARA BANK,118.75,119.35,117.65,117.65,117.65,118.60,,117.81,,,1024273,121344270.00,9141,F1,1,,,,,
2026-10-06,2026-10-06,CM,BSE,STK,532485,INE525F01025,BLIL,B,,,,,BALMER LAWRIE INVESTMENTS LTD.,65.00,65.44,64.21,65.04,65.43,64.65,,65.19,,,14235,923686.00,889,F1,1,,,,,
2026-10-06,2026-10-06,CM,BSE,STK,532486,INE637C01025,POKARNA,B,,,,,POKARNA LTD.,698.85,712.85,698.00,710.65,708.40,700.45,,709.96,,,4236,2989741.00,227,F1,1,,,,,
2026-10-06,2026-10-06,CM,BSE,STK,532488,INE361B01024,DIVISLAB,A,,,,,DIVIS LABORATORIES LTD.,9212.85,9550.00,9168.10,9545.00,9545.00,9212.85,,9549.95,,,42006,395903397.00,3602,F1,1,,,,,
2026-10-06,2026-10-06,CM,BSE,STK,532493,INE386C01029,ASTRAMICRO,A,,,,,ASTRA MICROWAVE PRODUCTS LTD.,1651.45,1723.70,1651.40,1706.05,1705.00,1651.45,,1705.90,,,13248,22488992.00,1227,F1,1,,,,,
2026-10-06,2026-10-06,CM,BSE,STK,532497,INE944F01028,RADICO,A,,,,,RADICO KHAITAN LTD.,4320.95,4507.30,4291.20,4490.00,4490.00,4280.00,,4460.15,,,16985,75520745.00,3260,F1,1,,,,,
2026-10-06,2026-10-06,CM,BSE,STK,532500,INE585B01010,MARUTI,A,,,,,MARUTI SUZUKI INDIA LTD.,11519.10,11623.15,11450.60,11603.00,11603.00,11522.00,,11624.88,,,28146,324938293.00,3964,F1,1,,,,,
2026-10-06,2026-10-06,CM,BSE,STK,532503,INE296E01026,RAJPALAYAM,B,,,,,RAJAPALAYAM MILLS LTD.,748.00,750.00,748.00,750.00,750.00,733.00,,743.95,,,5,3744.00,2,F1,1,,,,,
2026-10-06,2026-10-06,CM,BSE,STK,532504,INE048G01026,NAVINFLUOR,A,,,,,NAVIN FLUORINE INTERNATIONAL L,8327.30,8569.00,8327.30,8540.20,8555.00,8271.55,,8536.21,,,13034,109561941.00,1348,F1,1,,,,,
2026-10-06,2026-10-06,CM,BSE,STK,532505,INE691A01018,UCOBANK,A,,,,,UCO BANK,23.01,23.55,23.01,23.29,23.29,23.20,,23.27,,,508295,11884104.00,2083,F1,1,,,,,
2026-10-06,2026-10-06,CM,BSE,STK,532507,INE116D01028,BAGFILMS,B,,,,,B.A.G.FILMS & MEDIA LTD.,4.60,4.60,4.10,4.10,4.10,4.08,,4.11,,,593,2466.00,15,F1,1,,,,,
2026-10-06,2026-10-06,CM,BSE,STK,532508,INE220G01021,JSL,A,,,,,JINDAL STAINLESS LTD.,738.70,759.55,738.70,750.30,751.00,742.00,,750.94,,,17127,12904882.00,1360,F1,1,,,,,
2026-10-06,2026-10-06,CM,BSE,STK,532509,INE399C01030,SUPRAJIT,A,,,,,SUPRAJIT ENGINEERING LTD.,465.35,472.45,458.40,472.05,472.25,460.90,,471.27,,,4664,2184861.00,301,F1,1,,,,,
2026-10-06,2026-10-06,CM,BSE,STK,532513,INE236G01019,TVSELECT,B,,,,,TVS ELECTRONICS LTD.,397.45,410.90,394.50,404.05,404.90,391.45,,404.20,,,6516,2623404.00,308,F1,1,,,,,
2026-10-06,2026-10-06,CM,BSE,STK,532514,INE203G01027,IGL,A,,,,,INDRAPRASTHA GAS LTD.,142.10,142.45,140.40,141.35,141.30,142.05,,141.38,,,75521,10675354.00,1954,F1,1,,,,,
2026-10-06,2026-10-06,CM,BSE,STK,532515,INE038F01029,TVTODAY,B,,,,,TV TODAY NETWORK LTD.,102.00,103.50,101.00,101.00,101.00,100.20,,101.48,,,179,18166.00,25,F1,1,,,,,
2026-10-06,2026-10-06,CM,BSE,STK,532521,INE218G01033,PALREDTEC,B,,,,,PALRED TECHNOLOGIES LIMITED,44.13,44.13,41.66,41.66,41.66,43.85,,41.62,,,211,8881.00,23,F1,1,,,,,
2026-10-06,2026-10-06,CM,BSE,STK,532522,INE347G01014,PETRONET,A,,,,,PETRONET LNG LTD.,290.60,297.90,290.60,297.10,297.10,290.25,,297.50,,,906854,268455893.00,3093,F1,1,,,,,
2026-10-06,2026-10-06,CM,BSE,STK,532523,INE376G01013,BIOCON,A,,,,,BIOCON LTD.,367.70,370.85,366.65,368.60,368.60,369.75,,369.10,,,36482,13448937.00,977,F1,1,,,,,
2026-10-06,2026-10-06,CM,BSE,STK,532524,INE877F01012,PTC,A,,,,,PTC INDIA LTD.,157.80,158.35,156.15,157.15,157.15,157.45,,157.14,,,186009,29240141.00,2009,F1,1,,,,,
2026-10-06,2026-10-06,CM,BSE,STK,532525,INE457A01014,MAHABANK,A,,,,,BANK OF MAHARASHTRA,80.92,81.23,80.02,80.60,80.60,80.64,,80.80,,,295159,23771079.00,1890,F1,1,,,,,
2026-10-06,2026-10-06,CM,BSE,STK,532527,INE399G01023,RKFORGE,A,,,,,RAMKRISHNA FORGINGS LTD.,753.90,753.90,698.35,732.70,731.00,699.90,,732.65,,,53026,38400069.00,1595,F1,1,,,,,
2026-10-06,2026-10-06,CM,BSE,STK,532528,INE365B01017,DATAMATICS,A,,,,,DATAMATICS GLOBAL SERVICES LTD,773.60,775.20,767.80,769.95,769.95,769.25,,771.10,,,2642,2037776.00,176,F1,1,,,,,
2026-10-06,2026-10-06,CM,BSE,STK,532529,INE155G01029,NDTV,B,,,,,NEW DELHI TELEVISION LTD.,67.77,68.47,66.90,67.36,67.03,67.01,,67.09,,,2970,201316.00,86,F1,1,,,,,
2026-10-06,2026-10-06,CM,BSE,STK,532531,INE939A01011,STAR,A,,,,,STRIDES PHARMA SCIENCE LIMITED,1090.00,1096.65,1075.00,1087.75,1093.65,1085.85,,1088.57,,,11069,12026838.00,913,F1,1,,,,,
2026-10-06,2026-10-06,CM,BSE,STK,532538,INE481G01011,ULTRACEMCO,A,,,,,ULTRATECH CEMENT LTD.,10870.90,10903.40,10700.40,10796.85,10796.85,10878.20,,10750.05,,,3367,36378704.00,1071,F1,1,,,,,
2026-10-06,2026-10-06,CM,BSE,STK,532539,INE405E01023,UNOMINDA,A,,,,,UNO Minda Limited,1095.65,1128.40,1095.65,1118.40,1118.45,1099.00,,1120.00,,,25031,27972009.00,915,F1,1,,,,,
2026-10-06,2026-10-06,CM,BSE,STK,532540,INE467B01029,TCS,A,,,,,TATA CONSULTANCY SERVICES LTD.,2102.95,2115.00,2083.25,2098.00,2098.00,2108.35,,2099.99,,,86312,180847536.00,5086,F1,1,,,,,
2026-10-06,2026-10-06,CM,BSE,STK,532541,INE591G01025,COFORGE,A,,,,,COFORGE LIMITED,1861.85,1866.85,1817.60,1841.75,1841.75,1843.25,,1849.59,,,109925,202216747.00,4044,F1,1,,,,,
2026-10-06,2026-10-06,CM,BSE,STK,532543,INE586G01017,GULFPETRO,T,,,,,GP PETROLEUMS LTD,62.49,64.90,60.12,61.12,63.90,62.50,,62.26,,,5924,368216.00,57,F1,1,,,,,
2026-10-06,2026-10-06,CM,BSE,STK,532548,INE348B01021,CENTURYPLY,A,,,,,CENTURY PLYBOARDS (I) LTD.,678.30,688.45,676.45,680.90,683.30,680.05,,679.86,,,1401,955583.00,155,F1,1,,,,,
2026-10-06,2026-10-06,CM,BSE,STK,532553,INE625G01013,WELENT,A,,,,,WELSPUN ENTERPRISES LIMTED,740.00,740.00,713.30,718.60,718.60,723.75,,718.32,,,12430,8990720.00,425,F1,1,,,,,
2026-10-06,2026-10-06,CM,BSE,STK,532555,INE733E01010,NTPC,A,,,,,NTPC LTD.,323.00,324.25,320.30,321.30,321.30,321.30,,321.45,,,141980,45714120.00,2266,F1,1,,,,,
2026-10-06,2026-10-06,CM,BSE,STK,532604,INE658G01014,SALSTEEL,B,,,,,S.A.L.STEEL LTD.,93.57,93.57,88.90,89.40,90.64,93.57,,89.58,,,269828,24092940.00,512,F1,1,,,,,
2026-10-06,2026-10-06,CM,BSE,STK,532605,INE927D01051,JBMA,A,,,,,JBM AUTO LTD.,540.05,558.00,540.05,553.05,558.00,544.55,,555.41,,,21303,11764424.00,686,F1,1,,,,,
2026-10-06,2026-10-06,CM,BSE,STK,532610,INE366A01041,DWARKESH,B,,,,,DWARIKESH SUGAR INDUSTRIES LTD,45.01,47.64,45.01,46.93,46.93,44.01,,46.86,,,303380,14133964.00,1541,F1,1,,,,,
2026-10-06,2026-10-06,CM,BSE,STK,532612,INE873D01024,INDOCO,B,,,,,INDOCO REMEDIES LTD.,241.85,250.00,241.80,247.80,247.35,247.00,,247.17,,,9593,2372746.00,257,F1,1,,,,,
2026-10-06,2026-10-06,CM,BSE,STK,532613,INE450G01024,VIPCLOTHNG,B,,,,,VIP Clothing Limited,20.80,20.80,20.00,20.14,20.02,20.10,,20.27,,,3750,75952.00,23,F1,1,,,,,
2026-10-06,2026-10-06,CM,BSE,STK,532616,INE692G01013,XCHANGING,B,,,,,XCHANGING SOLUTIONS LTD.,58.38,62.22,58.38,61.69,61.00,58.38,,61.84,,,16709,1023898.00,339,F1,1,,,,,
2026-10-06,2026-10-06,CM,BSE,STK,532624,INE796G01012,JINDALPHOT,B,,,,,JINDAL PHOTO LTD.,1025.85,1048.95,1020.00,1020.00,1020.00,1031.00,,1024.75,,,35,35858.00,12,F1,1,,,,,
2026-10-06,2026-10-06,CM,BSE,STK,532626,INE063E01061,POCL,A,,,,,PONDY OXIDES & CHEMICALS LTD.,443.45,449.15,443.00,447.40,447.00,439.80,,447.26,,,29381,13128259.00,815,F1,1,,,,,
2026-10-06,2026-10-06,CM,BSE,STK,532627,INE351F01018,JPPOWER,A,,,,,JAIPRAKASH POWER VENTURES LIMI,14.98,15.23,14.97,15.02,15.02,14.92,,15.00,,,3586902,54129306.00,3906,F1,1,,,,,
2026-10-06,2026-10-06,CM,BSE,STK,532628,INE748C01038,3IINFOLTD,T,,,,,3I INFOTECH LTD.,23.00,23.00,22.50,22.84,22.76,22.51,,22.82,,,8600,196273.00,77,F1,1,,,,,
2026-10-06,2026-10-06,CM,BSE,STK,532629,INE748A01024,MBECL,T,,,,,MCNALLY BHARAT ENGINEERING COM,513.75,513.75,493.65,493.65,493.65,503.70,,493.78,,,3627,1814822.00,89,F1,1,,,,,
2026-10-06,2026-10-06,CM,BSE,STK,532630,INE887G01027,GOKEX,A,,,,,GOKALDAS EXPORTS LTD.,670.00,691.65,670.00,684.00,684.00,672.05,,683.74,,,158963,108746426.00,1079,F1,1,,,,,
2026-10-06,2026-10-06,CM,BSE,STK,532633,INE835G01018,ALLDIGI,B,,,,,Alldigi Tech Limited,755.55,769.65,751.00,769.65,769.65,751.00,,768.11,,,652,496407.00,71,F1,1,,,,,
2026-10-06,2026-10-06,CM,BSE,STK,532636,INE530B01024,IIFL,A,,,,,IIFL FINANCE LIMITED,602.35,605.65,590.65,600.90,600.50,600.80,,601.69,,,44145,26384499.00,1279,F1,1,,,,,
2026-10-06,2026-10-06,CM,BSE,STK,532637,INE584F01014,MANGALAM,B,,,,,MANGALAM DRUGS & ORGANICS LTD.,29.35,31.99,29.01,31.67,31.94,29.83,,31.86,,,18548,561076.00,134,F1,1,,,,,
2026-10-06,2026-10-06,CM,BSE,STK,532638,INE498B01024,SHOPERSTOP,B,,,,,SHOPPERS STOP LTD.,386.00,402.35,386.00,399.60,401.00,396.10,,398.21,,,1558,622807.00,69,F1,1,,,,,
2026-10-06,2026-10-06,CM,BSE,STK,532640,INE278G01037,CYBERMEDIA,T,,,,,CYBER MEDIA (INDIA) LTD.,17.85,18.50,17.69,17.95,17.90,17.87,,17.85,,,538,9593.00,18,F1,1,,,,,
2026-10-06,2026-10-06,CM,BSE,STK,532641,INE875G01048,NDL,B,,,,,NANDAN DENIM LIMITED,2.56,2.70,2.56,2.59,2.57,2.59,,2.57,,,127447,334394.00,258,F1,1,,,,,
2026-10-06,2026-10-06,CM,BSE,STK,532642,INE824G01012,JSWHL,A,,,,,JSW HOLDINGS LIMITED,11669.05,11669.05,11274.00,11322.95,11304.10,11349.85,,11313.12,,,87,986010.00,67,F1,1,,,,,
2026-10-06,2026-10-06,CM,BSE,STK,532644,INE823G01014,JKCEMENT,A,,,,,J.K.CEMENT LTD.,4950.00,5000.00,4948.50,4956.45,4959.05,4982.25,,4959.78,,,543,2698002.00,169,F1,1,,,,,
2026-10-06,2026-10-06,CM,BSE,STK,532645,INE052B01011,BEEYU,X,,,,,BEEYU OVERSEAS LTD.,2.60,2.60,2.35,2.55,2.55,2.60,,2.55,,,2718,6884.00,9,F1,1,,,,,
2026-10-06,2026-10-06,CM,BSE,STK,532648,INE528G01035,YESBANK,A,,,,,YES BANK LTD.,21.01,21.05,20.81,20.88,20.88,21.10,,20.86,,,3878877,81176271.00,25755,F1,1,,,,,
2026-10-06,2026-10-06,CM,BSE,STK,532649,INE023H01027,NECLIFE,B,,,,,NECTAR LIFESCIENCES LTD.,10.52,11.09,10.40,11.03,10.83,10.57,,10.99,,,37266,407681.00,105,F1,1,,,,,
2026-10-06,2026-10-06,CM,BSE,STK,532650,INE752G01015,MSPL,B,,,,,MSP STEEL & POWER LTD.,31.41,32.58,31.41,32.04,32.44,31.63,,32.34,,,32556,1047122.00,245,F1,1,,,,,
2026-10-06,2026-10-06,CM,BSE,STK,532652,INE614B01018,KTKBANK,A,,,,,KARNATAKA BANK LTD.,329.00,330.00,323.05,324.40,325.45,326.45,,324.25,,,29784,9697421.00,933,F1,1,,,,,
2026-10-06,2026-10-06,CM,BSE,STK,532654,INE942G01012,MCLEODRUSS,B,,,,,MCLEOD RUSSEL INDIA LTD.,41.57,43.63,41.57,42.56,42.50,41.57,,42.60,,,9466,404916.00,333,F1,1,,,,,
2026-10-06,2026-10-06,CM,BSE,STK,532656,INE828G01013,FACORALL,X,,,,,FACOR ALLOYS LTD.,3.28,3.54,3.14,3.46,3.50,3.25,,3.46,,,368851,1268852.00,257,F1,1,,,,,
2026-10-06,2026-10-06,CM,BSE,STK,532660,INE526G01021,VIVIMEDLAB,T,,,,,VIVIMED LABS LTD.,6.18,6.18,6.18,6.18,6.18,5.89,,6.28,,,1201,7422.00,3,F1,1,,,,,
2026-10-06,2026-10-06,CM,BSE,STK,532661,INE050H01012,RML,B,,,,,RANE (MADRAS) LTD.,1371.75,1434.90,1371.65,1403.45,1403.45,1371.75,,1394.83,,,8342,11731203.00,645,F1,1,,,,,
2026-10-06,2026-10-06,CM,BSE,STK,532662,INE501G01024,HTMEDIA,B,,,,,HT MEDIA LIMITED,22.90,23.28,22.51,22.56,22.52,22.02,,22.88,,,3168,71933.00,52,F1,1,,,,,
2026-10-06,2026-10-06,CM,BSE,STK,532663,INE231F01020,SASKEN,B,,,,,Sasken Technologies Limited,1715.00,1724.50,1674.20,1677.35,1676.30,1684.95,,1679.48,,,612,1042694.00,124,F1,1,,,,,
2026-10-06,2026-10-06,CM,BSE,STK,532666,INE512B01022,FCSSOFT,B,,,,,FCS SOFTWARE SOLUTIONS LTD.,1.38,1.43,1.37,1.40,1.40,1.39,,1.41,,,611524,850879.00,329,F1,1,,,,,
2026-10-06,2026-10-06,CM,BSE,STK,532667,INE040H01021,SUZLON,A,,,,,SUZLON ENERGY LTD.,38.98,39.44,38.85,39.14,39.14,38.94,,39.16,,,4932830,193209419.00,30445,F1,1,,,,,
2026-10-06,2026-10-06,CM,BSE,STK,532668,INE132H01018,AURIONPRO,A,,,,,AURIONPRO SOLUTIONS LTD.,610.00,625.65,602.20,615.95,616.50,599.30,,616.04,,,12416,7630604.00,675,F1,1,,,,,
2026-10-06,2026-10-06,CM,BSE,STK,532670,INE087H01022,RENUKA,A,,,,,SHREE RENUKA SUGARS LTD.,22.35,22.86,22.17,22.63,22.75,21.77,,22.65,,,1382294,31188319.00,2625,F1,1,,,,,
2026-10-06,2026-10-06,CM,BSE,STK,532673,INE157H01023,KMSUGAR,T,,,,,K.M.SUGAR MILLS LTD.,26.21,27.98,26.21,26.75,26.89,27.40,,26.55,,,7176,193102.00,65,F1,1,,,,,
2026-10-06,2026-10-06,CM,BSE,STK,532674,INE186H01022,BASML,B,,,,,BANNARI AMMAN SPINNING MILLS L,22.69,23.00,22.69,23.00,23.00,22.45,,22.88,,,302,6884.00,12,F1,1,,,,,
2026-10-06,2026-10-06,CM,BSE,STK,532676,INE160H01019,PBAINFRA,XT,,,,,PBA INFRASTRUCTURE LTD.,5.79,5.79,5.79,5.79,5.79,6.09,,5.79,,,9443,54674.00,41,F1,1,,,,,
2026-10-06,2026-10-06,CM,BSE,STK,532683,INE212H01026,AIAENG,A,,,,,AIA ENGINEERING LTD.,3830.05,3950.85,3830.05,3917.65,3942.00,3862.70,,3914.74,,,765,2977527.00,252,F1,1,,,,,
2026-10-06,2026-10-06,CM,BSE,STK,532684,INE184H01027,EKC,B,,,,,EVEREST KANTO CYLINDER LTD.,105.10,107.05,105.10,106.25,106.55,105.10,,106.51,,,4929,522742.00,125,F1,1,,,,,
2026-10-06,2026-10-06,CM,BSE,STK,532686,INE202H01019,KERNEX,B,,,,,KERNEX MICROSYSTEMS (INDIA) LT,1666.25,1769.05,1657.00,1755.05,1755.05,1660.10,,1749.87,,,12132,20897494.00,1015,F1,1,,,,,
2026-10-06,2026-10-06,CM,BSE,STK,532687,INE461B01014,REPRO,B,,,,,REPRO INDIA LTD.,298.45,310.00,293.40,297.20,293.50,295.50,,296.35,,,1299,388738.00,148,F1,1,,,,,
2026-10-06,2026-10-06,CM,BSE,STK,532689,INE191H01014,PVRINOX,A,,,,,PVR INOX LIMITED,1240.20,1260.00,1225.45,1251.35,1253.20,1230.30,,1249.44,,,8825,10998214.00,577,F1,1,,,,,
2026-10-06,2026-10-06,CM,BSE,STK,532694,INE855F01042,ASMS,B,,,,,Avio Smart Market Stack Limite,5.95,6.00,5.68,5.97,6.00,5.84,,5.98,,,20860,121460.00,132,F1,1,,,,,
2026-10-06,2026-10-06,CM,BSE,STK,532695,INE185H01016,CELEBRITY,B,,,,,CELEBRITY FASHIONS LTD.,6.55,6.60,6.22,6.39,6.45,6.48,,6.36,,,1496,9679.00,14,F1,1,,,,,
2026-10-06,2026-10-06,CM,BSE,STK,532698,INE229H01012,NITINSPIN,B,,,,,NITIN SPINNERS LTD.,603.15,620.35,603.10,616.50,616.25,604.05,,616.35,,,3209,1975841.00,228,F1,1,,,,,
2026-10-06,2026-10-06,CM,BSE,STK,532699,INE283H01019,ROHLTD,B,,,,,ROYAL ORCHID HOTELS LTD.,297.40,302.20,294.65,300.40,300.00,297.40,,300.71,,,2291,688046.00,80,F1,1,,,,,
2026-10-06,2026-10-06,CM,BSE,STK,532700,INE265F01028,ENIL,B,,,,,ENTERTAINMENT NETWORK (INDIA),93.90,93.90,92.00,93.87,92.00,91.65,,92.75,,,208,19525.00,8,F1,1,,,,,
2026-10-06,2026-10-06,CM,BSE,STK,532701,INE266H01014,CELLA,Z,,,,,CELLA SPACE LIMITED,37.83,38.74,35.94,36.05,36.00,37.83,,36.05,,,24986,905455.00,87,F1,1,,,,,
2026-10-06,2026-10-06,CM,BSE,STK,532705,INE199G01027,JAGRAN,B,,,,,JAGRAN PRAKASHAN LTD.,61.89,62.16,61.37,61.76,61.73,61.09,,61.72,,,5018,310068.00,106,F1,1,,,,,
2026-10-06,2026-10-06,CM,BSE,STK,532707,INE256H01015,DYNPRO,B,,,,,DYNEMIC PRODUCTS LTD.,224.75,224.75,223.90,223.90,223.90,219.75,,221.55,,,12,2695.00,6,F1,1,,,,,
2026-10-06,2026-10-06,CM,BSE,STK,532708,INE251H01024,GVKPIL,T,,,,,GVK POWER & INFRASTRUCTURE LTD,2.41,2.41,2.41,2.41,2.41,2.45,,2.42,,,110779,266977.00,101,F1,1,,,,,
2026-10-06,2026-10-06,CM,BSE,STK,532710,INE226H01026,SADBHAV,B,,,,,SADBHAV ENGINEERING LTD.,6.91,6.95,6.75,6.84,6.84,6.85,,6.85,,,13404,92149.00,208,F1,1,,,,,
2026-10-06,2026-10-06,CM,BSE,STK,532712,INE330H01018,RCOM,T,,,,,RELIANCE COMMUNICATIONS LTD.,0.85,0.87,0.85,0.86,0.87,0.86,,0.86,,,445263,382751.00,330,F1,1,,,,,
2026-10-06,2026-10-06,CM,BSE,STK,532713,INE190H01024,SAKUMA,B,,,,,SAKUMA EXPORTS LTD.,1.55,1.60,1.49,1.52,1.52,1.54,,1.51,,,226544,346908.00,253,F1,1,,,,,
2026-10-06,2026-10-06,CM,BSE,STK,532714,INE389H01022,KEC,A,,,,,KEC INTERNATIONAL LTD.,373.95,376.70,369.00,375.10,375.20,370.45,,374.90,,,38878,14548327.00,1231,F1,1,,,,,
2026-10-06,2026-10-06,CM,BSE,STK,532716,INE047B01011,GILLANDERS,B,,,,,GILLANDERS ARBUTHNOT & CO.LTD.,114.70,115.30,111.00,113.20,113.20,114.70,,111.77,,,430,48898.00,23,F1,1,,,,,
2026-10-06,2026-10-06,CM,BSE,STK,532717,INE332H01014,INDOTECH,B,,,,,INDO TECH TRANSFORMERS LTD.,3309.35,3395.40,3282.15,3347.05,3332.00,3278.20,,3352.13,,,1868,6263169.00,364,F1,1,,,,,
2026-10-06,2026-10-06,CM,BSE,STK,532719,INE350H01032,BLKASHYAP,B,,,,,B.L.KASHYAP AND SONS LTD.,53.80,55.48,53.10,54.75,54.60,53.21,,54.79,,,53962,2944004.00,527,F1,1,,,,,
2026-10-06,2026-10-06,CM,BSE,STK,532720,INE774D01024,M&MFIN,A,,,,,MAHINDRA & MAHINDRA FINANCIAL,324.70,329.55,322.15,327.85,327.85,326.45,,327.75,,,117176,38068250.00,2702,F1,1,,,,,
2026-10-06,2026-10-06,CM,BSE,STK,532721,INE286H01012,VISACHROME,B,,,,,VISA Chrome Limited,34.85,35.75,34.74,34.91,34.89,34.06,,35.14,,,3267,114001.00,91,F1,1,,,,,
2026-10-06,2026-10-06,CM,BSE,STK,532722,INE858F01012,NITCO,B,,,,,NITCO LTD.,83.54,84.48,82.63,83.83,83.55,82.75,,83.77,,,4572,382329.00,73,F1,1,,,,,
2026-10-06,2026-10-06,CM,BSE,STK,532723,INE493H01014,MPDL,T,,,,,MPDL LIMITED,27.79,27.79,27.79,27.79,27.79,28.00,,27.79,,,42,1167.00,4,F1,1,,,,,
2026-10-06,2026-10-06,CM,BSE,STK,532725,INE343H01029,SOLARINDS,A,,,,,SOLAR INDUSTRIES INDIA LTD.,19498.00,20251.85,19440.05,20099.85,20099.85,19450.00,,20071.37,,,6719,133448636.00,1608,F1,1,,,,,
2026-10-06,2026-10-06,CM,BSE,STK,532726,INE297H01019,GALLANTT,A,,,,,GALLANTT ISPAT LIMITED,521.00,540.25,521.00,531.95,532.15,524.70,,530.13,,,10561,5617109.00,333,F1,1,,,,,
2026-10-06,2026-10-06,CM,BSE,STK,532728,INE383H01017,MALUPAPER,B,,,,,MALU PAPER MILLS LTD.,31.00,32.16,31.00,32.16,32.16,31.10,,32.40,,,31,995.00,3,F1,1,,,,,
2026-10-06,2026-10-06,CM,BSE,STK,532729,INE786F01031,UTTAMSUGAR,B,,,,,UTTAM SUGAR MILLS LTD.,294.00,309.70,294.00,302.55,301.45,294.75,,302.79,,,27700,8432915.00,758,F1,1,,,,,
2026-10-06,2026-10-06,CM,BSE,STK,532730,INE353H01010,SGL,B,,,,,STL GLOBAL LTD.,8.85,9.24,8.62,8.71,8.71,8.60,,8.79,,,536,4669.00,12,F1,1,,,,,
2026-10-06,2026-10-06,CM,BSE,STK,532732,INE401H01017,KKCL,B,,,,,KEWAL KIRAN CLOTHING LTD.,468.95,477.95,460.55,471.40,475.60,468.20,,474.36,,,812,379820.00,188,F1,1,,,,,
2026-10-06,2026-10-06,CM,BSE,STK,532733,INE424H01027,SUNTV,A,,,,,SUN TV NETWORK LTD.,626.85,640.25,620.35,632.35,630.00,627.45,,632.11,,,102878,64731184.00,2712,F1,1,,,,,
2026-10-06,2026-10-06,CM,BSE,STK,532734,INE177H01039,GPIL,A,,,,,GODAWARI POWER & ISPAT LTD.,211.35,220.75,211.35,219.45,219.45,211.30,,218.98,,,77989,16866731.00,1177,F1,1,,,,,
2026-10-06,2026-10-06,CM,BSE,STK,532735,INE411H01032,RSYSTEMS,B,,,,,R SYSTEMS INTERNATIONAL LTD.,245.30,251.40,244.70,246.00,246.05,249.95,,246.29,,,73498,18129631.00,1811,F1,1,,,,,
2026-10-06,2026-10-06,CM,BSE,STK,532737,INE296H01011,EMKAY,B,,,,,EMKAY GLOBAL FINANCIAL SERVICE,285.40,287.00,279.70,286.25,286.25,281.15,,285.64,,,1205,342771.00,101,F1,1,,,,,
2026-10-06,2026-10-06,CM,BSE,STK,532738,INE388G01026,TICL,T,,,,,TwamevConstruction and Infrast,8.61,8.62,8.61,8.62,8.62,8.21,,8.57,,,6957,59954.00,20,F1,1,,,,,
2026-10-06,2026-10-06,CM,BSE,STK,532740,INE397H01017,LOKESHMACH,B,,,,,LOKESH MACHINES LTD.,439.30,470.65,432.15,454.70,454.70,445.30,,455.65,,,47536,21311934.00,2132,F1,1,,,,,
2026-10-06,2026-10-06,CM,BSE,STK,532741,INE390H01020,KAMDHENU,B,,,,,Kamdhenu Limited,37.11,37.90,36.52,37.42,37.34,36.72,,37.31,,,25232,936294.00,233,F1,1,,,,,
2026-10-06,2026-10-06,CM,BSE,STK,532742,INE111F01024,PAUSHAKLTD,B,,,,,PAUSHAK LTD.,665.60,720.75,665.60,704.20,701.75,658.60,,704.30,,,4463,3085994.00,401,F1,1,,,,,
2026-10-06,2026-10-06,CM,BSE,STK,532744,INE302H01017,GTNTEX,X,,,,,GTN TEXTILES LTD.,8.02,8.79,7.77,8.00,8.00,8.55,,8.00,,,1003,7994.00,15,F1,1,,,,,
2026-10-06,2026-10-06,CM,BSE,STK,532748,INE367G01038,PFOCUS,B,,,,,PRIME FOCUS LTD.,284.05,296.60,281.90,293.20,293.20,286.75,,292.72,,,179944,51765960.00,2915,F1,1,,,,,
2026-10-06,2026-10-06,CM,BSE,STK,532749,INE418H01029,ALLCARGO,B,,,,,ALLCARGO LOGISTICS LTD.,10.00,10.55,10.00,10.48,10.48,10.04,,10.50,,,451736,4676281.00,1043,F1,1,,,,,
2026-10-06,2026-10-06,CM,BSE,STK,532754,INE776C01039,GMRAIRPORT,A,,,,,GMR Airports Limited,92.69,94.00,92.52,93.00,93.00,92.92,,93.06,,,355879,33184055.00,2395,F1,1,,,,,
2026-10-06,2026-10-06,CM,BSE,STK,532755,INE669C01036,TECHM,A,,,,,TECH MAHINDRA LTD.,1534.25,1540.00,1495.00,1503.00,1503.00,1538.40,,1504.50,,,123488,185592781.00,4525,F1,1,,,,,
2026-10-06,2026-10-06,CM,BSE,STK,532756,INE536H01010,CIEINDIA,A,,,,,CIE Automotive India Limited,372.95,379.85,372.95,378.90,378.65,378.20,,378.99,,,7031,2655306.00,520,F1,1,,,,,
2026-10-06,2026-10-06,CM,BSE,STK,532757,INE540H01012,VOLTAMP,A,,,,,VOLTAMP TRANSFORMERS LTD.,10700.00,10700.00,10470.30,10540.50,10565.05,10555.95,,10539.07,,,276,2911481.00,99,F1,1,,,,,
2026-10-06,2026-10-06,CM,BSE,STK,532759,INE285H01022,ATLANTAA,B,,,,,ATLANTAA LIMITED,34.51,35.97,34.51,35.21,35.62,35.12,,35.28,,,1677,59161.00,142,F1,1,,,,,
2026-10-06,2026-10-06,CM,BSE,STK,532761,INE596H01014,HGM,B,,,,,HANDSON GLOBAL MANAGEMENT (HGM,39.60,40.69,39.60,40.17,39.60,38.73,,39.53,,,1055,42281.00,30,F1,1,,,,,
2026-10-06,2026-10-06,CM,BSE,STK,532762,INE731H01025,ACE,A,,,,,ACTION CONSTRUCTION EQUIPMENT,1257.70,1259.00,1230.05,1250.30,1251.45,1227.15,,1252.09,,,11131,13831997.00,619,F1,1,,,,,
2026-10-06,2026-10-06,CM,BSE,STK,532764,INE916G01016,GEECEE,B,,,,,GEECEE VENTURES LIMITED,370.50,370.50,363.00,365.75,365.70,361.10,,369.33,,,17,6219.00,4,F1,1,,,,,
2026-10-06,2026-10-06,CM,BSE,STK,532767,INE336H01023,GAYAPROJ,B,,,,,GAYATRI PROJECTS LTD.,21.50,21.80,20.72,21.50,21.52,21.46,,21.46,,,119619,2543190.00,579,F1,1,,,,,
2026-10-06,2026-10-06,CM,BSE,STK,532768,INE737H01014,FIEMIND,B,,,,,FIEM INDUSTRIES LTD.,1788.25,1801.80,1760.05,1779.10,1779.10,1763.40,,1779.49,,,2779,4957139.00,483,F1,1,,,,,
2026-10-06,2026-10-06,CM,BSE,STK,532771,INE544H01014,JHS,T,,,,,JHS SVENDGAARD LABORATORIES LT,10.11,10.63,10.10,10.13,10.11,10.63,,10.21,,,79375,805560.00,134,F1,1,,,,,
2026-10-06,2026-10-06,CM,BSE,STK,532772,INE503A01015,DCBBANK,A,,,,,DCB BANK LIMITED,197.85,202.10,192.05,200.10,197.55,197.55,,200.77,,,58673,11508249.00,1702,F1,1,,,,,
2026-10-06,2026-10-06,CM,BSE,STK,532773,INE792H01019,GLOBALVECT,B,,,,,GLOBAL VECTRA HELICORP LTD.,131.35,134.35,129.25,129.50,129.50,132.00,,130.77,,,375,49616.00,14,F1,1,,,,,
2026-10-06,2026-10-06,CM,BSE,STK,532774,INE020G01017,INSPIRISYS,B,,,,,Inspirisys Solutions Limited,86.93,86.93,83.05,84.15,83.05,83.87,,83.76,,,250,21608.00,8,F1,1,,,,,
2026-10-06,2026-10-06,CM,BSE,STK,532775,INE221H01019,GTLINFRA,B,,,,,GTL INFRASTRUCTURE LTD.,1.05,1.10,1.05,1.09,1.09,1.06,,1.09,,,4961861,5325990.00,6042,F1,1,,,,,
2026-10-06,2026-10-06,CM,BSE,STK,532776,INE637H01024,SHIVAMAUTO,B,,,,,SHIVAM AUTOTECH LTD.,17.29,17.48,16.65,16.72,16.72,16.62,,16.60,,,15674,265803.00,127,F1,1,,,,,
2026-10-06,2026-10-06,CM,BSE,STK,532777,INE663F01032,NAUKRI,A,,,,,INFO EDGE (INDIA) LTD.,1210.00,1239.30,1199.40,1239.00,1239.00,1200.30,,1241.00,,,40516,49348069.00,1576,F1,1,,,,,
2026-10-06,2026-10-06,CM,BSE,STK,532779,INE813H01021,TORNTPOWER,A,,,,,TORRENT POWER LTD.,1231.05,1240.00,1221.00,1234.30,1234.30,1234.80,,1234.88,,,11232,13796123.00,668,F1,1,,,,,
2026-10-06,2026-10-06,CM,BSE,STK,532780,INE561H01026,PARSVNATH,T,,,,,PARSVNATH DEVELOPERS LTD.,2.22,2.22,2.22,2.22,2.22,2.18,,2.22,,,14488,32163.00,22,F1,1,,,,,
2026-10-06,2026-10-06,CM,BSE,STK,532782,INE645H01027,SUTLEJTEX,B,,,,,SUTLEJ TEXTILES & INDUSTRIES L,37.00,38.10,37.00,37.75,37.75,37.03,,37.04,,,496,18727.00,26,F1,1,,,,,
2026-10-06,2026-10-06,CM,BSE,STK,532783,INE818H01020,LTFOODS,A,,,,,LT FOODS LTD.,404.00,416.35,404.00,408.25,409.20,405.55,,408.15,,,14477,5947264.00,498,F1,1,,,,,
2026-10-06,2026-10-06,CM,BSE,STK,532784,INE671H01015,SOBHA,A,,,,,SOBHA,1188.05,1212.10,1180.25,1189.70,1205.25,1198.40,,1190.70,,,3351,4005581.00,419,F1,1,,,,,
2026-10-06,2026-10-06,CM,BSE,STK,532785,INE803H01014,RUCHIRA,B,,,,,RUCHIRA PAPERS LTD.,103.00,104.00,102.50,102.70,102.80,104.25,,102.78,,,937,96613.00,29,F1,1,,,,,
2026-10-06,2026-10-06,CM,BSE,STK,532790,INE483C01032,TANLA,A,,,,,TANLA PLATFORMS LIMITED,488.25,493.30,487.60,491.80,492.20,488.25,,492.13,,,14007,6866409.00,488,F1,1,,,,,
2026-10-06,2026-10-06,CM,BSE,STK,532794,INE966H01019,ZEEMEDIA,B,,,,,ZEE MEDIA CORPORATION LIMITED,7.19,7.31,7.12,7.23,7.23,7.19,,7.22,,,65201,469708.00,249,F1,1,,,,,
2026-10-06,2026-10-06,CM,BSE,STK,532795,INE965H01011,SITINET,Z,,,,,Siti Networks Ltd.,0.49,0.49,0.49,0.49,0.49,0.49,,0.25,,,1117,547.00,13,F1,1,,,,,
2026-10-06,2026-10-06,CM,BSE,STK,532796,INE872H01027,LUMAXTECH,A,,,,,LUMAX AUTO TECHNOLOGIES LTD.,1992.05,1992.05,1845.00,1858.90,1858.90,1967.30,,1856.96,,,11177,21114550.00,1396,F1,1,,,,,
2026-10-06,2026-10-06,CM,BSE,STK,532797,INE718H01014,AUTOIND,B,,,,,AUTOLINE INDUSTRIES LTD.,83.85,86.05,82.64,85.99,85.69,83.00,,85.82,,,6005,503263.00,171,F1,1,,,,,
2026-10-06,2026-10-06,CM,BSE,STK,532798,INE870H01013,NETWORK18,A,,,,,NETWORK18 MEDIA & INVESTMENTS,25.36,26.34,25.36,26.27,26.27,25.45,,26.22,,,176952,4603786.00,875,F1,1,,,,,
2026-10-06,2026-10-06,CM,BSE,STK,532799,INE703H01016,HUBTOWN,A,,,,,HUBTOWN LTD.,171.45,174.60,168.20,170.20,171.05,168.05,,170.01,,,21802,3753716.00,397,F1,1,,,,,
2026-10-06,2026-10-06,CM,BSE,STK,532801,INE627H01017,CTE,T,,,,,CAMBRIDGE TECHNOLOGY ENTERPRIS,36.99,38.55,36.30,36.57,36.35,36.91,,37.18,,,1221,45229.00,15,F1,1,,,,,
2026-10-06,2026-10-06,CM,BSE,STK,532804,INE545H01011,TIIL,B,,,,,TECHNOCRAFT INDUSTRIES (INDIA),2795.95,2844.65,2776.55,2812.15,2807.10,2822.05,,2818.99,,,809,2272040.00,192,F1,1,,,,,
2026-10-06,2026-10-06,CM,BSE,STK,532805,INE891D01026,REDINGTON,A,,,,,Redington Limited,414.45,417.10,404.30,405.70,407.35,412.75,,405.70,,,118759,48556043.00,2587,F1,1,,,,,
2026-10-06,2026-10-06,CM,BSE,STK,532806,INE768E01024,AICHAMP,X,,,,,AI CHAMPDANY INDUSTRIES LTD.,19.97,19.97,18.87,19.00,19.00,18.87,,19.00,,,433,8375.00,14,F1,1,,,,,
2026-10-06,2026-10-06,CM,BSE,STK,532807,INE704H01022,CINELINE,B,,,,,CINELINE INDIA LIMITED,87.11,88.47,86.25,88.32,88.32,87.54,,87.72,,,654,56659.00,20,F1,1,,,,,
2026-10-06,2026-10-06,CM,BSE,STK,532808,INE940H01022,PGIL,A,,,,,PEARL GLOBAL INDUSTRIES LIMITE,1266.95,1280.65,1242.10,1267.10,1268.10,1267.40,,1266.71,,,24119,30379148.00,4843,F1,1,,,,,
2026-10-06,2026-10-06,CM,BSE,STK,532809,INE684F01012,FSL,A,,,,,FIRSTSOURCE SOLUTIONS LTD.,262.40,262.40,257.00,259.95,259.95,257.25,,260.24,,,21269,5516536.00,567,F1,1,,,,,
2026-10-06,2026-10-06,CM,BSE,STK,532810,INE134E01011,PFC,A,,,,,POWER FINANCE CORPORATION LTD.,321.25,327.40,321.25,323.00,323.00,323.00,,322.60,,,607409,197287921.00,4524,F1,1,,,,,
2026-10-06,2026-10-06,CM,BSE,STK,532811,INE758C01029,AHLUCONT,A,,,,,AHLUWALIA CONTRACTS (INDIA) LT,568.65,576.60,566.85,576.00,576.00,569.25,,576.04,,,4381,2518711.00,218,F1,1,,,,,
2026-10-06,2026-10-06,CM,BSE,STK,532812,INE804H01012,TFL,B,,,,,TRANSWARRANTY FINANCE LTD.,11.88,11.88,11.88,11.88,11.88,12.38,,11.99,,,200,2376.00,2,F1,1,,,,,
2026-10-06,2026-10-06,CM,BSE,STK,532814,INE562A01011,INDIANB,A,,,,,INDIAN BANK,809.05,819.00,807.80,809.40,809.40,808.40,,812.96,,,24550,19951818.00,1046,F1,1,,,,,
2026-10-06,2026-10-06,CM,BSE,STK,532815,INE812G01025,SMSPHARMA,B,,,,,SMS PHARMACEUTICALS LTD.,480.50,482.70,467.40,472.60,472.60,477.20,,472.21,,,7686,3653776.00,248,F1,1,,,,,
2026-10-06,2026-10-06,CM,BSE,STK,532817,INE998H01012,ORIENTALTL,B,,,,,ORIENTAL TRIMEX LTD.,4.97,4.97,4.76,4.86,4.84,4.98,,4.87,,,8431,41211.00,56,F1,1,,,,,
2026-10-06,2026-10-06,CM,BSE,STK,532820,INE311H01018,ELAND,X,,,,,E-Land Apparel Limited,10.99,11.00,9.85,10.84,11.00,11.00,,10.84,,,9784,103168.00,31,F1,1,,,,,
2026-10-06,2026-10-06,CM,BSE,STK,532822,INE669E01016,IDEA,A,,,,,VODAFONE IDEA  LIMITED,12.77,13.22,12.75,13.20,13.20,12.75,,13.21,,,19640790,256917174.00,264742,F1,1,,,,,
2026-10-06,2026-10-06,CM,BSE,STK,532825,INE702H01018,JAGJANANI,XT,,,,,JAGJANANI TEXTILES LTD.,6.62,6.97,6.62,6.97,6.97,6.64,,6.97,,,50037,346636.00,25,F1,1,,,,,
2026-10-06,2026-10-06,CM,BSE,STK,532826,INE952H01027,RAJTV,T,,,,,RAJ TELEVISION NETWORK LTD.,10.60,10.60,10.59,10.60,10.60,11.07,,10.70,,,863,9147.00,7,F1,1,,,,,
2026-10-06,2026-10-06,CM,BSE,STK,532827,INE761H01022,PAGEIND,A,,,,,PAGE INDUSTRIES LTD.,37798.85,38400.05,37390.05,37925.35,37650.05,37450.00,,37970.00,,,1304,49618573.00,398,F1,1,,,,,
2026-10-06,2026-10-06,CM,BSE,STK,532828,INE005I01014,AMDIND,T,,,,,AMD INDUSTRIES LTD.,51.49,52.80,51.46,52.80,52.80,50.86,,52.74,,,689,36146.00,16,F1,1,,,,,
2026-10-06,2026-10-06,CM,BSE,STK,532829,INE976H01018,LEHAR,X,,,,,LEHAR FOOTWEARS LIMITED,203.70,203.70,198.00,201.00,201.15,197.95,,201.00,,,10178,2050669.00,190,F1,1,,,,,
2026-10-06,2026-10-06,CM,BSE,STK,532830,INE006I01046,ASTRAL,A,,,,,ASTRAL LIMITED,1357.00,1404.30,1348.50,1403.00,1403.00,1360.00,,1402.30,,,7523,10370682.00,827,F1,1,,,,,
2026-10-06,2026-10-06,CM,BSE,STK,532832,INE069I01010,EMBDL,A,,,,,EMBASSY DEVELOPMENTS LIMITED,56.22,58.64,56.22,57.38,57.40,56.06,,57.33,,,276791,15842395.00,901,F1,1,,,,,
2026-10-06,2026-10-06,CM,BSE,STK,532834,INE052I01032,CAMLINFINE,B,,,,,Camlin Fine Sciences Ltd,91.56,95.74,91.32,94.91,94.77,91.24,,94.99,,,84718,7969118.00,943,F1,1,,,,,
2026-10-06,2026-10-06,CM,BSE,STK,532835,INE725G01011,ICRA,B,,,,,ICRA LTD.,4331.00,4385.35,4331.00,4356.60,4355.00,4303.80,,4356.70,,,652,2840667.00,130,F1,1,,,,,
2026-10-06,2026-10-06,CM,BSE,STK,532839,INE836F01026,DISHTV,B,,,,,DISH TV INDIA LTD.,2.12,2.15,2.10,2.13,2.11,2.10,,2.12,,,117103,247931.00,279,F1,1,,,,,
2026-10-06,2026-10-06,CM,BSE,STK,532841,INE280H01015,SAHYADRI,B,,,,,SAHYADRI INDUSTRIES LTD.,362.80,370.00,351.00,357.95,352.75,360.95,,354.41,,,1516,544360.00,122,F1,1,,,,,
2026-10-06,2026-10-06,CM,BSE,STK,532842,INE917H01012,SRHHYPOLTD,B,,,,,SREE RAYALASEEMA HI-STRENGTH H,541.65,564.00,541.55,548.75,552.25,541.60,,548.65,,,2643,1451393.00,207,F1,1,,,,,
2026-10-06,2026-10-06,CM,BSE,STK,532843,INE061F01013,FORTIS,A,,,,,FORTIS HEALTHCARE LTD.,779.85,779.85,756.10,763.00,763.00,765.00,,763.99,,,243060,185061176.00,2210,F1,1,,,,,
2026-10-06,2026-10-06,CM,BSE,STK,532845,INE797H01018,TGBHOTELS,B,,,,,TGB BANQUETS AND HOTELS LTD.,9.45,9.71,9.20,9.58,9.45,9.75,,9.37,,,61,562.00,5,F1,1,,,,,
2026-10-06,2026-10-06,CM,BSE,STK,532847,INE788H01017,HILTON,B,,,,,HILTON METAL FORGING LTD.,16.99,17.48,16.56,16.79,16.75,16.88,,16.75,,,20357,340843.00,75,F1,1,,,,,
2026-10-06,2026-10-06,CM,BSE,STK,532848,INE124G01033,DELTACORP,B,,,,,DELTA CORP LTD.,84.12,88.50,76.40,84.48,84.48,85.81,,84.35,,,3602080,307153813.00,10039,F1,1,,,,,
2026-10-06,2026-10-06,CM,BSE,STK,532850,INE287C01037,MICEL,T,,,,,MIC ELECTRONICS LTD.,34.95,34.95,34.58,34.58,34.58,35.28,,34.58,,,33923,1179109.00,132,F1,1,,,,,
2026-10-06,2026-10-06,CM,BSE,STK,532851,INE070I01018,INSECTICID,B,,,,,INSECTICIDES (INDIA) LTD.,592.00,596.60,578.00,585.25,585.65,577.10,,584.17,,,432,252214.00,131,F1,1,,,,,
2026-10-06,2026-10-06,CM,BSE,STK,532853,INE228I01012,ASAHISONG,T,,,,,ASAHI SONGWON COLORS LTD.,359.05,374.00,359.05,370.85,370.00,364.70,,370.03,,,171,62752.00,20,F1,1,,,,,
2026-10-06,2026-10-06,CM,BSE,STK,532855,INE928H01019,HARYNACAP,X,,,,,HARYANA CAPFIN LTD.,144.85,144.85,144.85,144.85,144.85,143.40,,144.85,,,7,1013.00,1,F1,1,,,,,
2026-10-06,2026-10-06,CM,BSE,STK,532856,INE508G01029,TIMETECHNO,A,,,,,TIME TECHNOPLAST LTD.,179.00,183.75,178.20,183.25,183.40,178.55,,183.08,,,46333,8433562.00,1183,F1,1,,,,,
2026-10-06,2026-10-06,CM,BSE,STK,532859,INE170I01016,HGS,B,,,,,HINDUJA GLOBAL SOLUTIONS LTD.,365.00,365.55,361.00,361.30,361.25,365.55,,361.40,,,825,299182.00,352,F1,1,,,,,
2026-10-06,2026-10-06,CM,BSE,STK,532864,INE189I01024,NELCAST,B,,,,,NELCAST LTD.,122.15,126.25,119.85,124.55,125.00,121.05,,124.49,,,17112,2121624.00,397,F1,1,,,,,
2026-10-06,2026-10-06,CM,BSE,STK,532866,INE033B01011,QUINTEGRA,B,,,,,QUINTEGRA SOLUTIONS LTD.,1.57,1.57,1.57,1.57,1.57,1.50,,1.47,,,2723,4275.00,11,F1,1,,,,,
2026-10-06,2026-10-06,CM,BSE,STK,532867,INE945H01021,V2RETAIL,B,,,,,V2 RETAIL LTD.,168.35,176.15,165.20,172.35,172.85,168.55,,172.20,,,468122,80051903.00,4324,F1,1,,,,,
2026-10-06,2026-10-06,CM,BSE,STK,532868,INE271C01023,DLF,A,,,,,DLF LTD.,673.95,675.25,665.15,665.55,665.55,672.00,,666.09,,,88912,59481959.00,2361,F1,1,,,,,
2026-10-06,2026-10-06,CM,BSE,STK,532869,INE924H01018,TARMAT,B,,,,,TARMAT LTD.,57.61,60.78,55.92,56.31,56.36,57.61,,56.78,,,33752,1978132.00,327,F1,1,,,,,
2026-10-06,2026-10-06,CM,BSE,STK,532870,INE106I01010,ANKITMETAL,Z,,,,,ANKIT METAL & POWER LTD.,2.32,2.32,2.32,2.32,2.32,2.21,,2.32,,,23429,54355.00,20,F1,1,,,,,
2026-10-06,2026-10-06,CM,BSE,STK,532872,INE232I01014,SPARC,B,,,,,SUN PHARMA ADVANCED RESEARCH C,197.70,197.70,191.20,196.75,196.75,190.70,,196.89,,,42544,8309089.00,780,F1,1,,,,,
2026-10-06,2026-10-06,CM,BSE,STK,532873,INE191I01012,HDIL,Z,,,,,HOUSING DEVELOPMENT & INFRASTR,1.45,1.50,1.41,1.42,1.48,1.48,,1.42,,,39040,56453.00,65,F1,1,,,,,
2026-10-06,2026-10-06,CM,BSE,STK,532875,INE102I01027,ADSL,B,,,,,ALLIED DIGITAL SERVICES LTD.,108.00,108.00,102.70,104.00,103.50,105.45,,103.83,,,19350,2022260.00,398,F1,1,,,,,
2026-10-06,2026-10-06,CM,BSE,STK,532878,INE385I01010,ALPA,B,,,,,ALPA LABORATORIES LTD.,59.00,59.59,58.02,59.00,59.00,59.09,,58.73,,,287,16882.00,115,F1,1,,,,,
2026-10-06,2026-10-06,CM,BSE,STK,532880,INE800H01010,OMAXE,B,,,,,OMAXE LTD.,104.20,108.95,104.20,107.85,107.40,107.60,,107.71,,,11273,1216686.00,159,F1,1,,,,,
2026-10-06,2026-10-06,CM,BSE,STK,532884,INE056I01025,REFEX,A,,,,,REFEX INDUSTRIES LTD.,272.00,272.00,262.80,265.30,265.30,272.05,,265.16,,,70960,18912328.00,775,F1,1,,,,,
2026-10-06,2026-10-06,CM,BSE,STK,532885,INE483A01010,CENTRALBK,A,,,,,CENTRAL BANK OF INDIA,30.37,30.68,30.15,30.22,30.22,30.30,,30.19,,,106698,3244155.00,1048,F1,1,,,,,
2026-10-06,2026-10-06,CM,BSE,STK,532887,INE333I01044,NEUEON,T,,,,,Neueon Corporation Limited,13.94,14.00,13.94,13.98,13.98,14.67,,13.79,,,2518,35180.00,31,F1,1,,,,,
2026-10-06,2026-10-06,CM,BSE,STK,532888,INE022I01019,ASIANTILES,B,,,,,ASIAN GRANITO INDIA LTD.,46.84,48.27,46.84,48.11,47.75,46.84,,48.10,,,34839,1659709.00,318,F1,1,,,,,
2026-10-06,2026-10-06,CM,BSE,STK,532889,INE930H01031,KPRMILL,A,,,,,K.P.R.MILL LIMITED,1086.35,1101.00,1075.55,1098.35,1099.25,1072.55,,1100.36,,,2992,3253945.00,268,F1,1,,,,,
2026-10-06,2026-10-06,CM,BSE,STK,532890,INE142I01023,TAKE,B,,,,,TAKE LIMITED,11.98,12.47,11.52,11.61,11.60,12.07,,11.56,,,180823,2160443.00,463,F1,1,,,,,
2026-10-06,2026-10-06,CM,BSE,STK,532891,INE323I01011,PURVA,B,,,,,Puravankara Limited,208.00,212.00,206.55,210.20,212.00,207.00,,210.71,,,8073,1685631.00,352,F1,1,,,,,
2026-10-06,2026-10-06,CM,BSE,STK,532892,INE338I01027,MOTILALOFS,A,,,,,MOTILAL OSWAL FINANCIAL SERVIC,1020.55,1085.40,1019.00,1075.10,1075.10,1007.00,,1081.04,,,96658,101961128.00,3173,F1,1,,,,,
2026-10-06,2026-10-06,CM,BSE,STK,532893,INE222F01029,VTMLTD,B,,,,,VTM LTD.,38.99,39.49,35.02,36.17,36.17,38.48,,35.97,,,33992,1257532.00,642,F1,1,,,,,
2026-10-06,2026-10-06,CM,BSE,STK,532894,INE227G01018,INDOWIND,B,,,,,INDOWIND ENERGY LTD.,8.60,8.91,8.45,8.50,8.45,8.55,,8.53,,,18590,161039.00,282,F1,1,,,,,
2026-10-06,2026-10-06,CM,BSE,STK,532895,INE245I01016,NAGREEKCAP,B,,,,,NAGREEKA CAPITAL & INFRASTRUCT,23.10,27.52,23.10,27.52,27.52,25.02,,27.25,,,1263,33943.00,20,F1,1,,,,,
2026-10-06,2026-10-06,CM,BSE,STK,532896,INE387I01016,MAGNUM,B,,,,,MAGNUM VENTURES LTD.,18.69,18.74,18.08,18.67,18.67,18.10,,18.31,,,606,11321.00,6,F1,1,,,,,
2026-10-06,2026-10-06,CM,BSE,STK,532898,INE752E01010,POWERGRID,A,,,,,POWER GRID CORPORATION OF INDI,257.20,258.25,256.05,257.00,257.00,257.00,,257.20,,,137731,35429904.00,4197,F1,1,,,,,
2026-10-06,2026-10-06,CM,BSE,STK,532899,INE455I01029,KSCL,B,,,,,KAVERI SEED COMPANY LTD.,701.20,721.75,701.20,717.35,715.30,702.10,,717.45,,,9153,6516811.00,441,F1,1,,,,,
2026-10-06,2026-10-06,CM,BSE,STK,532900,INE420C01059,PAISALO,A,,,,,PAISALO DIGITAL LIMITED,81.60,83.29,81.19,83.11,83.14,81.17,,83.10,,,415810,34315798.00,1694,F1,1,,,,,
2026-10-06,2026-10-06,CM,BSE,STK,532902,INE429I01024,CCCL,B,,,,,CONSOLIDATED CONSTRUCTION CONS,13.00,13.37,13.00,13.10,13.10,13.40,,13.10,,,16547,217684.00,83,F1,1,,,,,
2026-10-06,2026-10-06,CM,BSE,STK,532904,INE550H01011,SUPREMEINF,B,,,,,SUPREME INFRASTRUCTURE INDIA L,63.13,63.13,57.67,60.85,61.60,63.02,,61.33,,,8210,490595.00,230,F1,1,,,,,
2026-10-06,2026-10-06,CM,BSE,STK,532906,INE215I01027,MAANALU,B,,,,,MAAN ALUMINIUM LTD.,106.00,107.35,103.20,105.05,105.05,104.80,,105.03,,,4066,424727.00,209,F1,1,,,,,
2026-10-06,2026-10-06,CM,BSE,STK,532907,INE369I01014,IL&FSENGG,Z,,,,,IL&FS ENGINEERING AND CONSTRUC,40.00,40.75,38.05,40.00,40.00,39.90,,39.60,,,1100,43350.00,17,F1,1,,,,,
2026-10-06,2026-10-06,CM,BSE,STK,532911,INE272G01014,PARLEIND,X,,,,,PARLE INDUSTRIES LIMITED,5.66,5.80,5.51,5.67,5.67,5.55,,5.67,,,108644,614252.00,411,F1,1,,,,,
2026-10-06,2026-10-06,CM,BSE,STK,532915,INE621H01010,RELIGARE,A,,,,,RELIGARE ENTERPRISES LTD.,223.80,228.90,223.80,227.80,227.45,223.75,,227.75,,,25228,5706847.00,463,F1,1,,,,,
2026-10-06,2026-10-06,CM,BSE,STK,532916,INE139I01011,BVCL,B,,,,,BARAK VALLEY CEMENTS LTD.,41.27,42.00,40.80,41.20,41.20,41.27,,41.43,,,2376,98395.00,13,F1,1,,,,,
2026-10-06,2026-10-06,CM,BSE,STK,532918,INE575I01016,RATHIBAR,X,,,,,RATHI BARS LTD.,16.40,16.40,15.15,15.18,15.49,15.27,,15.18,,,3209,49758.00,34,F1,1,,,,,
2026-10-06,2026-10-06,CM,BSE,STK,532921,INE742F01042,ADANIPORTS,A,,,,,ADANI PORTS AND SPECIAL ECONOM,1774.95,1788.00,1764.85,1782.00,1782.00,1775.00,,1783.39,,,48656,86506855.00,3848,F1,1,,,,,
2026-10-06,2026-10-06,CM,BSE,STK,532922,INE532F01054,EDELWEISS,A,,,,,EDELWEISS FINANCIAL SERVICES L,136.35,138.10,134.10,135.60,135.60,135.50,,135.53,,,179774,24407722.00,1531,F1,1,,,,,
2026-10-06,2026-10-06,CM,BSE,STK,532923,INE722H01024,RGL,B,,,,,RENAISSANCE GLOBAL LIMITED,160.00,165.95,158.05,163.70,164.15,161.70,,163.62,,,35589,5789903.00,464,F1,1,,,,,
2026-10-06,2026-10-06,CM,BSE,STK,532924,INE094I01018,KOLTEPATIL,B,,,,,KOLTE-PATIL DEVELOPERS LTD.,428.00,435.75,428.00,434.20,434.85,429.25,,433.58,,,4689,2027275.00,123,F1,1,,,,,
2026-10-06,2026-10-06,CM,BSE,STK,532925,INE234I01028,KAUSHALYA,T,,,,,KAUSHALYA INFRASTRUCTURE DEVEL,820.00,829.00,800.00,829.00,829.00,829.00,,822.70,,,10,8208.00,8,F1,1,,,,,
2026-10-06,2026-10-06,CM,BSE,STK,532926,INE668F01031,JYOTHYLAB,A,,,,,JYOTHY LABS LIMITED,181.70,184.00,181.00,183.40,184.00,180.95,,183.33,,,41486,7576121.00,1725,F1,1,,,,,
2026-10-06,2026-10-06,CM,BSE,STK,532927,INE738I01010,ECLERX,A,,,,,ECLERX SERVICES LTD.,1882.00,1936.20,1878.75,1913.30,1918.70,1886.15,,1916.75,,,25154,47871541.00,2511,F1,1,,,,,
2026-10-06,2026-10-06,CM,BSE,STK,532928,INE763I01026,TARIL,A,,,,,TRANSFORMERS AND RECTIFIERS (I,286.30,288.00,277.85,283.55,283.55,285.40,,283.64,,,237110,67096868.00,2784,F1,1,,,,,
2026-10-06,2026-10-06,CM,BSE,STK,532929,INE791I01019,BRIGADE,A,,,,,BRIGADE ENTERPRISES LTD.,573.00,576.30,566.00,569.30,568.45,571.50,,569.11,,,7524,4294139.00,471,F1,1,,,,,
2026-10-06,2026-10-06,CM,BSE,STK,532930,INE661I01014,BGRENERGY,T,,,,,BGR ENERGY SYSTEMS LTD.,242.85,242.85,242.85,242.85,242.85,231.30,,244.11,,,4908,1191907.00,27,F1,1,,,,,
2026-10-06,2026-10-06,CM,BSE,STK,532931,INE817H01022,BURNPUR,T,,,,,BURNPUR CEMENT LTD.,13.97,13.97,13.97,13.97,13.97,13.31,,13.86,,,11163,155947.00,59,F1,1,,,,,
2026-10-06,2026-10-06,CM,BSE,STK,532932,INE015D01022,MANAKSIA,B,,,,,MANAKSIA LTD.,58.03,59.01,57.92,58.30,58.30,57.48,,59.05,,,1567,91528.00,65,F1,1,,,,,
2026-10-06,2026-10-06,CM,BSE,STK,532933,INE386I01018,PORWAL,X,,,,,PORWAL AUTO COMPONENTS LTD.,58.20,59.00,57.35,58.74,59.00,57.74,,58.74,,,3213,186215.00,33,F1,1,,,,,
2026-10-06,2026-10-06,CM,BSE,STK,532934,INE095I01015,PPAP,T,,,,,PPAP,239.80,241.50,227.35,241.40,241.50,230.00,,240.58,,,2113,496548.00,39,F1,1,,,,,
2026-10-06,2026-10-06,CM,BSE,STK,532935,INE298I01015,ARIES,T,,,,,ARIES AGRO LTD.,501.30,514.00,485.10,505.35,505.35,497.70,,499.17,,,1784,891458.00,73,F1,1,,,,,
2026-10-06,2026-10-06,CM,BSE,STK,532937,INE529I01021,KUANTUM,B,,,,,KUANTUM PAPERS LTD.,76.10,77.04,75.00,75.28,75.47,76.00,,75.31,,,6253,474788.00,131,F1,1,,,,,
2026-10-06,2026-10-06,CM,BSE,STK,532939,INE614G01033,RPOWER,A,,,,,RELIANCE POWER LTD.,20.09,21.05,20.05,20.48,20.57,20.09,,20.49,,,3505547,72464062.00,7331,F1,1,,,,,
2026-10-06,2026-10-06,CM,BSE,STK,532940,INE576I01022,JKIL,B,,,,,J.KUMAR INFRAPROJECTS LTD.,452.60,452.70,445.40,447.80,448.35,453.35,,448.29,,,2270,1015356.00,196,F1,1,,,,,
2026-10-06,2026-10-06,CM,BSE,STK,532941,INE792I01017,CORDSCABLE,T,,,,,CORDS CABLE INDUSTRIES LTD.,306.00,322.90,304.35,315.85,316.80,310.50,,314.55,,,6153,1928196.00,174,F1,1,,,,,
2026-10-06,2026-10-06,CM,BSE,STK,532942,INE634I01029,KNRCON,A,,,,,KNR CONSTRUCTIONS LTD.,111.55,116.30,111.55,115.40,116.20,112.05,,115.61,,,192495,22127544.00,1295,F1,1,,,,,
2026-10-06,2026-10-06,CM,BSE,STK,532944,INE809I01019,ONMOBILE,T,,,,,ONMOBILE,48.05,49.80,48.05,48.76,48.80,48.19,,49.06,,,3036,148888.00,55,F1,1,,,,,
2026-10-06,2026-10-06,CM,BSE,STK,532945,INE964H01014,SEPC,B,,,,,SEPC LIMITED,5.12,5.16,5.02,5.06,5.06,5.11,,5.05,,,555864,2814295.00,732,F1,1,,,,,
2026-10-06,2026-10-06,CM,BSE,STK,532946,INE863I01016,BANG,B,,,,,BANG OVERSEAS LTD.,33.99,34.83,33.34,33.75,33.75,33.53,,33.49,,,599,20351.00,23,F1,1,,,,,
2026-10-06,2026-10-06,CM,BSE,STK,532947,INE821I01022,IRB,A,,,,,IRB INFRASTRUCTURE DEVELOPERS,16.89,18.20,16.82,17.87,17.87,16.89,,17.84,,,1595035,27954364.00,3086,F1,1,,,,,
2026-10-06,2026-10-06,CM,BSE,STK,532951,INE871H01011,GSS,B,,,,,GSS INFOTECH LTD.,9.51,10.55,9.51,10.13,10.08,10.33,,10.13,,,7462,75647.00,40,F1,1,,,,,
2026-10-06,2026-10-06,CM,BSE,STK,532952,INE049I01012,NAHARCAP,B,,,,,NAHAR CAPITAL & FINANCIAL SERV,230.50,236.00,230.50,236.00,236.00,231.85,,234.66,,,51,11761.00,2,F1,1,,,,,
2026-10-06,2026-10-06,CM,BSE,STK,532953,INE951I01027,VGUARD,A,,,,,V-GUARD INDUSTRIES LTD.,300.45,307.30,294.50,306.35,304.20,296.35,,306.30,,,17524,5266682.00,553,F1,1,,,,,
2026-10-06,2026-10-06,CM,BSE,STK,532955,INE020B01018,RECLTD,A,,,,,REC LIMITED,295.80,300.70,295.10,300.50,300.50,295.00,,300.00,,,335074,99959211.00,2588,F1,1,,,,,
2026-10-06,2026-10-06,CM,BSE,STK,532957,INE642I01014,GOKAKTEX,X,,,,,GOKAK TEXTILES LTD.,66.79,66.79,58.16,59.06,58.16,60.79,,59.06,,,1131,69630.00,33,F1,1,,,,,
2026-10-06,2026-10-06,CM,BSE,STK,532966,INE615H01020,TITAGARH,A,,,,,TITAGARH RAIL SYSTEMS LIMITED,814.35,814.35,803.00,804.85,805.35,808.90,,804.85,,,19833,15994362.00,924,F1,1,,,,,
2026-10-06,2026-10-06,CM,BSE,STK,532967,INE415I01015,KIRIINDUS,A,,,,,KIRI INDUSTRIES LTD.,546.90,567.45,544.80,564.70,564.70,542.60,,564.12,,,33209,18589153.00,1308,F1,1,,,,,
2026-10-06,2026-10-06,CM,BSE,STK,532974,INE865C01022,BIRLAMONEY,B,,,,,ADITYA BIRLA MONEY LTD.,124.60,124.60,112.00,117.55,117.55,112.85,,116.47,,,3976,458719.00,225,F1,1,,,,,
2026-10-06,2026-10-06,CM,BSE,STK,532975,INE778I01024,TELOGICA,XT,,,,,TELOGICA LIMITED,7.92,7.94,7.90,7.94,7.94,7.94,,7.94,,,643,5102.00,7,F1,1,,,,,
2026-10-06,2026-10-06,CM,BSE,STK,532976,INE091G01026,JAIBALAJI,A,,,,,JAI BALAJI INDUSTRIES LTD.,61.94,64.06,61.94,64.06,64.06,61.01,,64.17,,,7583,482874.00,96,F1,1,,,,,
2026-10-06,2026-10-06,CM,BSE,STK,532977,INE917I01010,BAJAJ-AUTO,A,,,,,BAJAJ AUTO LTD.,10039.55,10074.65,9955.15,10020.00,10020.00,10032.50,,10017.01,,,48895,489019869.00,1616,F1,1,,,,,
2026-10-06,2026-10-06,CM,BSE,STK,532978,INE918I01026,BAJAJFINSV,A,,,,,BAJAJ FINSERV LTD.,1752.85,1754.50,1738.15,1753.45,1753.45,1745.00,,1752.40,,,104946,182969780.00,1157,F1,1,,,,,
2026-10-06,2026-10-06,CM,BSE,STK,532980,INE020J01029,GOKUL,B,,,,,GOKUL REFOILS & SOLVENT LTD.,37.99,38.99,37.99,38.60,38.95,37.99,,38.78,,,19164,739807.00,189,F1,1,,,,,
2026-10-06,2026-10-06,CM,BSE,STK,532983,INE105J01010,RPGLIFE,B,,,,,RPG LIFE SCIENCES LTD.,3120.00,3120.00,2907.10,2937.10,2913.00,2892.40,,2933.31,,,757,2241236.00,99,F1,1,,,,,
2026-10-06,2026-10-06,CM,BSE,STK,532985,INF174KA1JD7,SENSEX1,B,,,,,KOTAK MAHINDRA MUTUAL FUND,79.20,80.50,79.20,80.23,80.47,79.82,,80.23,,,964,76858.00,88,F1,1,,,,,
2026-10-06,2026-10-06,CM,BSE,STK,532986,INE368I01016,NIRAJ,B,,,,,NIRAJ CEMENT STRUCTURALS LTD.,27.25,28.60,27.25,28.34,28.34,27.44,,27.48,,,62,1700.00,4,F1,1,,,,,
2026-10-06,2026-10-06,CM,BSE,STK,532989,INE878I01022,BAFNAPH,T,,,,,BAFNA PHARMACEUTICALS LTD.,400.55,400.55,400.55,400.55,400.55,392.70,,400.55,,,5386,2157362.00,26,F1,1,,,,,
2026-10-06,2026-10-06,CM,BSE,STK,532992,INE790D01020,CHLLTD,X,,,,,CHL LTD.,28.25,28.25,28.25,28.25,28.25,28.25,,28.25,,,1,28.00,1,F1,1,,,,,
2026-10-06,2026-10-06,CM,BSE,STK,532993,INE955I01044,SEJALLTD,B,,,,,SEJAL GLASS LIMITED,650.95,675.00,650.95,672.50,675.00,650.95,,676.54,,,527,343181.00,175,F1,1,,,,,
2026-10-06,2026-10-06,CM,BSE,STK,532994,INE877I01016,ARCHIDPLY,B,,,,,ARCHIDPLY INDUSTRIES LTD.,100.00,102.00,100.00,101.50,101.50,103.00,,101.61,,,2501,253739.00,5,F1,1,,,,,
2026-10-06,2026-10-06,CM,BSE,STK,532998,INE947I01017,LOTUSEYE,B,,,,,Lotus Eye Hospital And Institu,114.35,115.60,114.35,115.60,115.60,114.60,,115.37,,,551,63178.00,6,F1,1,,,,,
2026-10-06,2026-10-06,CM,BSE,STK,533001,INE323J01019,SOMICONVEY,B,,,,,SOMI CONVEYOR BELTINGS LTD.,83.00,85.10,81.96,83.90,83.90,82.93,,84.01,,,2560,213519.00,164,F1,1,,,,,
2026-10-06,2026-10-06,CM,BSE,STK,533006,INE655I01032,BIRLACOT,XT,,,,,BIRLA COTSYN (INDIA) LTD.,15.41,15.41,15.41,15.41,15.41,14.68,,15.41,,,48627,749342.00,100,F1,1,,,,,
2026-10-06,2026-10-06,CM,BSE,STK,533007,INE201J01017,LGBFORGE,XT,,,,,LGB FORGE LTD.,4.84,4.84,4.65,4.71,4.83,4.67,,4.71,,,207498,974841.00,166,F1,1,,,,,
2026-10-06,2026-10-06,CM,BSE,STK,533012,INE197J01017,LPDC,B,,,,,LANDMARK PROPERTY DEVELOPMENT,6.23,6.39,6.20,6.36,6.39,6.15,,6.27,,,3335,21048.00,13,F1,1,,,,,
2026-10-06,2026-10-06,CM,BSE,STK,533014,INE176J01011,SICAGEN,B,,,,,SICAGEN INDIA LTD.,53.10,53.83,50.34,53.49,53.49,52.98,,51.87,,,2003,102442.00,15,F1,1,,,,,
2026-10-06,2026-10-06,CM,BSE,STK,533019,INE456H01029,SIMPLXPAP,X,,,,,SIMPLEX PAPERS LTD.,1225.00,1225.00,1225.00,1225.00,1225.00,1225.00,,1225.00,,,5,6125.00,1,F1,1,,,,,
2026-10-06,2026-10-06,CM,BSE,STK,533022,INE144J01027,20MICRONS,B,,,,,20 MICRONS LTD.,207.00,208.60,204.95,208.05,208.60,204.90,,207.89,,,4014,829834.00,171,F1,1,,,,,
2026-10-06,2026-10-06,CM,BSE,STK,533023,INE342J01019,ZFCVINDIA,A,,,,,ZF Commercial Vehicle Control,2208.80,2208.80,2168.90,2185.10,2191.15,2203.15,,2187.21,,,39366,86203313.00,956,F1,1,,,,,
2026-10-06,2026-10-06,CM,BSE,STK,533029,INE773I01017,ALKALI,T,,,,,ALKALI METALS LTD.,89.79,89.79,85.32,85.32,85.32,89.80,,85.88,,,638,54884.00,22,F1,1,,,,,
2026-10-06,2026-10-06,CM,BSE,STK,533033,INE858B01029,ISGEC,B,,,,,ISGEC HEAVY ENGINEERING LTD.,898.00,917.65,898.00,905.70,907.45,900.10,,905.02,,,4132,3746858.00,252,F1,1,,,,,
2026-10-06,2026-10-06,CM,BSE,STK,533047,INE919H01018,IMFA,A,,,,,INDIAN METALS & FERRO ALLOYS L,1228.40,1228.40,1169.75,1190.25,1191.00,1155.00,,1190.58,,,5188,6147493.00,712,F1,1,,,,,
2026-10-06,2026-10-06,CM,BSE,STK,533048,INE065J01024,TPHQ,T,,,,,Teamo Productions HQ Limited,0.49,0.50,0.48,0.49,0.49,0.49,,0.48,,,240056,116376.00,91,F1,1,,,,,
2026-10-06,2026-10-06,CM,BSE,STK,533056,INE359B01010,VEDAVAAG,B,,,,,VEDAVAAG SYSTEMS LTD.,22.28,23.39,22.17,23.39,23.39,22.28,,23.24,,,10832,247393.00,186,F1,1,,,,,
2026-10-06,2026-10-06,CM,BSE,STK,533080,INE893J01029,MOLDTKPAC,B,,,,,MOLD-TEK PACKAGING LIMITED,680.00,694.70,674.30,678.75,678.05,680.00,,678.07,,,6445,4408218.00,437,F1,1,,,,,
2026-10-06,2026-10-06,CM,BSE,STK,533088,INE998I01010,MHRIL,B,,,,,MAHINDRA HOLIDAYS & RESORTS IN,199.00,199.00,194.25,196.90,196.90,194.65,,196.71,,,3001,586918.00,125,F1,1,,,,,
2026-10-06,2026-10-06,CM,BSE,STK,533090,INE688J01023,LANDSMILL,B,,,,,Landsmill Green Limited,1.02,1.03,0.94,0.94,0.94,1.04,,0.93,,,3308228,3177895.00,513,F1,1,,,,,
2026-10-06,2026-10-06,CM,BSE,STK,533093,INE294G01026,ROML,B,,,,,RAJ OIL MILLS LTD.,43.85,43.85,43.30,43.51,43.51,43.85,,43.16,,,125,5441.00,5,F1,1,,,,,
2026-10-06,2026-10-06,CM,BSE,STK,533095,INE083K01017,BENGALASM,B,,,,,BENGAL & ASSAM COMPANY LTD.,5764.55,6129.80,5677.00,6114.70,6123.40,5649.70,,6110.82,,,317,1907707.00,63,F1,1,,,,,
2026-10-06,2026-10-06,CM,BSE,STK,533096,INE814H01029,ADANIPOWER,A,,,,,ADANI POWER LTD.,202.00,205.40,201.40,201.70,201.70,200.70,,202.39,,,1992536,405795339.00,7402,F1,1,,,,,
2026-10-06,2026-10-06,CM,BSE,STK,533098,INE848E01016,NHPC,A,,,,,NHPC LTD.,71.89,73.20,71.40,73.20,73.20,71.80,,73.11,,,179532,12966847.00,1447,F1,1,,,,,
2026-10-06,2026-10-06,CM,BSE,STK,533100,INE429K01012,PEIL,X,,,,,PREMIER ENERGY AND INFRASTRUCT,7.70,8.32,7.40,7.70,7.70,7.59,,7.70,,,34684,271077.00,58,F1,1,,,,,
2026-10-06,2026-10-06,CM,BSE,STK,533104,INE615I01010,GLOBUSSPR,B,,,,,GLOBUS SPIRITS LTD.,791.05,818.85,791.05,813.50,810.00,790.25,,812.75,,,5274,4250775.00,397,F1,1,,,,,
2026-10-06,2026-10-06,CM,BSE,STK,533106,INE274J01014,OIL,A,,,,,OIL INDIA LTD.,452.80,452.80,442.20,445.20,445.20,444.40,,447.85,,,24870,11124780.00,749,F1,1,,,,,
2026-10-06,2026-10-06,CM,BSE,STK,533107,INE542F01020,SWANDEF,T,,,,,SWAN DEFENCE AND HEAVY INDUSTR,2729.95,2775.00,2672.30,2754.15,2774.00,2704.05,,2760.09,,,2675,7236045.00,138,F1,1,,,,,
2026-10-06,2026-10-06,CM,BSE,STK,533108,INE274K01012,BTTL,T,,,,,BHILWARA TECHNICAL TEXTILES LT,39.40,39.40,39.40,39.40,39.40,39.50,,39.35,,,358,14105.00,2,F1,1,,,,,
2026-10-06,2026-10-06,CM,BSE,STK,533110,INE318K01025,SPSL,X,,,,,SHREE PRECOATED STEELS LTD.,10.97,10.97,10.97,10.97,10.97,11.52,,10.97,,,35,383.00,4,F1,1,,,,,
2026-10-06,2026-10-06,CM,BSE,STK,533121,INE201K01015,EXPLEOSOL,B,,,,,EXPLEO SOLUTIONS LIMITED,875.00,885.00,865.00,878.30,881.00,866.60,,878.81,,,2328,2043695.00,264,F1,1,,,,,
2026-10-06,2026-10-06,CM,BSE,STK,533122,INE399K01017,RTNPOWER,A,,,,,RATTANINDIA POWER LTD.,6.72,6.83,6.72,6.76,6.76,6.73,,6.75,,,861187,5839891.00,14492,F1,1,,,,,
2026-10-06,2026-10-06,CM,BSE,STK,533137,INE947J01015,DEN,B,,,,,DEN NETWORKS LTD,25.85,26.05,25.18,25.77,25.68,25.58,,25.78,,,15941,411715.00,113,F1,1,,,,,
2026-10-06,2026-10-06,CM,BSE,STK,533138,INE563J01010,ASTEC,B,,,,,ASTEC LIFESCIENCES LIMITED,728.80,728.80,685.45,704.90,704.75,712.65,,704.72,,,4329,3037339.00,276,F1,1,,,,,
2026-10-06,2026-10-06,CM,BSE,STK,533146,INE250K01012,DLINKINDIA,B,,,,,D-LINK (INDIA) LTD,411.75,420.95,410.90,420.60,420.95,411.75,,419.99,,,3537,1472864.00,440,F1,1,,,,,
2026-10-06,2026-10-06,CM,BSE,STK,533148,INE121E01018,JSWENERGY,A,,,,,JSW ENERGY LTD,492.35,505.00,490.00,494.10,494.10,490.00,,494.90,,,68612,34204590.00,2081,F1,1,,,,,
2026-10-06,2026-10-06,CM,BSE,STK,533149,INE143K01019,YUNIKM,X,,,,,Yunik Managing Advisors Limite,5.30,5.30,4.60,5.00,5.00,4.78,,5.00,,,4463,22295.00,29,F1,1,,,,,
2026-10-06,2026-10-06,CM,BSE,STK,533150,INE484J01027,GODREJPROP,A,,,,,GODREJ PROPERTIES LTD,1586.55,1620.00,1582.35,1605.10,1605.10,1605.00,,1609.93,,,24745,39727736.00,2204,F1,1,,,,,
2026-10-06,2026-10-06,CM,BSE,STK,533151,INE950I01011,DBCORP,B,,,,,D B CORP LTD,171.30,174.80,170.75,172.35,174.80,171.30,,173.43,,,15121,2605755.00,310,F1,1,,,,,
2026-10-06,2026-10-06,CM,BSE,STK,533152,INE912H01013,MBLINFRA,B,,,,,MBL Infrastructure Ltd,24.00,25.22,23.15,25.21,25.22,24.02,,25.09,,,26293,654694.00,191,F1,1,,,,,
2026-10-06,2026-10-06,CM,BSE,STK,533155,INE797F01020,JUBLFOOD,A,,,,,JUBILANT FOODWORKS LTD,449.60,461.55,444.85,450.30,450.30,445.30,,449.77,,,22081,10073532.00,1143,F1,1,,,,,
2026-10-06,2026-10-06,CM,BSE,STK,533156,INE893I01013,VASCONEQ,B,,,,,VASCON ENGINEERS LTD,32.30,33.00,31.97,32.31,32.30,32.23,,32.31,,,21237,688373.00,179,F1,1,,,,,
2026-10-06,2026-10-06,CM,BSE,STK,533158,INE085J01014,THANGAMAYL,A,,,,,THANGAMAYIL JEWELLERY LTD,4788.40,4843.50,4730.00,4759.45,4750.30,4749.40,,4758.55,,,4969,23691929.00,923,F1,1,,,,,
2026-10-06,2026-10-06,CM,BSE,STK,533160,INE879I01012,DBREALTY,A,,,,,VALOR ESTATE LIMITED,91.75,93.18,89.51,90.21,90.30,91.80,,90.09,,,48128,4372184.00,658,F1,1,,,,,
2026-10-06,2026-10-06,CM,BSE,STK,533162,INE982F01036,HATHWAY,B,,,,,HATHWAY CABLE & DATACOM LTD,9.30,9.90,9.30,9.79,9.73,9.41,,9.80,,,315184,3031394.00,511,F1,1,,,,,
2026-10-06,2026-10-06,CM,BSE,STK,533164,INE141K01013,TEXMOPIPES,B,,,,,TEXMO PIPES & PRODUCTS LTD.,55.00,55.00,50.85,53.81,53.81,50.41,,53.80,,,16263,860812.00,325,F1,1,,,,,
2026-10-06,2026-10-06,CM,BSE,STK,533166,INE108E01023,SUNDARAM,B,,,,,SUNDARAM MULTI PAP LTD.,1.11,1.11,1.09,1.10,1.10,1.11,,1.09,,,32124,35138.00,63,F1,1,,,,,
2026-10-06,2026-10-06,CM,BSE,STK,533167,INE312J01012,COROENGG,X,,,,,COROMANDEL ENGINEERING COMPANY,51.03,56.10,51.03,56.10,56.10,51.00,,56.10,,,30007,1628001.00,76,F1,1,,,,,
2026-10-06,2026-10-06,CM,BSE,STK,533168,INE847C01020,ROSSELLIND,B,,,,,ROSSELL INDIA LTD.,51.00,51.20,50.04,51.11,51.12,51.00,,50.73,,,927,47177.00,55,F1,1,,,,,
2026-10-06,2026-10-06,CM,BSE,STK,533169,INE949H01023,MANINFRA,B,,,,,MAN INFRACONSTRUCTION LTD.,123.50,125.10,122.40,123.50,123.50,123.55,,123.24,,,37167,4608472.00,276,F1,1,,,,,
2026-10-06,2026-10-06,CM,BSE,STK,533170,INE864J01012,TAMBOLIIN,T,,,,,TAMBOLI INDUSTRIES LIMITED,304.00,313.00,298.05,312.65,312.65,304.75,,300.35,,,213,64895.00,11,F1,1,,,,,
2026-10-06,2026-10-06,CM,BSE,STK,533172,INF205KA1BP1,IVZINGOLD,E,,,,,INVESCO India Gold Exchange Tr,128.00,128.74,126.89,127.34,127.34,127.76,,128.20,,,327,41689.00,12,F1,1,,,,,
2026-10-06,2026-10-06,CM,BSE,STK,533177,INE975G01012,IL&FSTRANS,Z,,,,,IL&FS TRANSPORTATION NETWORKS,1.99,1.99,1.91,1.95,1.95,1.95,,1.94,,,10043,19400.00,15,F1,1,,,,,
2026-10-06,2026-10-06,CM,BSE,STK,533179,INE262H01021,PERSISTENT,A,,,,,PERSISTENT SYSTEMS LTD.,5475.70,5555.00,5462.10,5518.00,5518.00,5534.00,,5520.97,,,12855,70777474.00,2059,F1,1,,,,,
2026-10-06,2026-10-06,CM,BSE,STK,533192,INE790B01024,KCPSUGIND,T,,,,,KCP SUGAR & INDUSTRIES CORPORA,25.01,26.95,24.39,24.58,24.58,25.67,,24.45,,,122592,3137723.00,431,F1,1,,,,,
2026-10-06,2026-10-06,CM,BSE,STK,533193,INE134B01017,KECL,B,,,,,KIRLOSKAR ELECTRIC COMPANY LTD,127.30,129.10,124.40,128.00,127.20,125.25,,128.10,,,13611,1726639.00,258,F1,1,,,,,
2026-10-06,2026-10-06,CM,BSE,STK,533202,INE639K01016,SATCH,X,,,,,SATCHMO HOLDINGS LIMITED,3.39,3.50,3.28,3.32,3.31,3.39,,3.32,,,107719,361292.00,89,F1,1,,,,,
2026-10-06,2026-10-06,CM,BSE,STK,533203,INE747K01017,TARAPUR,B,,,,,TARAPUR TRANSFORMERS LTD,12.56,12.56,11.37,11.47,11.50,11.49,,11.58,,,5452,63559.00,38,F1,1,,,,,
2026-10-06,2026-10-06,CM,BSE,STK,533206,INE002L01015,SJVN,A,,,,,SJVN LTD,57.50,57.51,56.82,57.29,57.29,57.18,,57.26,,,300702,17189884.00,3380,F1,1,,,,,
2026-10-06,2026-10-06,CM,BSE,STK,533208,INE830C01026,EMAMIPAP,T,,,,,EMAMI PAPER MILLS LTD.,115.00,119.40,114.00,114.90,114.30,116.55,,115.17,,,3010,350195.00,35,F1,1,,,,,
2026-10-06,2026-10-06,CM,BSE,STK,533210,INE798K01010,KRITINUT,B,,,,,KRITI NUTRIENTS LTD,71.00,72.85,71.00,72.85,72.85,69.39,,72.61,,,2448,175161.00,59,F1,1,,,,,
2026-10-06,2026-10-06,CM,BSE,STK,533217,INE871K01015,HMVL,T,,,,,HINDUSTAN MEDIA VENTURES LTD.,78.00,78.68,74.10,75.17,77.00,78.00,,74.92,,,1494,112007.00,38,F1,1,,,,,
2026-10-06,2026-10-06,CM,BSE,STK,533218,INE778K01012,EMAMIREAL,B,,,,,EMAMI REALTY LIMITED,68.10,68.90,68.05,68.05,68.05,67.51,,68.43,,,729,50159.00,371,F1,1,,,,,
2026-10-06,2026-10-06,CM,BSE,STK,533221,INE915K01010,AHLWEST,T,,,,,ASIAN HOTELS (WEST) LTD.,578.00,578.00,577.95,577.95,577.95,550.70,,561.48,,,3,1733.00,3,F1,1,,,,,
2026-10-06,2026-10-06,CM,BSE,STK,533227,INE926K01017,AHLEAST,B,,,,,ASIAN HOTELS (EAST) LTD.,134.25,134.25,134.25,134.25,134.25,136.50,,135.74,,,1,134.00,1,F1,1,,,,,
2026-10-06,2026-10-06,CM,BSE,STK,533229,INE933K01021,BAJAJCON,A,,,,,BAJAJ CONSUMER CARE LIMITED,480.35,497.65,480.35,493.60,494.80,480.50,,493.50,,,30686,15139873.00,815,F1,1,,,,,
2026-10-06,2026-10-06,CM,BSE,STK,533230,INF179KC1981,HDFCGOLD,E,,,,,HDFC MUTUAL FUND - HDFC GOLD E,125.39,125.70,124.59,125.53,125.67,125.73,,125.61,,,76190,9529639.00,1244,F1,1,,,,,
2026-10-06,2026-10-06,CM,BSE,STK,533239,INE696K01024,PRAKASHSTL,B,,,,,PRAKASH STEELAGE LTD.,3.50,3.59,3.50,3.54,3.55,3.54,,3.54,,,15022,53328.00,132,F1,1,,,,,
2026-10-06,2026-10-06,CM,BSE,STK,533244,INF109KC1NT3,GOLDIETF,E,,,,,ICICI Prudential Gold ETF,125.43,125.95,124.80,125.82,125.82,126.03,,125.85,,,225900,28338995.00,2692,F1,1,,,,,
2026-10-06,2026-10-06,CM,BSE,STK,533248,INE517F01014,GPPL,A,,,,,GUJARAT PIPAVAV PORT LTD.,168.60,171.00,166.70,168.05,168.40,167.55,,168.21,,,68141,11469194.00,848,F1,1,,,,,
2026-10-06,2026-10-06,CM,BSE,STK,533252,INE389K01018,WELINV,T,,,,,WELSPUN INVESTMENTS AND COMMER,2407.40,2407.40,2407.00,2407.00,2407.00,2360.20,,2423.50,,,6,14442.00,2,F1,1,,,,,
2026-10-06,2026-10-06,CM,BSE,STK,533257,INE866K01023,WAAREEINDO,B,,,,,INDOSOLAR LTD.,205.00,209.40,204.50,208.35,207.00,204.75,,208.08,,,5146,1068738.00,192,F1,1,,,,,
2026-10-06,2026-10-06,CM,BSE,STK,533259,INE019J01013,HEALTHX,B,,,,,HEALTH X PLATFORM LIMITED,276.50,282.30,273.45,279.35,276.40,271.55,,284.92,,,4,1108.00,4,F1,1,,,,,
2026-10-06,2026-10-06,CM,BSE,STK,533260,INE521J01018,CPCAP,B,,,,,CP CAPITAL LIMITED,137.60,161.25,137.60,153.90,153.50,134.40,,154.49,,,34048,5391268.00,641,F1,1,,,,,
2026-10-06,2026-10-06,CM,BSE,STK,533262,INE874I01013,RAMKY,B,,,,,RAMKY INFRASTRUCTURE LTD.,284.95,288.00,282.05,287.40,283.50,282.60,,286.75,,,4788,1362443.00,147,F1,1,,,,,
2026-10-06,2026-10-06,CM,BSE,STK,533263,INE999K01014,GREENPOWER,B,,,,,ORIENT GREEN POWER COMPANY LTD,8.63,8.89,8.63,8.77,8.75,8.69,,8.75,,,172768,1510069.00,690,F1,1,,,,,
2026-10-06,2026-10-06,CM,BSE,STK,533267,INE068L01024,CANTABIL,B,,,,,CANTABIL RETAIL INDIA LTD.,221.80,230.00,221.80,229.75,229.75,226.30,,229.83,,,8173,1865519.00,118,F1,1,,,,,
2026-10-06,2026-10-06,CM,BSE,STK,533268,INE351L01016,SEATV,X,,,,,SEA TV NETWORK LTD.,3.00,3.00,3.00,3.00,3.00,3.00,,3.00,,,2,6.00,1,F1,1,,,,,
2026-10-06,2026-10-06,CM,BSE,STK,533269,INE956G01038,WABAG,A,,,,,VA TECH WABAG LTD.,2019.00,2056.40,1992.00,2005.55,2014.45,1999.40,,2006.86,,,20731,41850725.00,1393,F1,1,,,,,
2026-10-06,2026-10-06,CM,BSE,STK,533270,INE844K01012,BEDMUTHA,B,,,,,BEDMUTHA INDUSTRIES LTD.,111.00,111.00,105.35,107.50,107.50,106.55,,107.18,,,5996,639979.00,65,F1,1,,,,,
2026-10-06,2026-10-06,CM,BSE,STK,533271,INE442H01029,ASHOKA,A,,,,,ASHOKA BUILDCON LTD.,104.25,107.25,104.25,106.40,106.60,105.90,,106.42,,,29113,3096287.00,427,F1,1,,,,,
2026-10-06,2026-10-06,CM,BSE,STK,533272,INE209L01016,JWL,A,,,,,JUPITER WAGONS LIMITED,223.75,226.60,221.90,224.80,224.80,223.40,,224.65,,,54932,12339945.00,930,F1,1,,,,,
2026-10-06,2026-10-06,CM,BSE,STK,533273,INE093I01010,OBEROIRLTY,A,,,,,OBEROI REALTY LTD.,1746.05,1764.00,1737.85,1764.00,1764.00,1769.70,,1751.81,,,12927,22638506.00,1057,F1,1,,,,,
2026-10-06,2026-10-06,CM,BSE,STK,533274,INE811K01011,PRESTIGE,A,,,,,PRESTIGE ESTATES PROJECTS LTD.,1450.00,1465.00,1439.00,1460.10,1460.10,1445.00,,1467.64,,,12183,17726662.00,1258,F1,1,,,,,
2026-10-06,2026-10-06,CM,BSE,STK,533275,INE482J01021,SHAH,B,,,,,SHAH METACORP LIMITED,3.07,3.13,3.03,3.10,3.13,3.04,,3.09,,,29814,92025.00,69,F1,1,,,,,
2026-10-06,2026-10-06,CM,BSE,STK,533278,INE522F01014,COALINDIA,A,,,,,COAL INDIA LTD.,426.55,426.90,410.55,411.85,411.85,425.00,,411.65,,,164276,68407519.00,4683,F1,1,,,,,
2026-10-06,2026-10-06,CM,BSE,STK,533282,INE024L01027,GRAVITA,A,,,,,GRAVITA INDIA LTD.,1423.60,1527.00,1423.60,1500.75,1500.75,1423.55,,1500.89,,,66226,98808757.00,4037,F1,1,,,,,
2026-10-06,2026-10-06,CM,BSE,STK,533284,INE324L01013,RPPINFRA,B,,,,,RPP INFRA PROJECTS LTD.,51.30,52.70,50.15,51.42,51.42,51.21,,51.53,,,3540,182822.00,78,F1,1,,,,,
2026-10-06,2026-10-06,CM,BSE,STK,533285,INE245L01028,RDBIPL,X,,,,,RDB INFRASTRUCTURE AND POWER L,14.80,15.49,14.67,14.95,14.95,15.31,,14.95,,,117252,1748254.00,3649,F1,1,,,,,
2026-10-06,2026-10-06,CM,BSE,STK,533286,INE490G01020,MOIL,A,,,,,MOIL LTD.,237.25,240.20,237.00,239.30,239.30,236.45,,239.20,,,15569,3714250.00,442,F1,1,,,,,
2026-10-06,2026-10-06,CM,BSE,STK,533287,INE565L01011,ZEELEARN,B,,,,,ZEE LEARN LTD.,6.18,6.42,6.14,6.37,6.37,6.26,,6.37,,,59406,370935.00,188,F1,1,,,,,
2026-10-06,2026-10-06,CM,BSE,STK,533289,INE096L01025,KTIL,X,,,,,KESAR TERMINALS & INFRASTRUCTU,60.00,61.00,59.00,60.91,61.00,59.00,,60.91,,,2157,131145.00,10,F1,1,,,,,
2026-10-06,2026-10-06,CM,BSE,STK,533292,INE619I01012,A2ZINFRA,B,,,,,A2Z INFRA ENGINEERING LIMITED,13.60,14.20,13.49,14.04,14.00,13.84,,14.00,,,43718,601254.00,599,F1,1,,,,,
2026-10-06,2026-10-06,CM,BSE,STK,533293,INE146L01010,KIRLOSENG,A,,,,,KIRLOSKAR OIL ENGINES LTD.,2260.00,2275.00,2221.15,2272.45,2265.00,2243.65,,2268.35,,,45080,101951490.00,2019,F1,1,,,,,
2026-10-06,2026-10-06,CM,BSE,STK,533294,INE722J01012,RKDL,B,,,,,RAVI KUMAR DISTILLERIES LTD.,17.60,17.60,17.60,17.60,17.60,17.60,,17.27,,,20,352.00,1,F1,1,,,,,
2026-10-06,2026-10-06,CM,BSE,STK,533295,INE608A01012,PSB,B,,,,,PUNJAB & SIND BANK,20.85,21.23,20.85,21.04,21.04,21.03,,21.05,,,81434,1713022.00,514,F1,1,,,,,
2026-10-06,2026-10-06,CM,BSE,STK,533296,INE360L01017,FMNL,B,,,,,FUTURE MARKET NETWORKS LTD.,8.25,8.33,7.80,8.05,8.05,8.06,,7.96,,,7548,59439.00,42,F1,1,,,,,
2026-10-06,2026-10-06,CM,BSE,STK,533298,INE272L01022,SURANASOL,B,,,,,SURANA SOLAR LTD.,23.60,24.35,23.47,23.97,23.94,24.19,,23.67,,,4607,109315.00,138,F1,1,,,,,
2026-10-06,2026-10-06,CM,BSE,STK,533301,INE268L01046,SHEKHAWATI,T,,,,,SHEKHAWATI INDUSTRIES LIMITED,27.66,27.66,27.66,27.66,27.66,29.11,,27.56,,,1184,32749.00,9,F1,1,,,,,
2026-10-06,2026-10-06,CM,BSE,STK,533302,INE029L01018,KICL,B,,,,,KALYANI INVESTMENT COMPANY LTD,4789.95,4829.95,4770.00,4782.05,4782.05,4706.65,,4808.30,,,77,368545.00,25,F1,1,,,,,
2026-10-06,2026-10-06,CM,BSE,STK,533303,INE878K01010,BFINVEST,B,,,,,BF INVESTMENT LTD.,453.90,453.90,435.15,441.30,441.30,434.50,,441.35,,,138,60572.00,28,F1,1,,,,,
2026-10-06,2026-10-06,CM,BSE,STK,533306,INE519C01017,SUMMITSEC,B,,,,,SUMMIT SECURITIES LTD.,1319.00,1334.00,1305.90,1309.80,1309.80,1310.40,,1321.00,,,341,449552.00,58,F1,1,,,,,
2026-10-06,2026-10-06,CM,BSE,STK,533315,INE690J01011,INOVSYNTH,X,,,,,INNOVASSYNTH TECHNOLOGIES (IND,159.85,160.50,154.30,160.50,160.50,157.40,,160.50,,,564106,89759277.00,616,F1,1,,,,,
2026-10-06,2026-10-06,CM,BSE,STK,533316,INE577L01016,STEL,B,,,,,STEL HOLDINGS LIMITED,571.00,571.00,568.00,568.00,568.00,567.55,,575.95,,,42,23936.00,6,F1,1,,,,,
2026-10-06,2026-10-06,CM,BSE,STK,533326,INE621L01012,TEXRAIL,A,,,,,TEXMACO RAIL & ENGINEERING LTD,117.35,119.90,116.75,117.40,117.35,117.30,,117.38,,,129411,15316476.00,1236,F1,1,,,,,
2026-10-06,2026-10-06,CM,BSE,STK,533329,INE611L01021,INDTERRAIN,B,,,,,INDIAN TERRAIN FASHIONS LTD.,30.10,30.10,29.01,29.22,29.98,29.00,,29.22,,,1045,30532.00,30,F1,1,,,,,
2026-10-06,2026-10-06,CM,BSE,STK,533333,INE045J01034,FCL,B,,,,,FINEOTEX CHEMICAL LTD.,54.15,59.43,54.15,59.19,59.19,54.03,,59.20,,,3824991,223696211.00,9708,F1,1,,,,,
2026-10-06,2026-10-06,CM,BSE,STK,533336,INE320L01011,DHUNINV,B,,,,,DHUNSERI INVESTMENTS LTD.,975.00,975.00,960.10,960.10,960.10,953.60,,966.90,,,13,12660.00,3,F1,1,,,,,
2026-10-06,2026-10-06,CM,BSE,STK,533339,INE251B01027,ZENTEC,A,,,,,ZEN TECHNOLOGIES LTD.,1607.10,1621.85,1599.85,1614.15,1615.55,1598.40,,1614.30,,,8087,13011312.00,589,F1,1,,,,,
2026-10-06,2026-10-06,CM,BSE,STK,533343,INE597L01014,LOVABLE,B,,,,,LOVABLE LINGERIE LTD.,68.31,70.64,67.23,68.99,68.99,68.67,,69.00,,,117,7991.00,16,F1,1,,,,,
2026-10-06,2026-10-06,CM,BSE,STK,533344,INE560K01014,PFS,B,,,,,PTC INDIA FINANCIAL SERVICES L,28.19,28.55,27.25,27.38,27.36,28.19,,27.29,,,46473,1284798.00,310,F1,1,,,,,
2026-10-06,2026-10-06,CM,BSE,STK,533385,INF247L01AP3,MON100,B,,,,,MOTILAL OSWAL MOST SHARES NASD,328.65,331.00,317.26,330.54,330.54,325.40,,330.44,,,78887,25925386.00,2409,F1,1,,,,,
2026-10-06,2026-10-06,CM,BSE,STK,533398,INE414G01012,MUTHOOTFIN,A,,,,,MUTHOOT FINANCE LTD.,2709.40,2716.40,2680.00,2688.55,2688.55,2722.00,,2686.05,,,25364,68391677.00,3450,F1,1,,,,,
2026-10-06,2026-10-06,CM,BSE,STK,533407,INE672K01025,TRUEGREEN,B,,,,,TRUE GREEN BIO ENERGY LIMITED,172.85,172.90,164.30,164.30,164.30,172.90,,164.30,,,10216,1681798.00,152,F1,1,,,,,
2026-10-06,2026-10-06,CM,BSE,STK,533408,INF209KB18D3,BSLGOLDETF,E,,,,,Aditya Birla Sun Life Mutual F,128.26,129.49,128.26,129.29,129.39,129.51,,129.39,,,10435,1342461.00,147,F1,1,,,,,
2026-10-06,2026-10-06,CM,BSE,STK,533427,INE932K01015,VMS,X,,,,,VMS INDUSTRIES LTD.,17.78,18.79,17.35,17.89,17.94,18.20,,17.89,,,13800,246461.00,146,F1,1,,,,,
2026-10-06,2026-10-06,CM,BSE,STK,533451,INE725L01011,KARMAENG,B,,,,,KARMA ENERGY LTD.,35.85,36.90,35.11,36.17,36.90,36.60,,36.24,,,610,22153.00,36,F1,1,,,,,
2026-10-06,2026-10-06,CM,BSE,STK,533452,INE726L01027,DELPHIFX,T,,,,,DELPHI WORLD MONEY LIMITED,7.08,7.08,7.08,7.08,7.08,6.95,,7.13,,,1,7.00,1,F1,1,,,,,
2026-10-06,2026-10-06,CM,BSE,STK,533470,INE573K01025,RUSHIL,B,,,,,RUSHIL DECOR LTD.,16.00,16.00,15.41,15.71,15.75,15.52,,15.55,,,11113,173182.00,69,F1,1,,,,,
2026-10-06,2026-10-06,CM,BSE,STK,533477,INE130L01014,ENKEIWHEL,B,,,,,ENKEI WHEELS (INDIA) LTD.,395.95,395.95,385.00,387.95,387.95,395.95,,387.12,,,776,301284.00,29,F1,1,,,,,
2026-10-06,2026-10-06,CM,BSE,STK,533482,INE524L01026,KRIDHANINF,B,,,,,KRIDHAN INFRA LIMITED,1.92,1.95,1.85,1.86,1.86,1.92,,1.88,,,8150,15275.00,12,F1,1,,,,,
2026-10-06,2026-10-06,CM,BSE,STK,533506,INE878H01024,INVENTURE,B,,,,,INVENTURE GROWTH & SECURITIES,0.85,0.86,0.84,0.85,0.86,0.85,,0.85,,,131503,111512.00,59,F1,1,,,,,
2026-10-06,2026-10-06,CM,BSE,STK,533519,INE498L01015,LTF,A,,,,,L&T Finance Limited,263.15,265.30,261.50,264.50,264.50,264.20,,264.40,,,181455,47804205.00,3154,F1,1,,,,,
2026-10-06,2026-10-06,CM,BSE,STK,533520,INE126M01010,IBULLSLTD,B,,,,,Indiabulls Limited,30.00,30.93,29.67,30.93,30.93,29.46,,30.95,,,1578849,48368906.00,2818,F1,1,,,,,
2026-10-06,2026-10-06,CM,BSE,STK,533540,INE040M01013,TREEHOUSE,B,,,,,TREE HOUSE EDUCATION & ACCESSO,5.97,5.97,5.62,5.97,5.97,5.75,,5.82,,,7420,43987.00,18,F1,1,,,,,
2026-10-06,2026-10-06,CM,BSE,STK,533543,INE650L01011,BROOKS,B,,,,,BROOKS LABORATORIES LTD.,55.86,60.14,55.55,60.14,60.14,54.68,,59.66,,,42478,2547352.00,101,F1,1,,,,,
2026-10-06,2026-10-06,CM,BSE,STK,533552,INE895B01021,RUPA,B,,,,,RUPA & COMPANY LTD.,129.65,130.75,128.60,129.05,129.25,128.55,,128.99,,,10150,1312379.00,347,F1,1,,,,,
2026-10-06,2026-10-06,CM,BSE,STK,533553,INE419M01035,TDPOWERSYS,A,,,,,T D POWER SYSTEMS LTD.,812.45,832.85,798.75,816.25,816.25,812.55,,816.01,,,134610,109825618.00,4892,F1,1,,,,,
2026-10-06,2026-10-06,CM,BSE,STK,533570,INF846K01W80,GOLDAXIS,E,,,,,AXIS MUTUAL FUND - AXIS GOLD E,121.88,122.41,121.36,122.35,122.35,122.51,,122.34,,,12813,1561058.00,333,F1,1,,,,,
2026-10-06,2026-10-06,CM,BSE,STK,533573,INE901L01018,APLLTD,A,,,,,ALEMBIC PHARMACEUTICALS LTD.,832.25,840.00,826.45,833.90,835.20,831.15,,834.19,,,2291,1907275.00,278,F1,1,,,,,
2026-10-06,2026-10-06,CM,BSE,STK,533576,INE590L01019,VASWANI,B,,,,,VASWANI INDUSTRIES LTD.,44.45,44.50,43.00,43.45,43.45,44.20,,43.41,,,839,36375.00,22,F1,1,,,,,
2026-10-06,2026-10-06,CM,BSE,STK,533581,INE457L01029,PGEL,A,,,,,PG ELECTROPLAST LTD.,487.15,532.30,484.50,527.05,527.05,487.00,,527.61,,,286974,148220092.00,4379,F1,1,,,,,
2026-10-06,2026-10-06,CM,BSE,STK,533602,INE050L01048,LESHAIND,X,,,,,LESHA INDUSTRIES LTD.,0.80,0.82,0.78,0.82,0.82,0.80,,0.82,,,30858,24909.00,80,F1,1,,,,,
2026-10-06,2026-10-06,CM,BSE,STK,533608,INE123M01017,RDBRL,X,,,,,RDB RASAYANS LTD.,163.75,163.75,159.00,160.00,159.35,160.65,,160.00,,,6103,980252.00,92,F1,1,,,,,
2026-10-06,2026-10-06,CM,BSE,STK,533629,INE440L01017,TIJARIA,T,,,,,TIJARIA POLYPIPES LTD.,6.49,6.59,6.25,6.59,6.59,6.48,,6.42,,,4339,27388.00,20,F1,1,,,,,
2026-10-06,2026-10-06,CM,BSE,STK,533632,INE912L01015,ONELIFECAP,T,,,,,ONELIFE CAPITAL ADVISORS LTD.,43.57,45.50,42.90,45.25,45.50,43.57,,45.08,,,12606,563236.00,61,F1,1,,,,,
2026-10-06,2026-10-06,CM,BSE,STK,533638,INE060J01017,FLEXITUFF,T,,,,,FLEXITUFF VENTURES INTERNATION,3.15,3.15,3.15,3.15,3.15,3.09,,3.14,,,4800,15120.00,13,F1,1,,,,,
2026-10-06,2026-10-06,CM,BSE,STK,533644,INE899L01030,UEL,B,,,,,UJAAS ENERGY LIMITED,184.00,184.00,175.95,177.40,176.55,176.80,,179.22,,,1855,330785.00,170,F1,1,,,,,
2026-10-06,2026-10-06,CM,BSE,STK,533655,INE152M01016,TRITURBINE,A,,,,,TRIVENI TURBINE LTD.,530.55,537.10,518.90,536.05,533.85,525.70,,536.10,,,1210028,632382900.00,3114,F1,1,,,,,
2026-10-06,2026-10-06,CM,BSE,STK,533676,INE337M01021,INDOTHAI,B,,,,,INDO THAI SECURITIES LTD.,38.39,38.83,36.99,38.83,38.83,36.99,,38.78,,,131961,5094095.00,471,F1,1,,,,,
2026-10-06,2026-10-06,CM,BSE,STK,533704,INE122M01019,ESSARSHPNG,B,,,,,ESSAR SHIPPING LTD.,17.05,17.60,16.43,16.66,17.00,17.05,,16.71,,,48628,827985.00,357,F1,1,,,,,
2026-10-06,2026-10-06,CM,BSE,STK,533719,INF767K01SM1,LICMFGOLD,E,,,,,LIC MUTUAL FUND - LIC MF GOLD,132.00,132.30,131.23,131.67,131.58,132.42,,131.96,,,8788,1156514.00,123,F1,1,,,,,
2026-10-06,2026-10-06,CM,BSE,STK,533758,INE702C01027,APLAPOLLO,A,,,,,APL APOLLO TUBES LTD.,2107.75,2150.00,2100.90,2145.00,2145.00,2096.95,,2151.97,,,13622,29127407.00,1052,F1,1,,,,,
2026-10-06,2026-10-06,CM,BSE,STK,533761,INE390G01014,GPTINFRA,B,,,,,GPT INFRAPROJECTS LTD.,120.00,122.15,120.00,121.70,121.45,120.30,,121.63,,,17605,2142326.00,362,F1,1,,,,,
2026-10-06,2026-10-06,CM,BSE,STK,533896,INE258M01011,FERVENTSYN,X,,,,,FERVENT SYNERGIES LTD.,15.38,15.38,15.38,15.38,15.38,15.40,,15.38,,,105,1614.00,2,F1,1,,,,,
2026-10-06,2026-10-06,CM,BSE,STK,533941,INE480M01011,THOMASCOTT,B,,,,,THOMAS SCOTT (INDIA) LIMITED,279.75,288.40,276.30,280.20,281.50,279.95,,280.67,,,9496,2663975.00,254,F1,1,,,,,
2026-10-06,2026-10-06,CM,BSE,STK,533982,INE482B01010,TERASOFT,B,,,,,TERA SOFTWARE LTD.,230.80,252.80,230.80,236.60,236.15,226.25,,237.70,,,5441,1289759.00,365,F1,1,,,,,
2026-10-06,2026-10-06,CM,BSE,STK,534060,INE793G01035,PMCFIN,X,,,,,PMC FINCORP LIMITED,1.87,2.00,1.80,1.84,1.84,1.86,,1.84,,,685097,1281057.00,482,F1,1,,,,,
2026-10-06,2026-10-06,CM,BSE,STK,534063,INE241F01011,FUTSOL,X,,,,,FUTURISTIC SOLUTIONS LTD.,45.85,45.85,45.85,45.85,45.85,45.85,,45.85,,,3,137.00,3,F1,1,,,,,
2026-10-06,2026-10-06,CM,BSE,STK,534064,INE123D01024,AIML,XT,,,,,ALLIANCE INTEGRATED METALIKS L,3.00,3.00,2.96,2.96,2.96,2.97,,2.96,,,86927,258652.00,76,F1,1,,,,,
2026-10-06,2026-10-06,CM,BSE,STK,534076,INE743M01012,RHIM,A,,,,,RHI MAGNESITA INDIA LIMITED,374.05,376.55,370.15,373.50,374.05,372.65,,373.40,,,8361,3124863.00,314,F1,1,,,,,
2026-10-06,2026-10-06,CM,BSE,STK,534091,INE745G01043,MCX,A,,,,,MULTI COMMODITY EXCHANGE OF IN,3183.05,3321.95,3183.05,3315.00,3315.00,3183.00,,3310.20,,,181156,589025089.00,8593,F1,1,,,,,
2026-10-06,2026-10-06,CM,BSE,STK,534139,INE839M01018,SCHNEIDER,A,,,,,SCHNEIDER ELECTRIC INFRASTRUCT,1282.00,1290.55,1254.60,1271.80,1269.75,1267.10,,1273.89,,,15705,20025173.00,820,F1,1,,,,,
2026-10-06,2026-10-06,CM,BSE,STK,534190,INE550L01013,OLPCL,X,,,,,OLYMPIC CARDS LTD.,2.80,2.80,2.80,2.80,2.80,2.82,,2.80,,,25,70.00,2,F1,1,,,,,
2026-10-06,2026-10-06,CM,BSE,STK,534309,INE095N01031,NBCC,A,,,,,NBCC (India) Limited,76.55,77.79,76.22,77.20,77.20,76.20,,77.05,,,445777,34197737.00,2809,F1,1,,,,,
2026-10-06,2026-10-06,CM,BSE,STK,534312,INE472M01018,MTEDUCARE,T,,,,,MT EDUCARE LTD.,1.77,1.77,1.61,1.72,1.72,1.69,,1.63,,,1558,2529.00,5,F1,1,,,,,
2026-10-06,2026-10-06,CM,BSE,STK,534328,INE750M01017,HEXATRADEX,B,,,,,HEXA TRADEX LTD.,155.00,155.00,155.00,155.00,155.00,152.15,,155.85,,,64,9920.00,2,F1,1,,,,,
2026-10-06,2026-10-06,CM,BSE,STK,534338,INE393F01010,MAXHEIGHTS,X,,,,,Max heights Infrastucture Ltd,11.35,11.35,10.01,10.82,10.95,10.53,,10.82,,,3232,34278.00,19,F1,1,,,,,
2026-10-06,2026-10-06,CM,BSE,STK,534369,INE760L01018,TBZ,T,,,,,TRIBHOVANDAS BHIMJI ZAVERI LTD,593.80,623.00,565.85,609.95,617.60,595.60,,608.90,,,52955,30325894.00,771,F1,1,,,,,
2026-10-06,2026-10-06,CM,BSE,STK,534392,INE050M01012,VSSL,B,,,,,VARDHMAN SPECIAL STEELS LTD.,384.15,392.70,384.15,387.00,387.00,386.10,,389.62,,,2648,1027900.00,97,F1,1,,,,,
2026-10-06,2026-10-06,CM,BSE,STK,534422,INE204N01013,LOOKS,X,,,,,LOOKS HEALTH SERVICES LIMITED,9.21,9.55,9.20,9.55,9.54,9.25,,9.55,,,9766,90073.00,18,F1,1,,,,,
2026-10-06,2026-10-06,CM,BSE,STK,534425,INE247M01014,SPECIALITY,T,,,,,SPECIALITY RESTAURANTS LTD.,157.00,160.00,153.80,158.85,160.00,157.00,,157.93,,,2823,445301.00,29,F1,1,,,,,
2026-10-06,2026-10-06,CM,BSE,STK,534532,INE142K01011,AURUS,B,,,,,AURUS GEM CORPORATION LIMITED,4.35,4.43,4.07,4.35,4.35,4.35,,4.29,,,520,2169.00,16,F1,1,,,,,
2026-10-06,2026-10-06,CM,BSE,STK,534535,INE958L01034,META,T,,,,,STRING METAVERSE LIMITED,7.32,7.45,7.00,7.32,7.32,7.23,,7.32,,,954021,6784739.00,1018,F1,1,,,,,
2026-10-06,2026-10-06,CM,BSE,STK,534597,INE834M01019,RTNINDIA,B,,,,,RATTANINDIA ENTERPRISES LIMITE,25.64,26.24,25.45,26.11,26.18,25.56,,26.13,,,96679,2509118.00,891,F1,1,,,,,
2026-10-06,2026-10-06,CM,BSE,STK,534598,INE735M01018,SAMPANN,B,,,,,Sampann Utpadan India Limited,24.15,24.59,24.00,24.00,24.29,24.41,,24.00,,,997,24279.00,23,F1,1,,,,,
2026-10-06,2026-10-06,CM,BSE,STK,534600,INE391J01032,JTLIND,B,,,,,JTL INDUSTRIES LIMITED,87.40,87.40,83.55,84.53,84.64,84.84,,84.53,,,65093,5503174.00,753,F1,1,,,,,
2026-10-06,2026-10-06,CM,BSE,STK,534612,INE436N01029,AMTL,X,,,,,ADVANCE METERING TECHNOLOGY LT,18.39,18.39,17.26,17.35,17.26,17.26,,17.35,,,411,7161.00,13,F1,1,,,,,
2026-10-06,2026-10-06,CM,BSE,STK,534615,INE553C01016,NECCLTD,B,,,,,NORTH EASTERN CARRYING CORPORA,19.85,20.14,18.75,19.45,19.53,19.11,,19.39,,,23129,456173.00,265,F1,1,,,,,
2026-10-06,2026-10-06,CM,BSE,STK,534618,INE299N01021,WAAREERTL,A,,,,,WAAREE RENEWABLE TECHNOLOGIES,801.65,828.05,801.65,826.20,824.20,809.15,,825.98,,,11485,9427996.00,948,F1,1,,,,,
2026-10-06,2026-10-06,CM,BSE,STK,534623,INE524N01014,JUPITERIN,X,,,,,JUPITER INFOMEDIA LTD.,36.00,36.81,35.08,35.66,36.15,35.88,,35.66,,,5646,203911.00,53,F1,1,,,,,
2026-10-06,2026-10-06,CM,BSE,STK,534639,INE581M01016,VINAYAKPOL,X,,,,,VINAYAK POLYCON INTERNATIONAL,21.00,21.00,21.00,21.00,21.00,21.00,,21.00,,,46,966.00,3,F1,1,,,,,
2026-10-06,2026-10-06,CM,BSE,STK,534674,INE741L01018,DUCON,B,,,,,Ducon Infratechnologies Ltd,1.44,1.44,1.44,1.44,1.44,1.38,,1.42,,,200876,289261.00,42,F1,1,,,,,
2026-10-06,2026-10-06,CM,BSE,STK,534675,INE195N01013,PROZONER,B,,,,,PROZONE REALTY LIMITED,57.65,57.65,51.51,52.30,52.35,50.38,,52.45,,,21902,1151747.00,280,F1,1,,,,,
2026-10-06,2026-10-06,CM,BSE,STK,534680,INE559N01010,SRGHFL,B,,,,,SRG HOUSING FINANCE LTD.,129.90,129.90,122.95,122.95,122.95,129.40,,122.55,,,2526,317521.00,39,F1,1,,,,,
2026-10-06,2026-10-06,CM,BSE,STK,534691,INE456N01019,COMCL,X,,,,,COMFORT COMMOTRADE LTD.,13.00,13.50,13.00,13.20,13.20,13.24,,13.20,,,2469,32291.00,23,F1,1,,,,,
2026-10-06,2026-10-06,CM,BSE,STK,534708,INE892L01019,SHANTIGURU,M,,,,,SHANTI GURU INDUSTRIES LIMITED,8.42,8.42,8.42,8.42,8.42,8.60,,8.42,,,6000,50520.00,2,F1,3000,,,,,
2026-10-06,2026-10-06,CM,BSE,STK,534732,INE176N01039,CASPIAN,X,,,,,CASPIAN CORPORATE SERVICES LIM,34.85,34.85,34.00,34.45,34.40,34.33,,34.45,,,5893,202354.00,87,F1,1,,,,,
2026-10-06,2026-10-06,CM,BSE,STK,534733,INE175N01023,AERPACE,XT,,,,,Aerpace Industries Limited,37.00,37.10,37.00,37.10,37.10,37.69,,37.10,,,244093,9044546.00,131,F1,1,,,,,
2026-10-06,2026-10-06,CM,BSE,STK,534741,INE247C01023,VIRTUALG,T,,,,,VIRTUAL GLOBAL EDUCATION LTD.,0.43,0.44,0.41,0.43,0.43,0.43,,0.42,,,76084,32618.00,27,F1,1,,,,,
2026-10-06,2026-10-06,CM,BSE,STK,534742,INE840M01016,ZUARI,B,,,,,ZUARI AGRO CHEMICALS LTD.,211.50,219.00,211.50,218.20,218.90,211.60,,218.27,,,9251,1992849.00,164,F1,1,,,,,
2026-10-06,2026-10-06,CM,BSE,STK,534748,INE503B01021,STEELXIND,B,,,,,STEEL EXCHANGE INDIA LTD.,11.12,11.58,11.12,11.48,11.48,11.13,,11.46,,,314173,3566103.00,574,F1,1,,,,,
2026-10-06,2026-10-06,CM,BSE,STK,534755,INE234G01022,TRIOMERC,XT,,,,,TRIO MERCANTILE & TRADING LTD.,2.23,2.36,2.15,2.30,2.36,2.25,,2.30,,,53616,120510.00,73,F1,1,,,,,
2026-10-06,2026-10-06,CM,BSE,STK,534796,INE198N01017,JUJHARLOGI,X,,,,,JUJHAR LOGISTICS  LIMITED,216.90,216.90,199.25,209.90,209.90,208.50,,209.90,,,1109,222183.00,18,F1,1,,,,,
2026-10-06,2026-10-06,CM,BSE,STK,534804,INE752H01013,CARERATING,A,,,,,CARE Ratings Limited,1602.70,1636.50,1584.00,1587.15,1587.15,1614.60,,1588.16,,,3366,5375298.00,431,F1,1,,,,,
2026-10-06,2026-10-06,CM,BSE,STK,534809,INE785M01021,PCJEWELLER,A,,,,,PC JEWELLER LTD.,13.15,13.20,12.85,12.94,12.94,13.05,,12.93,,,5745362,74703735.00,6415,F1,1,,,,,
2026-10-06,2026-10-06,CM,BSE,STK,534816,INE121J01017,INDUSTOWER,A,,,,,INDUS TOWERS LIMITED,382.15,392.35,382.15,388.80,388.80,381.20,,389.10,,,290805,113378420.00,4167,F1,1,,,,,
2026-10-06,2026-10-06,CM,BSE,STK,534920,INE899M01020,ISERA,XT,,,,,iSERA LIFESCIENCES LIMITED,143.90,143.90,143.90,143.90,143.90,143.90,,143.90,,,1000,143900.00,3,F1,1,,,,,
2026-10-06,2026-10-06,CM,BSE,STK,534976,INE665J01013,VMART,A,,,,,V-MART RETAIL LTD.,760.00,799.15,759.95,794.70,791.80,770.60,,793.02,,,2285,1797739.00,244,F1,1,,,,,
2026-10-06,2026-10-06,CM,BSE,STK,535136,INE149O01018,NIBE,B,,,,,NIBE LIMITED,1224.95,1245.70,1220.00,1240.20,1240.00,1221.25,,1240.71,,,8821,10900224.00,812,F1,1,,,,,
2026-10-06,2026-10-06,CM,BSE,STK,535204,INE160O01031,MUKTA,XT,,,,,Mukta Agriculture Limited,4.67,4.67,4.67,4.67,4.67,4.90,,4.67,,,4037,18852.00,18,F1,1,,,,,
2026-10-06,2026-10-06,CM,BSE,STK,535205,INE159O01033,MYSTICELE,X,,,,,Mystic Electronics Limited,4.78,4.78,3.86,4.08,4.08,4.01,,4.08,,,7451,29847.00,27,F1,1,,,,,
2026-10-06,2026-10-06,CM,BSE,STK,535267,INE274M01026,COMFINCAP,X,,,,,COMFORT FINCAP LTD.,7.50,7.59,7.50,7.50,7.50,7.52,,7.50,,,3323,24993.00,48,F1,1,,,,,
2026-10-06,2026-10-06,CM,BSE,STK,535276,INF200K01VT2,SBISENSEX,B,,,,,SBI MUTUAL FUND - SBI ETF SENS,812.88,815.00,805.01,814.78,815.00,807.51,,814.78,,,3621,2937273.00,204,F1,1,,,,,
2026-10-06,2026-10-06,CM,BSE,STK,535322,INE612J01015,REPCOHOME,B,,,,,REPCO HOME FINANCE LTD.,332.00,333.15,325.70,326.05,325.70,329.80,,326.44,,,4485,1472912.00,428,F1,1,,,,,
2026-10-06,2026-10-06,CM,BSE,STK,535387,INE191O01010,LAKHOTIA,X,,,,,LAKHOTIA POLYESTERS (INDIA) LT,64.00,64.00,57.40,57.40,57.40,57.90,,57.40,,,142,8206.00,5,F1,1,,,,,
2026-10-06,2026-10-06,CM,BSE,STK,535431,INE168O01026,GCMSECU,B,,,,,GCM SECURITIES LTD,0.62,0.63,0.61,0.62,0.61,0.64,,0.62,,,185290,114626.00,112,F1,1,,,,,
2026-10-06,2026-10-06,CM,BSE,STK,535458,INE047O01014,NIBL,B,,,,,NRB INDUSTRIAL BEARINGS LTD.,31.70,31.70,31.05,31.05,31.05,31.06,,31.20,,,316,9941.00,123,F1,1,,,,,
2026-10-06,2026-10-06,CM,BSE,STK,535566,INE902D01013,KIFS,X,,,,,KIFS FINANCIAL SERVICES LTD.,105.25,107.05,105.25,106.50,106.00,108.40,,106.50,,,97,10333.00,6,F1,1,,,,,
2026-10-06,2026-10-06,CM,BSE,STK,535601,INE099F01013,SREEL,T,,,,,SREELEATHERS LTD.,288.95,299.40,288.95,294.00,294.00,288.95,,286.92,,,356,104031.00,12,F1,1,,,,,
2026-10-06,2026-10-06,CM,BSE,STK,535602,INE597I01028,SHARDAMOTR,B,,,,,SHARDA MOTOR INDUSTRIES LTD,937.75,937.75,922.60,928.40,924.00,918.50,,928.55,,,2614,2423390.00,301,F1,1,,,,,
2026-10-06,2026-10-06,CM,BSE,STK,535621,INE159L01013,SVGLOBAL,B,,,,,S V GLOBAL MILL LTD.,136.00,142.00,135.70,142.00,142.00,142.90,,140.92,,,94,13268.00,8,F1,1,,,,,
2026-10-06,2026-10-06,CM,BSE,STK,535648,INE599M01018,JUSTDIAL,A,,,,,JUST DIAL LTD.,651.45,660.00,648.85,659.55,658.25,651.90,,658.97,,,4902,3202668.00,247,F1,1,,,,,
2026-10-06,2026-10-06,CM,BSE,STK,535657,INE860E01011,OONE,X,,,,,OBJECTONE INFORMATION SYSTEMS,7.90,7.90,6.53,6.53,6.53,7.99,,6.53,,,32,222.00,4,F1,1,,,,,
2026-10-06,2026-10-06,CM,BSE,STK,535667,INE474O01010,IFINSEC,X,,,,,INDIA FINSEC LTD.,249.95,255.00,248.00,255.00,255.00,249.95,,255.00,,,4892,1222969.00,54,F1,1,,,,,
2026-10-06,2026-10-06,CM,BSE,STK,535693,INE320I01017,BRAHMINFRA,B,,,,,BRAHMAPUTRA INFRASTRUCTURE LTD,147.65,147.65,142.00,145.30,146.00,142.95,,145.48,,,7598,1100004.00,116,F1,1,,,,,
2026-10-06,2026-10-06,CM,BSE,STK,535719,INE989J01017,AMPVOLTS,X,,,,,AMPVOLTS LIMITED,24.85,24.96,23.60,24.10,24.49,24.75,,24.10,,,11576,280562.00,74,F1,1,,,,,
2026-10-06,2026-10-06,CM,BSE,STK,535730,INE731G01027,KHOOBSURAT,X,,,,,KHOOBSURAT LTD,0.42,0.43,0.41,0.43,0.43,0.42,,0.43,,,358119,150073.00,202,F1,1,,,,,
2026-10-06,2026-10-06,CM,BSE,STK,535754,INE876N01018,ORIENTCEM,B,,,,,ORIENT CEMENT LTD,116.65,117.90,115.45,115.60,115.60,116.40,,115.75,,,20258,2356271.00,234,F1,1,,,,,
2026-10-06,2026-10-06,CM,BSE,STK,535755,INE647O01011,ABFRL,A,,,,,Aditya Birla Fashion and Retai,44.47,47.34,44.47,45.74,45.67,44.37,,45.68,,,689267,32018382.00,5661,F1,1,,,,,
2026-10-06,2026-10-06,CM,BSE,STK,535789,INE148I01020,SAMMAANCAP,A,,,,,Sammaan Capital Limited,134.50,135.00,133.00,134.40,134.40,133.15,,134.40,,,239337,32070725.00,3457,F1,1,,,,,
2026-10-06,2026-10-06,CM,BSE,STK,535910,INE340O01021,MMLF,B,,,,,MONEY MASTERS LEASING & FINANC,0.67,0.67,0.63,0.67,0.67,0.67,,0.67,,,25023,16143.00,53,F1,1,,,,,
2026-10-06,2026-10-06,CM,BSE,STK,535916,INE030P01017,ALSL,B,,,,,ALACRITY SECURITIES LTD,49.17,49.18,44.55,45.04,45.04,46.41,,45.04,,,36173,1631493.00,542,F1,1,,,,,
2026-10-06,2026-10-06,CM,BSE,STK,535958,INE418N01035,ESSENTIA,B,,,,,Integra Essentia Limited,1.01,1.03,1.01,1.01,1.01,1.01,,1.01,,,118144,120313.00,116,F1,1,,,,,
2026-10-06,2026-10-06,CM,BSE,STK,536073,INE890N01027,JULIEN,X,,,,,JULIEN AGRO INFRATECH LIMITED,1.13,1.17,1.13,1.16,1.16,1.14,,1.16,,,64315,73909.00,102,F1,1,,,,,
2026-10-06,2026-10-06,CM,BSE,STK,536264,INE906O01029,TIGERLOGS,B,,,,,TIGER LOGISTICS (INDIA) LTD,26.76,27.30,25.00,26.39,26.16,26.24,,25.89,,,17359,448005.00,144,F1,1,,,,,
2026-10-06,2026-10-06,CM,BSE,STK,536493,INE690O01011,JKAGRI,X,,,,,JK AGRI GENETICS LTD,290.50,290.50,280.30,289.40,289.20,277.50,,289.40,,,247,71582.00,21,F1,1,,,,,
2026-10-06,2026-10-06,CM,BSE,STK,536507,INE452O01016,FLFL,Z,,,,,FUTURE LIFESTYLE FASHIONS LTD,1.06,1.06,1.00,1.02,1.02,1.05,,1.02,,,66258,66773.00,51,F1,1,,,,,
2026-10-06,2026-10-06,CM,BSE,STK,536565,INE314I01036,NOVELIX,X,,,,,NOVELIX PHARMACEUTICALS LIMITE,71.99,72.00,68.30,69.06,68.95,66.23,,69.06,,,2653,185853.00,51,F1,1,,,,,
2026-10-06,2026-10-06,CM,BSE,STK,536659,INE428B01021,PVVINFRA,X,,,,,PVV Infra Limited,2.15,2.20,2.08,2.09,2.09,2.12,,2.09,,,601507,1276466.00,440,F1,1,,,,,
2026-10-06,2026-10-06,CM,BSE,STK,536672,INE962O01014,VCU,X,,,,,VCU DATA MANAGEMENT LTD,6.50,6.97,6.40,6.52,6.80,6.71,,6.52,,,4407,29017.00,58,F1,1,,,,,
2026-10-06,2026-10-06,CM,BSE,STK,536709,INE138O01029,INDRENEW,Z,,,,,IND Renewable Energy Ltd,13.93,14.28,13.35,14.00,14.00,13.93,,14.00,,,12862,180012.00,34,F1,1,,,,,
2026-10-06,2026-10-06,CM,BSE,STK,536737,INE218P01018,ACFSL,MT,,,,,AMRAPALI CAPITAL AND FINANCE S,80.10,80.10,80.10,80.10,80.10,83.00,,80.10,,,1200,96120.00,1,F1,1200,,,,,
2026-10-06,2026-10-06,CM,BSE,STK,536738,INE325P01011,STELLAR,M,,,,,STELLAR CAPITAL SERVICES LTD,4.20,4.65,4.20,4.43,4.65,4.95,,4.43,,,18000,79800.00,3,F1,6000,,,,,
2026-10-06,2026-10-06,CM,BSE,STK,536773,INE147P01019,JPOLYINVST,B,,,,,JINDAL POLY INVESTMENT AND FIN,968.90,968.90,901.20,919.65,920.00,886.85,,923.70,,,183,167269.00,39,F1,1,,,,,
2026-10-06,2026-10-06,CM,BSE,STK,536846,INE156M01017,YURANUS,XT,,,,,YURANUS INFRASTRUCTURE LTD,111.99,112.02,101.40,107.08,101.40,106.69,,107.08,,,820,89385.00,15,F1,1,,,,,
2026-10-06,2026-10-06,CM,BSE,STK,536960,INF247L01023,MOM100,B,,,,,MOTILAL OSWAL MUTUAL FUND - MO,63.21,64.91,63.07,64.61,64.83,63.79,,64.60,,,25869,1663891.00,406,F1,1,,,,,
2026-10-06,2026-10-06,CM,BSE,STK,536974,INE536P01021,CPL,B,,,,,CAPTAIN POLYPLAST LTD,62.69,63.22,61.42,61.93,61.93,62.75,,62.09,,,9538,591754.00,126,F1,1,,,,,
2026-10-06,2026-10-06,CM,BSE,STK,537007,INF109K012R6,NIFTYIETF,B,,,,,ICICI Prudential Nifty ETF,249.64,258.00,249.64,257.73,257.93,256.05,,257.79,,,18098,4655517.00,510,F1,1,,,,,
2026-10-06,2026-10-06,CM,BSE,STK,537008,INF109KC16V9,NIF100IETF,B,,,,,ICICI Prudential Nifty 100 ETF,26.49,26.81,26.39,26.66,26.79,26.39,,26.65,,,23196,617251.00,181,F1,1,,,,,
2026-10-06,2026-10-06,CM,BSE,STK,537069,INE185K01036,ARNOLD,XT,,,,,ARNOLD HOLDINGS LTD,17.15,18.20,16.63,16.73,18.09,17.50,,16.73,,,4780,80862.00,35,F1,1,,,,,
2026-10-06,2026-10-06,CM,BSE,STK,537253,INE671C01016,SUNLOC,B,,,,,SUNIL HEALTHCARE LTD,74.00,74.00,67.00,72.00,72.00,67.00,,72.00,,,6,432.00,4,F1,1,,,,,
2026-10-06,2026-10-06,CM,BSE,STK,537254,INE140B01048,JTLDEFENCE,XT,,,,,JTL DEFENCE LIMITED,685.70,685.70,685.70,685.70,685.70,699.65,,685.70,,,788,540331.00,52,F1,1,,,,,
2026-10-06,2026-10-06,CM,BSE,STK,537259,INE442P01014,SUYOG,B,,,,,SUYOG TELEMATICS LTD,670.30,675.55,657.00,673.20,673.20,657.70,,667.25,,,271,179458.00,25,F1,1,,,,,
2026-10-06,2026-10-06,CM,BSE,STK,537291,INE448G01010,NATHBIOGEN,B,,,,,NATH BIO-GENES (INDIA) LTD,134.00,139.65,134.00,138.95,138.95,134.20,,138.34,,,1684,233522.00,152,F1,1,,,,,
2026-10-06,2026-10-06,CM,BSE,STK,537292,INE449G01018,AGRITECH,B,,,,,AGRI- TECH (INDIA) LTD,90.50,91.50,87.41,88.90,88.90,88.37,,87.68,,,739,66681.00,17,F1,1,,,,,
2026-10-06,2026-10-06,CM,BSE,STK,537326,INE212P01011,CHEMTECH,X,,,,,CHEMTECH INDUSTRIAL VALVES LTD,57.99,57.99,56.55,57.25,57.00,56.04,,57.25,,,67749,3892572.00,85,F1,1,,,,,
2026-10-06,2026-10-06,CM,BSE,STK,537392,INE392H01026,KETOMOTORS,XT,,,,,Keto Motors Limited,235.00,248.90,225.20,248.90,248.90,237.05,,248.90,,,11619,2642884.00,191,F1,1,,,,,
2026-10-06,2026-10-06,CM,BSE,STK,537483,INF204K014N5,NIF100BEES,B,,,,,NIPPON INDIA ETF NIFTY 100,251.94,253.83,251.58,253.03,252.64,251.94,,253.11,,,3514,887882.00,132,F1,1,,,,,
2026-10-06,2026-10-06,CM,BSE,STK,537536,INE051G01012,DENISCHEM,X,,,,,DENIS CHEM LAB LTD,68.95,68.95,66.95,68.49,68.00,67.26,,68.49,,,1493,102244.00,25,F1,1,,,,,
2026-10-06,2026-10-06,CM,BSE,STK,537707,INE546I01025,LADDU,X,,,,,LADDU GOPAL ONLINE SERVICES LI,0.42,0.45,0.41,0.41,0.41,0.43,,0.41,,,508471,215568.00,168,F1,1,,,,,
2026-10-06,2026-10-06,CM,BSE,STK,537708,INF174K014P6,NIFTY1,B,,,,,KOTAK MAHINDRA MUTUAL FUND - K,253.57,253.57,250.35,252.59,252.98,250.78,,252.54,,,5834,1471123.00,266,F1,1,,,,,
2026-10-06,2026-10-06,CM,BSE,STK,537709,INE101H01013,HANSUGAR,XT,,,,,SHREE HANUMAN SUGAR & INDUSTRI,3.59,3.60,3.44,3.48,3.48,3.59,,3.48,,,4997,17706.00,43,F1,1,,,,,
2026-10-06,2026-10-06,CM,BSE,STK,537766,INE905P01028,BCP,X,,,,,B.C. POWER CONTROLS LTD,1.65,1.66,1.57,1.62,1.65,1.62,,1.62,,,58826,95703.00,114,F1,1,,,,,
2026-10-06,2026-10-06,CM,BSE,STK,537785,INE084Q01012,RACE,B,,,,,RACE ECO CHAIN LIMITED,109.30,109.35,108.75,109.25,109.25,108.75,,108.75,,,238,25906.00,4,F1,1,,,,,
2026-10-06,2026-10-06,CM,BSE,STK,537800,INE717C01025,MANGIND,Z,,,,,MANGALAM INDUSTRIAL FINANCE LT,0.51,0.52,0.50,0.51,0.52,0.52,,0.51,,,1215750,618686.00,475,F1,1,,,,,
2026-10-06,2026-10-06,CM,BSE,STK,537820,INE159N01027,VIJIFIN,T,,,,,VIJI FINANCE LTD,13.68,13.68,13.68,13.68,13.68,14.40,,13.69,,,29781,407404.00,45,F1,1,,,,,
2026-10-06,2026-10-06,CM,BSE,STK,537839,INE977M01024,HBGHOTELS,X,,,,,HBG HOTELS LIMITED,69.00,72.00,69.00,71.84,71.84,68.09,,71.84,,,3224,231528.00,25,F1,1,,,,,
2026-10-06,2026-10-06,CM,BSE,STK,537985,INE463B01036,INFRONICS,X,,,,,INFRONICS SYSTEMS LTD,20.37,20.37,19.79,19.99,19.99,19.47,,19.99,,,46,925.00,5,F1,1,,,,,
2026-10-06,2026-10-06,CM,BSE,STK,538057,INF457M01133,CPSEETF,B,,,,,CPSE ETF,90.00,91.50,89.11,90.05,90.05,90.20,,89.94,,,29202,2632289.00,967,F1,1,,,,,
2026-10-06,2026-10-06,CM,BSE,STK,538081,INE493N01012,HARIAAPL,X,,,,,HARIA APPARELS LTD,5.00,5.00,4.73,4.99,4.99,4.62,,4.99,,,1630,7809.00,12,F1,1,,,,,
2026-10-06,2026-10-06,CM,BSE,STK,538119,INE012Q01039,RNBDENIMS,T,,,,,R&B DENIMS LTD,8.91,9.18,8.84,9.08,9.08,9.00,,8.99,,,35109,315593.00,103,F1,1,,,,,
2026-10-06,2026-10-06,CM,BSE,STK,538212,INE909D01026,SHARPINV,XT,,,,,SHARP INVESTMENTS LTD,0.32,0.32,0.32,0.32,0.32,0.33,,0.32,,,1348,431.00,8,F1,1,,,,,
2026-10-06,2026-10-06,CM,BSE,STK,538268,INE066O01014,WONDERLA,B,,,,,WONDERLA HOLIDAYS LTD,499.30,519.90,495.60,511.30,509.30,500.20,,509.73,,,1896,954260.00,151,F1,1,,,,,
2026-10-06,2026-10-06,CM,BSE,STK,538273,INE401B01010,RESPONSINF,X,,,,,RESPONSE INFORMATICS LTD,18.90,19.45,18.50,18.80,18.50,19.41,,18.80,,,387,7270.00,13,F1,1,,,,,
2026-10-06,2026-10-06,CM,BSE,STK,538351,INE663P01015,AFEL,Z,,,,,A.F. ENTERPRISES LTD,1.70,1.78,1.63,1.71,1.71,1.70,,1.71,,,17760,30197.00,16,F1,1,,,,,
2026-10-06,2026-10-06,CM,BSE,STK,538365,INE452L01012,INCREDIBLE,B,,,,,INCREDIBLE INDUSTRIES LIMITED,30.42,32.42,30.42,32.42,32.42,31.80,,31.42,,,35,1066.00,2,F1,1,,,,,
2026-10-06,2026-10-06,CM,BSE,STK,538395,INE792G01011,NAM,XT,,,,,NAM SECURITIES LTD,83.00,83.00,78.85,78.85,78.85,83.00,,78.85,,,11,871.00,2,F1,1,,,,,
2026-10-06,2026-10-06,CM,BSE,STK,538401,INE318N01011,METSL,XT,,,,,MAESTROS ELECTRONICS & TELECOM,109.65,109.65,109.65,109.65,109.65,115.40,,109.65,,,7873,863274.00,140,F1,1,,,,,
2026-10-06,2026-10-06,CM,BSE,STK,538422,INE508N01025,JACKSON,X,,,,,JACKSON INVESTMENTS LTD,0.35,0.36,0.35,0.35,0.35,0.35,,0.35,,,157991,56188.00,103,F1,1,,,,,
2026-10-06,2026-10-06,CM,BSE,STK,538446,INE296Q01012,MONEYBOXX,T,,,,,MONEYBOXX FINANCE LIMITED,52.97,53.03,51.00,53.03,53.03,53.29,,53.48,,,4377,227489.00,16,F1,1,,,,,
2026-10-06,2026-10-06,CM,BSE,STK,538451,INE114O01020,WORTH,X,,,,,WORTH INVESTMENT & TRADING CO,2.66,2.84,2.66,2.84,2.84,2.71,,2.84,,,1023516,2900235.00,293,F1,1,,,,,
2026-10-06,2026-10-06,CM,BSE,STK,538464,INE901C01017,TPROJECT,X,,,,,THIRANI PROJECTS LTD,3.49,3.49,3.24,3.24,3.24,3.24,,3.24,,,81,263.00,4,F1,1,,,,,
2026-10-06,2026-10-06,CM,BSE,STK,538476,INE172D01021,CTL,XT,,,,,CAPITAL TRADE LINKS LTD,26.15,26.86,25.29,26.35,26.35,26.33,,26.35,,,9750,251569.00,57,F1,1,,,,,
2026-10-06,2026-10-06,CM,BSE,STK,538520,INE857P01021,SBL,X,,,,,SHIVAMSHREE BUSINESSES LIMITED,1.90,1.90,1.77,1.77,1.77,1.86,,1.77,,,7019,12424.00,11,F1,1,,,,,
2026-10-06,2026-10-06,CM,BSE,STK,538521,INE969E01010,YAANENT,XT,,,,,YAAN ENTERPRISES LIMITED,160.00,160.10,160.00,160.05,160.05,160.05,,160.05,,,275,44019.00,11,F1,1,,,,,
2026-10-06,2026-10-06,CM,BSE,STK,538539,INE075K01013,ANVRDHI,X,,,,,ANNVRRIDHHI VENTURES LIMITED,10.39,10.39,9.36,9.39,9.46,10.39,,9.39,,,555153,5215385.00,158,F1,1,,,,,
2026-10-06,2026-10-06,CM,BSE,STK,538540,INE516P01015,RAAMA,X,,,,,RAAMA FINANCE LIMITED,14.90,14.92,13.66,14.24,14.24,14.21,,14.24,,,61118,868637.00,241,F1,1,,,,,
2026-10-06,2026-10-06,CM,BSE,STK,538542,INE634J01027,GOLDCOINHF,X,,,,,GOLD COIN HEALTH FOODS LTD,29.50,33.79,29.50,33.49,33.49,30.08,,33.49,,,4635,148521.00,43,F1,1,,,,,
2026-10-06,2026-10-06,CM,BSE,STK,538546,INE319Q01012,BRPL,B,,,,,BANSAL ROOFING PRODUCTS LTD,172.50,172.50,163.00,165.05,165.05,167.80,,165.05,,,6686,1111279.00,255,F1,1,,,,,
2026-10-06,2026-10-06,CM,BSE,STK,538556,INE510P01018,ARMAN,X,,,,,ARMAN HOLDINGS LTD,137.00,137.00,134.00,134.00,134.00,134.90,,134.00,,,501,67672.00,25,F1,1,,,,,
2026-10-06,2026-10-06,CM,BSE,STK,538562,INE439E01022,SKIPPER,B,,,,,SKIPPER LTD,539.95,553.15,537.10,551.45,550.70,539.95,,551.49,,,32018,17554235.00,1453,F1,1,,,,,
2026-10-06,2026-10-06,CM,BSE,STK,538563,INE673E01018,SMTEL,X,,,,,SMT ENGINEERING LIMITED,344.20,344.20,340.90,340.90,340.90,340.45,,340.90,,,20,6850.00,8,F1,1,,,,,
2026-10-06,2026-10-06,CM,BSE,STK,538564,INE718P01017,JAMESWARREN,X,,,,,JAMES WARREN TEA LTD,248.75,250.50,248.25,249.60,248.35,249.95,,249.60,,,569,141429.00,20,F1,1,,,,,
2026-10-06,2026-10-06,CM,BSE,STK,538565,INE878P01019,VISTARAMAR,X,,,,,Vistar Amar Limited,164.70,168.00,156.20,166.40,164.75,164.70,,166.40,,,3758,617467.00,108,F1,1,,,,,
2026-10-06,2026-10-06,CM,BSE,STK,538567,INE635Q01029,GULFOILLUB,B,,,,,GULF OIL LUBRICANTS INDIA LTD,1069.85,1093.65,1069.85,1087.60,1092.00,1069.85,,1087.88,,,1946,2110116.00,407,F1,1,,,,,
2026-10-06,2026-10-06,CM,BSE,STK,538568,INE836C01015,FRUTION,XT,,,,,FRUITION VENTURE LTD,27.33,29.00,27.33,27.76,27.76,28.75,,27.76,,,246,6735.00,4,F1,1,,,,,
2026-10-06,2026-10-06,CM,BSE,STK,538569,INE916P01025,TRIVENIENT,X,,,,,TRIVENI ENTERPRISES LTD,0.95,0.95,0.90,0.90,0.90,0.95,,0.90,,,3706,3375.00,16,F1,1,,,,,
2026-10-06,2026-10-06,CM,BSE,STK,538596,INE222B01028,CEMAINFRA,X,,,,,CEMANTIC INFRA-TECH LIMITED,5.25,5.25,5.25,5.25,5.25,5.25,,5.25,,,6,31.00,2,F1,1,,,,,
2026-10-06,2026-10-06,CM,BSE,STK,538597,INE404F01031,TTIENT,X,,,,,TTI ENTERPRISE LTD,7.14,7.14,6.50,6.58,6.74,7.16,,6.58,,,20574,139871.00,45,F1,1,,,,,
2026-10-06,2026-10-06,CM,BSE,STK,538598,INE755Q01025,VISHAL,B,,,,,VISHAL FABRICS LTD,17.80,18.25,17.26,17.54,17.54,17.28,,17.50,,,13663,244505.00,86,F1,1,,,,,
2026-10-06,2026-10-06,CM,BSE,STK,538607,INE457P01020,TOYAMSL,B,,,,,TOYAM SPORTS LIMITED,0.65,0.70,0.64,0.69,0.68,0.67,,0.68,,,265451,178044.00,117,F1,1,,,,,
2026-10-06,2026-10-06,CM,BSE,STK,538609,INE868G01019,GAJANANSEC,X,,,,,GAJANAN SECURITIES SERVICES LT,54.00,54.00,51.00,51.08,52.00,52.12,,51.08,,,213,11072.00,19,F1,1,,,,,
2026-10-06,2026-10-06,CM,BSE,STK,538610,INE099D01026,UNISON,XT,,,,,UNISON METALS LTD,0.77,0.81,0.76,0.78,0.78,0.79,,0.78,,,487083,375712.00,330,F1,1,,,,,
2026-10-06,2026-10-06,CM,BSE,STK,538611,INE840I01014,RTFL,Z,,,,,Real Touch Finance Limited,36.02,36.02,36.02,36.02,36.02,36.75,,36.02,,,1,36.00,1,F1,1,,,,,
2026-10-06,2026-10-06,CM,BSE,STK,538634,INE406F01010,VRL,X,,,,,VASUNDHARA RASAYANS LTD,155.00,155.00,141.00,151.40,151.40,148.80,,151.40,,,1374,204430.00,32,F1,1,,,,,
2026-10-06,2026-10-06,CM,BSE,STK,538635,INE734N01019,SNOWMAN,B,,,,,SNOWMAN LOGISTICS LTD,34.10,34.50,33.91,34.22,34.50,34.10,,34.24,,,692506,23497103.00,140,F1,1,,,,,
2026-10-06,2026-10-06,CM,BSE,STK,538646,INE837C01013,QGO,X,,,,,QGO FINANCE LIMITED,41.00,45.00,38.30,42.65,43.00,40.70,,42.65,,,9616,405095.00,85,F1,1,,,,,
2026-10-06,2026-10-06,CM,BSE,STK,538647,INE729C01020,PURSHOTTAM,X,,,,,PURSHOTTAM INVESTOFIN LTD,37.50,37.50,35.10,35.10,35.10,37.70,,35.10,,,66,2361.00,3,F1,1,,,,,
2026-10-06,2026-10-06,CM,BSE,STK,538666,INE221J01015,SHARDACROP,A,,,,,Sharda Cropchem Limited,725.00,743.30,719.35,740.90,741.90,719.35,,741.69,,,10523,7741550.00,480,F1,1,,,,,
2026-10-06,2026-10-06,CM,BSE,STK,538668,INE898Q01015,MIIL,B,,,,,Meghna Infracon Infrastructure,682.00,692.90,673.00,676.60,684.00,670.65,,675.59,,,21918,14880992.00,438,F1,1,,,,,
2026-10-06,2026-10-06,CM,BSE,STK,538683,INF204KA1UN7,SENSEXBEES,B,,,,,NIPPON INDIA ETF SENSEX,839.66,841.46,831.99,840.48,840.90,831.15,,840.48,,,12074,10109210.00,245,F1,1,,,,,
2026-10-06,2026-10-06,CM,BSE,STK,538685,INE363M01019,SHEMAROO,B,,,,,SHEMAROO ENTERTAINMENT LIMITED,111.25,114.35,110.20,110.60,114.35,110.25,,111.43,,,436,48344.00,18,F1,1,,,,,
2026-10-06,2026-10-06,CM,BSE,STK,538706,INE010R01023,ULTRACAB,X,,,,,Ultracab (India) Limited,7.86,8.09,7.85,8.00,8.02,7.80,,8.00,,,123385,985117.00,289,F1,1,,,,,
2026-10-06,2026-10-06,CM,BSE,STK,538707,INE929D01016,RCCL,X,,,,,Rajasthan Cylinders & Containe,27.70,28.51,26.46,28.50,28.50,29.40,,28.50,,,227,6318.00,10,F1,1,,,,,
2026-10-06,2026-10-06,CM,BSE,STK,538708,INE937K01014,ETIL,X,,,,,Econo Trade (India) Limited,6.30,6.30,5.88,6.24,6.30,6.34,,6.24,,,1330,8306.00,13,F1,1,,,,,
2026-10-06,2026-10-06,CM,BSE,STK,538713,INE011R01013,ATISHAY,X,,,,,Atishay Limited,136.35,143.00,136.35,140.10,143.00,139.90,,140.10,,,1239,173216.00,20,F1,1,,,,,
2026-10-06,2026-10-06,CM,BSE,STK,538714,INE475D01010,SANGAMFIN,X,,,,,Sangam Finserv Limited,34.37,34.37,32.40,32.97,33.00,33.63,,32.97,,,1201,39538.00,34,F1,1,,,,,
2026-10-06,2026-10-06,CM,BSE,STK,538715,INE260R01016,DHABRIYA,T,,,,,Dhabriya Polywood Limited,455.30,455.30,440.55,450.05,453.50,455.30,,451.96,,,2247,1007367.00,115,F1,1,,,,,
2026-10-06,2026-10-06,CM,BSE,STK,538730,INE111Q01021,PDSL,B,,,,,PDS LIMITED,330.30,347.95,330.30,346.80,347.00,342.90,,347.40,,,2506,862886.00,130,F1,1,,,,,
2026-10-06,2026-10-06,CM,BSE,STK,538732,INE761Q01015,VGCL,B,,,,,Vibrant Global Capital Limited,46.50,49.19,46.50,48.39,48.39,48.80,,47.74,,,671,31291.00,12,F1,1,,,,,
2026-10-06,2026-10-06,CM,BSE,STK,538734,INE016Q01014,CEINSYS,B,,,,,CEINSYS TECH LIMITED,644.85,745.90,644.85,719.00,706.65,649.30,,718.47,,,28199,19968304.00,1341,F1,1,,,,,
2026-10-06,2026-10-06,CM,BSE,STK,538742,INE516E01019,PANABYTE,XT,,,,,PANABYTE TECHNOLOGIES LIMITED,18.69,18.69,17.45,18.00,18.00,17.93,,18.00,,,5893,104514.00,24,F1,1,,,,,
2026-10-06,2026-10-06,CM,BSE,STK,538743,INE491C01027,MUDUNURU,XT,,,,,Mudunuru Limited,5.94,5.94,5.94,5.94,5.94,6.25,,5.94,,,21175,125779.00,7,F1,1,,,,,
2026-10-06,2026-10-06,CM,BSE,STK,538770,INE176L01017,CRANEINFRA,X,,,,,Crane Infrastructure Limited,11.77,12.00,10.90,11.80,11.80,11.77,,11.80,,,1014,11641.00,8,F1,1,,,,,
2026-10-06,2026-10-06,CM,BSE,STK,538772,INE480D01010,NIYOGIN,X,,,,,Niyogin Fintech Limited,48.80,49.90,47.00,49.01,49.70,46.37,,49.01,,,46203,2241408.00,2309,F1,1,,,,,
2026-10-06,2026-10-06,CM,BSE,STK,538777,INE131Q01011,ASIACAP,XT,,,,,ASIA CAPITAL LIMITED,103.30,103.30,103.30,103.30,103.30,108.70,,103.30,,,405,41836.00,6,F1,1,,,,,
2026-10-06,2026-10-06,CM,BSE,STK,538778,INE149Q01021,KALYANCAP,X,,,,,Kalyan Capitals Limited,6.75,6.75,6.32,6.44,6.60,6.57,,6.44,,,10464,67432.00,90,F1,1,,,,,
2026-10-06,2026-10-06,CM,BSE,STK,538786,INE473L01018,CITIZEN,X,,,,,Citizen Solar Limited,161.00,170.00,153.90,166.60,166.60,162.00,,166.60,,,2085,333663.00,36,F1,1,,,,,
2026-10-06,2026-10-06,CM,BSE,STK,538787,INE997C01015,GBFL,XT,,,,,Goenka Business & Finance Limi,13.07,13.07,13.07,13.07,13.07,13.75,,13.07,,,10338,135117.00,83,F1,1,,,,,
2026-10-06,2026-10-06,CM,BSE,STK,538788,INE918C01029,GILADAFINS,X,,,,,Gilada Finance & Investments L,12.30,12.30,11.41,11.68,11.66,12.20,,11.68,,,1437,16925.00,43,F1,1,,,,,
2026-10-06,2026-10-06,CM,BSE,STK,538794,INE155R01018,JETSOLAR,M,,,,,JET SOLAR LIMITED,6.70,6.70,6.70,6.70,6.70,6.68,,6.70,,,4000,26800.00,1,F1,4000,,,,,
2026-10-06,2026-10-06,CM,BSE,STK,538795,INE185C01017,SAPPL,B,,,,,Shree Ajit Pulp And Paper Ltd.,333.25,333.25,312.00,313.55,313.00,323.85,,314.07,,,839,264505.00,190,F1,1,,,,,
2026-10-06,2026-10-06,CM,BSE,STK,538812,INE322R01022,AANCHALISP,XT,,,,,Aanchal Ispat Limited,63.50,63.50,59.88,59.88,59.88,63.03,,59.88,,,7084,424858.00,61,F1,1,,,,,
2026-10-06,2026-10-06,CM,BSE,STK,538817,INE513R01026,CAPPIPES,B,,,,,Captain Pipes Limited,7.87,8.49,7.86,8.28,8.25,7.90,,8.28,,,78268,639686.00,282,F1,1,,,,,
2026-10-06,2026-10-06,CM,BSE,STK,538833,INE891N01017,KAIZENAGRO,XT,,,,,KAIZEN AGRO INFRABUILD LIMITED,9.10,9.10,9.10,9.10,9.10,9.26,,9.10,,,1075,9782.00,2,F1,1,,,,,
2026-10-06,2026-10-06,CM,BSE,STK,538834,INE242Q01016,JMJFIN,X,,,,,JMJ Fintech Limited,9.69,9.69,9.27,9.57,9.60,9.31,,9.57,,,26997,258771.00,64,F1,1,,,,,
2026-10-06,2026-10-06,CM,BSE,STK,538835,INE306R01017,INTELLECT,A,,,,,INTELLECT DESIGN ARENA LIMITED,599.40,608.00,595.10,602.10,602.10,600.70,,601.42,,,13871,8314346.00,791,F1,1,,,,,
2026-10-06,2026-10-06,CM,BSE,STK,538836,INE950M01013,MONTECARLO,B,,,,,Monte Carlo Fashions Limited,518.85,526.80,518.85,524.90,523.35,516.45,,524.30,,,952,498576.00,103,F1,1,,,,,
2026-10-06,2026-10-06,CM,BSE,STK,538837,INE237B01018,JSTL,X,,,,,Jeevan Scientific Technology L,85.00,89.30,81.20,87.33,87.33,83.51,,87.33,,,138135,11769264.00,194,F1,1,,,,,
2026-10-06,2026-10-06,CM,BSE,STK,538857,INE892C01018,SCC,X,,,,,Scintilla Commercial & Credit,7.90,8.20,7.43,8.15,8.15,8.25,,8.15,,,10141,80068.00,9,F1,1,,,,,
2026-10-06,2026-10-06,CM,BSE,STK,538860,INE655P01029,PANAFIC,XT,,,,,PANAFIC INDUSTRIALS LTD,2.20,2.20,2.20,2.20,2.20,2.24,,2.20,,,13636,29999.00,32,F1,1,,,,,
2026-10-06,2026-10-06,CM,BSE,STK,538862,INE232L01018,MYMONEY,X,,,,,My Money Securities Ltd.,33.70,34.99,33.50,34.70,34.70,33.61,,34.70,,,354,12150.00,14,F1,1,,,,,
2026-10-06,2026-10-06,CM,BSE,STK,538868,INE183Q01020,CSL,XT,,,,,Continental Securities Limited,21.89,21.98,20.90,21.88,21.95,21.94,,21.88,,,108093,2309984.00,263,F1,1,,,,,
2026-10-06,2026-10-06,CM,BSE,STK,538874,INE370Q01015,NEXUSSURGL,XT,,,,,NEXUS SURGICAL AND MEDICARE LI,33.61,34.28,31.51,33.69,33.69,32.95,,33.69,,,2710,87993.00,71,F1,1,,,,,
2026-10-06,2026-10-06,CM,BSE,STK,538881,INE243E01010,GALADAFIN,X,,,,,Galada Finance Limited,29.50,30.97,29.50,30.29,30.29,29.50,,30.29,,,337,10043.00,6,F1,1,,,,,
2026-10-06,2026-10-06,CM,BSE,STK,538882,INE030Q01015,EMERALD,X,,,,,Emerald Finance Limited,54.10,58.40,52.50,57.28,57.40,54.78,,57.28,,,16757,929384.00,222,F1,1,,,,,
2026-10-06,2026-10-06,CM,BSE,STK,538890,INE227F01010,MKEXIM,B,,,,,M. K. Exim (India) Ltd.,68.00,68.00,63.75,64.66,65.64,65.52,,64.61,,,3148,203118.00,38,F1,1,,,,,
2026-10-06,2026-10-06,CM,BSE,STK,538891,INE613C01026,MCLOUD,B,,,,,MAGELLANIC CLOUD LIMITED,25.53,25.53,24.50,24.84,24.90,24.50,,24.85,,,38949,968331.00,177,F1,1,,,,,
2026-10-06,2026-10-06,CM,BSE,STK,538895,INE779Q01017,MIHIKA,XT,,,,,Mihika Industries Ltd.,11.37,11.90,11.37,11.84,11.84,11.96,,11.84,,,8819,102329.00,18,F1,1,,,,,
2026-10-06,2026-10-06,CM,BSE,STK,538896,INE081G01019,KANCHI,B,,,,,Kanchi Karpooram Ltd.,371.00,381.00,370.00,379.85,379.90,378.05,,378.97,,,511,192477.00,33,F1,1,,,,,
2026-10-06,2026-10-06,CM,BSE,STK,538897,INE201F01015,SHRINIWAS,XT,,,,,Shri Niwas Leasing and Finance,16.46,18.18,16.46,16.46,16.46,17.32,,16.46,,,586,10122.00,13,F1,1,,,,,
2026-10-06,2026-10-06,CM,BSE,STK,538918,INE661Q01017,VANICOM,X,,,,,Vani Commercials Limited,9.70,9.70,8.50,8.62,8.64,8.29,,8.62,,,30151,259698.00,152,F1,1,,,,,
2026-10-06,2026-10-06,CM,BSE,STK,538920,INE498Q01014,VINCOFE,B,,,,,VINTAGE COFFEE AND BEVERAGES L,185.45,188.75,181.90,187.40,186.85,182.05,,187.21,,,63184,11728461.00,3502,F1,1,,,,,
2026-10-06,2026-10-06,CM,BSE,STK,538922,INE029B01019,COSYN,X,,,,,COSYN Limited,21.00,21.36,19.11,19.74,20.38,21.49,,19.74,,,3648,73179.00,44,F1,1,,,,,
2026-10-06,2026-10-06,CM,BSE,STK,538923,INE499Q01012,SOFCOM,X,,,,,SOFCOM SYSTEMS LIMITED,20.90,20.90,19.15,20.28,20.28,19.64,,20.28,,,131029,2617346.00,194,F1,1,,,,,
2026-10-06,2026-10-06,CM,BSE,STK,538926,INE223R01022,NAPL,X,,,,,Naturite Agro Products Limited,75.62,79.40,71.84,76.06,75.53,75.62,,76.06,,,92178,6851543.00,500,F1,1,,,,,
2026-10-06,2026-10-06,CM,BSE,STK,538928,INE554R01020,KARNAVATI,X,,,,,Karnavati Finance Limited,1.38,1.40,1.33,1.39,1.34,1.38,,1.39,,,36800,50875.00,32,F1,1,,,,,
2026-10-06,2026-10-06,CM,BSE,STK,538935,INE723C01015,ABHIFIN,X,,,,,Abhishek Finlease limited,72.00,72.00,71.00,71.29,71.29,69.83,,71.29,,,16,1140.00,6,F1,1,,,,,
2026-10-06,2026-10-06,CM,BSE,STK,538942,INE689O01013,MERCANTILE,B,,,,,Mercantile Ventures Limited,25.75,25.75,22.00,22.19,22.19,22.00,,22.82,,,202,4578.00,24,F1,1,,,,,
2026-10-06,2026-10-06,CM,BSE,STK,538943,INE321M01017,SONAL,B,,,,,Sonal Mercantile Limited,79.25,83.18,76.25,82.65,76.25,79.25,,82.92,,,3073,245952.00,51,F1,1,,,,,
2026-10-06,2026-10-06,CM,BSE,STK,538952,INE211D01027,ALFL,X,,,,,Abhinav Leasing & Finance Limi,1.15,1.15,1.07,1.10,1.10,1.18,,1.10,,,6374,7129.00,25,F1,1,,,,,
2026-10-06,2026-10-06,CM,BSE,STK,538961,INE949P01018,GENUSPAPER,B,,,,,GENUS PAPER & BOARDS LIMITED,10.34,10.83,10.34,10.46,10.45,10.32,,10.54,,,6180,65025.00,214,F1,1,,,,,
2026-10-06,2026-10-06,CM,BSE,STK,538962,INE842C01021,MINDACORP,A,,,,,Minda Corporation Limited,649.00,661.80,649.00,659.40,659.60,647.55,,659.59,,,8386,5510338.00,775,F1,1,,,,,
2026-10-06,2026-10-06,CM,BSE,STK,538965,INE858L01010,CONCORD,X,,,,,Concord Drugs Limited,76.84,76.84,72.35,73.03,73.00,76.92,,73.03,,,18706,1374799.00,101,F1,1,,,,,
2026-10-06,2026-10-06,CM,BSE,STK,538970,INE945P01024,WARDINMOBI,Z,,,,,WARDWIZARD INNOVATIONS AND MOB,5.10,5.40,5.03,5.11,5.22,5.15,,5.11,,,149498,763920.00,205,F1,1,,,,,
2026-10-06,2026-10-06,CM,BSE,STK,538975,INE397C01026,SHREESEC,Z,,,,,Shree Securities Ltd.,0.19,0.19,0.19,0.19,0.19,0.19,,0.19,,,123849,23531.00,111,F1,1,,,,,
2026-10-06,2026-10-06,CM,BSE,STK,538979,INE544R01021,GREENLAM,B,,,,,Greenlam Industries Ltd,212.25,214.05,210.00,213.00,210.00,211.20,,212.03,,,928,197340.00,192,F1,1,,,,,
2026-10-06,2026-10-06,CM,BSE,STK,538987,INE717E01013,TALBROSENG,X,,,,,TALBROS ENGINEERING LIMITED,641.50,665.00,641.50,654.80,664.00,641.90,,654.80,,,1007,661155.00,82,F1,1,,,,,
2026-10-06,2026-10-06,CM,BSE,STK,538992,INE002E01010,SAPL,XT,,,,,Sar  Auto Products Limited,7354.60,7354.60,7354.60,7354.60,7354.60,7741.65,,7354.60,,,30,220638.00,18,F1,1,,,,,
2026-10-06,2026-10-06,CM,BSE,STK,539006,INE596F01018,PTCIL,A,,,,,PTC Industries Ltd.,22534.45,23220.00,22333.70,23124.10,23124.10,22534.45,,23124.94,,,1329,30519123.00,621,F1,1,,,,,
2026-10-06,2026-10-06,CM,BSE,STK,539011,INE777O01016,CHENFERRO,X,,,,,CHENNAI FERROUS INDUSTRIES LIM,70.00,70.00,67.35,69.40,69.99,70.00,,69.40,,,420,29300.00,18,F1,1,,,,,
2026-10-06,2026-10-06,CM,BSE,STK,539012,INE756R01013,MEGRISOFT,X,,,,,Megri Soft Limited,79.90,79.90,79.90,79.90,79.90,77.80,,79.90,,,7,559.00,2,F1,1,,,,,
2026-10-06,2026-10-06,CM,BSE,STK,539013,INE776O01018,GITARENEW,X,,,,,GITA RENEWABLE ENERGY LIMITED,61.78,64.00,61.78,63.51,63.50,63.04,,63.51,,,134,8467.00,13,F1,1,,,,,
2026-10-06,2026-10-06,CM,BSE,STK,539014,INE059Q01014,KALPACOMME,X,,,,,Kalpa Commercial Limited,8.09,8.09,7.89,7.89,7.89,7.86,,7.89,,,1113,8801.00,7,F1,1,,,,,
2026-10-06,2026-10-06,CM,BSE,STK,539016,INE396C01010,NEIL,X,,,,,Neil Industries Ltd.,6.50,6.50,5.80,6.48,6.48,6.50,,6.48,,,864,5478.00,23,F1,1,,,,,
2026-10-06,2026-10-06,CM,BSE,STK,539017,INE526R01028,STARHFL,X,,,,,STAR HOUSING FINANCE LIMITED,3.91,4.10,3.91,4.09,4.09,4.00,,4.09,,,41223,167850.00,61,F1,1,,,,,
2026-10-06,2026-10-06,CM,BSE,STK,539018,INE213D01015,BEEKAY,B,,,,,Beekay Steel Industries Ltd.,430.00,440.95,430.00,438.70,438.70,430.00,,434.10,,,36,15615.00,6,F1,1,,,,,
2026-10-06,2026-10-06,CM,BSE,STK,539031,INF200KA1572,SETFBSE100,B,,,,,SBI Mutual Fund,268.41,270.83,268.41,270.83,270.83,267.88,,270.83,,,135,36382.00,19,F1,1,,,,,
2026-10-06,2026-10-06,CM,BSE,STK,539032,INE184Q01010,FRASER,X,,,,,Fraser And Company Limited,8.65,9.11,8.65,9.05,9.05,9.00,,9.05,,,7144,63276.00,23,F1,1,,,,,
2026-10-06,2026-10-06,CM,BSE,STK,539040,INE812Q01016,TIRUPATIIN,X,,,,,TIRUPATI INNOVAR LIMITED,6.55,6.64,6.32,6.48,6.50,6.50,,6.48,,,55484,359578.00,234,F1,1,,,,,
2026-10-06,2026-10-06,CM,BSE,STK,539041,INE369Q01017,GANVERSE,M,,,,,GANESHA ECOVERSE LIMITED,22.36,23.36,22.36,22.67,22.67,22.35,,22.67,,,75000,1749712.00,19,F1,1250,,,,,
2026-10-06,2026-10-06,CM,BSE,STK,539042,INE976R01033,AGIIL,B,,,,,AGI Infra Limited,262.00,263.00,258.10,259.00,259.65,261.25,,259.10,,,6895,1796725.00,149,F1,1,,,,,
2026-10-06,2026-10-06,CM,BSE,STK,539044,INE824Q01011,MANAKSTEEL,T,,,,,Manaksia Steels Limited,103.00,107.55,101.05,107.55,107.55,102.45,,108.88,,,2286,240038.00,23,F1,1,,,,,
2026-10-06,2026-10-06,CM,BSE,STK,539045,INE859Q01017,MANAKALUCO,B,,,,,Manaksia Aluminium Company Ltd,33.90,33.90,33.10,33.21,33.21,33.53,,33.24,,,2928,97712.00,31,F1,1,,,,,
2026-10-06,2026-10-06,CM,BSE,STK,539046,INE830Q01018,MANAKCOAT,B,,,,,Manaksia Coated Metals & Indus,126.15,131.50,126.10,129.95,129.95,126.25,,129.33,,,7112,918124.00,137,F1,1,,,,,
2026-10-06,2026-10-06,CM,BSE,STK,539056,INE172N01012,IMAGICAA,B,,,,,IMAGICAAWORLD ENTERTAINMENT LI,51.90,51.90,49.25,49.89,50.14,48.79,,49.91,,,56893,2838409.00,594,F1,1,,,,,
2026-10-06,2026-10-06,CM,BSE,STK,539083,INE066P01011,INOXWIND,A,,,,,Inox Wind Limited,68.31,70.20,67.51,68.76,68.76,67.50,,68.70,,,1426290,98551796.00,2988,F1,1,,,,,
2026-10-06,2026-10-06,CM,BSE,STK,539090,INE751R01014,RAJPUTANA,X,,,,,Rajputana Investment and Finan,30.05,30.06,29.01,29.27,29.27,31.00,,29.27,,,1599,47429.00,14,F1,1,,,,,
2026-10-06,2026-10-06,CM,BSE,STK,539091,INE187R01029,CCDL,X,,,,,Consecutive Commodities Limite,1.05,1.17,1.03,1.15,1.15,1.03,,1.15,,,5622479,6221495.00,794,F1,1,,,,,
2026-10-06,2026-10-06,CM,BSE,STK,539097,INE904R01027,URSUGAR,T,,,,,UR SUGAR INDUSTRIES LIMITED,2.91,2.94,2.71,2.73,2.73,2.85,,2.73,,,57565,161026.00,131,F1,1,,,,,
2026-10-06,2026-10-06,CM,BSE,STK,539110,INE736P01019,NORTHLINK,Z,,,,,Northlink Fiscal And Capital S,34.98,34.98,33.62,33.62,33.62,34.30,,33.62,,,2,68.00,2,F1,1,,,,,
2026-10-06,2026-10-06,CM,BSE,STK,539113,INE291E01019,PML,B,,,,,Paul Merchants Ltd.,485.00,486.70,471.00,475.85,475.70,490.00,,481.07,,,70,33079.00,10,F1,1,,,,,
2026-10-06,2026-10-06,CM,BSE,STK,539115,INE273F01022,ALANSCOTT,XT,,,,,ALAN SCOTT ENTERPRISES LIMITED,301.00,304.00,300.00,304.00,304.00,303.80,,304.00,,,1793,540791.00,15,F1,1,,,,,
2026-10-06,2026-10-06,CM,BSE,STK,539117,INE029H01016,SUJALA,X,,,,,Sujala Trading & Holding Ltd.,11.62,12.39,11.45,12.21,12.30,12.00,,12.21,,,56329,657917.00,175,F1,1,,,,,
2026-10-06,2026-10-06,CM,BSE,STK,539118,INE366I01010,VRLLOG,B,,,,,VRL Logistics Limited,287.00,287.00,283.70,285.45,284.50,285.00,,284.99,,,10633,3030403.00,281,F1,1,,,,,
2026-10-06,2026-10-06,CM,BSE,STK,539120,INE578R01011,GRAMEVA,X,,,,,GRAMEVA LIMITED,79.40,79.40,72.09,72.17,72.09,75.88,,72.17,,,1919,141090.00,24,F1,1,,,,,
2026-10-06,2026-10-06,CM,BSE,STK,539121,INE239L01013,PALCO,X,,,,,Palco Metals Limited,184.00,189.75,181.80,184.85,184.10,184.00,,184.85,,,2645,487605.00,47,F1,1,,,,,
2026-10-06,2026-10-06,CM,BSE,STK,539122,INE104F01029,BODHTREE,X,,,,,Bodhtree Consulting Limited,12.11,12.89,12.11,12.42,12.32,12.67,,12.42,,,3891,48697.00,24,F1,1,,,,,
2026-10-06,2026-10-06,CM,BSE,STK,539123,INE334E01017,VBIND,X,,,,,V B INDUSTRIES LIMITED,8.65,8.65,8.18,8.43,8.43,8.61,,8.43,,,4010,33806.00,10,F1,1,,,,,
2026-10-06,2026-10-06,CM,BSE,STK,539124,INE822Q01015,SARVOTTAM,X,,,,,Survottam Finvest Ltd.,17.99,17.99,15.50,17.46,17.46,17.50,,17.46,,,115,1902.00,14,F1,1,,,,,
2026-10-06,2026-10-06,CM,BSE,STK,539126,INE776I01010,MEP,Z,,,,,MEP Infrastructure Developers,0.67,0.69,0.67,0.69,0.69,0.68,,0.68,,,89027,60802.00,32,F1,1,,,,,
2026-10-06,2026-10-06,CM,BSE,STK,539132,INE761D01021,WARDWIZFBL,X,,,,,Wardwizard Foods and Beverages,8.19,8.28,7.79,7.81,7.81,8.19,,7.81,,,626536,4942796.00,503,F1,1,,,,,
2026-10-06,2026-10-06,CM,BSE,STK,539141,INE527H01019,UFO,B,,,,,UFO Moviez India Limited,57.65,58.36,56.50,57.46,57.46,57.64,,57.38,,,2216,126983.00,113,F1,1,,,,,
2026-10-06,2026-10-06,CM,BSE,STK,539143,INE945O01019,PANTH,X,,,,,PANTH INFINITY LIMITED,10.75,10.75,10.15,10.33,10.47,10.37,,10.33,,,16589,173231.00,85,F1,1,,,,,
2026-10-06,2026-10-06,CM,BSE,STK,539148,INE788J01021,SHIVALIK,B,,,,,Shivalik Rasayan Ltd.,356.00,389.85,356.00,388.05,386.10,375.35,,386.26,,,4130,1534373.00,234,F1,1,,,,,
2026-10-06,2026-10-06,CM,BSE,STK,539149,INE682B01023,ICSL,X,,,,,Integrated Capital Services Lt,3.93,4.15,3.85,4.14,4.14,3.85,,4.14,,,3739,15059.00,20,F1,1,,,,,
2026-10-06,2026-10-06,CM,BSE,STK,539150,INE195J01029,PNCINFRA,A,,,,,PNC Infratech Limited,135.00,140.20,135.00,138.70,138.90,137.05,,138.74,,,21475,2961629.00,774,F1,1,,,,,
2026-10-06,2026-10-06,CM,BSE,STK,539151,INE784R01023,ARFIN,B,,,,,Arfin India Limited,89.25,98.04,87.32,96.59,96.81,87.50,,96.38,,,402094,38419719.00,2094,F1,1,,,,,
2026-10-06,2026-10-06,CM,BSE,STK,539167,INE347L01022,VLL,X,,,,,Virat Leasing Limited,57.20,57.20,57.20,57.20,57.20,54.50,,57.20,,,1,57.00,1,F1,1,,,,,
2026-10-06,2026-10-06,CM,BSE,STK,539174,INE738P01015,HELPAGE,X,,,,,Helpage Finlease Ltd.,23.00,24.00,23.00,23.99,23.99,23.00,,23.99,,,283,6539.00,7,F1,1,,,,,
2026-10-06,2026-10-06,CM,BSE,STK,539176,INE230I01018,HAWAENG,X,,,,,Hawa Engineers ltd.,78.00,82.50,75.01,81.36,82.49,77.01,,81.36,,,351,28191.00,20,F1,1,,,,,
2026-10-06,2026-10-06,CM,BSE,STK,539177,INE206F01022,AIIL,A,,,,,Authum Investment & Infrastruc,553.95,553.95,547.50,549.85,549.35,551.80,,550.14,,,9562,5257198.00,362,F1,1,,,,,
2026-10-06,2026-10-06,CM,BSE,STK,539189,INE578L01014,ADHBHUTIN,X,,,,,Adhbhut Infrastructure Ltd.,12.21,12.84,12.21,12.84,12.84,12.21,,12.84,,,674,8610.00,6,F1,1,,,,,
2026-10-06,2026-10-06,CM,BSE,STK,539190,INE848N01017,DFL,X,,,,,Decillion Finance Ltd.,43.27,44.75,41.11,41.11,41.11,43.27,,41.11,,,996,44062.00,8,F1,1,,,,,
2026-10-06,2026-10-06,CM,BSE,STK,539195,INE035S01028,POEL,B,,,,,POCL ENTERPRISES LTD,139.80,141.10,133.00,133.20,133.70,136.25,,133.62,,,14501,1972090.00,241,F1,1,,,,,
2026-10-06,2026-10-06,CM,BSE,STK,539196,INE829P01020,AEL,X,,,,,Amba Enterprises Ltd.,116.85,119.85,115.30,117.20,117.20,117.00,,117.20,,,7898,932913.00,76,F1,1,,,,,
2026-10-06,2026-10-06,CM,BSE,STK,539199,INE618R01015,SGFIN,B,,,,,SG FINSERVE LIMITED,687.40,687.40,655.50,662.50,660.15,678.60,,662.17,,,25918,17204133.00,1034,F1,1,,,,,
2026-10-06,2026-10-06,CM,BSE,STK,539200,INE203Q01026,NOBPOL,XT,,,,,NOBLE POLYMERS LIMITED,18.30,18.30,18.30,18.30,18.30,17.95,,18.30,,,251133,4595733.00,72,F1,1,,,,,
2026-10-06,2026-10-06,CM,BSE,STK,539201,INE170E01023,SATIA,B,,,,,SATIA INDUSTRIES LIMITED,68.46,69.40,68.33,69.26,69.26,68.45,,69.26,,,3591,248156.00,64,F1,1,,,,,
2026-10-06,2026-10-06,CM,BSE,STK,539206,INE574D01010,GVBL,X,,,,,GENOMIC VALLEY BIOTECH LIMITED,30.25,30.71,30.00,30.71,30.71,29.25,,30.71,,,1121,33956.00,8,F1,1,,,,,
2026-10-06,2026-10-06,CM,BSE,STK,539216,INE653S01028,GARMNTMNTR,X,,,,,GARMENT MANTRA LIFESTYLE LIMIT,1.10,1.10,0.94,1.01,1.01,1.07,,1.01,,,7009866,6867560.00,586,F1,1,,,,,
2026-10-06,2026-10-06,CM,BSE,STK,539217,INE606K01049,SRESTHA,X,,,,,Srestha Finvest Limited,0.24,0.25,0.23,0.24,0.24,0.24,,0.24,,,2843427,683383.00,343,F1,1,,,,,
2026-10-06,2026-10-06,CM,BSE,STK,539219,INE150D01027,MUL,X,,,,,MAURIA UDYOG LIMITED,7.34,7.35,7.20,7.35,7.35,7.20,,7.35,,,9869,72026.00,62,F1,1,,,,,
2026-10-06,2026-10-06,CM,BSE,STK,539220,INE540S01019,MISHKA,X,,,,,Mishka Exim Limited,41.00,43.01,41.00,43.00,43.00,43.00,,43.00,,,1635,70297.00,11,F1,1,,,,,
2026-10-06,2026-10-06,CM,BSE,STK,539221,INE885H01029,SPORTKING,B,,,,,Sportking India Ltd.,193.00,208.80,193.00,202.90,203.10,193.95,,202.81,,,52791,10785344.00,1029,F1,1,,,,,
2026-10-06,2026-10-06,CM,BSE,STK,539222,INE451S01027,GROWINGTON,B,,,,,GROWINGTON VENTURES INDIA LIMI,0.77,0.84,0.74,0.79,0.79,0.77,,0.79,,,9155501,7160483.00,655,F1,1,,,,,
2026-10-06,2026-10-06,CM,BSE,STK,539224,INE345Q01017,HCKKVENTURE,XT,,,,,HCKK Ventures Limited,33.00,33.00,33.00,33.00,33.00,33.62,,33.00,,,3,99.00,2,F1,1,,,,,
2026-10-06,2026-10-06,CM,BSE,STK,539225,INE023S01024,JIYAECO,XT,,,,,Jiya Eco-Products Limited,14.26,14.26,14.26,14.26,14.26,13.59,,14.26,,,1,14.00,1,F1,1,,,,,
2026-10-06,2026-10-06,CM,BSE,STK,539226,INE027T01023,RUDRA,B,,,,,RUDRA GLOBAL INFRA PRODUCTS LI,17.60,18.69,17.57,18.23,18.23,18.23,,17.81,,,2180,39631.00,38,F1,1,,,,,
2026-10-06,2026-10-06,CM,BSE,STK,539227,INE876S01017,LOYAL,X,,,,,Loyal Equipments Limited,136.40,142.50,136.40,140.85,140.85,136.25,,140.85,,,2359,331269.00,55,F1,1,,,,,
2026-10-06,2026-10-06,CM,BSE,STK,539228,INE480S01026,GGPL,Z,,,,,Gala Global Products Limited,1.20,1.25,1.18,1.23,1.19,1.20,,1.23,,,31416,38129.00,86,F1,1,,,,,
2026-10-06,2026-10-06,CM,BSE,STK,539251,INE875R01011,BALKRISHNA,B,,,,,Balkrishna Paper Mills Ltd.,16.08,16.67,16.08,16.67,16.67,16.99,,16.21,,,36,583.00,4,F1,1,,,,,
2026-10-06,2026-10-06,CM,BSE,STK,539252,INE979R01011,SHYAMCENT,B,,,,,Shyam Century Ferrous Limited,5.01,5.16,4.91,5.10,5.10,5.20,,5.09,,,24435,121028.00,46,F1,1,,,,,
2026-10-06,2026-10-06,CM,BSE,STK,539254,INE931S01010,ADANIENSOL,A,,,,,Adani Energy Solutions Limited,1355.00,1368.65,1341.90,1351.00,1351.00,1346.40,,1350.10,,,27873,37743460.00,2211,F1,1,,,,,
2026-10-06,2026-10-06,CM,BSE,STK,539255,INE541K01014,STARDELTA,X,,,,,STAR DELTA TRANSFORMERS LIMITE,452.85,452.85,428.10,437.05,437.90,431.80,,437.05,,,1485,644895.00,84,F1,1,,,,,
2026-10-06,2026-10-06,CM,BSE,STK,539267,INE579N01018,SAMSRITA,X,,,,,SAMSRITA LABS LIMITED,11.48,11.48,10.80,11.38,11.38,11.35,,11.38,,,1684,18684.00,35,F1,1,,,,,
2026-10-06,2026-10-06,CM,BSE,STK,539268,INE398R01022,SYNGENE,A,,,,,Syngene International Limited,357.55,364.15,355.50,363.10,363.90,357.55,,363.19,,,19343,6966263.00,820,F1,1,,,,,
2026-10-06,2026-10-06,CM,BSE,STK,539275,INE829S01016,MSL,B,,,,,Mangalam Seeds Limited,147.00,148.00,138.95,139.10,141.00,149.80,,139.71,,,144,20179.00,17,F1,1,,,,,
2026-10-06,2026-10-06,CM,BSE,STK,539276,INE587G01015,KAYA,T,,,,,Kaya Limited,312.95,312.95,301.05,309.95,309.95,303.00,,305.55,,,3,923.00,3,F1,1,,,,,
2026-10-06,2026-10-06,CM,BSE,STK,539278,INE653R01012,SYMBIOX,X,,,,,Symbiox Investment & Trading C,1.80,1.80,1.68,1.68,1.68,1.76,,1.68,,,19940,35484.00,33,F1,1,,,,,
2026-10-06,2026-10-06,CM,BSE,STK,539287,INE749B01020,ORTINGLOBE,B,,,,,ORTIN GLOBAL LIMITED,14.99,14.99,13.80,14.50,14.50,14.30,,14.45,,,3260,46123.00,18,F1,1,,,,,
2026-10-06,2026-10-06,CM,BSE,STK,539289,INE898S01029,AURUM,B,,,,,AURUM PROPTECH LIMITED,221.00,233.90,221.00,231.40,231.30,223.35,,231.14,,,3392,780426.00,106,F1,1,,,,,
2026-10-06,2026-10-06,CM,BSE,STK,539290,INE143A01010,OSWALGREEN,B,,,,,Oswal Greentech Limited,18.55,19.66,18.55,19.48,19.48,19.23,,19.28,,,2712,52358.00,125,F1,1,,,,,
2026-10-06,2026-10-06,CM,BSE,STK,539300,INE671K01027,SUNRAKSHAK,B,,,,,SUNRAKSHAKK INDUSTRIES INDIA L,355.05,360.00,352.50,358.60,356.80,357.00,,356.84,,,1967,699766.00,62,F1,1,,,,,
2026-10-06,2026-10-06,CM,BSE,STK,539301,INE034S01021,ARVSMART,B,,,,,Arvind SmartSpaces Limited,578.80,604.50,578.80,603.45,604.50,580.50,,603.78,,,2368,1411213.00,129,F1,1,,,,,
2026-10-06,2026-10-06,CM,BSE,STK,539302,INE211R01019,POWERMECH,A,,,,,Power Mech Projects Limited,2500.20,2500.20,2405.10,2430.30,2430.30,2429.15,,2426.12,,,1273,3096938.00,173,F1,1,,,,,
2026-10-06,2026-10-06,CM,BSE,STK,539309,INE230R01035,RAMASTEEL,T,,,,,Rama Steel Tubes Limited,4.36,4.36,4.32,4.32,4.32,4.40,,4.32,,,269538,1171974.00,180,F1,1,,,,,
2026-10-06,2026-10-06,CM,BSE,STK,539310,INE365S01045,THINKINK,X,,,,,THINKINK PICTUREZ LIMITED,0.19,0.19,0.19,0.19,0.19,0.19,,0.19,,,192631,36599.00,110,F1,1,,,,,
2026-10-06,2026-10-06,CM,BSE,STK,539312,INF789FB1X58,SENSEXBETA,B,,,,,UTI BSE Sensex ETF,809.00,810.65,807.00,808.00,808.00,804.32,,809.72,,,67,54142.00,10,F1,1,,,,,
2026-10-06,2026-10-06,CM,BSE,STK,539313,INF789F1AZC0,NIFTYBETA,B,,,,,UTI Mutual Fund,251.00,252.62,251.00,252.62,252.62,250.22,,252.39,,,242,60935.00,21,F1,1,,,,,
2026-10-06,2026-10-06,CM,BSE,STK,539314,INE203T01012,UNIAUTO,B,,,,,Universal Autofoundry Limited,50.00,50.90,49.75,50.49,50.49,48.91,,50.49,,,2380,119240.00,22,F1,1,,,,,
2026-10-06,2026-10-06,CM,BSE,STK,539331,INE918N01018,VETO,B,,,,,VETO SWITCHGEARS AND CABLES LI,137.35,140.85,135.65,138.75,139.15,137.20,,138.56,,,7370,1019979.00,109,F1,1,,,,,
2026-10-06,2026-10-06,CM,BSE,STK,539332,INE278M01019,NAVKARCORP,B,,,,,Navkar Corporation Limited,83.25,86.30,83.25,85.99,86.24,85.05,,85.96,,,11097,947552.00,292,F1,1,,,,,
2026-10-06,2026-10-06,CM,BSE,STK,539334,INE712K01011,SHREEPUSHK,B,,,,,Shree Pushkar Chemicals & Fert,491.50,511.00,487.80,510.10,511.00,499.00,,510.10,,,3649,1814278.00,224,F1,1,,,,,
2026-10-06,2026-10-06,CM,BSE,STK,539336,INE844O01030,GUJENERGY,A,,,,,Gujarat Energy Limited,231.15,234.60,229.05,230.00,230.00,232.20,,229.97,,,124634,28786899.00,2913,F1,1,,,,,
2026-10-06,2026-10-06,CM,BSE,STK,539337,INE725P01012,WAAREE,M,,,,,WAAREE TECHNOLOGIES LIMITED,197.05,200.45,195.35,197.00,198.00,199.20,,197.00,,,6125,1210737.00,33,F1,175,,,,,
2026-10-06,2026-10-06,CM,BSE,STK,539346,INE764L01010,SADBHIN,B,,,,,Sadbhav Infrastructure Project,2.58,2.63,2.55,2.56,2.56,2.62,,2.56,,,28397,73129.00,52,F1,1,,,,,
2026-10-06,2026-10-06,CM,BSE,STK,539353,INE724G01014,SALAUTO,X,,,,,SAL AUTOMOTIVE LIMITED,193.00,206.00,193.00,200.20,200.20,192.90,,200.20,,,2652,532111.00,23,F1,1,,,,,
2026-10-06,2026-10-06,CM,BSE,STK,539354,INE914G01029,POLYSPIN,B,,,,,Polyspin Exports Ltd.,28.36,28.36,28.20,28.20,28.20,30.88,,28.58,,,4,113.00,3,F1,1,,,,,
2026-10-06,2026-10-06,CM,BSE,STK,539359,INE583R01029,PRITIKAUTO,B,,,,,Pritika Auto Industries Limite,16.80,16.80,15.71,16.15,16.18,16.03,,16.33,,,13050,208938.00,83,F1,1,,,,,
2026-10-06,2026-10-06,CM,BSE,STK,539383,INE019D01016,MAHAVEER,Z,,,,,Mahaveer Infoway Limited,11.77,11.77,11.00,11.00,11.00,11.22,,11.00,,,161,1894.00,2,F1,1,,,,,
2026-10-06,2026-10-06,CM,BSE,STK,539391,INE636B01011,ACME,Z,,,,,Acme Resources Limited,29.20,29.20,29.00,29.00,29.00,28.67,,29.00,,,19,552.00,6,F1,1,,,,,
2026-10-06,2026-10-06,CM,BSE,STK,539398,INE060T01024,VISHALBL,B,,,,,Vishal Bearings Limited,54.50,54.78,51.11,51.88,51.88,54.95,,51.88,,,1296,68220.00,44,F1,1,,,,,
2026-10-06,2026-10-06,CM,BSE,STK,539399,INE344T01014,BELLACASA,B,,,,,Bella Casa Fashion & Retail Li,239.60,244.90,238.60,238.95,238.60,239.55,,241.61,,,1373,330181.00,82,F1,1,,,,,
2026-10-06,2026-10-06,CM,BSE,STK,539400,INE389C01015,MALLCOM,B,,,,,MALLCOM (INDIA) LTD.,915.00,927.95,900.00,908.70,902.00,913.65,,903.46,,,169,154348.00,34,F1,1,,,,,
2026-10-06,2026-10-06,CM,BSE,STK,539402,INE256S01012,NAKSH,Z,,,,,Naksh Precious Metals Limited,3.45,3.62,3.41,3.62,3.62,3.45,,3.62,,,4274,15405.00,14,F1,1,,,,,
2026-10-06,2026-10-06,CM,BSE,STK,539404,INE836B01017,SATIN,B,,,,,SATIN CREDITCARE NETWORK LIMIT,215.00,230.80,200.10,228.50,230.10,217.10,,228.35,,,198736,41678029.00,2475,F1,1,,,,,
2026-10-06,2026-10-06,CM,BSE,STK,539405,INE183R01010,DITCO,X,,,,,Decorous Investment and Tradin,13.25,13.90,13.00,13.00,13.00,13.25,,13.00,,,2610,34338.00,10,F1,1,,,,,
2026-10-06,2026-10-06,CM,BSE,STK,539407,INE854S01022,GENCON,B,,,,,Generic Engineering Constructi,45.99,45.99,37.69,38.10,38.64,38.96,,37.78,,,20270,771246.00,96,F1,1,,,,,
2026-10-06,2026-10-06,CM,BSE,STK,539408,INE594R01018,KUBERJI,XT,,,,,Kuber Udyog Limited,72.45,72.45,67.00,69.71,69.71,70.52,,69.71,,,17677,1221536.00,154,F1,1,,,,,
2026-10-06,2026-10-06,CM,BSE,STK,539428,INE030T01027,TEJNAKSH,X,,,,,Tejnaksh Healthcare Limited,12.60,12.60,12.26,12.33,12.58,12.21,,12.33,,,9222,114609.00,24,F1,1,,,,,
2026-10-06,2026-10-06,CM,BSE,STK,539435,INE201C01012,RFSL,X,,,,,Richfield Financial Services L,17.90,17.90,17.90,17.90,17.90,17.90,,17.90,,,100,1790.00,1,F1,1,,,,,
2026-10-06,2026-10-06,CM,BSE,STK,539436,INE335K01011,COFFEEDAY,B,,,,,Coffee Day Enterprises Limited,30.00,30.30,29.51,30.10,30.25,29.99,,30.03,,,26014,778958.00,230,F1,1,,,,,
2026-10-06,2026-10-06,CM,BSE,STK,539437,INE092T01019,IDFCFIRSTB,A,,,,,IDFC FIRST BANK LIMITED,82.09,82.32,78.90,81.02,81.02,82.20,,81.56,,,1017058,81814500.00,7840,F1,1,,,,,
2026-10-06,2026-10-06,CM,BSE,STK,539448,INE646L01027,INDIGO,A,,,,,InterGlobe Aviation Limited,4950.00,5058.00,4925.30,5045.00,5045.00,4935.00,,5050.48,,,20820,104077809.00,3663,F1,1,,,,,
2026-10-06,2026-10-06,CM,BSE,STK,539449,INE099S01016,IGCIL,X,,,,,IGC Industries Limited,1.89,1.89,1.85,1.86,1.86,1.86,,1.86,,,22286,41581.00,67,F1,1,,,,,
2026-10-06,2026-10-06,CM,BSE,STK,539450,INE500L01026,SHK,B,,,,,S H Kelkar and Company Limited,138.95,143.60,137.15,141.90,141.60,137.10,,142.32,,,11899,1677400.00,288,F1,1,,,,,
2026-10-06,2026-10-06,CM,BSE,STK,539455,INE360S01012,ECOFINITY,X,,,,,ECOFINITY ATOMIX LIMITED,72.92,72.92,72.64,72.64,72.64,73.04,,72.64,,,221,16058.00,3,F1,1,,,,,
2026-10-06,2026-10-06,CM,BSE,STK,539469,INE258R01028,PANORAMA,B,,,,,PANORAMA STUDIOS INTERNATIONAL,64.56,69.00,61.98,63.12,63.12,63.60,,63.06,,,372198,24671850.00,1294,F1,1,,,,,
2026-10-06,2026-10-06,CM,BSE,STK,539470,INE051N01026,SHREEGANES,X,,,,,Shree Ganesh Biotech (India) L,0.48,0.48,0.47,0.47,0.47,0.47,,0.47,,,178614,84754.00,162,F1,1,,,,,
2026-10-06,2026-10-06,CM,BSE,STK,539479,INE910R01024,GTV,X,,,,,GTV Engineering Limited,69.95,69.95,64.90,65.61,65.61,69.30,,65.61,,,249704,16742181.00,2760,F1,1,,,,,
2026-10-06,2026-10-06,CM,BSE,STK,539480,INF767K01OS7,LICNETFN50,B,,,,,LIC MF EXHGE TRADED FUND-NIFTY,255.15,255.83,255.00,255.83,255.83,254.74,,255.83,,,104,26604.00,4,F1,1,,,,,
2026-10-06,2026-10-06,CM,BSE,STK,539486,INE263R01010,GEETANJ,X,,,,,Geetanjali Credit And Capital,10.83,10.83,10.83,10.83,10.83,10.32,,10.83,,,2048,22179.00,10,F1,1,,,,,
2026-10-06,2026-10-06,CM,BSE,STK,539487,INF767K01OT5,LICNETFSEN,B,,,,,LIC MF EXCHNG TRADED FUND-SENS,826.61,826.61,826.61,826.61,826.61,822.71,,824.81,,,1,826.00,1,F1,1,,,,,
2026-10-06,2026-10-06,CM,BSE,STK,539492,INE721C01019,GARBIFIN,X,,,,,Garbi Finvest Limited,8.89,8.89,8.69,8.69,8.69,8.94,,8.69,,,564,4926.00,13,F1,1,,,,,
2026-10-06,2026-10-06,CM,BSE,STK,539494,INE766D01020,SMARTFIN,X,,,,,Smart Finsec Limited,8.10,8.10,7.93,8.00,7.93,8.11,,8.00,,,7143,57221.00,73,F1,1,,,,,
2026-10-06,2026-10-06,CM,BSE,STK,539495,INE176R01014,RAJKOTINV,X,,,,,Rajkot Investment Trust Limite,45.60,48.00,43.60,43.65,43.65,45.79,,43.65,,,1344,61923.00,14,F1,1,,,,,
2026-10-06,2026-10-06,CM,BSE,STK,539506,INE805Q01028,ADCON,X,,,,,Adcon Capital Services Limited,0.54,0.54,0.50,0.53,0.54,0.51,,0.53,,,152008,77499.00,143,F1,1,,,,,
2026-10-06,2026-10-06,CM,BSE,STK,539515,INE641R01017,QUINT,T,,,,,Quint Digital Limited,61.91,62.05,61.89,61.89,61.89,65.14,,62.00,,,2949,182556.00,18,F1,1,,,,,
2026-10-06,2026-10-06,CM,BSE,STK,539516,INF179KC1965,HDFCNIFTY,B,,,,,HDFC Mutual Fund,254.72,257.00,254.72,256.68,257.00,254.86,,256.42,,,2382,608976.00,82,F1,1,,,,,
2026-10-06,2026-10-06,CM,BSE,STK,539517,INF179KC1HX2,HDFCSENSEX,B,,,,,HDFC Mutual Fund,81.69,83.08,81.69,82.78,83.08,82.19,,82.76,,,3405,281773.00,65,F1,1,,,,,
2026-10-06,2026-10-06,CM,BSE,STK,539518,INE551B01012,UDAYJEW,B,,,,,Uday Jewellery Industries Limi,167.00,167.00,159.75,160.85,160.95,160.10,,160.35,,,1804,294439.00,142,F1,1,,,,,
2026-10-06,2026-10-06,CM,BSE,STK,539519,INE280E01038,TAVEXIA,XT,,,,,TAVEXIA LIFECARE LIMITED,1.18,1.20,1.17,1.19,1.19,1.18,,1.19,,,218467,258727.00,153,F1,1,,,,,
2026-10-06,2026-10-06,CM,BSE,STK,539522,INE343C01012,GROVY,XT,,,,,Grovy India Limited,61.00,61.00,58.00,58.10,58.10,61.00,,58.10,,,334,19557.00,13,F1,1,,,,,
2026-10-06,2026-10-06,CM,BSE,STK,539523,INE540L01014,ALKEM,A,,,,,Alkem Laboratories Limited,5186.10,5269.75,5169.15,5262.90,5269.40,5170.85,,5292.00,,,5660,29659715.00,771,F1,1,,,,,
2026-10-06,2026-10-06,CM,BSE,STK,539524,INE600L01024,LALPATHLAB,A,,,,,Dr. Lal Pathlabs Limited,1995.00,2015.60,1948.25,1960.95,1956.00,1970.70,,1964.17,,,5140,10225007.00,417,F1,1,,,,,
2026-10-06,2026-10-06,CM,BSE,STK,539526,INE452S01025,SCTL,X,,,,,Suncare Traders Limited,0.42,0.42,0.41,0.41,0.41,0.42,,0.41,,,292426,121337.00,166,F1,1,,,,,
2026-10-06,2026-10-06,CM,BSE,STK,539527,INE146E01015,CREATIVE,X,,,,,Creative Castings Limited,625.00,645.00,625.00,643.30,643.30,618.35,,643.30,,,61,38692.00,7,F1,1,,,,,
2026-10-06,2026-10-06,CM,BSE,STK,539528,INE430R01023,AAYUSH,X,,,,,AAYUSH WELLNESS LIMITED,23.41,23.88,22.65,23.15,23.12,23.41,,23.15,,,60860,1412542.00,425,F1,1,,,,,
2026-10-06,2026-10-06,CM,BSE,STK,539533,INE669R01026,ELITECON,B,,,,,ELITECON INTERNATIONAL LIMITED,7.48,7.49,7.20,7.27,7.27,7.49,,7.24,,,855552,6251177.00,1790,F1,1,,,,,
2026-10-06,2026-10-06,CM,BSE,STK,539542,INE150G01020,LUXIND,B,,,,,LUX Industries Limited,1175.00,1193.30,1164.60,1177.20,1175.40,1204.35,,1177.00,,,1667,1962377.00,229,F1,1,,,,,
2026-10-06,2026-10-06,CM,BSE,STK,539545,INE217S01014,APOORVA,T,,,,,Apoorva Leasing Finance & Inve,33.50,33.50,33.50,33.50,33.50,33.90,,33.25,,,1,33.00,1,F1,1,,,,,
2026-10-06,2026-10-06,CM,BSE,STK,539546,INE679E01015,AGRIBIO,X,,,,,AGRIBIO SPIRITS LIMITED,314.00,314.50,303.00,307.30,307.00,307.20,,307.30,,,7690,2394253.00,59,F1,1,,,,,
2026-10-06,2026-10-06,CM,BSE,STK,539551,INE410P01011,NH,A,,,,,Narayana Hrudayalaya Limited,1728.50,1736.75,1718.00,1726.75,1726.75,1721.90,,1724.01,,,8645,14919075.00,1109,F1,1,,,,,
2026-10-06,2026-10-06,CM,BSE,STK,539552,INE108T01021,DHVIJAFIN,X,,,,,DHVIJA FINANCE LIMITED,10.50,10.69,10.30,10.68,10.50,10.69,,10.68,,,30259,318934.00,98,F1,1,,,,,
2026-10-06,2026-10-06,CM,BSE,STK,539559,INE005G01026,DEEPAI,X,,,,,Deep Health AI India Limited,1.59,1.67,1.58,1.63,1.63,1.57,,1.63,,,632108,1029046.00,504,F1,1,,,,,
2026-10-06,2026-10-06,CM,BSE,STK,539561,INE549S01036,SUPHA,Z,,,,,SUPHA PHARMACHEM LIMITED,0.26,0.26,0.25,0.26,0.26,0.25,,0.26,,,1303617,331078.00,327,F1,1,,,,,
2026-10-06,2026-10-06,CM,BSE,STK,539562,INE750R01016,AARNAV,T,,,,,AARNAV FASHIONS LIMITED,36.98,38.00,35.17,37.00,37.00,36.25,,37.31,,,3426,127326.00,29,F1,1,,,,,
2026-10-06,2026-10-06,CM,BSE,STK,539593,INE728Q01014,SHIVA,XT,,,,,Shivansh Finserv Limited,10.65,10.74,10.12,10.33,10.20,10.23,,10.33,,,27645,296293.00,21,F1,1,,,,,
2026-10-06,2026-10-06,CM,BSE,STK,539594,INE094S01041,MISHTANN,X,,,,,Mishtann Foods Limited,3.20,3.25,3.16,3.19,3.20,3.17,,3.19,,,749734,2396586.00,1186,F1,1,,,,,
2026-10-06,2026-10-06,CM,BSE,STK,539596,INE681Q01015,DELTA,X,,,,,Delta Industrial Resources Lim,9.85,10.50,9.85,10.40,10.40,10.02,,10.40,,,7829,81368.00,7,F1,1,,,,,
2026-10-06,2026-10-06,CM,BSE,STK,539598,INE727C01024,AMPL,X,,,,,AMPL Capital Limited,33.65,33.95,33.00,33.46,33.49,33.62,,33.46,,,75545,2532784.00,243,F1,1,,,,,
2026-10-06,2026-10-06,CM,BSE,STK,539599,INE079C01012,KEL,X,,,,,Kotia Enterprises Limited,25.67,25.67,25.66,25.66,25.66,25.79,,25.66,,,101,2591.00,2,F1,1,,,,,
2026-10-06,2026-10-06,CM,BSE,STK,539607,INE373T01047,BLUECLOUDS,B,,,,,Blue Cloud Softech Solutions L,19.63,20.08,19.63,19.99,20.08,19.63,,20.01,,,272234,5381509.00,664,F1,1,,,,,
2026-10-06,2026-10-06,CM,BSE,STK,539620,INE534E01020,KEIL,X,,,,,KANORIA ENERGY & INFRASTRUCTUR,17.44,17.84,16.17,16.55,16.55,16.51,,16.55,,,3152,53003.00,67,F1,1,,,,,
2026-10-06,2026-10-06,CM,BSE,STK,539621,INE368E01023,BCLENTERPR,XT,,,,,BCL Enterprises Limited,0.43,0.45,0.43,0.43,0.43,0.45,,0.43,,,18405,7932.00,28,F1,1,,,,,
2026-10-06,2026-10-06,CM,BSE,STK,539636,INE484I01029,PRECAM,B,,,,,Precision Camshafts Limited,108.50,113.80,108.50,113.60,113.80,108.45,,113.29,,,6258,703540.00,142,F1,1,,,,,
2026-10-06,2026-10-06,CM,BSE,STK,539658,INE985S01024,TEAMLEASE,B,,,,,TeamLease Services Limited,1134.60,1150.10,1120.00,1130.45,1132.85,1133.60,,1130.30,,,899,1016672.00,209,F1,1,,,,,
2026-10-06,2026-10-06,CM,BSE,STK,539659,INE564S01019,KAMATS,B,,,,,VIKRAM KAMATS HOSPITALITY LIMI,31.94,31.94,29.06,29.22,29.89,30.47,,29.22,,,1679,50240.00,29,F1,1,,,,,
2026-10-06,2026-10-06,CM,BSE,STK,539660,INE052T01021,BESTAGRO,B,,,,,BEST AGROLIFE LIMITED,17.66,18.17,17.66,17.89,17.88,17.67,,17.89,,,82389,1473722.00,605,F1,1,,,,,
2026-10-06,2026-10-06,CM,BSE,STK,539661,INE023R01018,ACEMEN,X,,,,,ACE MEN ENGG WORKS LIMITED,121.00,121.00,112.10,116.85,116.90,114.90,,116.85,,,48308,5662695.00,177,F1,1,,,,,
2026-10-06,2026-10-06,CM,BSE,STK,539662,INE948Q01018,BFLAFL,X,,,,,BFL Asset Finvest Limited,6.28,6.31,6.01,6.01,6.01,6.01,,6.01,,,4850,30096.00,23,F1,1,,,,,
2026-10-06,2026-10-06,CM,BSE,STK,539669,INE684D01025,RGF,X,,,,,RGF Capital Markets Limited,2.31,2.31,2.12,2.31,2.31,2.20,,2.31,,,4901470,11253425.00,273,F1,1,,,,,
2026-10-06,2026-10-06,CM,BSE,STK,539673,INE792P01020,RCL,Z,,,,,Radhagobind Commercial Limited,1.75,1.75,1.75,1.75,1.75,1.75,,1.75,,,30,52.00,1,F1,1,,,,,
2026-10-06,2026-10-06,CM,BSE,STK,539678,INE306L01010,QUICKHEAL,B,,,,,Quick Heal Technologies Limite,138.90,141.00,137.85,140.50,140.50,138.00,,140.42,,,8516,1191005.00,219,F1,1,,,,,
2026-10-06,2026-10-06,CM,BSE,STK,539679,INE332Q01023,KAPILRAJ,XT,,,,,Kapil Raj Finance Ltd.,3.06,3.15,3.04,3.13,3.09,3.06,,3.13,,,482917,1498336.00,146,F1,1,,,,,
2026-10-06,2026-10-06,CM,BSE,STK,539682,INE622Q01027,MOBAVENUE,X,,,,,Mobavenue AI Tech Limited,303.55,310.00,283.00,303.80,306.90,304.15,,303.80,,,61583,18257928.00,664,F1,1,,,,,
2026-10-06,2026-10-06,CM,BSE,STK,539686,INE127T01021,KPEL,B,,,,,K.P. Energy Limited,214.75,216.75,212.55,215.40,215.50,214.20,,215.46,,,21312,4566623.00,441,F1,1,,,,,
2026-10-06,2026-10-06,CM,BSE,STK,539692,INE064T01018,IFINSER,X,,,,,INTERACTIVE FINANCIAL SERVICES,13.00,13.00,11.00,11.43,11.43,11.43,,11.43,,,7221,83848.00,62,F1,1,,,,,
2026-10-06,2026-10-06,CM,BSE,STK,539697,INE966Q01010,HILIKS,X,,,,,HILIKS TECHNOLOGIES LIMITED,61.97,61.97,61.97,61.97,61.97,59.02,,61.97,,,662,41024.00,5,F1,1,,,,,
2026-10-06,2026-10-06,CM,BSE,STK,539724,INE039D01014,HYPERSOFT,XT,,,,,HYPERSOFT TECHNOLOGIES LIMITED,199.00,199.00,185.40,189.00,190.00,195.10,,189.00,,,8562,1624569.00,157,F1,1,,,,,
2026-10-06,2026-10-06,CM,BSE,STK,539725,INE314T01033,GOKULAGRO,B,,,,,Gokul Agro Resources Ltd,213.90,213.90,206.40,211.35,211.65,205.30,,210.96,,,18094,3793957.00,554,F1,1,,,,,
2026-10-06,2026-10-06,CM,BSE,STK,539730,INE194R01017,FREDUN,B,,,,,Fredun Pharmaceuticals Limited,1366.65,1425.00,1359.10,1408.10,1409.75,1366.65,,1406.87,,,16424,22774148.00,1277,F1,1,,,,,
2026-10-06,2026-10-06,CM,BSE,STK,539742,INE748T01016,SIMBHALS,Z,,,,,Simbhaoli Sugars Ltd,7.50,7.50,7.35,7.50,7.50,7.15,,7.40,,,25954,194040.00,31,F1,1,,,,,
2026-10-06,2026-10-06,CM,BSE,STK,539760,INE773T01014,RELICAB,B,,,,,Relicab Cable Manufacturing Li,34.76,35.90,33.47,34.45,34.00,34.80,,34.45,,,2003,68863.00,35,F1,1,,,,,
2026-10-06,2026-10-06,CM,BSE,STK,539761,INE427T01025,VKAL,X,,,,,Vantage Knowledge Academy Limi,0.75,0.76,0.72,0.74,0.73,0.74,,0.74,,,149916,111073.00,222,F1,1,,,,,
2026-10-06,2026-10-06,CM,BSE,STK,539762,INE250S01015,MEAPL,X,,,,,MODERN ENGINEERING AND PROJECT,23.94,23.94,22.10,22.82,22.80,23.36,,22.82,,,32195,732980.00,116,F1,1,,,,,
2026-10-06,2026-10-06,CM,BSE,STK,539767,INE216Q01010,MNIL,XT,,,,,Mega Nirman & Industries Limit,57.12,57.12,54.82,54.82,54.82,57.70,,54.82,,,347,19311.00,32,F1,1,,,,,
2026-10-06,2026-10-06,CM,BSE,STK,539770,INE830S01014,DARJEELING,X,,,,,DARJEELING INDUSTRIIES LIMITED,23.47,23.47,23.47,23.47,23.47,24.70,,23.47,,,1538,36096.00,15,F1,1,,,,,
2026-10-06,2026-10-06,CM,BSE,STK,539773,INE178T01024,ADVIKCA,B,,,,,Advik Capital Limited,0.99,1.04,0.96,0.99,0.99,1.04,,0.99,,,301613,299146.00,191,F1,1,,,,,
2026-10-06,2026-10-06,CM,BSE,STK,539784,INF767K01PC8,LICNFNHGP,B,,,,,LIC MF EXHNGE TRADED FUND NIFT,261.51,261.51,261.51,261.51,261.51,260.17,,261.96,,,1,261.00,1,F1,1,,,,,
2026-10-06,2026-10-06,CM,BSE,STK,539785,INE865T01018,PDMJEPAPER,B,,,,,Pudumjee Paper Products Limite,96.90,98.27,95.46,95.90,95.90,95.75,,96.15,,,11244,1090252.00,457,F1,1,,,,,
2026-10-06,2026-10-06,CM,BSE,STK,539787,INE075I01017,HCG,A,,,,,HealthCare Global Enterprises,694.90,694.90,654.15,680.60,680.05,668.75,,680.55,,,3070,2056100.00,576,F1,1,,,,,
2026-10-06,2026-10-06,CM,BSE,STK,539798,INE173U01015,UMIYA,X,,,,,Umiya Tubes Limited,25.20,26.40,25.10,25.99,25.99,25.99,,25.99,,,4020,104075.00,14,F1,1,,,,,
2026-10-06,2026-10-06,CM,BSE,STK,539799,INE316L01019,BHARATWIRE,B,,,,,Bharat Wire Ropes Limited,163.15,166.90,163.15,165.75,165.55,162.15,,165.28,,,2525,418858.00,106,F1,1,,,,,
2026-10-06,2026-10-06,CM,BSE,STK,539800,INE043U01010,CHDCHEM,X,,,,,CHD Chemicals Limited,5.84,6.71,5.84,6.70,6.70,6.65,,6.70,,,21099,131378.00,41,F1,1,,,,,
2026-10-06,2026-10-06,CM,BSE,STK,539807,INE483S01020,CCAVENUE,A,,,,,AvenuesAI Limited,15.01,15.48,15.01,15.37,15.40,15.00,,15.35,,,701232,10720184.00,1317,F1,1,,,,,
2026-10-06,2026-10-06,CM,BSE,STK,539814,INE204S01012,LELAVOIR,X,,,,,LE LAVOIR LIMITED,70.00,71.50,67.87,67.92,71.15,71.44,,67.92,,,3854,262544.00,43,F1,1,,,,,
2026-10-06,2026-10-06,CM,BSE,STK,539834,INE119R01014,BALGOPAL,X,,,,,Balgopal Commercial limited,160.05,169.35,145.30,164.20,164.20,160.05,,164.20,,,1361,216243.00,62,F1,1,,,,,
2026-10-06,2026-10-06,CM,BSE,STK,539835,INE574R01028,SUPERIOR,X,,,,,Superior Finlease Limited,1.62,1.62,1.50,1.60,1.60,1.62,,1.60,,,6000,9315.00,10,F1,1,,,,,
2026-10-06,2026-10-06,CM,BSE,STK,539837,INE912T01018,RPEL,B,,,,,RAGHAV PRODUCTIVITY ENHANCERS,1804.15,1847.30,1800.00,1840.60,1847.30,1811.80,,1835.79,,,6861,12565286.00,512,F1,1,,,,,
2026-10-06,2026-10-06,CM,BSE,STK,539841,INE359U01028,LANCER,B,,,,,Lancer Container Lines Limited,11.15,11.49,11.07,11.25,11.20,11.18,,11.28,,,30116,340289.00,158,F1,1,,,,,
2026-10-06,2026-10-06,CM,BSE,STK,539843,INE395U01014,NINSYS,B,,,,,NINtec Systems Limited,842.90,864.00,820.00,821.80,824.80,840.05,,822.49,,,954,796239.00,108,F1,1,,,,,
2026-10-06,2026-10-06,CM,BSE,STK,539854,INE115S01010,HALDER,B,,,,,Halder Venture Limited,249.95,269.50,249.95,258.25,258.25,252.15,,263.07,,,301,77911.00,59,F1,1,,,,,
2026-10-06,2026-10-06,CM,BSE,STK,539871,INE594H01019,THYROCARE,A,,,,,Thyrocare Technologies Limited,550.00,550.00,528.95,529.95,529.95,540.95,,529.80,,,48219,26106794.00,863,F1,1,,,,,
2026-10-06,2026-10-06,CM,BSE,STK,539872,INE411U01027,BAJAJHCARE,B,,,,,Bajaj Healthcare Limited,324.60,324.60,317.25,323.05,323.45,319.05,,323.10,,,4305,1383982.00,118,F1,1,,,,,
2026-10-06,2026-10-06,CM,BSE,STK,539875,INE616F01022,RSDFIN,T,,,,,RSD Finance Limited,89.00,89.00,89.00,89.00,89.00,89.44,,92.00,,,88,7832.00,1,F1,1,,,,,
2026-10-06,2026-10-06,CM,BSE,STK,539876,INE299U01018,CROMPTON,A,,,,,Crompton Greaves Consumer Elec,210.45,212.95,209.85,212.30,212.30,211.55,,211.98,,,80180,16987125.00,1538,F1,1,,,,,
2026-10-06,2026-10-06,CM,BSE,STK,539883,INE417C01014,PILANIINVS,B,,,,,Pilani Investment And Industri,4000.00,4077.00,4000.00,4073.00,4073.00,3981.70,,4067.10,,,62,250304.00,21,F1,1,,,,,
2026-10-06,2026-10-06,CM,BSE,STK,539884,INE671T01028,DARSHANORNA,X,,,,,Darshan Orna Limited,2.12,2.12,2.07,2.09,2.09,2.10,,2.09,,,10003,20975.00,27,F1,1,,,,,
2026-10-06,2026-10-06,CM,BSE,STK,539889,INE883N01014,PARAGMILK,A,,,,,Parag Milk Foods Limited,283.00,311.00,279.25,308.75,309.00,280.70,,308.70,,,320540,96793659.00,4705,F1,1,,,,,
2026-10-06,2026-10-06,CM,BSE,STK,539894,INE631R01026,MADHAVIPL,B,,,,,Madhav Infra Projects Limited,7.46,7.46,7.10,7.36,7.44,7.19,,7.35,,,7003,50728.00,32,F1,1,,,,,
2026-10-06,2026-10-06,CM,BSE,STK,539895,INE631E01024,SPICELOUNG,B,,,,,SPICE LOUNGE FOOD WORKS LIMITE,25.19,25.19,25.19,25.19,25.19,26.51,,25.19,,,53863,1356808.00,156,F1,1,,,,,
2026-10-06,2026-10-06,CM,BSE,STK,539900,INE642P01019,DIDL,X,,,,,DALMIA INDUSTRIAL DEVELOPMENT,9.00,9.74,8.32,8.87,9.00,8.87,,8.87,,,3040,28955.00,27,F1,1,,,,,
2026-10-06,2026-10-06,CM,BSE,STK,539921,INE440T01028,SEIL,B,,,,,Shanti Educational Initiatives,187.35,187.75,183.30,186.30,186.80,184.00,,186.17,,,10745,1995254.00,229,F1,1,,,,,
2026-10-06,2026-10-06,CM,BSE,STK,539922,INE364S01022,RGIL,XT,,,,,Rotographics (India) Limited,41.52,42.50,40.26,42.50,42.50,42.37,,42.50,,,4136,167831.00,39,F1,1,,,,,
2026-10-06,2026-10-06,CM,BSE,STK,539938,INE858Q01019,MIL,X,,,,,Medico Intercontinental Limite,25.90,26.80,25.00,26.35,26.35,25.19,,26.35,,,2331,60499.00,58,F1,1,,,,,
2026-10-06,2026-10-06,CM,BSE,STK,539939,INE571U01010,YASHCHEM,X,,,,,Yash Chemex Limited,55.00,55.00,50.70,51.35,50.97,52.62,,51.35,,,1980,101657.00,36,F1,1,,,,,
2026-10-06,2026-10-06,CM,BSE,STK,539945,INF109KC11V0,NV20IETF,B,,,,,ICICI Prudential NV20 ETF,12.49,13.00,12.49,12.86,12.90,12.79,,12.85,,,32213,415054.00,396,F1,1,,,,,
2026-10-06,2026-10-06,CM,BSE,STK,539946,INE217E01014,BAZELINTER,XT,,,,,Bazel International Limited,20.80,20.80,19.65,20.53,19.66,20.68,,20.53,,,580,11566.00,23,F1,1,,,,,
2026-10-06,2026-10-06,CM,BSE,STK,539947,INE919T01013,JLL,XT,,,,,JINDAL LEASEFIN LIMITED,58.63,61.56,55.70,58.30,58.30,58.63,,58.30,,,3407,200999.00,31,F1,1,,,,,
2026-10-06,2026-10-06,CM,BSE,STK,539956,INE524T01029,TAALTECH,B,,,,,TAAL TECH LIMITED,935.00,1111.00,927.90,1092.80,1092.80,930.25,,1093.36,,,39015,40550867.00,2300,F1,1,,,,,
2026-10-06,2026-10-06,CM,BSE,STK,539957,INE002S01010,MGL,A,,,,,Mahanagar Gas Limited,1040.30,1042.95,1033.60,1039.90,1042.95,1043.90,,1039.80,,,7700,7989043.00,871,F1,1,,,,,
2026-10-06,2026-10-06,CM,BSE,STK,539963,INE819S01025,ZEAL,X,,,,,Zeal Aqua Limited,10.60,10.60,10.20,10.31,10.52,10.34,,10.31,,,39079,405025.00,186,F1,1,,,,,
2026-10-06,2026-10-06,CM,BSE,STK,539978,INE615P01015,QUESS,B,,,,,Quess Corp Limited,342.55,345.00,332.25,334.25,334.95,342.05,,334.43,,,14666,4915561.00,1111,F1,1,,,,,
2026-10-06,2026-10-06,CM,BSE,STK,539979,INE731U01028,DIGJAMLMTD,T,,,,,DIGJAM LIMITED,45.25,45.25,45.25,45.25,45.25,47.10,,47.52,,,3,135.00,1,F1,1,,,,,
2026-10-06,2026-10-06,CM,BSE,STK,539980,INF109KC10W0,MIDSELIETF,B,,,,,ICICI Prudential BSE Midcap Se,18.08,18.84,18.08,18.66,18.61,18.55,,18.67,,,8178,152091.00,65,F1,1,,,,,
2026-10-06,2026-10-06,CM,BSE,STK,539984,INE799B01025,HIIL,X,,,,,HINDUSTHAN INSULATORS and INDU,537.05,537.05,537.05,537.05,537.05,526.55,,537.05,,,233,125132.00,7,F1,1,,,,,
2026-10-06,2026-10-06,CM,BSE,STK,539985,INE120V01014,TITAANIUM,M,,,,,Titaanium Ten Enterprise Limit,20.00,22.05,20.00,22.05,22.05,20.05,,22.05,,,13000,280290.00,10,F1,1000,,,,,
2026-10-06,2026-10-06,CM,BSE,STK,539986,INE073V01015,COMSYN,B,,,,,Commercial Syn Bags Limited,260.50,264.80,257.25,263.10,263.45,260.60,,263.00,,,59626,15626320.00,216,F1,1,,,,,
2026-10-06,2026-10-06,CM,BSE,STK,539991,INE700F01024,CFEL,T,,,,,CONFIDENCE FUTURISTIC ENERGETE,45.00,45.00,45.00,45.00,45.00,43.50,,45.00,,,943,42435.00,8,F1,1,,,,,
2026-10-06,2026-10-06,CM,BSE,STK,539992,INE093R01011,LLOYDSENGG,A,,,,,LLOYDS ENGINEERING WORKS LIMIT,102.86,103.78,99.68,101.07,101.07,102.16,,101.15,,,763515,77337057.00,3802,F1,1,,,,,
2026-10-06,2026-10-06,CM,BSE,STK,539997,INE552U01010,KPL,B,,,,,Kwality Pharmaceuticals Limite,3686.10,3780.20,3620.05,3751.20,3750.00,3641.50,,3745.70,,,2286,8467276.00,491,F1,1,,,,,
2026-10-06,2026-10-06,CM,BSE,STK,540005,INE214T01019,LTM,A,,,,,LTM LIMITED,4000.05,4027.80,3952.30,3974.95,3974.95,4000.00,,3971.14,,,6806,27128679.00,944,F1,1,,,,,
2026-10-06,2026-10-06,CM,BSE,STK,540006,INE595R01023,EASTWEST,B,,,,,EAST WEST FREIGHT CARRIERS LTD,2.27,2.37,2.21,2.22,2.22,2.32,,2.22,,,33042,74763.00,50,F1,1,,,,,
2026-10-06,2026-10-06,CM,BSE,STK,540008,INF209KB10E8,BSLSENETFG,B,,,,,Aditya Birla Sun Life BSE Sens,73.80,73.80,73.35,73.35,73.35,72.79,,73.70,,,2,147.00,2,F1,1,,,,,
2026-10-06,2026-10-06,CM,BSE,STK,540023,INE621I01042,COLORCHIPS,X,,,,,COLORCHIPS NEW MEDIA LIMITED,10.88,10.88,10.38,10.77,10.80,10.86,,10.77,,,556,5927.00,28,F1,1,,,,,
2026-10-06,2026-10-06,CM,BSE,STK,540025,INE837H01020,ADVENZYMES,B,,,,,Advanced Enzyme Technologies L,274.30,278.35,272.40,273.55,272.60,272.75,,273.11,,,7539,2073034.00,312,F1,1,,,,,
2026-10-06,2026-10-06,CM,BSE,STK,540026,INE213U01019,LAHL,X,,,,,Ladam Affortable Housing Limit,6.39,6.39,6.05,6.39,6.39,6.39,,6.39,,,499,3049.00,7,F1,1,,,,,
2026-10-06,2026-10-06,CM,BSE,STK,540047,INE917M01012,DBL,A,,,,,Dilip Buildcon Limited,390.80,402.20,390.80,400.85,402.20,396.45,,400.80,,,3547,1410257.00,99,F1,1,,,,,
2026-10-06,2026-10-06,CM,BSE,STK,540048,INE212I01016,SPAL,B,,,,,S.P. Apparels Limited,939.00,956.55,939.00,950.25,948.50,937.35,,949.68,,,775,737037.00,69,F1,1,,,,,
2026-10-06,2026-10-06,CM,BSE,STK,540061,INE412U01025,BIGBLOC,B,,,,,Bigbloc Construction Limited,37.60,38.59,37.10,37.15,37.12,37.80,,37.19,,,5708,212862.00,523,F1,1,,,,,
2026-10-06,2026-10-06,CM,BSE,STK,540065,INE976G01028,RBLBANK,A,,,,,RBL Bank Limited,415.30,417.85,412.00,414.00,414.00,417.00,,414.47,,,107936,44745081.00,2341,F1,1,,,,,
2026-10-06,2026-10-06,CM,BSE,STK,540072,INE191V01015,SHIVAEXPO,MT,,,,,Shiva Granito Export Limited,11.57,11.57,11.57,11.57,11.57,11.02,,11.57,,,80000,925600.00,8,F1,10000,,,,,
2026-10-06,2026-10-06,CM,BSE,STK,540073,INE153T01027,BLS,A,,,,,BLS International Services Ltd,222.80,225.00,217.65,223.90,225.00,215.60,,223.96,,,100626,22324136.00,2396,F1,1,,,,,
2026-10-06,2026-10-06,CM,BSE,STK,540078,INE317V01016,MITSU,X,,,,,Mitsu Chem Plast Limited,183.80,187.50,178.55,184.70,184.70,181.40,,184.70,,,26463,4875547.00,244,F1,1,,,,,
2026-10-06,2026-10-06,CM,BSE,STK,540079,INE537U01037,SPRAYKING,B,,,,,Sprayking Limited,1.16,1.18,1.11,1.16,1.16,1.16,,1.16,,,123133,142678.00,159,F1,1,,,,,
2026-10-06,2026-10-06,CM,BSE,STK,540080,INE715T01031,DHATRE,B,,,,,Dhatre Udyog Limited,4.05,4.05,3.92,3.93,4.02,3.95,,3.93,,,6786,26896.00,60,F1,1,,,,,
2026-10-06,2026-10-06,CM,BSE,STK,540082,INE367U01013,RSTL,MT,,,,,Riddhi Steel and Tube Limited,269.75,270.00,269.75,270.00,270.00,262.00,,270.00,,,900,242887.00,2,F1,450,,,,,
2026-10-06,2026-10-06,CM,BSE,STK,540083,INE871L01013,TVVISION,T,,,,,TV VISION LIMITED,2.65,2.70,2.58,2.64,2.64,2.65,,2.59,,,2579,6657.00,12,F1,1,,,,,
2026-10-06,2026-10-06,CM,BSE,STK,540097,INE890S01026,GAMCO,X,,,,,GAMCO LIMITED,46.15,46.16,44.51,45.11,45.74,46.16,,45.11,,,1456,66046.00,41,F1,1,,,,,
2026-10-06,2026-10-06,CM,BSE,STK,540115,INE010V01017,LTTS,A,,,,,L&T Technology Services Limite,3236.45,3257.10,3187.00,3247.05,3253.00,3220.00,,3246.23,,,6264,20170642.00,939,F1,1,,,,,
2026-10-06,2026-10-06,CM,BSE,STK,540124,INE934S01014,GNA,B,,,,,G N A Axles Limited,598.00,619.40,580.00,616.00,616.00,584.75,,615.82,,,45958,27831971.00,2027,F1,1,,,,,
2026-10-06,2026-10-06,CM,BSE,STK,540125,INE583V01021,RADHIKAJWE,T,,,,,Radhika Jeweltech Limited,68.88,68.88,66.50,67.53,67.70,67.73,,67.39,,,6074,410971.00,97,F1,1,,,,,
2026-10-06,2026-10-06,CM,BSE,STK,540132,INE400R01018,SIIL,XT,,,,,Sabrimala Industries India Lim,19.84,19.84,19.84,19.84,19.84,18.90,,19.84,,,8614,170901.00,24,F1,1,,,,,
2026-10-06,2026-10-06,CM,BSE,STK,540133,INE726G01019,ICICIPRULI,A,,,,,ICICI Prudential Life Insuranc,458.55,462.05,453.75,459.00,459.00,452.80,,459.49,,,18560,8492111.00,667,F1,1,,,,,
2026-10-06,2026-10-06,CM,BSE,STK,540135,INE202R01026,ARCFIN,X,,,,,ARC Finance Limited,0.46,0.49,0.45,0.47,0.48,0.46,,0.47,,,3651014,1722629.00,951,F1,1,,,,,
2026-10-06,2026-10-06,CM,BSE,STK,540136,INE495S01016,HPL,B,,,,,HPL Electric & Power Limited,263.00,275.10,263.00,272.35,272.95,264.65,,272.70,,,5287,1420511.00,287,F1,1,,,,,
2026-10-06,2026-10-06,CM,BSE,STK,540143,INE184B01012,SAGARSOFT,X,,,,,Sagarsoft (India) Limited,89.50,92.00,89.00,92.00,92.00,91.80,,92.00,,,1235,110447.00,10,F1,1,,,,,
2026-10-06,2026-10-06,CM,BSE,STK,540144,INE746V01016,DRA,M,,,,,DRA CONSULTANTS LIMITED,17.85,19.60,17.85,19.60,19.60,16.34,,19.60,,,27500,517850.00,11,F1,2500,,,,,
2026-10-06,2026-10-06,CM,BSE,STK,540145,INE565V01010,VALIANTORG,B,,,,,Valiant Organics Limited,475.45,501.45,468.70,492.50,492.50,476.00,,496.58,,,22747,11061386.00,979,F1,1,,,,,
2026-10-06,2026-10-06,CM,BSE,STK,540147,INE700V01021,SHASHIJIT,X,,,,,Shashijit Infraprojects Limite,2.35,2.36,2.26,2.31,2.31,2.30,,2.31,,,5277,12175.00,25,F1,1,,,,,
2026-10-06,2026-10-06,CM,BSE,STK,540153,INE913H01037,ENDURANCE,A,,,,,Endurance Technologies Limited,2557.90,2557.90,2512.00,2515.95,2514.00,2525.25,,2516.00,,,17458,44211431.00,3500,F1,1,,,,,
2026-10-06,2026-10-06,CM,BSE,STK,540159,INE905R01016,PURPLE,XT,,,,,PURPLE AGROTECH INDUSTRIES LIM,6.65,6.65,6.63,6.63,6.63,6.37,,6.63,,,400,2652.00,6,F1,1,,,,,
2026-10-06,2026-10-06,CM,BSE,STK,540168,INE268T01015,SUPRAPFSL,X,,,,,Supra Pacific Financial Servic,31.80,33.44,30.95,32.95,33.00,31.39,,32.95,,,62906,2044619.00,650,F1,1,,,,,
2026-10-06,2026-10-06,CM,BSE,STK,540173,INE572E01012,PNBHOUSING,A,,,,,PNB Housing Finance Limited,1109.95,1112.55,1089.65,1103.00,1103.00,1110.00,,1102.18,,,14237,15709014.00,965,F1,1,,,,,
2026-10-06,2026-10-06,CM,BSE,STK,540174,INE298B01010,SOUTHERNIN,X,,,,,SOUTHERN INFOCONSULTANTS LIMIT,19.99,19.99,19.90,19.90,19.90,19.65,,19.90,,,264,5275.00,11,F1,1,,,,,
2026-10-06,2026-10-06,CM,BSE,STK,540175,INE964R01013,REGENCY,X,,,,,REGENCY FINCORP LIMITED,51.79,56.00,51.00,54.34,54.34,50.82,,54.34,,,439499,23585220.00,544,F1,1,,,,,
2026-10-06,2026-10-06,CM,BSE,STK,540180,INE200M01039,VBL,A,,,,,Varun Beverages Limited,441.00,442.90,436.10,439.75,439.75,439.30,,439.30,,,714323,312984176.00,4001,F1,1,,,,,
2026-10-06,2026-10-06,CM,BSE,STK,540181,INE894E01028,SALEM,X,,,,,Salem Erode Investments Ltd.,24.00,24.60,22.00,22.20,22.00,25.00,,22.20,,,9844,221763.00,107,F1,1,,,,,
2026-10-06,2026-10-06,CM,BSE,STK,540190,INE789R01022,FRANKLININD,X,,,,,Franklin Industries Limited,0.30,0.31,0.29,0.30,0.30,0.30,,0.30,,,1551614,470174.00,578,F1,1,,,,,
2026-10-06,2026-10-06,CM,BSE,STK,540192,INE341H01023,LKPSEC,B,,,,,LKP Securities Limited,14.35,14.49,13.80,13.99,13.99,14.67,,14.13,,,22760,319373.00,144,F1,1,,,,,
2026-10-06,2026-10-06,CM,BSE,STK,540198,INE186R01013,OSIAJEE,X,,,,,OSIAJEE TEXFAB LIMITED,227.60,229.80,227.15,229.40,229.65,229.80,,229.40,,,1432,328164.00,38,F1,1,,,,,
2026-10-06,2026-10-06,CM,BSE,STK,540199,INE850R01014,CMBL,X,,,,,Corporate Merchant Bankers Lim,50.89,50.89,49.70,49.70,49.70,50.90,,49.70,,,7,350.00,4,F1,1,,,,,
2026-10-06,2026-10-06,CM,BSE,STK,540203,INE916U01025,SFL,A,,,,,Sheela Foam Limited,618.00,626.00,617.65,623.90,623.80,620.55,,623.41,,,4855,3018458.00,372,F1,1,,,,,
2026-10-06,2026-10-06,CM,BSE,STK,540204,INE666Q01016,EIKO,X,,,,,EIKO LIFESCIENCES LIMITED,47.35,49.50,47.35,48.50,49.35,47.57,,48.50,,,3642,176958.00,22,F1,1,,,,,
2026-10-06,2026-10-06,CM,BSE,STK,540205,INE679V01027,AVL,A,,,,,Aditya Vision Limited,606.10,606.10,590.40,595.40,595.55,600.70,,595.11,,,6154,3660189.00,386,F1,1,,,,,
2026-10-06,2026-10-06,CM,BSE,STK,540210,INE759V01019,HEADSUP,B,,,,,Heads UP Ventures Limited,6.35,6.35,6.35,6.35,6.35,6.39,,6.52,,,20,127.00,1,F1,1,,,,,
2026-10-06,2026-10-06,CM,BSE,STK,540212,INE586V01016,TCIEXP,B,,,,,TCI Express Limited,485.00,505.00,485.00,501.95,501.90,494.35,,501.44,,,1746,869723.00,104,F1,1,,,,,
2026-10-06,2026-10-06,CM,BSE,STK,540222,INE947Q01028,LAURUSLABS,A,,,,,Laurus Labs Limited,1970.90,2054.00,1959.10,2054.00,2054.00,1964.00,,2050.04,,,56117,112868498.00,3190,F1,1,,,,,
2026-10-06,2026-10-06,CM,BSE,STK,540243,INE835U01027,NEWLIGHT,XT,,,,,NEW LIGHT INDUSTRIES LIMITED,1.33,1.37,1.28,1.34,1.37,1.33,,1.34,,,77221,102573.00,89,F1,1,,,,,
2026-10-06,2026-10-06,CM,BSE,STK,540252,INE607V01028,VSL,B,,,,,Viram Suvarn Limited,9.36,9.65,9.07,9.38,9.38,9.54,,9.38,,,121387,1134725.00,250,F1,1,,,,,
2026-10-06,2026-10-06,CM,BSE,STK,540254,INE245H01018,MTPL,XT,,,,,MARG TECHNO PROJECTS LIMITED,7.93,8.45,7.87,7.93,7.90,8.28,,7.93,,,3249366,25578500.00,146,F1,1,,,,,
2026-10-06,2026-10-06,CM,BSE,STK,540259,INE118R01032,SHANGAR,X,,,,,SHANGAR DECOR LIMITED,0.23,0.23,0.20,0.22,0.22,0.23,,0.22,,,2719273,585954.00,259,F1,1,,,,,
2026-10-06,2026-10-06,CM,BSE,STK,540266,INE804Q01013,GLCL,X,,,,,Globe Commercials Limited,19.00,19.66,17.65,17.89,18.00,19.58,,17.89,,,87616,1601514.00,481,F1,1,,,,,
2026-10-06,2026-10-06,CM,BSE,STK,540268,INE615R01029,TRU,B,,,,,TruCap Finance Limited,4.20,4.28,4.05,4.24,4.24,4.15,,4.13,,,28545,117841.00,40,F1,1,,,,,
2026-10-06,2026-10-06,CM,BSE,STK,540269,INE459U01018,SKL,MT,,,,,SUPER FINE KNITTERS LIMITED,16.40,16.40,16.40,16.40,16.40,16.00,,16.40,,,30000,492000.00,1,F1,10000,,,,,
2026-10-06,2026-10-06,CM,BSE,STK,540293,INE726V01018,PRICOLLTD,A,,,,,Pricol Limited,708.35,708.45,667.10,677.00,678.10,704.45,,677.63,,,126507,86399073.00,5801,F1,1,,,,,
2026-10-06,2026-10-06,CM,BSE,STK,540310,INE181U01018,CFL,XT,,,,,Classic Filaments Limited,92.11,100.00,92.11,98.84,100.00,96.95,,98.84,,,18973,1883465.00,67,F1,1,,,,,
2026-10-06,2026-10-06,CM,BSE,STK,540311,INE863T01013,JITFINFRA,B,,,,,JITF INFRALOGISTICS LIMITED,270.00,275.00,269.50,273.85,275.00,269.15,,275.00,,,3506,948119.00,227,F1,1,,,,,
2026-10-06,2026-10-06,CM,BSE,STK,540332,INE978V01015,TANVI,M,,,,,Tanvi Foods (India) Limited,44.20,44.20,44.20,44.20,44.20,44.00,,44.20,,,1000,44200.00,1,F1,1000,,,,,
2026-10-06,2026-10-06,CM,BSE,STK,540358,INE655V01019,RMC,B,,,,,RMC SWITCHGEARS LIMITED,194.90,201.00,193.70,198.05,199.40,193.65,,196.25,,,14848,2926265.00,682,F1,1,,,,,
2026-10-06,2026-10-06,CM,BSE,STK,540360,INE715Q01029,LLFICL,T,,,,,LEADING LEASING FINANCE AND IN,0.97,0.97,0.97,0.97,0.97,0.98,,0.97,,,515159,499704.00,213,F1,1,,,,,
2026-10-06,2026-10-06,CM,BSE,STK,540361,INE575D01041,DANUBE,X,,,,,DANUBE INDUSTRIES LIMITED,5.08,5.08,4.90,5.00,5.00,5.08,,5.00,,,9490,47238.00,78,F1,1,,,,,
2026-10-06,2026-10-06,CM,BSE,STK,540366,INE919I01024,RADIOCITY,B,,,,,Music Broadcast Limited,6.01,6.01,5.81,5.83,5.83,5.89,,6.01,,,807,4693.00,9,F1,1,,,,,
2026-10-06,2026-10-06,CM,BSE,STK,540376,INE192R01011,DMART,A,,,,,Avenue Supermarts Limited,3536.20,3595.00,3521.00,3572.10,3572.10,3572.95,,3581.78,,,67548,240267675.00,7677,F1,1,,,,,
2026-10-06,2026-10-06,CM,BSE,STK,540377,INE714U01024,IFL,B,,,,,IFL ENTERPRISES LIMITED,0.30,0.32,0.30,0.31,0.31,0.31,,0.31,,,4845304,1517636.00,531,F1,1,,,,,
2026-10-06,2026-10-06,CM,BSE,STK,540386,INE989S01042,ONTIC,XT,,,,,Ontic Finserve Limited,1.31,1.31,1.30,1.30,1.30,1.32,,1.30,,,18070,23529.00,26,F1,1,,,,,
2026-10-06,2026-10-06,CM,BSE,STK,540393,INE017W01010,SMLT,B,,,,,Sarthak Metals Limited,81.84,81.84,73.00,73.71,73.00,79.22,,73.98,,,11014,825034.00,299,F1,1,,,,,
2026-10-06,2026-10-06,CM,BSE,STK,540395,INE298W01016,CHEMCRUX,B,,,,,Chemcrux Enterprises Limited,77.00,85.03,75.51,79.12,78.62,79.64,,79.21,,,9596,750156.00,120,F1,1,,,,,
2026-10-06,2026-10-06,CM,BSE,STK,540396,INE784W01015,MANOMAY,B,,,,,Manomay Tex India Limited,240.95,242.80,238.00,240.55,239.00,237.15,,240.17,,,11925,2869282.00,452,F1,1,,,,,
2026-10-06,2026-10-06,CM,BSE,STK,540401,INE544W01021,MAXIMUS,X,,,,,Maximus International Limited,14.60,15.25,14.50,14.88,15.08,14.76,,14.88,,,56414,831263.00,111,F1,1,,,,,
2026-10-06,2026-10-06,CM,BSE,STK,540403,INE201M01029,CLEDUCATE,B,,,,,CL Educate Limited,55.00,55.27,52.70,53.03,52.70,55.07,,53.94,,,683,36757.00,30,F1,1,,,,,
2026-10-06,2026-10-06,CM,BSE,STK,540404,INE442V01012,PRIMEFRESH,B,,,,,PRIME FRESH LIMITED,158.80,158.80,148.00,155.65,157.35,154.95,,155.65,,,4847,738520.00,110,F1,1,,,,,
2026-10-06,2026-10-06,CM,BSE,STK,540405,INE711V01010,OCEANIC,X,,,,,Oceanic Foods Limited,48.39,49.50,47.00,48.35,49.00,48.39,,48.35,,,6084,295168.00,34,F1,1,,,,,
2026-10-06,2026-10-06,CM,BSE,STK,540425,INE274V01019,SHANKARA,B,,,,,Shankara Building Products Lim,116.50,126.80,116.50,125.40,125.20,118.20,,125.58,,,7253,892139.00,220,F1,1,,,,,
2026-10-06,2026-10-06,CM,BSE,STK,540455,INE953W01016,ESCORP,B,,,,,Escorp Asset Management Limite,116.00,116.00,101.80,104.35,101.80,105.05,,104.35,,,19,2039.00,8,F1,1,,,,,
2026-10-06,2026-10-06,CM,BSE,STK,540467,INE808R01012,PARMSILK,XT,,,,,PARMESHWARI SILK MILLS LIMITED,328.00,328.00,328.00,328.00,328.00,328.70,,328.00,,,1,328.00,1,F1,1,,,,,
2026-10-06,2026-10-06,CM,BSE,STK,540481,INE949C01016,CLFL,X,,,,,Classic Leasing & Finance Ltd.,52.85,52.85,47.57,47.57,47.57,52.85,,47.57,,,447,21329.00,10,F1,1,,,,,
2026-10-06,2026-10-06,CM,BSE,STK,540492,INE594W01042,STARLENT,B,,,,,STARLINEPS ENTERPRISES LIMITED,7.67,7.99,7.59,7.66,7.63,7.76,,7.66,,,243731,1869082.00,346,F1,1,,,,,
2026-10-06,2026-10-06,CM,BSE,STK,540497,INE807K01035,SCHAND,B,,,,,S Chand And Company Limited,143.75,144.50,139.65,144.30,143.85,143.45,,145.16,,,450,64129.00,44,F1,1,,,,,
2026-10-06,2026-10-06,CM,BSE,STK,540515,INE453S01015,KANUNGO,XT,,,,,KANUNGO FINANCIERS LIMITED,13.18,13.18,13.18,13.18,13.18,13.87,,13.18,,,2200,28996.00,4,F1,1,,,,,
2026-10-06,2026-10-06,CM,BSE,STK,540519,INE343X01026,MEERA,B,,,,,Meera Industries Limited,29.35,29.35,28.12,28.77,28.60,28.16,,28.77,,,2466,71258.00,62,F1,1,,,,,
2026-10-06,2026-10-06,CM,BSE,STK,540526,INE183W23014,IRBINVIT,IF,,,,,IRB InvIT Fund,63.96,64.18,63.68,63.89,63.85,63.94,,63.85,,,51478,3286878.00,479,F1,1,,,,,
2026-10-06,2026-10-06,CM,BSE,STK,540530,INE031A01017,HUDCO,A,,,,,Housing &Urban Development Cor,163.00,165.70,155.75,161.15,161.15,161.65,,161.06,,,1597538,253686598.00,7653,F1,1,,,,,
2026-10-06,2026-10-06,CM,BSE,STK,540544,INE488V01015,PSPPROJECT,B,,,,,PSP Projects Limited,774.85,774.85,754.75,762.70,762.70,763.15,,761.77,,,2034,1552751.00,165,F1,1,,,,,
2026-10-06,2026-10-06,CM,BSE,STK,540545,INE986W01016,GKL,XT,,,,,GURU KRUPA GEMS AND JEWELLERY,36.79,37.50,35.90,37.18,37.20,36.79,,37.18,,,19426,710484.00,95,F1,1,,,,,
2026-10-06,2026-10-06,CM,BSE,STK,540565,INE219X23014,INDIGRID,IF,,,,,IndiGrid Infrastructure Trust,170.59,170.59,169.16,169.49,169.57,169.54,,169.42,,,35135,5956227.00,388,F1,1,,,,,
2026-10-06,2026-10-06,CM,BSE,STK,540570,INE717F01028,VARIMAN,X,,,,,VARIMAN GLOBAL ENTERPRISES LIM,4.74,4.97,4.68,4.76,4.70,4.86,,4.76,,,45203,214599.00,87,F1,1,,,,,
2026-10-06,2026-10-06,CM,BSE,STK,540575,INE460H01021,STARCEMENT,B,,,,,Star Cement Limited,179.00,179.00,175.70,176.25,176.40,175.95,,176.39,,,5311,936198.00,155,F1,1,,,,,
2026-10-06,2026-10-06,CM,BSE,STK,540590,INE325X01015,RIDDHICORP,X,,,,,Riddhi Corporate Services Limi,57.00,57.00,54.32,57.00,57.00,55.44,,57.00,,,119,6519.00,8,F1,1,,,,,
2026-10-06,2026-10-06,CM,BSE,STK,540595,INE010J01012,TEJASNET,A,,,,,Tejas Networks Limited,466.30,484.95,466.30,476.00,476.00,463.25,,475.86,,,181211,86777965.00,3637,F1,1,,,,,
2026-10-06,2026-10-06,CM,BSE,STK,540596,INE406M01024,ERIS,A,,,,,Eris Lifesciences Limited,1181.70,1200.00,1174.40,1187.65,1188.80,1187.00,,1184.77,,,2663,3159734.00,302,F1,1,,,,,
2026-10-06,2026-10-06,CM,BSE,STK,540597,INE319U01022,CONTAINER,X,,,,,Containerway International Lim,16.73,17.40,16.12,17.29,17.29,16.81,,17.29,,,3532,57498.00,15,F1,1,,,,,
2026-10-06,2026-10-06,CM,BSE,STK,540602,INE869I01013,GTPL,B,,,,,GTPL Hathway Limited,55.00,55.20,54.42,54.80,54.80,54.15,,54.68,,,946,51705.00,22,F1,1,,,,,
2026-10-06,2026-10-06,CM,BSE,STK,540611,INE949L01017,AUBANK,A,,,,,AU Small Finance Bank Limited,1041.70,1041.70,1016.75,1030.95,1030.95,1029.00,,1028.02,,,31199,32047157.00,1759,F1,1,,,,,
2026-10-06,2026-10-06,CM,BSE,STK,540612,INF109KC19U5,LOWVOLIETF,B,,,,,ICICI Prudential Nifty Low Vol,20.71,20.79,20.57,20.74,20.76,20.60,,20.69,,,8482,175770.00,243,F1,1,,,,,
2026-10-06,2026-10-06,CM,BSE,STK,540615,INE413X01035,7NR,XT,,,,,7NR Retail Limited,6.69,7.10,6.69,6.90,6.90,6.83,,6.90,,,6358,43998.00,74,F1,1,,,,,
2026-10-06,2026-10-06,CM,BSE,STK,540642,INE170V01027,SALASAR,B,,,,,Salasar Techno Engineering Lim,4.07,4.34,4.03,4.24,4.21,4.07,,4.22,,,831728,3468674.00,894,F1,1,,,,,
2026-10-06,2026-10-06,CM,BSE,STK,540647,INE335W01016,GANGESSECU,B,,,,,Ganges Securities Ltd.,114.00,115.00,114.00,115.00,115.00,116.35,,115.81,,,4,457.00,4,F1,1,,,,,
2026-10-06,2026-10-06,CM,BSE,STK,540648,INE471W01019,PALASHSECU,B,,,,,Palash Securities Limited,87.00,87.00,87.00,87.00,87.00,87.00,,86.80,,,1,87.00,1,F1,1,,,,,
2026-10-06,2026-10-06,CM,BSE,STK,540649,INE349W01017,AVADHSUGAR,B,,,,,AVADH SUGAR & ENERGY LIMITED,866.10,903.05,855.30,872.60,873.90,843.60,,873.28,,,34775,30468221.00,1669,F1,1,,,,,
2026-10-06,2026-10-06,CM,BSE,STK,540650,INE347W01011,MAGADSUGAR,B,,,,,Magadh Sugar & Energy Limited,563.70,566.80,543.20,552.95,552.75,534.95,,552.47,,,2026,1122415.00,182,F1,1,,,,,
2026-10-06,2026-10-06,CM,BSE,STK,540654,INE632W01016,GSTL,X,,,,,GlobalSpace Technologies Limit,33.00,33.01,31.61,33.01,33.01,31.44,,33.01,,,31423,1026445.00,135,F1,1,,,,,
2026-10-06,2026-10-06,CM,BSE,STK,540669,INF789F1AUW9,NEXT50BETA,B,,,,,UTI Mutual Fund,75.33,75.74,75.13,75.73,75.74,74.85,,75.55,,,3429,258843.00,40,F1,1,,,,,
2026-10-06,2026-10-06,CM,BSE,STK,540673,INE285J01028,SIS,B,,,,,SIS LIMITED,416.00,420.25,414.45,416.70,416.95,415.35,,416.70,,,11504,4813418.00,1096,F1,1,,,,,
2026-10-06,2026-10-06,CM,BSE,STK,540678,INE704P01025,COCHINSHIP,A,,,,,Cochin Shipyard Limited,1283.95,1292.20,1273.50,1281.00,1281.00,1284.00,,1281.93,,,72286,92585201.00,4080,F1,1,,,,,
2026-10-06,2026-10-06,CM,BSE,STK,540679,INE320X01016,HALEOSLABS,B,,,,,HALEOS LABS LIMITED,1552.00,1586.40,1552.00,1586.00,1586.00,1549.00,,1587.55,,,55,86612.00,29,F1,1,,,,,
2026-10-06,2026-10-06,CM,BSE,STK,540680,INE880L01014,KIOCL,B,,,,,KIOCL Limited,326.90,347.10,326.00,345.20,344.05,322.50,,344.63,,,8208,2786208.00,395,F1,1,,,,,
2026-10-06,2026-10-06,CM,BSE,STK,540686,INE172E01011,SMRUTHIORG,X,,,,,Smruthi Organics Limited,159.90,160.00,156.00,157.60,160.00,156.60,,157.60,,,2058,325468.00,28,F1,1,,,,,
2026-10-06,2026-10-06,CM,BSE,STK,540691,INE674K01013,ABCAPITAL,A,,,,,Aditya Birla Capital Ltd,377.40,378.80,372.60,378.65,378.65,376.95,,378.90,,,76059,28662636.00,964,F1,1,,,,,
2026-10-06,2026-10-06,CM,BSE,STK,540692,INE346W01013,APEX,B,,,,,Apex Frozen Foods Limited,325.00,341.00,323.05,339.10,338.60,329.00,,339.77,,,7077,2371608.00,354,F1,1,,,,,
2026-10-06,2026-10-06,CM,BSE,STK,540693,INE145Y01023,SHISHIND,X,,,,,Shish Industries Limited,12.20,12.38,11.83,12.09,12.09,12.22,,12.09,,,377531,4548185.00,377,F1,1,,,,,
2026-10-06,2026-10-06,CM,BSE,STK,540694,INE236W01016,ANG,T,,,,,ANG Lifesciences India Limited,38.60,38.60,38.60,38.60,38.60,39.38,,38.60,,,1576,60833.00,7,F1,1,,,,,
2026-10-06,2026-10-06,CM,BSE,STK,540696,INE185U01035,KCDGROUP,XT,,,,,KCD INDUSTRIES INDIA LIMITED,3.60,3.60,3.55,3.60,3.60,3.60,,3.60,,,4331,15436.00,13,F1,1,,,,,
2026-10-06,2026-10-06,CM,BSE,STK,540699,INE935N01020,DIXON,A,,,,,Dixon Technologies (India) Lim,12777.90,13037.65,12655.90,13000.10,13000.10,12741.00,,13014.93,,,12891,165789657.00,3478,F1,1,,,,,
2026-10-06,2026-10-06,CM,BSE,STK,540700,INE727S01012,BRNL,B,,,,,Bharat Road Network Limited,16.50,16.64,15.76,16.07,16.00,16.14,,16.04,,,4030,65633.00,72,F1,1,,,,,
2026-10-06,2026-10-06,CM,BSE,STK,540701,INE385W01011,DCAL,B,,,,,Dishman Carbogen Amcis Limited,154.80,155.95,151.60,153.35,153.95,151.15,,153.56,,,15135,2327262.00,241,F1,1,,,,,
2026-10-06,2026-10-06,CM,BSE,STK,540703,INE438C01010,PROCLB,XT,,,,,PRO CLB GLOBAL LIMITED,48.50,50.00,47.51,50.00,50.00,49.90,,50.00,,,24360,1214815.00,40,F1,1,,,,,
2026-10-06,2026-10-06,CM,BSE,STK,540704,INE866R01028,MATRIMONY,B,,,,,Matrimony.com Limited,519.05,519.05,501.40,504.75,502.80,510.90,,509.44,,,244,124489.00,91,F1,1,,,,,
2026-10-06,2026-10-06,CM,BSE,STK,540709,INE217K01011,RHFL,Z,,,,,Reliance Home Finance Limited,1.58,1.58,1.52,1.57,1.57,1.55,,1.56,,,98740,154066.00,123,F1,1,,,,,
2026-10-06,2026-10-06,CM,BSE,STK,540710,INE264T01014,CAPACITE,B,,,,,Capacite Infraprojects Limited,179.65,187.15,179.10,184.60,184.60,178.45,,184.51,,,40984,7495882.00,680,F1,1,,,,,
2026-10-06,2026-10-06,CM,BSE,STK,540716,INE765G01017,ICICIGI,A,,,,,ICICI Lombard General Insuranc,1599.65,1605.50,1577.50,1591.20,1591.20,1589.00,,1598.18,,,59739,94763001.00,967,F1,1,,,,,
2026-10-06,2026-10-06,CM,BSE,STK,540717,INE689M01025,PQIF,X,,,,,Polo Queen Industrial and Fint,7.99,7.99,7.50,7.70,7.70,7.84,,7.70,,,76449,585608.00,218,F1,1,,,,,
2026-10-06,2026-10-06,CM,BSE,STK,540718,INE777X01017,AAYUSHBULL,M,,,,,AAYUSH ART AND BULLION LIMITED,1267.00,1274.00,1263.75,1271.85,1271.85,1266.05,,1271.85,,,95000,120383562.00,651,F1,125,,,,,
2026-10-06,2026-10-06,CM,BSE,STK,540719,INE123W01016,SBILIFE,A,,,,,SBI Life Insurance Company Lim,1738.95,1754.25,1710.80,1754.00,1754.00,1730.00,,1750.00,,,190268,331681177.00,2328,F1,1,,,,,
2026-10-06,2026-10-06,CM,BSE,STK,540724,INE393P01035,DIAMONDYD,B,,,,,Prataap Snacks Limited,1050.10,1094.25,1050.10,1089.15,1092.65,1057.05,,1088.22,,,243,259850.00,29,F1,1,,,,,
2026-10-06,2026-10-06,CM,BSE,STK,540725,INE932X01026,SHAREINDIA,B,,,,,Share India Securities Limited,210.00,212.00,207.10,211.70,212.00,206.15,,211.41,,,46361,9730086.00,769,F1,1,,,,,
2026-10-06,2026-10-06,CM,BSE,STK,540726,INE071Y01013,TTFL,X,,,,,Trident Texofab Limited,20.50,20.93,20.01,20.75,20.92,20.21,,20.75,,,13637,278156.00,79,F1,1,,,,,
2026-10-06,2026-10-06,CM,BSE,STK,540727,INE973X01012,POOJA,B,,,,,Poojawestern Metaliks Limited,15.70,16.47,15.33,15.67,15.89,15.56,,15.67,,,3826,60226.00,52,F1,1,,,,,
2026-10-06,2026-10-06,CM,BSE,STK,540728,INE327G01032,SAYAJIIND,B,,,,,Sayaji Industries Limited,119.70,119.70,119.70,119.70,119.70,115.05,,119.70,,,2,239.00,2,F1,1,,,,,
2026-10-06,2026-10-06,CM,BSE,STK,540729,INE695X01011,VANTABIO,M,,,,,Vanta Bioscience Limited,20.42,20.42,20.42,20.42,20.42,20.42,,20.42,,,2250,45945.00,2,F1,750,,,,,
2026-10-06,2026-10-06,CM,BSE,STK,540730,INE062Y01020,MEHAI,X,,,,,Mehai Technology  Limited,1.14,1.19,1.14,1.18,1.19,1.15,,1.18,,,253937,297382.00,135,F1,1,,,,,
2026-10-06,2026-10-06,CM,BSE,STK,540735,INE864K01010,IRIS,B,,,,,IRIS RegTech Solutions Limited,221.20,223.10,217.35,219.50,219.50,221.20,,221.57,,,902,199231.00,61,F1,1,,,,,
2026-10-06,2026-10-06,CM,BSE,STK,540737,INE414Y01015,SGRL,B,,,,,Shree Ganesh Remedies Limited,700.55,735.00,700.40,717.25,720.00,681.90,,718.73,,,9294,6682216.00,674,F1,1,,,,,
2026-10-06,2026-10-06,CM,BSE,STK,540738,INE402Y01028,STL,B,,,,,Shreeji Translogistics Limited,9.05,9.05,8.71,8.84,8.80,8.81,,8.84,,,21425,188886.00,119,F1,1,,,,,
2026-10-06,2026-10-06,CM,BSE,STK,540743,INE850D01014,GODREJAGRO,A,,,,,Godrej Agrovet Limited,645.50,650.50,636.75,647.80,650.00,641.40,,648.09,,,7604,4900107.00,453,F1,1,,,,,
2026-10-06,2026-10-06,CM,BSE,STK,540749,INE348L01012,MASFIN,B,,,,,MAS Financial Services Limited,267.05,269.80,266.35,267.05,267.00,268.20,,266.90,,,6087,1629910.00,186,F1,1,,,,,
2026-10-06,2026-10-06,CM,BSE,STK,540750,INE022Q01020,IEX,A,,,,,Indian Energy Exchange Limited,106.10,106.10,104.45,104.75,104.75,104.10,,104.84,,,168804,17745007.00,1661,F1,1,,,,,
2026-10-06,2026-10-06,CM,BSE,STK,540755,INE481Y01014,GICRE,A,,,,,General Insurance Corporation,321.80,321.80,313.55,314.15,315.05,319.20,,314.25,,,41919,13255685.00,1382,F1,1,,,,,
2026-10-06,2026-10-06,CM,BSE,STK,540757,INE501Y01019,SCPL,T,,,,,SHEETAL COOL PRODUCTS LIMITED,625.10,625.10,605.30,613.70,615.00,618.50,,609.87,,,776,477556.00,60,F1,1,,,,,
2026-10-06,2026-10-06,CM,BSE,STK,540762,INE974X01010,TIINDIA,A,,,,,Tube Investments of India Ltd,2328.00,2470.00,2312.00,2465.40,2465.40,2324.00,,2472.53,,,37137,89447820.00,3074,F1,1,,,,,
2026-10-06,2026-10-06,CM,BSE,STK,540767,INE298J01013,NAM-INDIA,A,,,,,NIPPON LIFE INDIA ASSET MANAGE,1073.95,1079.05,1056.50,1070.00,1070.00,1057.10,,1073.47,,,32891,35018400.00,1120,F1,1,,,,,
2026-10-06,2026-10-06,CM,BSE,STK,540768,INE766P01016,MAHLOG,B,,,,,Mahindra Logistics Limited,409.90,415.55,408.30,414.85,415.55,408.00,,415.03,,,7279,3006469.00,459,F1,1,,,,,
2026-10-06,2026-10-06,CM,BSE,STK,540769,INE470Y01017,NIACL,A,,,,,The New India Assurance Compan,158.20,163.50,158.20,160.65,160.75,158.15,,160.72,,,141349,22867437.00,1289,F1,1,,,,,
2026-10-06,2026-10-06,CM,BSE,STK,540774,INE133Y01011,IFGLEXPOR,B,,,,,IFGL Refractories Limited,185.65,187.55,180.00,180.05,180.00,183.85,,180.56,,,5558,1009513.00,183,F1,1,,,,,
2026-10-06,2026-10-06,CM,BSE,STK,540775,INE834I01025,KHADIM,T,,,,,Khadim India Limited,116.80,116.80,113.50,114.85,114.85,115.45,,114.85,,,541,61907.00,7,F1,1,,,,,
2026-10-06,2026-10-06,CM,BSE,STK,540776,INE618L01018,5PAISA,B,,,,,5paisa Capital Limited,358.65,358.65,348.00,350.10,349.65,360.30,,349.71,,,9974,3502937.00,475,F1,1,,,,,
2026-10-06,2026-10-06,CM,BSE,STK,540777,INE795G01014,HDFCLIFE,A,,,,,HDFC LIFE INSURANCE COMPANY LI,535.95,551.50,528.30,543.25,543.25,530.95,,543.95,,,594904,323563927.00,7063,F1,1,,,,,
2026-10-06,2026-10-06,CM,BSE,STK,540782,INE204Y01010,SBRANDS,M,,,,,Sanghvi Brands Limited,12.31,12.31,11.15,12.25,12.25,11.73,,12.25,,,30000,364750.00,13,F1,1000,,,,,
2026-10-06,2026-10-06,CM,BSE,STK,540786,INE669Y01022,SHARIKA,B,,,,,SHARIKA ENTERPRISES LIMITED,21.02,22.48,20.95,20.99,20.99,22.05,,20.99,,,179620,3801180.00,245,F1,1,,,,,
2026-10-06,2026-10-06,CM,BSE,STK,540787,INF109KB15Y7,ICICIB22,B,,,,,ICICI Prudential Mutual Fund,111.30,111.30,109.70,110.25,110.34,109.85,,110.00,,,17695,1943803.00,253,F1,1,,,,,
2026-10-06,2026-10-06,CM,BSE,STK,540788,INE500C01017,ASPIRA,XT,,,,,Aspira Pathlab & Diagnostics L,121.00,122.00,119.10,119.15,119.10,125.10,,119.15,,,992,119672.00,26,F1,1,,,,,
2026-10-06,2026-10-06,CM,BSE,STK,540789,INE016M01021,DNAMEDIA,B,,,,,Diligent Media Corporation Lim,2.36,2.76,2.33,2.55,2.55,2.30,,2.42,,,7351,18731.00,15,F1,1,,,,,
2026-10-06,2026-10-06,CM,BSE,STK,540795,INE600Y01019,DYCL,B,,,,,Dynamic Cables Limited,435.40,450.00,434.50,447.25,447.50,435.40,,446.20,,,19081,8442491.00,456,F1,1,,,,,
2026-10-06,2026-10-06,CM,BSE,STK,540797,INE597J01018,SHALBY,B,,,,,Shalby Limited,135.45,137.00,134.10,136.95,136.85,133.75,,136.51,,,3492,473627.00,81,F1,1,,,,,
2026-10-06,2026-10-06,CM,BSE,STK,540809,INE333Y01017,MRCAGRO,B,,,,,MRC AGROTECH LIMITED,35.00,35.90,33.68,34.61,34.61,35.45,,34.61,,,183721,6378847.00,502,F1,1,,,,,
2026-10-06,2026-10-06,CM,BSE,STK,540811,INE158R01012,DML,M,,,,,Diggi Multitrade Limited,11.82,12.40,11.82,12.40,12.40,11.83,,12.40,,,35000,428250.00,3,F1,5000,,,,,
2026-10-06,2026-10-06,CM,BSE,STK,540821,INE994R01028,CRYSTAL,X,,,,,CRYSTAL BUSINESS SYSTEM LIMITE,1.93,1.97,1.87,1.90,1.96,1.91,,1.90,,,22733,43360.00,78,F1,1,,,,,
2026-10-06,2026-10-06,CM,BSE,STK,540824,INE646X01014,ASTRON,Z,,,,,Astron Paper & Board Mill Limi,2.80,2.81,2.80,2.80,2.80,2.80,,2.80,,,915,2563.00,4,F1,1,,,,,
2026-10-06,2026-10-06,CM,BSE,STK,540829,INE371F01024,CHANDRIMA,XT,,,,,Chandrima Mercantiles limited,11.08,11.08,11.08,11.08,11.08,11.30,,11.08,,,4936,54690.00,64,F1,1,,,,,
2026-10-06,2026-10-06,CM,BSE,STK,540850,INE841Y01019,JFL,M,,,,,Jhandewalas Foods Limited,22.94,23.55,22.05,22.16,22.16,22.01,,22.16,,,25000,563340.00,20,F1,1000,,,,,
2026-10-06,2026-10-06,CM,BSE,STK,540874,INE454F01010,7SEASL,X,,,,,7SEAS ENTERTAINMENT LIMITED,96.00,105.00,96.00,102.54,103.00,96.33,,102.54,,,37411,3831787.00,131,F1,1,,,,,
2026-10-06,2026-10-06,CM,BSE,STK,540879,INE713T01028,APOLLO,A,,,,,Apollo Micro Systems Limited,403.15,408.80,402.10,407.95,407.95,401.55,,408.05,,,181404,73707580.00,3157,F1,1,,,,,
2026-10-06,2026-10-06,CM,BSE,STK,540900,INE619B01017,NEWGEN,A,,,,,Newgen Software Technologies L,460.45,462.85,453.75,457.05,457.05,458.95,,456.62,,,52406,23978540.00,1873,F1,1,,,,,
2026-10-06,2026-10-06,CM,BSE,STK,540901,INE546Y01022,PRAXIS,B,,,,,Praxis Home Retail Limited,4.50,4.50,4.26,4.44,4.49,4.48,,4.44,,,37589,165961.00,253,F1,1,,,,,
2026-10-06,2026-10-06,CM,BSE,STK,540902,INE371P01015,AMBER,A,,,,,Amber Enterprises India Limite,6558.30,6868.00,6529.65,6860.10,6860.10,6558.50,,6868.86,,,4252,28587169.00,752,F1,1,,,,,
2026-10-06,2026-10-06,CM,BSE,STK,540904,INE115G01015,TIRUFOAM,XT,,,,,TIRUPATI FOAM LIMITED,73.25,73.25,73.00,73.15,73.15,69.79,,73.15,,,1763,128856.00,17,F1,1,,,,,
2026-10-06,2026-10-06,CM,BSE,STK,540914,INE425C01017,SRUSTEELS,X,,,,,SRU Steels Limited,1.41,1.47,1.38,1.41,1.41,1.40,,1.41,,,46850,67032.00,80,F1,1,,,,,
2026-10-06,2026-10-06,CM,BSE,STK,540923,INE760Y01011,ASHOKAMET,B,,,,,Ashoka Metcast Limited,15.00,15.00,14.37,14.47,14.47,15.00,,14.71,,,2929,42824.00,75,F1,1,,,,,
2026-10-06,2026-10-06,CM,BSE,STK,540935,INE600K01018,GALAXYSURF,B,,,,,Galaxy Surfactants Limited,2345.00,2448.00,2345.00,2441.50,2446.00,2332.15,,2442.38,,,2388,5785436.00,400,F1,1,,,,,
2026-10-06,2026-10-06,CM,BSE,STK,540936,INE063Z01017,GGL,X,,,,,Gautam Gems Limited,3.04,3.11,2.99,3.04,3.04,2.98,,3.04,,,7688,23329.00,48,F1,1,,,,,
2026-10-06,2026-10-06,CM,BSE,STK,540937,INE630Y01024,MEDICO,B,,,,,MEDICO REMEDIES LIMITED,21.83,22.37,21.05,22.14,22.36,21.83,,22.17,,,32040,699555.00,334,F1,1,,,,,
2026-10-06,2026-10-06,CM,BSE,STK,540952,INE740X01023,LAL,B,,,,,LORENZINI APPARELS LIMITED,8.99,8.99,8.31,8.77,8.45,8.36,,8.55,,,173,1489.00,8,F1,1,,,,,
2026-10-06,2026-10-06,CM,BSE,STK,540953,INE923Y01023,KENVI,B,,,,,Kenvi Jewels Limited,1.98,1.98,1.91,1.95,1.97,1.96,,1.95,,,43753,85580.00,85,F1,1,,,,,
2026-10-06,2026-10-06,CM,BSE,STK,540954,INE586E01020,IWP,B,,,,,The Indian Wood Products Co. L,36.01,38.52,36.01,38.08,38.30,38.67,,37.50,,,175,6661.00,10,F1,1,,,,,
2026-10-06,2026-10-06,CM,BSE,STK,540955,INE773Y01014,TDSL,Z,,,,,Tasty Dairy Specialities Limit,3.90,3.90,3.90,3.90,3.90,3.95,,3.90,,,229,893.00,6,F1,1,,,,,
2026-10-06,2026-10-06,CM,BSE,STK,540956,INE341Z01025,BHATIA,X,,,,,Bhatia Communications & Retail,38.19,39.95,37.21,39.27,39.95,38.19,,39.27,,,128793,4969199.00,592,F1,1,,,,,
2026-10-06,2026-10-06,CM,BSE,STK,540961,INE644Y01017,SHIVAMILLS,B,,,,,Shiva Mills Limited,57.25,58.30,57.25,58.30,58.30,57.80,,58.31,,,4,231.00,2,F1,1,,,,,
2026-10-06,2026-10-06,CM,BSE,STK,540975,INE914M01019,ASTERDM,A,,,,,ASTER DM QUALITY CARE LIMITED,697.00,697.00,675.00,684.15,685.85,691.00,,684.69,,,48769,33325508.00,3016,F1,1,,,,,
2026-10-06,2026-10-06,CM,BSE,STK,540980,INE868X01014,YSL,X,,,,,The Yamuna Syndicate Ltd,26002.00,26002.00,26002.00,26002.00,26002.00,26250.00,,26002.00,,,3,78006.00,3,F1,1,,,,,
2026-10-06,2026-10-06,CM,BSE,STK,541005,INE398L01017,KANCOTEA,B,,,,,KANCO TEA & INDUSTRIES LIMITED,52.90,52.90,52.90,52.90,52.90,52.65,,50.47,,,1,52.00,1,F1,1,,,,,
2026-10-06,2026-10-06,CM,BSE,STK,541019,INE926X01010,HGINFRA,B,,,,,H.G. Infra Engineering Limited,402.40,423.70,398.40,417.20,418.75,403.85,,417.20,,,31054,12761400.00,1366,F1,1,,,,,
2026-10-06,2026-10-06,CM,BSE,STK,541083,INE464Z01017,INFLAME,M,,,,,Inflame Appliances Limited,228.10,236.40,228.10,235.90,235.90,232.90,,235.90,,,11250,2632862.00,26,F1,250,,,,,
2026-10-06,2026-10-06,CM,BSE,STK,541096,INE365Y01019,BPLPHARMA,B,,,,,Bharat Parenterals Limited,1727.90,1901.10,1727.00,1842.35,1892.80,1727.30,,1837.11,,,2284,4120454.00,254,F1,1,,,,,
2026-10-06,2026-10-06,CM,BSE,STK,541097,INF740KA1EU7,LIQUIDETF,F,,,,,DSP NIFTY 1D Rate Liquid ETF,1000.00,1000.01,999.99,1000.00,1000.00,1000.00,,1000.00,,,7659,7658994.00,15,F1,1,,,,,
2026-10-06,2026-10-06,CM,BSE,STK,541143,INE171Z01026,BDL,A,,,,,Bharat Dynamics Limited,1096.00,1110.55,1093.00,1101.00,1101.00,1092.00,,1101.78,,,31210,34399183.00,1651,F1,1,,,,,
2026-10-06,2026-10-06,CM,BSE,STK,541144,INE380Z01015,ACTIVE,B,,,,,Active Clothing Co  Limited,96.18,100.90,96.18,99.37,99.45,96.18,,99.37,,,2739,271917.00,39,F1,1,,,,,
2026-10-06,2026-10-06,CM,BSE,STK,541152,INE705X01026,GOYALALUM,B,,,,,GOYAL ALUMINIUMS LIMITED,5.99,6.06,5.84,6.00,6.00,5.91,,5.91,,,5007,30107.00,27,F1,1,,,,,
2026-10-06,2026-10-06,CM,BSE,STK,541153,INE545U01014,BANDHANBNK,A,,,,,Bandhan Bank Limited,168.35,170.85,162.50,164.20,164.20,168.80,,164.15,,,662417,110171175.00,6816,F1,1,,,,,
2026-10-06,2026-10-06,CM,BSE,STK,541154,INE066F01020,HAL,A,,,,,Hindustan Aeronautics Limited,4678.00,4834.80,4678.00,4818.00,4818.00,4670.40,,4816.00,,,279147,1331232072.00,5666,F1,1,,,,,
2026-10-06,2026-10-06,CM,BSE,STK,541161,INE278R01034,DHARAN,Z,,,,,DHARAN INFRA-EPC LIMITED,0.19,0.19,0.19,0.19,0.19,0.19,,0.15,,,708747,134661.00,269,F1,1,,,,,
2026-10-06,2026-10-06,CM,BSE,STK,541163,INE278H01035,SANDHAR,B,,,,,Sandhar Technologies Limited,559.55,564.40,552.50,559.30,560.40,556.80,,558.20,,,7061,3946675.00,559,F1,1,,,,,
2026-10-06,2026-10-06,CM,BSE,STK,541167,INE616Z01012,YASHO,B,,,,,YASHO INDUSTRIES LIMITED,4001.05,4350.00,4001.05,4284.20,4344.00,4043.30,,4282.87,,,2266,9509824.00,420,F1,1,,,,,
2026-10-06,2026-10-06,CM,BSE,STK,541178,INE495Z01011,BENARA,MT,,,,,Benara Bearings and Pistons Li,8.12,8.12,8.11,8.11,8.11,8.53,,8.11,,,4000,32460.00,2,F1,2000,,,,,
2026-10-06,2026-10-06,CM,BSE,STK,541195,INE099Z01011,MIDHANI,A,,,,,Mishra Dhatu Nigam Limited,442.10,465.50,439.80,462.65,462.65,439.80,,462.36,,,103484,47384624.00,2980,F1,1,,,,,
2026-10-06,2026-10-06,CM,BSE,STK,541228,INE459Z01017,TRL,T,,,,,Taylormade Renewables Limited,56.55,56.55,55.00,56.47,56.40,55.43,,56.47,,,4992,280259.00,67,F1,1,,,,,
2026-10-06,2026-10-06,CM,BSE,STK,541233,INE970X01018,LEMONTREE,A,,,,,Lemon Tree Hotels Limited,108.30,110.50,107.45,110.20,110.10,107.80,,110.12,,,216011,23527383.00,2435,F1,1,,,,,
2026-10-06,2026-10-06,CM,BSE,STK,541269,INE783X01023,CHEMFAB,B,,,,,Chemfab Alkalis Ltd,327.00,339.00,319.00,337.65,339.00,327.50,,338.47,,,789,261450.00,48,F1,1,,,,,
2026-10-06,2026-10-06,CM,BSE,STK,541276,INE626Z01029,HARDWYN,B,,,,,HARDWYN INDIA LIMITED,9.30,9.61,9.11,9.24,9.24,9.45,,9.22,,,61389,570801.00,230,F1,1,,,,,
2026-10-06,2026-10-06,CM,BSE,STK,541301,INE142Z01019,ORIENTELEC,B,,,,,Orient Electric Limited,157.35,163.20,156.50,160.70,161.40,157.35,,160.70,,,23865,3837227.00,445,F1,1,,,,,
2026-10-06,2026-10-06,CM,BSE,STK,541302,INE506Z01015,DHRUV,B,,,,,Dhruv Consultancy Services Lim,19.49,20.46,19.49,20.02,20.02,19.49,,19.50,,,504,9932.00,14,F1,1,,,,,
2026-10-06,2026-10-06,CM,BSE,STK,541303,INE256Z01025,AKSHAR,B,,,,,Akshar Spintex Limited,0.43,0.43,0.41,0.43,0.43,0.42,,0.41,,,60007,24791.00,26,F1,1,,,,,
2026-10-06,2026-10-06,CM,BSE,STK,541304,INE250Z01010,INDOUS,B,,,,,Indo US Bio-Tech Limited,79.99,79.99,71.71,75.00,75.00,75.20,,75.50,,,905,67210.00,15,F1,1,,,,,
2026-10-06,2026-10-06,CM,BSE,STK,541313,INF109KC1V59,BSE500IETF,B,,,,,ICICI Prudential BSE 500 ETF,37.07,37.74,37.07,37.62,37.74,37.28,,37.62,,,2011,75293.00,62,F1,1,,,,,
2026-10-06,2026-10-06,CM,BSE,STK,541336,INE896L01010,INDOSTAR,B,,,,,IndoStar Capital Finance Limit,209.00,209.00,198.00,199.25,199.10,205.15,,199.54,,,2356,476902.00,79,F1,1,,,,,
2026-10-06,2026-10-06,CM,BSE,STK,541338,INE556Z01010,UHZAVERI,B,,,,,U. H. ZAVERI LIMITED,6.46,6.46,6.09,6.17,6.12,6.21,,6.17,,,19110,118850.00,97,F1,1,,,,,
2026-10-06,2026-10-06,CM,BSE,STK,541347,INE295Z01015,PARVATI,XT,,,,,Parvati Sweetners and Power Lt,7.59,7.59,6.89,7.10,7.06,7.25,,7.10,,,26576,191631.00,130,F1,1,,,,,
2026-10-06,2026-10-06,CM,BSE,STK,541352,INE00EM01016,MEGASTAR,B,,,,,Megastar Foods Limited,269.20,281.50,269.20,280.75,281.00,270.25,,289.65,,,230,63767.00,16,F1,1,,,,,
2026-10-06,2026-10-06,CM,BSE,STK,541353,INE870Z01015,INNOVATORS,M,,,,,Innovators Facade Systems Limi,113.95,113.95,111.15,113.25,113.25,113.95,,113.25,,,12800,1446760.00,16,F1,800,,,,,
2026-10-06,2026-10-06,CM,BSE,STK,541358,INE926R01012,UCIL,XT,,,,,UNIFINZ CAPITAL INDIA LIMITED,103.00,103.00,101.30,101.80,101.80,102.80,,101.80,,,3237,333022.00,10,F1,1,,,,,
2026-10-06,2026-10-06,CM,BSE,STK,541400,INE518E01015,ZIMLAB,B,,,,,ZIM Laboratories Limited,137.60,139.60,137.45,138.50,137.90,136.25,,138.56,,,5844,809783.00,283,F1,1,,,,,
2026-10-06,2026-10-06,CM,BSE,STK,541402,INE692Z01013,AFFORDABLE,B,,,,,Affordable Robotic & Automatio,165.40,166.95,162.00,165.00,165.00,165.40,,163.67,,,1472,240324.00,222,F1,1,,,,,
2026-10-06,2026-10-06,CM,BSE,STK,541403,INE325C01035,DOLLAR,B,,,,,Dollar Industries Limited,270.05,281.00,270.05,278.70,278.45,274.50,,278.58,,,9549,2658429.00,228,F1,1,,,,,
2026-10-06,2026-10-06,CM,BSE,STK,541418,INE236Y01012,NGIL,B,,,,,NAKODA GROUP OF INDUSTRIES LIM,37.00,37.98,36.00,37.98,37.98,36.75,,36.15,,,686,24912.00,205,F1,1,,,,,
2026-10-06,2026-10-06,CM,BSE,STK,541444,INE838Z01012,PALMJEWELS,X,,,,,Palm Jewels Limited,23.00,23.05,21.06,21.14,21.06,23.40,,21.14,,,123724,2631647.00,401,F1,1,,,,,
2026-10-06,2026-10-06,CM,BSE,STK,541445,INE799N01012,WAA,M,,,,,Waa Solar Limited,45.99,45.99,45.00,45.00,45.00,42.88,,45.00,,,2400,108792.00,3,F1,800,,,,,
2026-10-06,2026-10-06,CM,BSE,STK,541450,INE364U01010,ADANIGREEN,A,,,,,Adani Green Energy Limited,1288.90,1328.50,1281.00,1310.60,1310.60,1279.80,,1312.98,,,91183,119717208.00,4370,F1,1,,,,,
2026-10-06,2026-10-06,CM,BSE,STK,541540,INE624Z01016,SOLARA,B,,,,,SOLARA ACTIVE PHARMA SCIENCES,687.05,687.05,667.85,681.90,686.00,676.50,,682.64,,,7975,5404381.00,423,F1,1,,,,,
2026-10-06,2026-10-06,CM,BSE,STK,541546,INE287Z01012,GAYAHWS,B,,,,,GAYATRI HIGHWAYS LTD,1.75,1.79,1.71,1.79,1.79,1.75,,1.78,,,26907,47430.00,58,F1,1,,,,,
2026-10-06,2026-10-06,CM,BSE,STK,541556,INE320J01015,RITES,A,,,,,RITES Limited,205.70,206.55,202.50,203.55,202.50,205.85,,203.51,,,65034,13314731.00,1146,F1,1,,,,,
2026-10-06,2026-10-06,CM,BSE,STK,541557,INE686Y01026,FINEORG,A,,,,,Fine Organic Industries Limite,5205.35,5594.15,5205.35,5532.10,5540.20,5197.00,,5536.61,,,4355,23776286.00,820,F1,1,,,,,
2026-10-06,2026-10-06,CM,BSE,STK,541578,INE665L01035,VARROC,A,,,,,Varroc Engineering Limited,830.85,830.85,792.10,814.95,820.00,820.65,,814.46,,,18719,15090242.00,1204,F1,1,,,,,
2026-10-06,2026-10-06,CM,BSE,STK,541601,INE685Z01033,RAJNISH,B,,,,,Rajnish Wellness Limited,0.36,0.37,0.35,0.36,0.36,0.36,,0.36,,,3069580,1104550.00,512,F1,1,,,,,
2026-10-06,2026-10-06,CM,BSE,STK,541627,INE173V01013,GUJWIND,XT,,,,,Gujarat Winding Systems Limite,9.50,9.50,9.50,9.50,9.50,10.00,,9.50,,,6193,58833.00,7,F1,1,,,,,
2026-10-06,2026-10-06,CM,BSE,STK,541634,INE960Z01014,RAWEDGE,B,,,,,Raw Edge Industrial Solutions,15.00,15.00,13.78,13.89,13.78,14.50,,13.89,,,4972,69890.00,30,F1,1,,,,,
2026-10-06,2026-10-06,CM,BSE,STK,541702,INE694W01024,ASHNI,XT,,,,,Ashnisha Industries Limited,2.40,2.40,2.34,2.35,2.36,2.38,,2.35,,,296432,698938.00,498,F1,1,,,,,
2026-10-06,2026-10-06,CM,BSE,STK,541729,INE127D01025,HDFCAMC,A,,,,,HDFC Asset Management Company,2361.45,2365.95,2336.50,2351.00,2351.00,2354.00,,2352.40,,,13916,32756648.00,2159,F1,1,,,,,
2026-10-06,2026-10-06,CM,BSE,STK,541735,INE299W01022,VIVANTA,X,,,,,Vivanta Industries Limited,1.71,1.71,1.65,1.66,1.66,1.64,,1.66,,,56049,93345.00,168,F1,1,,,,,
2026-10-06,2026-10-06,CM,BSE,STK,541741,INE401Z01019,FRATELLI,XT,,,,,Fratelli Vineyards Limited,127.85,131.45,124.50,127.20,128.95,128.00,,127.20,,,6166,799616.00,50,F1,1,,,,,
2026-10-06,2026-10-06,CM,BSE,STK,541770,INE741K01010,CREDITACC,A,,,,,CreditAccess Grameen Ltd.,1251.95,1284.75,1251.95,1265.25,1264.80,1251.95,,1265.77,,,9864,12549639.00,855,F1,1,,,,,
2026-10-06,2026-10-06,CM,BSE,STK,541771,INE572Z01017,AMINTAN,XT,,,,,AMIN TANNERY LIMITED,1.84,1.84,1.84,1.84,1.84,1.87,,1.84,,,60921,112094.00,62,F1,1,,,,,
2026-10-06,2026-10-06,CM,BSE,STK,541778,INE00IY01012,DEEP,T,,,,,Deep Polymers Limited,43.13,44.00,43.13,43.13,43.13,45.40,,41.03,,,425,18408.00,13,F1,1,,,,,
2026-10-06,2026-10-06,CM,BSE,STK,541809,INF109KC1NS5,NEXT50IETF,B,,,,,ICICI Prudential Mutual Fund,71.42,74.37,71.42,74.18,74.32,73.26,,74.04,,,28906,2130667.00,374,F1,1,,,,,
2026-10-06,2026-10-06,CM,BSE,STK,541865,INE01B501018,ASRL,X,,,,,Add-Shop E-Retail Limited,5.72,5.72,5.41,5.46,5.46,5.55,,5.46,,,18490,101961.00,151,F1,1,,,,,
2026-10-06,2026-10-06,CM,BSE,STK,541890,INE797Z01028,SPACEINCUBA,XT,,,,,Space Incubatrics Technologies,0.18,0.18,0.18,0.18,0.18,0.18,,0.18,,,70773,12739.00,60,F1,1,,,,,
2026-10-06,2026-10-06,CM,BSE,STK,541929,INE00QT01015,SGIL,B,,,,,Synergy Green Industries Limit,603.05,612.00,599.30,608.10,606.00,603.05,,603.21,,,312,188545.00,51,F1,1,,,,,
2026-10-06,2026-10-06,CM,BSE,STK,541946,INF109KC1KT9,LIQUIDIETF,F,,,,,ICICI Prudential BSE Liquid Ra,1000.00,1000.01,1000.00,1000.00,1000.00,1000.00,,999.99,,,71892,71892013.00,42,F1,1,,,,,
2026-10-06,2026-10-06,CM,BSE,STK,541956,INE962Y01021,IRCON,A,,,,,IRCON International Ltd,106.85,109.55,106.50,107.90,107.90,106.85,,107.86,,,213450,23061372.00,2177,F1,1,,,,,
2026-10-06,2026-10-06,CM,BSE,STK,541967,INE01IU01018,SKYGOLD,A,,,,,Sky Gold And Diamonds Limited,831.85,876.70,831.30,858.80,858.80,824.90,,857.69,,,183392,156717340.00,6735,F1,1,,,,,
2026-10-06,2026-10-06,CM,BSE,STK,541972,INF200KA1VQ2,SETFSN50,B,,,,,SBI Mutual Fund,903.84,904.99,900.49,902.54,902.54,895.00,,902.54,,,974,879112.00,11,F1,1,,,,,
2026-10-06,2026-10-06,CM,BSE,STK,541973,INE004Z01011,MACH,M,,,,,Mac Hotels Limited,62.00,62.00,62.00,62.00,62.00,57.00,,62.00,,,1500,93000.00,1,F1,1500,,,,,
2026-10-06,2026-10-06,CM,BSE,STK,541974,INE00VM01036,MANORAMA,A,,,,,Manorama Industries Limited,1960.05,1999.00,1960.05,1983.40,1984.95,1944.80,,1985.57,,,4849,9623391.00,514,F1,1,,,,,
2026-10-06,2026-10-06,CM,BSE,STK,541983,INE492Y01011,INNOVATIVE,M,,,,,Innovative Ideals and Services,17.45,17.45,17.45,17.45,17.45,18.35,,17.45,,,1000,17450.00,1,F1,1000,,,,,
2026-10-06,2026-10-06,CM,BSE,STK,541988,INE216P01012,AAVAS,A,,,,,AAVAS Financiers Limited,1207.80,1234.35,1197.20,1214.60,1214.00,1217.30,,1215.07,,,2833,3429317.00,419,F1,1,,,,,
2026-10-06,2026-10-06,CM,BSE,STK,542011,INE382Z01011,GRSE,A,,,,,Garden Reach Shipbuilders & En,2117.85,2142.35,2110.50,2137.55,2137.55,2110.85,,2137.30,,,37763,80381202.00,2914,F1,1,,,,,
2026-10-06,2026-10-06,CM,BSE,STK,542012,INE911Z01025,A1L,T,,,,,A-1 LIMITED,5.48,5.74,5.35,5.72,5.72,5.48,,5.72,,,708061,3963738.00,1234,F1,1,,,,,
2026-10-06,2026-10-06,CM,BSE,STK,542013,INE666Y01010,DOLFIN,B,,,,,Dolfin Rubbers Limited,175.05,175.05,170.15,170.45,170.45,171.60,,170.45,,,510,86965.00,12,F1,1,,,,,
2026-10-06,2026-10-06,CM,BSE,STK,542019,INE01J501010,SHUBHAM,X,,,,,Shubham Polyspin Limited,34.49,34.49,31.66,32.62,32.62,33.15,,32.62,,,12426,406632.00,55,F1,1,,,,,
2026-10-06,2026-10-06,CM,BSE,STK,542020,INE642Z01026,AKI,T,,,,,AKI India Limited,5.90,6.30,5.82,6.09,6.09,6.00,,6.02,,,24481,144477.00,25,F1,1,,,,,
2026-10-06,2026-10-06,CM,BSE,STK,542025,INE206Z01020,SUNRETAIL,MT,,,,,Sun Retail Limited,0.45,0.45,0.42,0.42,0.42,0.43,,0.42,,,96000,41760.00,2,F1,48000,,,,,
2026-10-06,2026-10-06,CM,BSE,STK,542034,INE00Q901014,SMGOLD,B,,,,,S. M. Gold Limited,13.30,13.44,13.14,13.22,13.22,13.12,,13.22,,,4745,63500.00,41,F1,1,,,,,
2026-10-06,2026-10-06,CM,BSE,STK,542046,INE647Z01025,VIVIDM,B,,,,,VIVID MERCANTILE LIMITED,5.89,6.04,5.70,5.81,5.81,5.77,,5.81,,,340305,1986157.00,105,F1,1,,,,,
2026-10-06,2026-10-06,CM,BSE,STK,542057,INE00SW01015,BCPL,B,,,,,BCPL Railway Infrastructure Li,68.90,69.29,65.03,66.90,66.90,66.28,,67.24,,,5080,337787.00,118,F1,1,,,,,
2026-10-06,2026-10-06,CM,BSE,STK,542066,INE399L01023,ATGL,A,,,,,ADANI TOTAL GAS LIMITED,585.90,592.70,583.90,588.25,586.00,582.55,,588.44,,,26890,15821433.00,839,F1,1,,,,,
2026-10-06,2026-10-06,CM,BSE,STK,542131,INF769K01EG9,NIFTYETF,B,,,,,Mirae Asset Mutual Fund,245.13,247.94,245.13,247.56,247.94,245.65,,247.58,,,9839,2429002.00,251,F1,1,,,,,
2026-10-06,2026-10-06,CM,BSE,STK,542141,INE285K01026,TECHNOE,A,,,,,Techno Electric & Engineering,979.95,1002.00,979.95,994.80,994.80,979.50,,996.10,,,13991,13853439.00,849,F1,1,,,,,
2026-10-06,2026-10-06,CM,BSE,STK,542146,INE951Z01013,SKIFL,M,,,,,Shree Krishna Infrastructure L,9.04,9.04,9.04,9.04,9.04,8.61,,9.04,,,12500,113000.00,8,F1,1250,,,,,
2026-10-06,2026-10-06,CM,BSE,STK,542155,INE01GR01018,DGL,MT,,,,,Diksha Greens Limited,1.08,1.08,1.08,1.08,1.08,1.06,,1.08,,,14000,15120.00,3,F1,2000,,,,,
2026-10-06,2026-10-06,CM,BSE,STK,542176,INE016X01010,ARYAN,X,,,,,Aryan Share & Stock Brokers Lt,19.77,19.77,19.77,19.77,19.77,19.77,,19.77,,,19,375.00,2,F1,1,,,,,
2026-10-06,2026-10-06,CM,BSE,STK,542206,INE139E01028,NIVAKA,XT,,,,,NIVAKA FASHIONS LIMITED,0.76,0.76,0.76,0.76,0.76,0.77,,0.76,,,2430,1846.00,9,F1,1,,,,,
2026-10-06,2026-10-06,CM,BSE,STK,542216,INE00R701025,DALBHARAT,A,,,,,DALMIA BHARAT LIMITED,1674.00,1690.20,1674.00,1684.05,1680.05,1672.35,,1682.62,,,1747,2942567.00,114,F1,1,,,,,
2026-10-06,2026-10-06,CM,BSE,STK,542230,INF209KB16D7,ABSLNN50ET,B,,,,,Aditya Birla Sun Life Mutual F,73.11,75.50,73.11,75.29,73.33,73.12,,75.28,,,1135,83788.00,21,F1,1,,,,,
2026-10-06,2026-10-06,CM,BSE,STK,542231,INE00S901012,NILASPACES,B,,,,,Nila Spaces Ltd,11.05,11.43,10.98,11.18,11.18,11.03,,11.17,,,91039,1015875.00,235,F1,1,,,,,
2026-10-06,2026-10-06,CM,BSE,STK,542232,INE01NE01012,SRD,B,,,,,Shankar Lal Rampal Dye-Chem Li,39.94,39.94,38.00,38.02,38.00,38.25,,38.28,,,2211,85069.00,37,F1,1,,,,,
2026-10-06,2026-10-06,CM,BSE,STK,542233,INE00CA01015,TREJHARA,B,,,,,Trejhara Solutions Limited,132.00,132.90,129.20,131.25,132.00,130.50,,130.51,,,1285,167765.00,46,F1,1,,,,,
2026-10-06,2026-10-06,CM,BSE,STK,542248,INE452W01019,DECCAN,B,,,,,Deccan Health Care Limited,12.00,12.98,11.71,11.82,11.82,11.95,,11.82,,,24444,296079.00,60,F1,1,,,,,
2026-10-06,2026-10-06,CM,BSE,STK,542285,INE02EZ01022,AXITA,B,,,,,Axita Cotton Limited,7.55,7.64,7.36,7.50,7.50,7.58,,7.51,,,50189,375567.00,480,F1,1,,,,,
2026-10-06,2026-10-06,CM,BSE,STK,542323,INE542W01025,KPIGREEN,A,,,,,KPI Green Energy Limited,323.10,335.25,319.10,326.30,326.70,322.15,,326.79,,,79276,25885288.00,1828,F1,1,,,,,
2026-10-06,2026-10-06,CM,BSE,STK,542332,INE302R01024,HIKLASS,XT,,,,,Hi-Klass Trading and Investmen,90.25,90.25,89.50,89.50,89.50,89.50,,89.50,,,4000,359250.00,5,F1,1,,,,,
2026-10-06,2026-10-06,CM,BSE,STK,542333,INE425Y01011,RPSGVENT,B,,,,,RPSG VENTURES LIMITED,849.95,915.00,829.05,835.75,836.65,834.30,,833.14,,,3674,3205771.00,64,F1,1,,,,,
2026-10-06,2026-10-06,CM,BSE,STK,542337,INE020801028,SPENCERS,B,,,,,Spencer's Retail Limited,26.45,28.59,26.00,28.15,28.59,26.45,,28.29,,,7257,194905.00,1116,F1,1,,,,,
2026-10-06,2026-10-06,CM,BSE,STK,542351,INE350Z01018,GLOSTERLTD,B,,,,,Gloster Ltd,548.90,555.00,540.00,540.00,540.00,548.90,,551.60,,,182,99769.00,13,F1,1,,,,,
2026-10-06,2026-10-06,CM,BSE,STK,542367,INE01P501012,XELPMOC,B,,,,,Xelpmoc Design and Tech Limite,91.33,92.46,84.00,85.62,85.50,91.52,,85.62,,,4606,398652.00,357,F1,1,,,,,
2026-10-06,2026-10-06,CM,BSE,STK,542383,INE01EG01016,RITCO,B,,,,,Ritco Logistics Limited,287.95,290.00,284.85,285.90,285.90,285.25,,285.55,,,8464,2446493.00,55,F1,1,,,,,
2026-10-06,2026-10-06,CM,BSE,STK,542399,INE427F01016,CHALET,A,,,,,Chalet Hotels Limited,847.80,847.80,816.10,817.20,817.00,842.25,,818.13,,,5438,4474337.00,626,F1,1,,,,,
2026-10-06,2026-10-06,CM,BSE,STK,542437,INE02AR01019,ANMOL,T,,,,,Anmol India Limited,12.87,13.28,12.87,12.91,12.91,13.28,,13.05,,,2980,38871.00,37,F1,1,,,,,
2026-10-06,2026-10-06,CM,BSE,STK,542446,INE793Z01027,JONJUA,M,,,,,Jonjua Overseas Limited,2.97,3.04,2.85,2.94,2.94,2.99,,2.94,,,217945,649725.00,23,F1,6227,,,,,
2026-10-06,2026-10-06,CM,BSE,STK,542459,INE911T01010,KRANTI,B,,,,,Kranti Industries Limited,54.64,54.64,49.25,51.98,51.90,53.01,,51.98,,,8117,408353.00,80,F1,1,,,,,
2026-10-06,2026-10-06,CM,BSE,STK,542460,INE294Z01018,ANUP,B,,,,,The Anup Engineering Ltd,1537.25,1580.60,1537.25,1576.25,1575.65,1540.25,,1575.91,,,1700,2646097.00,220,F1,1,,,,,
2026-10-06,2026-10-06,CM,BSE,STK,542484,INE955V01021,ARVINDFASN,A,,,,,Arvind Fashions Limited,405.00,409.25,385.40,406.20,409.05,383.60,,406.40,,,8082,3219599.00,625,F1,1,,,,,
2026-10-06,2026-10-06,CM,BSE,STK,542513,INF789F1AUU3,SNXT50BETA,B,,,,,UTI BSE  Sensex Next 50 ETF,91.00,91.40,88.25,90.41,89.31,87.58,,90.35,,,958,86189.00,32,F1,1,,,,,
2026-10-06,2026-10-06,CM,BSE,STK,542524,INE342U01016,AIHL,X,,,,,AMBASSADOR INTRA HOLDINGS LIMI,30.88,30.88,30.00,30.00,30.00,29.48,,30.00,,,174,5252.00,9,F1,1,,,,,
2026-10-06,2026-10-06,CM,BSE,STK,542543,INE05KD23015,ENERGYINF,IF,,,,,Energy Infrastructure Trust,74.00,74.25,73.71,73.78,73.78,73.71,,73.78,,,300000,22206000.00,12,F1,25000,,,,,
2026-10-06,2026-10-06,CM,BSE,STK,542579,INE05FR01029,AGOL,B,,,,,Ashapuri Gold Ornament Limited,4.30,4.41,4.25,4.33,4.33,4.34,,4.33,,,365940,1579896.00,851,F1,1,,,,,
2026-10-06,2026-10-06,CM,BSE,STK,542580,INE01C001026,AARTECH,T,,,,,Aartech Solonics Limited,46.71,47.90,46.25,47.36,47.71,47.66,,47.33,,,3220,151587.00,44,F1,1,,,,,
2026-10-06,2026-10-06,CM,BSE,STK,542597,INE255X01014,MSTCLTD,B,,,,,MSTC Limited,683.35,726.15,683.35,713.00,710.50,694.95,,714.27,,,13816,9846273.00,658,F1,1,,,,,
2026-10-06,2026-10-06,CM,BSE,STK,542602,INE041025011,EMBASSY,IF,,,,,Embassy Office Parks REIT,427.40,432.02,427.19,431.53,430.90,427.40,,431.21,,,23167,9927154.00,799,F1,1,,,,,
2026-10-06,2026-10-06,CM,BSE,STK,542627,INE01GZ01011,CHANDNIMACH,XT,,,,,Chandni Machines Limited,99.70,106.70,97.50,104.14,102.50,101.73,,104.14,,,17534,1769454.00,123,F1,1,,,,,
2026-10-06,2026-10-06,CM,BSE,STK,542628,INE01BL01012,NSL,B,,,,,Northern Spirits Limited,123.00,124.00,121.00,121.20,122.75,122.80,,121.20,,,4476,545513.00,74,F1,1,,,,,
2026-10-06,2026-10-06,CM,BSE,STK,542649,INE415G01027,RVNL,A,,,,,Rail Vikas Nigam Limited,197.90,201.30,196.70,198.80,198.80,196.70,,198.78,,,221943,44212575.00,2206,F1,1,,,,,
2026-10-06,2026-10-06,CM,BSE,STK,542650,INE112L01020,METROPOLIS,A,,,,,Metropolis Healthcare Limited,575.00,575.00,538.00,551.85,553.00,555.10,,552.64,,,9941,5439354.00,545,F1,1,,,,,
2026-10-06,2026-10-06,CM,BSE,STK,542651,INE04I401011,KPITTECH,A,,,,,KPIT Technologies Ltd,490.00,497.80,488.30,493.00,493.00,490.05,,492.71,,,94785,46766232.00,3276,F1,1,,,,,
2026-10-06,2026-10-06,CM,BSE,STK,542652,INE455K01017,POLYCAB,A,,,,,Polycab India Limited,8091.50,8170.00,8063.45,8130.00,8130.00,8080.00,,8146.90,,,10092,81908619.00,2170,F1,1,,,,,
2026-10-06,2026-10-06,CM,BSE,STK,542654,INE06LG01010,VRFILMS,B,,,,,V R FILMS & STUDIOS LIMITED,11.39,11.75,9.57,10.65,10.84,11.39,,10.65,,,9067,90500.00,38,F1,1,,,,,
2026-10-06,2026-10-06,CM,BSE,STK,542655,INE161L01027,VIKASLIFE,B,,,,,VIKAS LIFECARE LIMITED,1.21,1.22,1.19,1.19,1.19,1.21,,1.20,,,414140,498173.00,4869,F1,1,,,,,
2026-10-06,2026-10-06,CM,BSE,STK,542665,INE136S01016,NEOGEN,B,,,,,Neogen Chemicals Limited,2321.35,2438.05,2321.35,2429.50,2437.55,2312.50,,2429.22,,,8431,20202360.00,677,F1,1,,,,,
2026-10-06,2026-10-06,CM,BSE,STK,542666,INE05QJ01015,GKP,B,,,,,G. K. P. Printing & Packaging,6.65,7.19,6.36,6.63,6.70,7.14,,6.63,,,27254,179641.00,115,F1,1,,,,,
2026-10-06,2026-10-06,CM,BSE,STK,542668,INE06TD01010,EVANS,M,,,,,EVANS ELECTRIC LIMITED,84.39,84.39,83.50,83.51,83.51,84.39,,83.51,,,3000,251400.00,3,F1,1000,,,,,
2026-10-06,2026-10-06,CM,BSE,STK,542669,INE374E01021,BMW,X,,,,,BMW INDUSTRIES LIMITED,57.00,57.48,55.10,55.47,55.72,55.54,,55.47,,,305218,17175063.00,1754,F1,1,,,,,
2026-10-06,2026-10-06,CM,BSE,STK,542670,INE757T01025,AEPL,B,,,,,Artemis Electricals and Projec,15.69,15.80,15.04,15.21,15.20,15.70,,15.20,,,4563,69862.00,34,F1,1,,,,,
2026-10-06,2026-10-06,CM,BSE,STK,542677,INE01MO01013,MAHESH,X,,,,,Mahesh Developers Limited,16.50,16.50,16.50,16.50,16.50,16.21,,16.50,,,10,165.00,1,F1,1,,,,,
2026-10-06,2026-10-06,CM,BSE,STK,542679,INE413F01016,DEL,X,,,,,Dhanashree Electronics Limited,133.50,133.50,129.00,129.00,129.00,124.95,,129.00,,,63,8341.00,6,F1,1,,,,,
2026-10-06,2026-10-06,CM,BSE,STK,542682,INE01K301012,HARISH,X,,,,,Harish Textile Engineers Limit,68.99,68.99,63.15,65.33,64.10,63.90,,65.33,,,1183,79875.00,18,F1,1,,,,,
2026-10-06,2026-10-06,CM,BSE,STK,542684,INE050001010,PPL,B,,,,,Prakash Pipes Limited,255.55,255.55,247.70,252.25,250.60,253.00,,252.62,,,1240,311007.00,50,F1,1,,,,,
2026-10-06,2026-10-06,CM,BSE,STK,542685,INE03JI01017,DGCONTENT,B,,,,,Digicontent Limited,22.05,24.68,22.05,24.27,24.27,25.50,,24.73,,,205,4873.00,9,F1,1,,,,,
2026-10-06,2026-10-06,CM,BSE,STK,542721,INE02GA01012,ARL,T,,,,,Anand Rayons Limited,35.47,35.80,33.00,35.73,35.80,34.56,,35.73,,,41941,1455728.00,135,F1,1,,,,,
2026-10-06,2026-10-06,CM,BSE,STK,542725,INE04AK01028,SBC,B,,,,,SBC EXPORTS LIMITED,62.36,64.42,60.36,61.60,61.86,62.12,,61.69,,,2194373,135957039.00,4394,F1,1,,,,,
2026-10-06,2026-10-06,CM,BSE,STK,542726,INE933S01016,INDIAMART,A,,,,,IndiaMART InterMESH Limited,1591.75,1614.95,1586.65,1593.65,1595.70,1591.80,,1592.96,,,6182,9873310.00,566,F1,1,,,,,
2026-10-06,2026-10-06,CM,BSE,STK,542727,INE056001014,CPML,M,,,,,CITY PULSE MULTIVENTURES LIMIT,91.15,94.00,89.62,89.62,89.62,94.33,,89.62,,,56500,5092488.00,152,F1,50,,,,,
2026-10-06,2026-10-06,CM,BSE,STK,542729,INE08KP01019,DCMNVL,T,,,,,DCM NOUVELLE LIMITED,166.40,174.90,166.40,174.90,174.90,175.05,,172.00,,,23,3852.00,3,F1,1,,,,,
2026-10-06,2026-10-06,CM,BSE,STK,542730,INF109KC15I8,BANKIETF,B,,,,,ICICI Prudential Mutual Fund,56.46,56.73,56.33,56.53,56.65,56.16,,56.48,,,13842,783416.00,255,F1,1,,,,,
2026-10-06,2026-10-06,CM,BSE,STK,542747,INF204KB15D0,SNXT50BEES,B,,,,,NIPPON INDIA ETF SENSEX NEXT 5,87.11,88.27,87.11,88.20,88.09,87.54,,88.20,,,1550,136300.00,78,F1,1,,,,,
2026-10-06,2026-10-06,CM,BSE,STK,542752,INE00WC01027,AFFLE,A,,,,,AFFLE 3I LIMITED,1448.40,1454.15,1435.00,1449.40,1449.40,1443.80,,1450.16,,,41806,60595541.00,986,F1,1,,,,,
2026-10-06,2026-10-06,CM,BSE,STK,542758,INF109KC18U7,PVTBANIETF,B,,,,,ICICI Prudential Mutual Fund,27.28,27.50,27.25,27.41,27.49,27.06,,27.41,,,149482,4103838.00,235,F1,1,,,,,
2026-10-06,2026-10-06,CM,BSE,STK,542759,INE572J01011,SPANDANA,B,,,,,Spandana Sphoorty Financial Li,213.50,219.80,213.50,218.00,217.95,213.50,,218.12,,,3768,820168.00,197,F1,1,,,,,
2026-10-06,2026-10-06,CM,BSE,STK,542760,INE00M201021,SWSOLAR,B,,,,,STERLING AND WILSON RENEWABLE,164.25,173.60,164.25,172.50,172.70,163.80,,172.54,,,118788,20193190.00,2363,F1,1,,,,,
2026-10-06,2026-10-06,CM,BSE,STK,542770,INE08E401029,ALPHALOGIC,B,,,,,Alphalogic Techsys Limited,38.00,39.90,38.00,39.39,39.40,38.61,,39.39,,,680,26788.00,39,F1,1,,,,,
2026-10-06,2026-10-06,CM,BSE,STK,542772,INE466L01038,360ONE,A,,,,,360 ONE WAM LIMITED,1050.05,1074.75,1050.05,1070.00,1070.00,1054.80,,1069.50,,,18345,19570192.00,1046,F1,1,,,,,
2026-10-06,2026-10-06,CM,BSE,STK,542773,INE489L01022,IIFLCAPS,A,,,,,IIFL CAPITAL SERVICES LIMITED,344.55,346.00,343.55,345.05,346.00,345.20,,345.15,,,65571,22601434.00,178,F1,1,,,,,
2026-10-06,2026-10-06,CM,BSE,STK,542774,INE08KJ01020,MUFIN,B,,,,,MUFIN GREEN FINANCE LIMITED,133.45,136.35,132.35,135.15,135.15,132.70,,135.17,,,36830,4975077.00,350,F1,1,,,,,
2026-10-06,2026-10-06,CM,BSE,STK,542802,INE906Y01028,GALACTICO,B,,,,,Galactico Corporate Services L,1.95,1.98,1.81,1.97,1.98,1.93,,1.97,,,82864,161318.00,153,F1,1,,,,,
2026-10-06,2026-10-06,CM,BSE,STK,542803,INE560T01015,VEL,X,,,,,Vaxfab Enterprises Limited,66.90,66.90,64.75,64.76,65.80,66.29,,64.76,,,9744,632777.00,40,F1,1,,,,,
2026-10-06,2026-10-06,CM,BSE,STK,542812,INE09N301011,FLUOROCHEM,A,,,,,Gujarat Fluorochemicals Limite,4462.30,4645.95,4428.10,4591.30,4600.00,4426.30,,4577.50,,,4671,21348787.00,904,F1,1,,,,,
2026-10-06,2026-10-06,CM,BSE,STK,542830,INE335Y01020,IRCTC,A,,,,,Indian Railway Catering and To,454.00,459.80,451.90,455.05,455.05,451.90,,454.81,,,32414,14755937.00,1437,F1,1,,,,,
2026-10-06,2026-10-06,CM,BSE,STK,542850,INE492Z01018,GOBLIN,MT,,,,,GOBLIN INDIA LIMITED,12.85,12.85,12.85,12.85,12.85,12.24,,12.85,,,4000,51400.00,2,F1,2000,,,,,
2026-10-06,2026-10-06,CM,BSE,STK,542851,INE06H201014,GENSOL,Z,,,,,Gensol Engineering Limited,13.18,13.18,12.53,12.53,12.53,13.18,,12.35,,,40446,509663.00,345,F1,1,,,,,
2026-10-06,2026-10-06,CM,BSE,STK,542852,INE430N01022,VISHWARAJ,B,,,,,Vishwaraj Sugar Industries Lim,5.12,5.99,5.12,5.69,5.68,5.24,,5.72,,,180470,1043583.00,385,F1,1,,,,,
2026-10-06,2026-10-06,CM,BSE,STK,542857,INE08ZM01014,GREENPANEL,B,,,,,Greenpanel Industries Limited,160.95,160.95,158.00,160.00,160.05,158.70,,159.92,,,7802,1245519.00,176,F1,1,,,,,
2026-10-06,2026-10-06,CM,BSE,STK,542862,INE052001026,SHAHLON,X,,,,,Shahlon Silk Industries Limite,24.49,24.49,23.48,23.99,23.99,23.49,,23.99,,,3621,85133.00,23,F1,1,,,,,
2026-10-06,2026-10-06,CM,BSE,STK,542863,INF209KB17D5,ABSLBANETF,B,,,,,Aditya Birla Sun Life Mutual F,55.61,56.64,55.61,56.52,56.62,56.39,,56.46,,,3407,192202.00,36,F1,1,,,,,
2026-10-06,2026-10-06,CM,BSE,STK,542865,INE490Z01012,ANUROOP,B,,,,,Anuroop Packaging Limited,10.15,10.15,8.77,9.22,9.22,9.66,,9.22,,,14904,138429.00,169,F1,1,,,,,
2026-10-06,2026-10-06,CM,BSE,STK,542867,INE679A01013,CSBBANK,A,,,,,CSB Bank Limited,314.00,314.00,304.45,306.15,306.05,306.85,,305.86,,,13663,4221003.00,408,F1,1,,,,,
2026-10-06,2026-10-06,CM,BSE,STK,542904,INE551W01018,UJJIVANSFB,A,,,,,Ujjivan Small Finance Bank Lim,66.95,67.95,65.14,65.34,65.34,67.30,,65.19,,,781475,51863712.00,3733,F1,1,,,,,
2026-10-06,2026-10-06,CM,BSE,STK,542905,INE05AN01011,HINDWAREAP,B,,,,,Hindware Home Innovation Limit,170.20,171.70,169.70,170.45,170.55,171.70,,170.74,,,2145,365422.00,120,F1,1,,,,,
2026-10-06,2026-10-06,CM,BSE,STK,542907,INE689W01016,PRINCEPIPE,B,,,,,Prince Pipes and Fittings Limi,248.95,258.70,248.95,258.15,258.50,247.25,,258.20,,,5302,1349869.00,403,F1,1,,,,,
2026-10-06,2026-10-06,CM,BSE,STK,542909,INF754K01KO2,EBBETF0430,F,,,,,Edelweiss Mutual Fund,1608.65,1614.40,1604.73,1604.73,1604.73,1606.62,,1607.48,,,85,136719.00,31,F1,1,,,,,
2026-10-06,2026-10-06,CM,BSE,STK,542918,INE063601012,GIANLIFE,Z,,,,,Gian Life Care Limited,4.74,4.74,4.55,4.70,4.72,4.69,,4.70,,,545,2563.00,11,F1,1,,,,,
2026-10-06,2026-10-06,CM,BSE,STK,542919,INE025R01021,ARTEMISMED,B,,,,,Artemis Medicare Services Limi,324.15,325.00,314.05,318.55,320.20,323.80,,318.36,,,27848,8847279.00,1178,F1,1,,,,,
2026-10-06,2026-10-06,CM,BSE,STK,542920,INE258G01013,SUMICHEM,A,,,,,SUMITOMO CHEMICAL INDIA LIMITE,438.00,438.00,414.20,418.50,418.70,414.45,,418.06,,,20027,8446186.00,1381,F1,1,,,,,
2026-10-06,2026-10-06,CM,BSE,STK,542921,INF109KC11W8,MIDCAPIETF,B,,,,,ICICI Prudential Mutual Fund,22.62,22.82,22.49,22.72,22.82,22.52,,22.73,,,20185,458010.00,145,F1,1,,,,,
2026-10-06,2026-10-06,CM,BSE,STK,542922,INF769K01FN2,NEXT50,B,,,,,Mirae Asset Mutual Fund,716.51,724.10,716.25,723.77,724.10,715.42,,723.62,,,1496,1078593.00,86,F1,1,,,,,
2026-10-06,2026-10-06,CM,BSE,STK,542933,INE03V001013,UNIVPHOTO,T,,,,,UNIVERSUS PHOTO IMAGINGS LIMIT,507.15,507.15,507.15,507.15,507.15,533.80,,470.96,,,116,58829.00,6,F1,1,,,,,
2026-10-06,2026-10-06,CM,BSE,STK,542934,INE07QQ01016,CBPL,M,,,,,Chandra Bhagat Pharma Limited,44.59,44.59,44.59,44.59,44.59,46.93,,44.59,,,4000,178360.00,3,F1,1000,,,,,
2026-10-06,2026-10-06,CM,BSE,STK,543064,INE03QK01018,COHANCE,A,,,,,Cohance Lifesciences Limited,458.90,459.55,446.85,457.05,457.05,446.75,,457.00,,,14058,6370363.00,646,F1,1,,,,,
2026-10-06,2026-10-06,CM,BSE,STK,543066,INE018E01016,SBICARD,A,,,,,SBI CARDS AND PAYMENT SERVICES,564.05,571.95,563.75,571.95,571.95,567.00,,569.45,,,56565,32059834.00,2122,F1,1,,,,,
2026-10-06,2026-10-06,CM,BSE,STK,543071,INF204KB10R1,07AGG,F,,,,,Nippon India Mutual Fund,11.58,11.58,9.71,10.40,11.58,10.53,,10.40,,,360,4094.00,22,F1,1,,,,,
2026-10-06,2026-10-06,CM,BSE,STK,543079,INF204KB16R8,07GPG,F,,,,,Nippon India Mutual Fund,5.40,5.40,4.46,4.46,4.46,4.95,,4.46,,,711,3249.00,5,F1,1,,,,,
2026-10-06,2026-10-06,CM,BSE,STK,543083,INF204KB10P5,09MPD,F,,,,,Nippon India Mutual Fund,12.92,12.92,12.92,12.92,12.92,11.75,,12.92,,,1,12.00,1,F1,1,,,,,
2026-10-06,2026-10-06,CM,BSE,STK,543092,INF204KB19O9,09GPG,F,,,,,Nippon India Mutual Fund,5.74,5.74,5.65,5.66,5.65,5.23,,5.66,,,4,22.00,4,F1,1,,,,,
2026-10-06,2026-10-06,CM,BSE,STK,543110,INF789F1ARQ7,UTCRFS2RGR,F,,,,,UTI Mutual Fund,8.47,8.47,8.47,8.47,8.47,7.70,,8.47,,,4,33.00,3,F1,1,,,,,
2026-10-06,2026-10-06,CM,BSE,STK,543144,INF204KB11T5,08MPD,B,,,,,Nippon India Mutual Fund,4.46,4.85,4.46,4.79,4.79,4.48,,4.79,,,107,479.00,6,F1,1,,,,,
2026-10-06,2026-10-06,CM,BSE,STK,543150,INF204KB16S6,08GPG,B,,,,,Nippon India Mutual Fund,2.27,2.27,1.97,1.98,2.05,2.07,,1.98,,,7016,14096.00,27,F1,1,,,,,
2026-10-06,2026-10-06,CM,BSE,STK,543153,INF204KB18R4,08AGG,B,,,,,Nippon India Mutual Fund,29.94,29.94,28.94,28.94,28.94,29.94,,28.94,,,406,11774.00,5,F1,1,,,,,
2026-10-06,2026-10-06,CM,BSE,STK,543161,INF204KB14P7,10AGG,F,,,,,Nippon India Mutual Fund,100.00,101.00,90.00,99.98,99.98,100.00,,99.98,,,422,40109.00,10,F1,1,,,,,
2026-10-06,2026-10-06,CM,BSE,STK,543165,INF204KB17P0,10ARD,F,,,,,Nippon India Mutual Fund,93.00,93.00,93.00,93.00,93.00,93.00,,93.00,,,4,372.00,1,F1,1,,,,,
2026-10-06,2026-10-06,CM,BSE,STK,543167,INF204KB19P6,10GPG,F,,,,,Nippon India Mutual Fund,2.10,2.10,1.98,1.98,1.98,1.98,,1.98,,,90,178.00,6,F1,1,,,,,
2026-10-06,2026-10-06,CM,BSE,STK,543171,INE0BDU01028,ROJL,B,,,,,RO Jewels Limited,1.40,1.40,1.25,1.25,1.25,1.38,,1.25,,,24857,32867.00,47,F1,1,,,,,
2026-10-06,2026-10-06,CM,BSE,STK,543172,INE0CQB01010,COSPOWER,MT,,,,,Cospower Engineering Limited,3231.55,3233.00,3231.55,3231.55,3231.55,3297.50,,3231.55,,,1250,4039618.00,9,F1,125,,,,,
2026-10-06,2026-10-06,CM,BSE,STK,543173,INF204KB14U7,11DPR,B,,,,,Nippon India Mutual Fund,14.80,14.80,12.53,14.02,14.02,13.87,,14.02,,,392,5470.00,9,F1,1,,,,,
2026-10-06,2026-10-06,CM,BSE,STK,543174,INF204KB10U5,11GPG,B,,,,,Nippon India Mutual Fund,1.56,1.58,1.55,1.58,1.58,1.56,,1.58,,,4180,6552.00,31,F1,1,,,,,
2026-10-06,2026-10-06,CM,BSE,STK,543175,INF204KB15U4,11MPD,B,,,,,Nippon India Mutual Fund,2.72,2.72,2.70,2.70,2.70,2.54,,2.70,,,2172,5900.00,11,F1,1,,,,,
2026-10-06,2026-10-06,CM,BSE,STK,543176,INF204KB16U2,11MPR,B,,,,,Nippon India Mutual Fund,57.22,57.22,52.03,52.15,56.93,56.91,,52.15,,,113,5939.00,10,F1,1,,,,,
2026-10-06,2026-10-06,CM,BSE,STK,543177,INF204KB11U3,11QPD,B,,,,,Nippon India Mutual Fund,3.60,3.60,3.08,3.49,3.54,3.28,,3.49,,,6685,23773.00,50,F1,1,,,,,
2026-10-06,2026-10-06,CM,BSE,STK,543178,INF204KB12U1,11QPR,B,,,,,Nippon India Mutual Fund,36.72,40.00,36.72,36.81,36.72,36.72,,36.81,,,541,21453.00,6,F1,1,,,,,
2026-10-06,2026-10-06,CM,BSE,STK,543181,INF204KB13T1,11AGG,B,,,,,Nippon India Mutual Fund,28.24,28.24,23.80,26.40,26.40,25.80,,26.40,,,263,6524.00,17,F1,1,,,,,
2026-10-06,2026-10-06,CM,BSE,STK,543182,INF204KB18T0,11AMD,B,,,,,Nippon India Mutual Fund,24.81,24.81,20.72,20.80,20.72,22.56,,20.80,,,19,439.00,6,F1,1,,,,,
2026-10-06,2026-10-06,CM,BSE,STK,543184,INF204KB14T9,11AQD,B,,,,,Nippon India Mutual Fund,28.98,28.98,26.10,26.21,26.21,26.63,,26.21,,,430,11230.00,10,F1,1,,,,,
2026-10-06,2026-10-06,CM,BSE,STK,543186,INF204KB13U9,11DPD,B,,,,,Nippon India Mutual Fund,4.90,4.90,4.47,4.47,4.47,4.49,,4.47,,,265,1192.00,17,F1,1,,,,,
2026-10-06,2026-10-06,CM,BSE,STK,543187,INE07Y701011,POWERINDIA,A,,,,,HITACHI ENERGY INDIA LIMITED,31585.90,31960.00,31450.75,31850.00,31850.00,31490.00,,31641.09,,,1693,53742662.00,610,F1,1,,,,,
2026-10-06,2026-10-06,CM,BSE,STK,543193,INE0B1K01014,DJML,B,,,,,DJ Mediaprint & Logistics Limi,73.50,74.00,73.50,74.00,74.00,73.00,,73.87,,,744,55043.00,17,F1,1,,,,,
2026-10-06,2026-10-06,CM,BSE,STK,543207,INE06MM01016,NATURAL,X,,,,,Natural Biocon (India) Limited,2.43,2.46,2.37,2.45,2.45,2.45,,2.45,,,43472,105038.00,117,F1,1,,,,,
2026-10-06,2026-10-06,CM,BSE,STK,543208,INE745R01024,REGIS,X,,,,,REGIS INDUSTRIES LIMITED,2.01,2.08,2.00,2.04,2.04,2.02,,2.04,,,21505,43488.00,93,F1,1,,,,,
2026-10-06,2026-10-06,CM,BSE,STK,543209,INE0CRS01012,BILLWIN,MT,,,,,Billwin Industries Limited,48.67,48.76,44.12,44.12,44.12,46.44,,44.12,,,30000,1403460.00,10,F1,3000,,,,,
2026-10-06,2026-10-06,CM,BSE,STK,543210,INE09EO01013,AARTISURF,T,,,,,Aarti Surfactants Limited,496.20,515.00,496.00,506.65,506.65,491.60,,505.45,,,378,192681.00,18,F1,1,,,,,
2026-10-06,2026-10-06,CM,BSE,STK,543211,INE0B9A01018,BONLON,B,,,,,BONLON INDUSTRIES LIMITED,40.99,40.99,38.81,38.82,38.82,41.30,,39.39,,,302,11938.00,3,F1,1,,,,,
2026-10-06,2026-10-06,CM,BSE,STK,543212,INE02PY01013,BOROLTD,B,,,,,Borosil Limited,279.80,288.40,276.75,287.30,287.15,278.35,,286.86,,,14461,4098266.00,388,F1,1,,,,,
2026-10-06,2026-10-06,CM,BSE,STK,543213,INE02A801020,ROSSARI,B,,,,,ROSSARI BIOTECH LIMITED,421.75,435.10,421.75,427.20,427.95,430.55,,427.44,,,2972,1276672.00,273,F1,1,,,,,
2026-10-06,2026-10-06,CM,BSE,STK,543214,INE07OG01012,NDRAUTO,B,,,,,NDR Auto Components Limited,696.05,710.45,696.05,703.60,707.50,707.10,,704.55,,,999,703383.00,94,F1,1,,,,,
2026-10-06,2026-10-06,CM,BSE,STK,543216,INF754K01LE1,EBBETF0431,F,,,,,Edelweiss Mutual Fund,1433.80,1433.80,1433.80,1433.80,1433.80,1426.92,,1427.32,,,17,24374.00,1,F1,1,,,,,
2026-10-06,2026-10-06,CM,BSE,STK,543217,INE0CCU25019,MINDSPACE,IF,,,,,Mindspace Business Parks REIT,498.50,501.87,496.00,496.93,496.93,497.74,,496.65,,,6940,3455228.00,562,F1,1,,,,,
2026-10-06,2026-10-06,CM,BSE,STK,543218,INE05ST01028,SBGLP,B,,,,,SURATWWALA BUSINESS GROUP LIMI,23.27,23.64,22.36,22.50,22.50,22.81,,22.78,,,4954,111957.00,64,F1,1,,,,,
2026-10-06,2026-10-06,CM,BSE,STK,543219,INF109KC17V7,ALPL30IETF,B,,,,,ICICI Prudential Mutual Fund,25.75,26.29,25.75,25.97,26.18,25.91,,25.98,,,15938,413244.00,151,F1,1,,,,,
2026-10-06,2026-10-06,CM,BSE,STK,543220,INE027H01010,MAXHEALTH,A,,,,,Max Healthcare Institute Limit,922.45,922.45,893.00,904.00,904.00,916.60,,902.50,,,732181,659846799.00,5859,F1,1,,,,,
2026-10-06,2026-10-06,CM,BSE,STK,543221,INF109KC16I6,ITIETF,B,,,,,ICICI Prudential Mutual Fund,30.68,31.76,30.68,31.31,31.39,31.47,,31.22,,,7374,230408.00,76,F1,1,,,,,
2026-10-06,2026-10-06,CM,BSE,STK,543223,INE0CG601016,MAXIND,B,,,,,Max India Limited,152.00,168.35,150.65,165.65,164.20,150.40,,165.84,,,5629,910567.00,323,F1,1,,,,,
2026-10-06,2026-10-06,CM,BSE,STK,543224,INF179KC1HY0,HDFCNIFBAN,B,,,,,HDFC Mutual Fund,55.98,56.99,55.98,56.58,56.58,56.55,,56.61,,,1438,81565.00,28,F1,1,,,,,
2026-10-06,2026-10-06,CM,BSE,STK,543225,INE0BWS23018,ALTIUSINVIT,IF,,,,,Altius Telecom Infrastructure,172.50,174.00,167.00,172.00,172.00,175.00,,172.00,,,1425000,245752500.00,13,F1,25000,,,,,
2026-10-06,2026-10-06,CM,BSE,STK,543226,INF789F1AUV1,BANKBETA,B,,,,,UTI Mutual Fund,56.93,57.04,56.93,56.97,56.97,56.43,,56.88,,,124,7066.00,12,F1,1,,,,,
2026-10-06,2026-10-06,CM,BSE,STK,543227,INE419U01012,HAPPSTMNDS,A,,,,,Happiest Minds Technologies Li,304.25,307.50,302.10,303.35,303.35,304.00,,303.35,,,23474,7127916.00,547,F1,1,,,,,
2026-10-06,2026-10-06,CM,BSE,STK,543228,INE450U01017,ROUTE,B,,,,,Route Mobile Limited,432.05,436.80,429.65,431.45,432.00,431.80,,430.82,,,9612,4153415.00,464,F1,1,,,,,
2026-10-06,2026-10-06,CM,BSE,STK,543229,INE412J01010,SAMRATFORG,X,,,,,Samrat Forgings Limited,214.00,214.00,205.60,210.00,210.00,214.00,,210.00,,,21,4437.00,6,F1,1,,,,,
2026-10-06,2026-10-06,CM,BSE,STK,543230,INE0ALI01010,ADVAIT,B,,,,,ADVAIT ENERGY TRANSITIONS LIMI,1889.95,1962.00,1846.15,1947.95,1962.00,1830.90,,1946.92,,,4134,7888688.00,487,F1,1,,,,,
2026-10-06,2026-10-06,CM,BSE,STK,543232,INE596I01020,CAMS,A,,,,,Computer Age Management Servic,687.30,694.80,678.45,694.80,694.80,684.00,,693.94,,,67905,46614881.00,3366,F1,1,,,,,
2026-10-06,2026-10-06,CM,BSE,STK,543233,INE03YM01018,CHEMCON,B,,,,,Chemcon Speciality Chemicals L,216.70,220.00,214.65,217.85,216.15,215.65,,217.42,,,2648,575154.00,122,F1,1,,,,,
2026-10-06,2026-10-06,CM,BSE,STK,543235,INE732I01021,ANGELONE,A,,,,,ANGEL ONE LIMITED,289.45,295.85,288.60,293.95,293.95,283.75,,294.97,,,816807,239438950.00,4085,F1,1,,,,,
2026-10-06,2026-10-06,CM,BSE,STK,543236,INE09KD01013,ATAM,B,,,,,Atam Valves Limited,54.05,55.48,54.01,54.06,54.38,55.00,,54.19,,,1109,60341.00,27,F1,1,,,,,
2026-10-06,2026-10-06,CM,BSE,STK,543237,INE249Z01020,MAZDOCK,A,,,,,Mazagon Dock Shipbuilders Limi,2082.15,2111.00,2079.00,2103.85,2103.85,2070.30,,2101.54,,,29996,62897364.00,2369,F1,1,,,,,
2026-10-06,2026-10-06,CM,BSE,STK,543238,INE094J01016,UTIAMC,A,,,,,UTI Asset Management Company L,889.35,895.30,883.00,888.00,888.00,891.10,,888.19,,,4481,3983085.00,469,F1,1,,,,,
2026-10-06,2026-10-06,CM,BSE,STK,543240,INE060901027,LIKHITHA,B,,,,,Likhitha Infrastructure Limite,225.75,229.90,222.90,226.80,226.00,225.85,,226.68,,,6901,1555896.00,166,F1,1,,,,,
2026-10-06,2026-10-06,CM,BSE,STK,543241,INE244W01010,VGIL,B,,,,,Veer Global Infraconstruction,144.00,144.00,140.50,143.50,143.50,142.50,,143.50,,,747,107045.00,8,F1,1,,,,,
2026-10-06,2026-10-06,CM,BSE,STK,543242,INE0AJG01018,HEMIPROP,B,,,,,Hemisphere Properties India Li,112.00,113.90,112.00,113.20,113.45,111.45,,113.52,,,12051,1363411.00,197,F1,1,,,,,
2026-10-06,2026-10-06,CM,BSE,STK,543243,INE063P01018,EQUITASBNK,A,,,,,Equitas Small Finance Bank Lim,68.40,69.33,67.90,67.94,67.91,68.14,,67.96,,,19897,1364599.00,326,F1,1,,,,,
2026-10-06,2026-10-06,CM,BSE,STK,543245,INE068V01023,GLAND,A,,,,,Gland Pharma Limited,2917.00,3018.80,2899.10,3006.90,2988.00,2913.00,,3006.15,,,38746,115379169.00,5182,F1,1,,,,,
2026-10-06,2026-10-06,CM,BSE,STK,543246,INF769K01GS9,ESG,B,,,,,Mirae Asset Mutual Fund,37.88,38.98,37.88,38.98,38.98,38.65,,38.88,,,1270,49397.00,15,F1,1,,,,,
2026-10-06,2026-10-06,CM,BSE,STK,543248,INE07T201019,RBA,A,,,,,Restaurant Brands Asia Limited,94.06,95.60,92.78,95.03,95.20,94.24,,95.09,,,94488,8913495.00,843,F1,1,,,,,
2026-10-06,2026-10-06,CM,BSE,STK,543249,INE0EK901012,TARC,B,,,,,TARC LIMITED,123.10,124.40,122.25,124.30,124.30,122.50,,124.12,,,6852,844709.00,86,F1,1,,,,,
2026-10-06,2026-10-06,CM,BSE,STK,543250,INF247L01AK4,MOGSEC,F,,,,,Motilal Oswal Mutual Fund,64.28,65.48,64.28,65.16,64.80,64.67,,64.88,,,238,15466.00,73,F1,1,,,,,
2026-10-06,2026-10-06,CM,BSE,STK,543251,INE09E501017,RVHL,B,,,,,Ravinder Heights Limited,37.01,37.04,37.00,37.04,37.04,38.00,,37.26,,,3263,120741.00,133,F1,1,,,,,
2026-10-06,2026-10-06,CM,BSE,STK,543252,INE0DNW01011,FAIRCHEMOR,B,,,,,Fairchem Organics Limited,681.65,700.05,672.90,680.00,680.00,678.65,,679.39,,,35114,24187458.00,655,F1,1,,,,,
2026-10-06,2026-10-06,CM,BSE,STK,543253,INE495P01020,BECTORFOOD,B,,,,,Mrs. Bectors Food Specialities,211.15,214.70,211.05,212.25,212.55,210.80,,212.17,,,30857,6561981.00,684,F1,1,,,,,
2026-10-06,2026-10-06,CM,BSE,STK,543254,INE01BK01022,AWHCL,B,,,,,Antony Waste Handling Cell Lim,361.95,361.95,352.85,356.70,355.50,350.20,,355.23,,,2607,924700.00,124,F1,1,,,,,
2026-10-06,2026-10-06,CM,BSE,STK,543255,INF732E01268,INFRABEES,B,,,,,Nippon India Mutual Fund,904.08,916.15,900.01,910.54,916.15,898.03,,909.16,,,174,157435.00,28,F1,1,,,,,
2026-10-06,2026-10-06,CM,BSE,STK,543256,INE018S01016,RFLL,X,,,,,RITA FINANCE AND LEASING LIMIT,12.73,12.73,12.73,12.73,12.73,13.30,,12.73,,,10,127.00,1,F1,1,,,,,
2026-10-06,2026-10-06,CM,BSE,STK,543257,INE053F01010,IRFC,A,,,,,Indian Railway Finance Corpora,76.57,78.03,76.31,77.15,77.15,76.50,,77.10,,,610594,47119891.00,6125,F1,1,,,,,
2026-10-06,2026-10-06,CM,BSE,STK,543258,INE09VQ01012,INDIGOPNTS,A,,,,,Indigo Paints Limited,1049.70,1065.85,1033.50,1061.50,1060.00,1038.75,,1062.37,,,2166,2264126.00,276,F1,1,,,,,
2026-10-06,2026-10-06,CM,BSE,STK,543259,INE481N01025,HOMEFIRST,A,,,,,Home First Finance Company Ind,1116.55,1117.55,1094.20,1114.00,1106.00,1094.85,,1111.58,,,8318,9201216.00,897,F1,1,,,,,
2026-10-06,2026-10-06,CM,BSE,STK,543260,INE00IN01015,STOVEKRAFT,B,,,,,STOVE KRAFT LIMITED,814.70,826.00,806.05,813.35,811.25,805.60,,813.44,,,7349,5995930.00,517,F1,1,,,,,
2026-10-06,2026-10-06,CM,BSE,STK,543261,INE0FDU25010,BIRET,IF,,,,,Brookfield India Real Estate T,330.00,333.00,328.11,330.42,330.42,333.15,,329.89,,,23919,7907421.00,546,F1,1,,,,,
2026-10-06,2026-10-06,CM,BSE,STK,543262,INE0D7801012,MRP,M,,,,,MRP Agro Limited,89.01,91.00,88.76,90.00,90.00,90.00,,90.00,,,6000,539760.00,6,F1,1000,,,,,
2026-10-06,2026-10-06,CM,BSE,STK,543263,INE103C01036,SMCGLOBAL,B,,,,,SMC Global Securities Limited,117.00,120.08,107.62,110.69,110.21,114.56,,110.55,,,1618517,183806836.00,8388,F1,1,,,,,
2026-10-06,2026-10-06,CM,BSE,STK,543264,INE0DSF01015,NURECA,T,,,,,Nureca Limited,344.70,344.70,334.15,343.20,344.00,345.90,,339.62,,,297,100188.00,32,F1,1,,,,,
2026-10-06,2026-10-06,CM,BSE,STK,543265,INE0DD101019,RAILTEL,A,,,,,RailTel Corporation of India L,252.80,259.40,252.55,257.80,259.40,252.35,,257.66,,,70855,18177966.00,1614,F1,1,,,,,
2026-10-06,2026-10-06,CM,BSE,STK,543266,INE694N01015,HERANBA,B,,,,,Heranba Industries Limited,169.50,173.00,169.50,171.15,171.00,167.90,,169.04,,,1031,177166.00,126,F1,1,,,,,
2026-10-06,2026-10-06,CM,BSE,STK,543267,INE179G01029,DAVANGERE,B,,,,,Davangere Sugar Company Limite,2.32,2.32,2.21,2.28,2.28,2.29,,2.27,,,518975,1177036.00,328,F1,1,,,,,
2026-10-06,2026-10-06,CM,BSE,STK,543268,INE03RS01027,DRCSYSTEMS,B,,,,,DRC Systems India Limited,12.89,13.34,12.85,12.90,13.08,13.15,,12.92,,,2708,35689.00,33,F1,1,,,,,
2026-10-06,2026-10-06,CM,BSE,STK,543269,INE0G0V01018,ADJIA,TS,,,,,Adjia Technologies Limited,59.00,64.50,59.00,64.50,64.50,61.82,,64.50,,,3200,197600.00,2,F1,1600,,,,,
2026-10-06,2026-10-06,CM,BSE,STK,543270,INE864I01014,MTARTECH,T,,,,,MTAR Technologies Limited,7600.00,7800.00,7411.00,7723.15,7724.00,7653.10,,7718.61,,,5904,45252091.00,1051,F1,1,,,,,
2026-10-06,2026-10-06,CM,BSE,STK,543271,INE0BY001018,JUBLINGREA,A,,,,,Jubilant Ingrevia Limited,633.15,647.85,630.00,643.85,644.00,630.05,,644.24,,,4083,2624615.00,321,F1,1,,,,,
2026-10-06,2026-10-06,CM,BSE,STK,543272,INE07O001026,EASEMYTRIP,B,,,,,Easy Trip Planners Limited,5.74,5.83,5.74,5.80,5.80,5.77,,5.80,,,423369,2450315.00,736,F1,1,,,,,
2026-10-06,2026-10-06,CM,BSE,STK,543273,INE0CJD01029,KMEW,B,,,,,Knowledge Marine & Engineering,3034.55,3245.00,3001.05,3201.35,3198.00,2990.25,,3202.25,,,15876,50328543.00,1720,F1,1,,,,,
2026-10-06,2026-10-06,CM,BSE,STK,543275,INE930P01018,ANURAS,A,,,,,Anupam Rasayan India Limited,1165.40,1179.35,1157.55,1170.20,1157.55,1161.95,,1170.20,,,1009,1181974.00,91,F1,1,,,,,
2026-10-06,2026-10-06,CM,BSE,STK,543276,INE00LO01017,CRAFTSMAN,A,,,,,Craftsman Automation Limited,10401.90,10415.30,10220.00,10355.75,10330.00,10213.85,,10348.43,,,906,9333987.00,205,F1,1,,,,,
2026-10-06,2026-10-06,CM,BSE,STK,543277,INE576O01020,LXCHEM,B,,,,,Laxmi Organic Industries Limit,176.95,190.55,176.95,188.75,188.75,177.10,,188.85,,,282427,52901647.00,4035,F1,1,,,,,
2026-10-06,2026-10-06,CM,BSE,STK,543278,INE303R01014,KALYANKJIL,A,,,,,Kalyan Jewellers India Limited,556.05,581.90,547.35,548.00,548.00,557.00,,548.14,,,885692,500803307.00,11859,F1,1,,,,,
2026-10-06,2026-10-06,CM,BSE,STK,543279,INE428Q01011,SURYODAY,B,,,,,Suryoday Small Finance Bank Li,147.05,153.85,146.20,151.60,150.65,146.80,,151.48,,,19588,2938306.00,243,F1,1,,,,,
2026-10-06,2026-10-06,CM,BSE,STK,543280,INE418L01047,NAZARA,A,,,,,Nazara Technologies Limited,386.50,387.20,378.60,379.30,379.40,385.50,,379.55,,,26605,10167221.00,669,F1,1,,,,,
2026-10-06,2026-10-06,CM,BSE,STK,543281,INE018401013,SUVIDHAA,B,,,,,Suvidhaa Infoserve Limited,2.04,2.14,2.01,2.06,2.04,2.11,,2.06,,,30109,62111.00,79,F1,1,,,,,
2026-10-06,2026-10-06,CM,BSE,STK,543282,INE0GX601011,NIKSTECH,TS,,,,,Niks Technology Limited,319.70,319.70,319.70,319.70,319.70,304.50,,319.70,,,300,95910.00,1,F1,300,,,,,
2026-10-06,2026-10-06,CM,BSE,STK,543283,INE382M01027,UFBL,T,,,,,UNITED FOODBRANDS LIMITED,659.00,694.10,650.50,694.10,694.10,661.05,,695.20,,,1471,1011952.00,59,F1,1,,,,,
2026-10-06,2026-10-06,CM,BSE,STK,543284,INE0CPR01018,EKI,T,,,,,EKI Energy Services Limited,90.00,94.90,86.95,86.95,86.95,91.52,,87.81,,,14691,1288316.00,251,F1,1,,,,,
2026-10-06,2026-10-06,CM,BSE,STK,543285,INE0CQ101015,RCAN,M,,,,,Rajeshwari Cans Limited,14.63,16.18,14.50,16.18,16.18,15.70,,16.18,,,5200,79384.00,12,F1,400,,,,,
2026-10-06,2026-10-06,CM,BSE,STK,543287,INE670K01029,LODHA,A,,,,,Lodha Developers Limited,1128.75,1139.90,1121.80,1138.85,1138.85,1125.60,,1135.60,,,50322,56996248.00,2010,F1,1,,,,,
2026-10-06,2026-10-06,CM,BSE,STK,543288,INE0FHS01024,DEEPINDS,B,,,,,Deep Industries Limited,743.90,760.00,734.65,751.15,754.00,745.85,,748.99,,,10773,8062702.00,395,F1,1,,,,,
2026-10-06,2026-10-06,CM,BSE,STK,543290,INE0GGX23010,PGINVIT,IF,,,,,POWERGRID Infrastructure Inves,102.00,102.36,101.60,102.31,102.36,102.17,,102.23,,,140086,14278805.00,877,F1,1,,,,,
2026-10-06,2026-10-06,CM,BSE,STK,543291,INF769K01HF4,MAFANG,B,,,,,Mirae Asset Mutual Fund,259.19,283.00,252.71,276.75,278.00,259.19,,276.17,,,103635,28251348.00,3460,F1,1,,,,,
2026-10-06,2026-10-06,CM,BSE,STK,543292,INF109KC1Q72,HEALTHIETF,B,,,,,ICICI Prudential Mutual Fund,164.00,167.99,162.61,165.19,165.11,164.18,,165.42,,,12935,2126725.00,322,F1,1,,,,,
2026-10-06,2026-10-06,CM,BSE,STK,543298,INE505Y01010,VINEETLAB,B,,,,,Vineet Laboratories Limited,39.40,39.40,36.01,36.37,36.35,37.84,,36.50,,,1837,67157.00,112,F1,1,,,,,
2026-10-06,2026-10-06,CM,BSE,STK,543299,INE810G01011,SHYAMMETL,A,,,,,Shyam Metalics and Energy Limi,1025.00,1058.80,1019.80,1053.40,1053.40,1019.70,,1053.99,,,13113,13519933.00,745,F1,1,,,,,
2026-10-06,2026-10-06,CM,BSE,STK,543300,INE073K01018,SONACOMS,A,,,,,Sona BLW Precision Forgings Li,799.00,821.05,794.00,814.10,814.10,794.50,,819.89,,,99968,80562577.00,2721,F1,1,,,,,
2026-10-06,2026-10-06,CM,BSE,STK,543306,INE021O01019,DODLA,A,,,,,Dodla Dairy Limited,1015.60,1017.00,1010.00,1017.00,1017.00,1015.55,,1019.90,,,156,158471.00,21,F1,1,,,,,
2026-10-06,2026-10-06,CM,BSE,STK,543308,INE967H01025,KIMS,A,,,,,Krishna Institute of Medical S,708.05,708.05,691.20,693.40,694.00,701.95,,693.40,,,258583,180525484.00,1893,F1,1,,,,,
2026-10-06,2026-10-06,CM,BSE,STK,543309,INE0H8J01015,ADESHWAR,M,,,,,Adeshwar Meditex Limited,16.25,16.25,16.25,16.25,16.25,16.25,,16.25,,,6000,97500.00,1,F1,6000,,,,,
2026-10-06,2026-10-06,CM,BSE,STK,543311,INE0D6701023,IPL,B,,,,,India Pesticides Limited,129.90,133.20,127.95,132.50,132.55,128.65,,132.58,,,23187,3043562.00,397,F1,1,,,,,
2026-10-06,2026-10-06,CM,BSE,STK,543312,INE0DXR01010,FOCUS,MT,,,,,Focus Business Solution Limite,290.00,290.00,290.00,290.00,290.00,285.00,,290.00,,,2133,618570.00,1,F1,2133,,,,,
2026-10-06,2026-10-06,CM,BSE,STK,543317,INE201P01022,GRINFRA,B,,,,,G R Infraprojects Limited,790.50,825.00,790.05,811.85,813.35,796.15,,814.87,,,1558,1248452.00,207,F1,1,,,,,
2026-10-06,2026-10-06,CM,BSE,STK,543318,INE227W01023,CLEAN,A,,,,,Clean Science and Technology L,800.35,830.50,800.35,823.65,823.65,800.35,,823.18,,,37317,30624605.00,1387,F1,1,,,,,
2026-10-06,2026-10-06,CM,BSE,STK,543319,INE0C5901022,AAPLUSTRAD,M,,,,,AA Plus Tradelink Limited,1.16,1.16,1.16,1.16,1.16,1.22,,1.16,,,160000,185600.00,2,F1,80000,,,,,
2026-10-06,2026-10-06,CM,BSE,STK,543320,INE758T01015,ETERNAL,A,,,,,Eternal Limited,322.20,330.20,319.25,328.05,328.05,321.35,,328.99,,,789951,257106859.00,8825,F1,1,,,,,
2026-10-06,2026-10-06,CM,BSE,STK,543321,INE0GK401011,TATVA,B,,,,,Tatva Chintan Pharma Chem Limi,1829.00,1895.00,1796.80,1884.15,1884.15,1790.30,,1877.77,,,6900,12778777.00,617,F1,1,,,,,
2026-10-06,2026-10-06,CM,BSE,STK,543322,INE03Q201024,ALIVUS,A,,,,,ALIVUS LIFE SCIENCES LIMITED,1371.05,1390.65,1354.10,1383.40,1386.00,1371.90,,1383.98,,,24274,33381984.00,883,F1,1,,,,,
2026-10-06,2026-10-06,CM,BSE,STK,543323,INF769K01HI8,BFSI,B,,,,,Mirae Asset Mutual Fund,25.74,25.99,25.73,25.93,25.94,25.60,,25.91,,,13813,358743.00,188,F1,1,,,,,
2026-10-06,2026-10-06,CM,BSE,STK,543324,INE199P01028,GCSL,B,,,,,Gretex Corporate Services Limi,685.00,696.20,685.00,692.95,694.70,685.75,,693.05,,,13775,9549650.00,209,F1,1,,,,,
2026-10-06,2026-10-06,CM,BSE,STK,543325,INE645S01024,ROLEXRINGS,B,,,,,Rolex Rings Limited,191.20,191.65,185.70,187.90,188.75,189.70,,188.17,,,209765,39403060.00,2500,F1,1,,,,,
2026-10-06,2026-10-06,CM,BSE,STK,543326,INF109KC19V3,FMCGIETF,B,,,,,ICICI Prudential Mutual Fund,47.80,48.54,47.75,48.39,48.54,47.72,,48.39,,,42897,2063091.00,449,F1,1,,,,,
2026-10-06,2026-10-06,CM,BSE,STK,543327,INE0GFE01026,EXXARO,B,,,,,Exxaro Tiles Limited,5.80,6.66,5.80,6.14,6.15,6.09,,6.14,,,143145,904920.00,377,F1,1,,,,,
2026-10-06,2026-10-06,CM,BSE,STK,543328,INE08LI01020,KRSNAA,B,,,,,Krsnaa Diagnostics Limited,560.00,560.00,550.00,551.15,555.10,559.25,,552.69,,,1050,582366.00,162,F1,1,,,,,
2026-10-06,2026-10-06,CM,BSE,STK,543329,INE0H5O01029,WINDLAS,B,,,,,Windlas Biotech Limited,1004.30,1037.95,1002.10,1035.20,1036.00,1018.00,,1036.15,,,3322,3386621.00,353,F1,1,,,,,
2026-10-06,2026-10-06,CM,BSE,STK,543330,INE872J01023,DEVYANI,A,,,,,Devyani International Limited,132.45,132.45,129.15,129.70,129.20,130.00,,129.55,,,75018,9743332.00,702,F1,1,,,,,
2026-10-06,2026-10-06,CM,BSE,STK,543331,INE0CT101020,MOL,B,,,,,Meghmani Organics Limited,57.10,61.75,54.93,60.07,60.67,54.73,,60.24,,,121249,7095555.00,896,F1,1,,,,,
2026-10-06,2026-10-06,CM,BSE,STK,543332,INE071N01016,EPIGRAL,B,,,,,Epigral Limited,1019.95,1061.05,1008.35,1037.60,1036.00,1017.65,,1036.23,,,2402,2496705.00,342,F1,1,,,,,
2026-10-06,2026-10-06,CM,BSE,STK,543333,INE290S01011,CARTRADE,A,,,,,CarTrade Tech Limited,2940.50,2981.60,2900.20,2911.60,2903.25,2935.50,,2911.69,,,9698,28473612.00,1078,F1,1,,,,,
2026-10-06,2026-10-06,CM,BSE,STK,543334,INE118D01016,NUVOCO,A,,,,,Nuvoco Vistas Corporation Limi,327.65,329.90,323.15,326.05,327.00,326.10,,326.47,,,9334,3037351.00,652,F1,1,,,,,
2026-10-06,2026-10-06,CM,BSE,STK,543335,INE852O01025,APTUS,A,,,,,Aptus Value Housing Finance In,225.00,226.25,222.40,223.90,224.00,223.65,,223.90,,,54064,12119636.00,2198,F1,1,,,,,
2026-10-06,2026-10-06,CM,BSE,STK,543336,INE488A01050,CHEMPLASTS,B,,,,,Chemplast Sanmar Limited,194.15,211.95,194.15,210.80,209.60,197.15,,210.32,,,96040,19887544.00,1677,F1,1,,,,,
2026-10-06,2026-10-06,CM,BSE,STK,543341,INE647W01014,SHARPLINE,X,,,,,SHARPLINE BROADCAST LIMITED,8.00,8.00,8.00,8.00,8.00,8.17,,8.00,,,10683,85464.00,51,F1,1,,,,,
2026-10-06,2026-10-06,CM,BSE,STK,543346,INE0EAX01014,AASHKA,M,,,,,Aashka Hospitals Limited,108.00,108.00,100.00,104.75,104.75,103.00,,104.75,,,4000,417500.00,3,F1,1000,,,,,
2026-10-06,2026-10-06,CM,BSE,STK,543347,INF846K01Y96,ITAXIS,B,,,,,Axis Mutual Fund,309.00,309.16,306.70,309.16,309.16,308.15,,307.77,,,81,24960.00,3,F1,1,,,,,
2026-10-06,2026-10-06,CM,BSE,STK,543348,INF846K01Z12,HEALTHAXIS,B,,,,,Axis Mutual Fund,162.13,164.12,162.13,164.12,164.12,163.00,,163.78,,,23,3762.00,3,F1,1,,,,,
2026-10-06,2026-10-06,CM,BSE,STK,543349,INE00FF01025,ACUTAAS,A,,,,,ACUTAAS CHEMICALS LIMITED,3148.10,3214.00,3122.00,3155.75,3154.00,3118.75,,3156.69,,,8722,27523359.00,1147,F1,1,,,,,
2026-10-06,2026-10-06,CM,BSE,STK,543350,INE043W01024,VIJAYA,A,,,,,Vijaya Diagnostic Centre Limit,1434.85,1500.00,1413.85,1466.60,1465.00,1423.05,,1466.70,,,65873,94291279.00,1106,F1,1,,,,,
2026-10-06,2026-10-06,CM,BSE,STK,543351,INE0GOA01018,NBL,MS,,,,,Naapbooks Limited,150.10,157.60,150.10,157.60,157.60,150.10,,157.60,,,18000,2827680.00,11,F1,1200,,,,,
2026-10-06,2026-10-06,CM,BSE,STK,543358,INE953O01021,SANSERA,A,,,,,Sansera Engineering Limited,4215.35,4273.35,4081.05,4228.25,4228.40,4295.50,,4232.76,,,81637,344212243.00,4846,F1,1,,,,,
2026-10-06,2026-10-06,CM,BSE,STK,543363,INE0GAO01018,PREVEST,M,,,,,Prevest Denpro Limited,384.00,401.85,375.00,400.00,400.00,380.55,,400.00,,,15800,6125460.00,54,F1,200,,,,,
2026-10-06,2026-10-06,CM,BSE,STK,543364,INE0FW001016,MARKOLINES,B,,,,,Markolines Pavement Technologi,170.05,170.50,169.00,170.50,170.50,169.15,,170.43,,,17264,2933415.00,122,F1,1,,,,,
2026-10-06,2026-10-06,CM,BSE,STK,543365,INF769K01HP3,MASPTOP50,B,,,,,Mirae Asset Mutual Fund,110.18,118.25,106.80,111.33,111.33,107.50,,111.07,,,303559,34811175.00,3721,F1,1,,,,,
2026-10-06,2026-10-06,CM,BSE,STK,543366,INE0DLM01024,SBLI,M,,,,,SBL Infratech Limited,41.00,41.50,41.00,41.50,41.50,40.50,,41.50,,,9600,395760.00,3,F1,1200,,,,,
2026-10-06,2026-10-06,CM,BSE,STK,543367,INE045601023,PARAS,A,,,,,Paras Defence and Space Techno,1271.00,1331.00,1269.90,1324.20,1324.20,1265.90,,1323.34,,,37380,48532262.00,2372,F1,1,,,,,
2026-10-06,2026-10-06,CM,BSE,STK,543373,INE0HLJ01013,SVRL,T,,,,,Shri Venkatesh Refineries Limi,676.60,700.00,670.05,697.25,695.00,682.70,,697.25,,,11587,7964047.00,114,F1,1,,,,,
2026-10-06,2026-10-06,CM,BSE,STK,543374,INE404A01024,ABSLAMC,A,,,,,Aditya Birla Sun Life AMC Limi,1044.70,1044.70,1006.25,1009.25,1010.20,1028.00,,1009.63,,,135516,136963796.00,2067,F1,1,,,,,
2026-10-06,2026-10-06,CM,BSE,STK,543376,INE0GD201014,SAMOR,B,,,,,Samor Reality Limited,95.99,95.99,90.73,90.85,94.96,95.50,,90.85,,,546,51047.00,23,F1,1,,,,,
2026-10-06,2026-10-06,CM,BSE,STK,543377,INE0CWK01019,ADISHAKTI,M,,,,,Adishakti Loha and Ispat Limit,5.51,6.35,5.51,6.20,6.35,5.80,,6.20,,,70000,425000.00,7,F1,10000,,,,,
2026-10-06,2026-10-06,CM,BSE,STK,543378,INE0H8H01019,CWD,MS,,,,,CWD Limited,307.00,307.00,290.00,290.00,290.00,296.85,,290.00,,,5500,1603500.00,11,F1,500,,,,,
2026-10-06,2026-10-06,CM,BSE,STK,543383,INF109KC1V42,CONSUMIETF,B,,,,,ICICI Prudential Mutual Fund,113.59,114.93,113.59,114.15,113.59,112.81,,114.81,,,2031,231902.00,68,F1,1,,,,,
2026-10-06,2026-10-06,CM,BSE,STK,543384,INE388Y01029,NYKAA,A,,,,,FSN E-Commerce Ventures Limite,340.00,344.80,336.65,338.00,338.00,340.90,,338.20,,,116811,39850943.00,3090,F1,1,,,,,
2026-10-06,2026-10-06,CM,BSE,STK,543386,INE02NC01014,FINOPB,B,,,,,Fino Payments Bank Limited,129.25,129.40,127.85,128.40,128.50,128.50,,128.29,,,6666,856288.00,124,F1,1,,,,,
2026-10-06,2026-10-06,CM,BSE,STK,543387,INE284S01014,SJS,A,,,,,S.J.S. Enterprises Limited,2077.30,2077.30,1970.00,1982.90,1982.90,2036.55,,1981.44,,,10188,20412142.00,1029,F1,1,,,,,
2026-10-06,2026-10-06,CM,BSE,STK,543388,INF740KA1QK2,EQUAL50ADD,B,,,,,DSP Nifty 50 Equal Weight ETF,323.41,324.48,318.76,320.97,319.00,320.82,,323.34,,,2422,780548.00,85,F1,1,,,,,
2026-10-06,2026-10-06,CM,BSE,STK,543389,INE0D0K01022,SIGACHI,B,,,,,Sigachi Industries Limited,28.21,31.12,28.21,29.76,29.90,28.75,,29.88,,,274176,8291078.00,1029,F1,1,,,,,
2026-10-06,2026-10-06,CM,BSE,STK,543390,INE417T01026,POLICYBZR,A,,,,,PB Fintech Limited,984.00,1041.90,972.65,1034.50,1034.50,980.00,,1034.89,,,821135,837561734.00,25405,F1,1,,,,,
2026-10-06,2026-10-06,CM,BSE,STK,543391,INE07GA01011,SGFRL,M,,,,,Suyog Gurbaxani Funicular Rope,80.00,80.99,80.00,80.99,80.99,80.00,,80.99,,,1500,120742.00,2,F1,750,,,,,
2026-10-06,2026-10-06,CM,BSE,STK,543396,INE982J01020,PAYTM,A,,,,,One 97 Communications Limited,1695.90,1706.10,1672.80,1695.90,1695.90,1680.00,,1694.02,,,121998,205997026.00,7660,F1,1,,,,,
2026-10-06,2026-10-06,CM,BSE,STK,543397,INE806T01020,SAPPHIRE,A,,,,,Sapphire Foods India Limited,213.30,215.65,210.85,215.15,214.00,212.50,,215.16,,,80602,17094608.00,395,F1,1,,,,,
2026-10-06,2026-10-06,CM,BSE,STK,543398,INE0I7C01011,LATENTVIEW,A,,,,,Latent View Analytics Limited,237.35,238.00,232.65,233.25,234.40,235.25,,233.28,,,12463,2926898.00,640,F1,1,,,,,
2026-10-06,2026-10-06,CM,BSE,STK,543399,INE144Z01023,TARSONS,B,,,,,Tarsons Products Limited,330.05,347.90,330.05,332.25,335.25,335.65,,331.70,,,8627,2916379.00,259,F1,1,,,,,
2026-10-06,2026-10-06,CM,BSE,STK,543400,INE0JFE01012,OMNIPOTENT,M,,,,,Omnipotent Industries Limited,3.72,3.72,3.72,3.72,3.72,3.55,,3.72,,,30000,111600.00,8,F1,2000,,,,,
2026-10-06,2026-10-06,CM,BSE,STK,543401,INE0BJS01011,GOCOLORS,B,,,,,Go Fashion (India) Limited,299.00,311.65,294.75,305.95,310.30,292.65,,306.41,,,8397,2559371.00,261,F1,1,,,,,
2026-10-06,2026-10-06,CM,BSE,STK,543411,INE106T01025,HITECH,B,,,,,HI-TECH PIPES LIMITED,71.80,76.01,71.80,74.71,74.71,70.09,,74.68,,,340376,25232011.00,2559,F1,1,,,,,
2026-10-06,2026-10-06,CM,BSE,STK,543412,INE575P01011,STARHEALTH,A,,,,,Star Health and Allied Insuran,550.00,552.90,539.75,550.60,551.55,534.70,,550.55,,,26348,14366310.00,1075,F1,1,,,,,
2026-10-06,2026-10-06,CM,BSE,STK,543413,INE011K01018,TEGA,A,,,,,Tega Industries Limited,2095.05,2126.50,2056.35,2092.80,2096.00,2062.20,,2092.51,,,12180,25569285.00,790,F1,1,,,,,
2026-10-06,2026-10-06,CM,BSE,STK,543414,INF769K01HS7,MAHKTECH,B,,,,,Mirae Asset Mutual Fund,21.46,22.50,21.25,22.22,22.29,22.02,,22.25,,,36987,821361.00,446,F1,1,,,,,
2026-10-06,2026-10-06,CM,BSE,STK,543415,INE463V01026,ANANDRATHI,A,,,,,Anand Rathi Wealth Limited,2132.00,2170.50,2130.00,2151.95,2151.95,2132.00,,2142.76,,,9207,19754628.00,1377,F1,1,,,,,
2026-10-06,2026-10-06,CM,BSE,STK,543416,INE761Y01019,ZODIAC,B,,,,,Zodiac Energy Limited,215.60,217.80,212.95,214.40,214.30,213.85,,212.75,,,667,143809.00,68,F1,1,,,,,
2026-10-06,2026-10-06,CM,BSE,STK,543417,INE0CLI01024,RATEGAIN,A,,,,,RateGain Travel Technologies L,845.00,858.00,843.30,855.40,853.25,849.45,,854.47,,,5267,4477113.00,405,F1,1,,,,,
2026-10-06,2026-10-06,CM,BSE,STK,543419,INE217L01019,SHRIRAMPPS,B,,,,,Shriram Properties Limited,68.00,68.62,67.56,68.36,68.62,67.62,,68.15,,,23787,1616515.00,174,F1,1,,,,,
2026-10-06,2026-10-06,CM,BSE,STK,543420,INE982V01025,JETFREIGHT,B,,,,,Jet Freight Logistics Limited,20.40,20.46,19.52,19.80,19.80,19.67,,19.80,,,2455,48809.00,244,F1,1,,,,,
2026-10-06,2026-10-06,CM,BSE,STK,543425,INE0BV301023,MAPMYINDIA,A,,,,,C.E. Info Systems Limited,883.95,900.00,866.45,897.60,900.00,871.60,,896.62,,,3372,2973665.00,277,F1,1,,,,,
2026-10-06,2026-10-06,CM,BSE,STK,543426,INE317I01021,METROBRAND,A,,,,,Metro Brands Limited,820.00,822.85,807.35,819.60,820.50,812.85,,818.88,,,3230,2637150.00,408,F1,1,,,,,
2026-10-06,2026-10-06,CM,BSE,STK,543427,INE804L01022,MEDPLUS,A,,,,,Medplus Health Services Limite,649.85,653.55,641.15,650.05,653.55,643.95,,651.41,,,5157,3342396.00,463,F1,1,,,,,
2026-10-06,2026-10-06,CM,BSE,STK,543428,INE0IX101010,DATAPATTNS,A,,,,,Data Patterns (India) Limited,4244.70,4320.00,4223.00,4300.50,4300.50,4225.60,,4299.23,,,13311,56737713.00,1613,F1,1,,,,,
2026-10-06,2026-10-06,CM,BSE,STK,543433,INE0GSL01024,HPAL,B,,,,,HP Adhesives Limited,33.52,34.92,33.23,34.55,34.55,33.84,,34.37,,,1377,46774.00,113,F1,1,,,,,
2026-10-06,2026-10-06,CM,BSE,STK,543434,INE07RO01027,SUPRIYA,B,,,,,Supriya Lifescience Limited,901.00,916.95,885.60,915.05,914.30,899.75,,915.33,,,12921,11671667.00,694,F1,1,,,,,
2026-10-06,2026-10-06,CM,BSE,STK,543435,INE0JJS01014,CLARA,MT,,,,,CLARA INDUSTRIES LIMITED,31.00,31.00,31.00,31.00,31.00,31.00,,31.00,,,4150,128650.00,1,F1,4150,,,,,
2026-10-06,2026-10-06,CM,BSE,STK,543437,INF247L01AU3,MONQ50,B,,,,,Motilal Oswal Mutual Fund,205.44,237.91,200.43,219.48,222.80,200.43,,219.22,,,253069,55485843.00,4642,F1,1,,,,,
2026-10-06,2026-10-06,CM,BSE,STK,543438,INF740KA1ZF3,MIDQ50ADD,B,,,,,DSP Nifty Midcap 150 Quality 5,23.77,23.77,23.69,23.72,23.72,23.40,,23.83,,,80,1896.00,7,F1,1,,,,,
2026-10-06,2026-10-06,CM,BSE,STK,543440,INF740KA1CL0,NIFTYADD,B,,,,,DSP Nifty 50 ETF,243.48,243.48,239.18,239.67,239.67,237.55,,239.92,,,312,75167.00,22,F1,1,,,,,
2026-10-06,2026-10-06,CM,BSE,STK,543441,INE925R01014,CMSINFO,A,,,,,CMS Info Systems Limited,219.15,221.50,218.30,220.45,220.45,219.15,,220.39,,,63489,13956048.00,827,F1,1,,,,,
2026-10-06,2026-10-06,CM,BSE,STK,543442,INE977Y01011,BCONCEPTS,B,,,,,Brand Concepts Limited,141.00,148.00,141.00,147.45,148.00,141.00,,147.05,,,2313,335457.00,49,F1,1,,,,,
2026-10-06,2026-10-06,CM,BSE,STK,543449,INE02WG01024,WEL,B,,,,,WONDER ELECTRICALS LIMITED,73.30,75.38,73.30,74.60,74.51,73.27,,74.62,,,9521,711355.00,92,F1,1,,,,,
2026-10-06,2026-10-06,CM,BSE,STK,543450,INF109KC10V2,AUTOIETF,B,,,,,ICICI Prudential Mutual Fund,26.41,26.69,26.26,26.49,26.69,26.41,,26.47,,,28046,741221.00,360,F1,1,,,,,
2026-10-06,2026-10-06,CM,BSE,STK,543451,INE583L01014,AGSTRA,Z,,,,,AGS TRANSACT TECHNOLOGIES LIMI,2.45,2.45,2.45,2.45,2.45,2.49,,2.45,,,1500,3675.00,2,F1,1,,,,,
2026-10-06,2026-10-06,CM,BSE,STK,543452,INF109KC1Y56,SILVERIETF,E,,,,,ICICI Prudential Mutual Fund,219.55,220.20,217.80,220.05,220.03,221.11,,219.99,,,89987,19707291.00,1239,F1,1,,,,,
2026-10-06,2026-10-06,CM,BSE,STK,543454,INF769K01IB1,MAKEINDIA,B,,,,,Mirae Asset Mutual Fund,155.25,157.06,155.25,156.80,156.77,154.83,,156.98,,,2079,324235.00,42,F1,1,,,,,
2026-10-06,2026-10-06,CM,BSE,STK,543458,INE699H01024,AWL,A,,,,,AWL AGRI BUSINESS LIMITED,179.65,187.90,178.70,186.05,186.05,176.10,,185.93,,,234941,43224730.00,3441,F1,1,,,,,
2026-10-06,2026-10-06,CM,BSE,STK,543461,INE0JNA01014,SSTL,M,,,,,Safa Systems & Technologies Li,18.30,19.25,17.50,18.56,18.50,21.33,,18.56,,,40000,731550.00,8,F1,5000,,,,,
2026-10-06,2026-10-06,CM,BSE,STK,543462,INE060X01034,DEVIT,B,,,,,DEV INFORMATION TECHNOLOGY LIM,20.53,21.89,20.53,20.91,21.89,20.53,,21.28,,,5686,119128.00,201,F1,1,,,,,
2026-10-06,2026-10-06,CM,BSE,STK,543463,INE825V01034,MANYAVAR,A,,,,,Vedant Fashions Limited,513.05,528.20,501.00,503.95,508.00,521.90,,505.35,,,13311,6820891.00,821,F1,1,,,,,
2026-10-06,2026-10-06,CM,BSE,STK,543464,INE0JSJ01014,SPITZE,M,,,,,Maruti Interior Products Limit,37.00,37.00,35.63,35.64,35.63,37.20,,35.64,,,21000,762140.00,17,F1,1000,,,,,
2026-10-06,2026-10-06,CM,BSE,STK,543465,INF247L01BK2,MOMOMENTUM,B,,,,,Motilal Oswal Mutual Fund,60.28,60.80,59.98,60.78,60.80,59.61,,60.72,,,2151,129961.00,43,F1,1,,,,,
2026-10-06,2026-10-06,CM,BSE,STK,543470,INE728Z01015,SOFTTECH,B,,,,,SoftTech Engineers Limited,453.00,464.25,453.00,459.15,459.15,471.55,,461.55,,,596,274094.00,40,F1,1,,,,,
2026-10-06,2026-10-06,CM,BSE,STK,543471,INF209KB19F6,SILVER,E,,,,,Aditya Birla Sun Life Mutual F,219.92,220.25,217.97,220.08,220.25,221.16,,220.17,,,24101,5276776.00,546,F1,1,,,,,
2026-10-06,2026-10-06,CM,BSE,STK,543472,INF209KB11D8,TECH,B,,,,,Aditya Birla Sun Life Mutual F,30.14,31.00,30.14,30.95,30.95,30.92,,30.72,,,1560,47911.00,28,F1,1,,,,,
2026-10-06,2026-10-06,CM,BSE,STK,543473,INF209KB10C2,HEALTHY,B,,,,,Aditya Birla Sun Life Mutual F,16.86,16.86,16.28,16.62,16.67,16.45,,16.57,,,5679,93513.00,126,F1,1,,,,,
2026-10-06,2026-10-06,CM,BSE,STK,543474,INF209KB19D1,BSLNIFTY,B,,,,,Aditya Birla Sun Life Mutual F,26.32,26.79,26.32,26.68,26.72,26.53,,26.69,,,25925,690152.00,309,F1,1,,,,,
2026-10-06,2026-10-06,CM,BSE,STK,543480,INF109KC14A8,GSEC5IETF,F,,,,,ICICI Prudential Mutual Fund,66.18,66.18,66.18,66.18,66.18,66.31,,65.64,,,2000,132360.00,1,F1,1,,,,,
2026-10-06,2026-10-06,CM,BSE,STK,543481,INF769K01IC9,MIDCAPETF,B,,,,,Mirae Asset Mutual Fund,22.75,22.75,22.27,22.44,22.49,22.20,,22.42,,,59982,1343375.00,261,F1,1,,,,,
2026-10-06,2026-10-06,CM,BSE,STK,543482,INE0KCE01017,EUREKAFORB,A,,,,,Eureka Forbes Limited,344.30,354.80,344.30,353.80,354.80,342.45,,353.80,,,7255,2551482.00,297,F1,1,,,,,
2026-10-06,2026-10-06,CM,BSE,STK,543489,INE079J01017,GATEWAY,B,,,,,Gateway Distriparks Limited,51.00,52.10,50.86,50.96,50.96,51.55,,50.91,,,536241,27823509.00,1308,F1,1,,,,,
2026-10-06,2026-10-06,CM,BSE,STK,543490,INE0CU601026,GMRP&UI,A,,,,,GMR Power and Urban Infra Limi,101.15,105.20,101.10,102.40,102.00,100.90,,102.23,,,122864,12708395.00,1485,F1,1,,,,,
2026-10-06,2026-10-06,CM,BSE,STK,543497,INE0KQ001017,BCCL,M,,,,,Bhatia Colour Chem Limited,23.30,24.40,23.30,23.75,23.75,24.00,,23.75,,,10400,249408.00,16,F1,400,,,,,
2026-10-06,2026-10-06,CM,BSE,STK,543498,INE0FS801015,MSUMI,A,,,,,Motherson Sumi Wiring India Li,32.92,33.38,32.85,33.28,33.28,32.90,,33.31,,,615671,20365098.00,2860,F1,1,,,,,
2026-10-06,2026-10-06,CM,BSE,STK,543499,INE0K1401020,ACHYUT,B,,,,,Achyut Healthcare Limited,5.84,5.86,5.52,5.66,5.72,5.74,,5.66,,,74246,421991.00,177,F1,1,,,,,
2026-10-06,2026-10-06,CM,BSE,STK,543500,INE0JVD01011,EVOQ,MT,,,,,Evoq Remedies Limited,1.55,1.59,1.46,1.54,1.54,1.52,,1.54,,,32000,48520.00,8,F1,4000,,,,,
2026-10-06,2026-10-06,CM,BSE,STK,543501,INF247L01BL0,MOLOWVOL,B,,,,,Motilal Oswal Mutual Fund,33.93,34.95,33.93,34.27,34.95,34.70,,34.26,,,198,6780.00,15,F1,1,,,,,
2026-10-06,2026-10-06,CM,BSE,STK,543512,INE652Z01025,AVROIND,B,,,,,Avro India Limited,7.15,7.15,6.79,6.85,6.90,7.00,,6.85,,,6104,42280.00,60,F1,1,,,,,
2026-10-06,2026-10-06,CM,BSE,STK,543513,INE0GIU01018,UMAEXPORTS,T,,,,,Uma Exports Limited,20.22,21.79,20.22,21.40,21.40,21.20,,21.09,,,1711,36630.00,12,F1,1,,,,,
2026-10-06,2026-10-06,CM,BSE,STK,543514,INE0IQ001011,VERANDA,T,,,,,Veranda Learning Solutions Lim,25.00,29.70,25.00,29.20,29.20,212.75,,29.72,,,28503,837784.00,147,F1,1,,,,,
2026-10-06,2026-10-06,CM,BSE,STK,543515,INE0KPY01017,SEML,M,,,,,Sunrise Efficient Marketing Li,30.11,30.38,29.50,30.19,30.38,29.22,,30.19,,,27750,835597.00,42,F1,375,,,,,
2026-10-06,2026-10-06,CM,BSE,STK,543516,INE0K5F01014,DHYAANITR,MT,,,,,DHYAANI TRADEVENTTURES LIMITED,9.28,9.28,9.00,9.23,9.23,9.18,,9.23,,,112000,1029924.00,22,F1,2800,,,,,
2026-10-06,2026-10-06,CM,BSE,STK,543517,INE00EV01017,HARIOMPIPE,B,,,,,Hariom Pipe Industries Limited,326.00,339.00,326.00,337.05,337.00,324.85,,336.56,,,6164,2053006.00,232,F1,1,,,,,
2026-10-06,2026-10-06,CM,BSE,STK,543519,INE0JMN01019,SFSL,M,,,,,Shashwat Furnishing Solutions,65.00,65.00,65.00,65.00,65.00,65.00,,65.00,,,18000,1170000.00,3,F1,1500,,,,,
2026-10-06,2026-10-06,CM,BSE,STK,543520,INE0J2K01014,GLHRL,MT,,,,,Global Longlife Hospital and R,11.75,12.92,11.70,11.70,11.70,12.31,,11.70,,,221000,2704330.00,72,F1,1000,,,,,
2026-10-06,2026-10-06,CM,BSE,STK,543522,INE0E5R01017,NVENTURES,M,,,,,Nanavati Ventures Limited,81.50,81.50,81.50,81.50,81.50,81.00,,81.50,,,1500,122250.00,1,F1,750,,,,,
2026-10-06,2026-10-06,CM,BSE,STK,543523,INE278Y01022,CAMPUS,A,,,,,Campus Activewear Limited,202.05,209.80,202.05,208.55,209.05,204.35,,208.68,,,22075,4545403.00,728,F1,1,,,,,
2026-10-06,2026-10-06,CM,BSE,STK,543524,INE961O01016,RAINBOW,A,,,,,Rainbow Children's Medicare Li,1276.85,1276.85,1237.00,1241.00,1239.00,1269.95,,1239.77,,,5751,7175814.00,817,F1,1,,,,,
2026-10-06,2026-10-06,CM,BSE,STK,543525,INE625X01026,SILVERTUC,B,,,,,Silver Touch Technologies Limi,138.65,139.40,137.05,138.15,138.40,137.70,,137.70,,,19001,2622908.00,509,F1,1,,,,,
2026-10-06,2026-10-06,CM,BSE,STK,543526,INE0J1Y01017,LICI,A,,,,,LIFE INSURANCE CORPORATION OF,388.75,392.25,386.75,390.00,390.00,388.25,,390.00,,,121661,47438145.00,2743,F1,1,,,,,
2026-10-06,2026-10-06,CM,BSE,STK,543527,INE00F201020,PRUDENT,A,,,,,Prudent Corporate Advisory Ser,3087.80,3222.20,3087.80,3207.65,3209.70,3107.40,,3204.41,,,1026,3246452.00,255,F1,1,,,,,
2026-10-06,2026-10-06,CM,BSE,STK,543528,INE0JA001018,VENUSPIPES,B,,,,,Venus Pipes & Tubes Limited,2205.00,2277.00,2205.00,2241.35,2234.50,2205.10,,2240.35,,,3624,8141954.00,391,F1,1,,,,,
2026-10-06,2026-10-06,CM,BSE,STK,543529,INE148O01028,DELHIVERY,A,,,,,Delhivery Limited,399.05,410.50,399.05,410.00,410.00,399.50,,407.52,,,219840,89667630.00,1407,F1,1,,,,,
2026-10-06,2026-10-06,CM,BSE,STK,543530,INE088F01024,PARADEEP,A,,,,,Paradeep Phosphates Limited,153.80,157.45,153.10,156.70,156.70,153.40,,156.75,,,160494,24965970.00,1472,F1,1,,,,,
2026-10-06,2026-10-06,CM,BSE,STK,543531,INE05CY01014,TIERRA,X,,,,,Tierra Agrotech Limited,36.26,38.76,36.20,36.34,36.20,37.71,,36.34,,,11703,427336.00,110,F1,1,,,,,
2026-10-06,2026-10-06,CM,BSE,STK,543532,INE04TZ01018,ETHOSLTD,A,,,,,ETHOS LIMITED,2589.25,2641.50,2586.15,2621.55,2610.00,2600.05,,2621.21,,,78627,207164078.00,483,F1,1,,,,,
2026-10-06,2026-10-06,CM,BSE,STK,543533,INE01QM01018,EMUDHRA,B,,,,,eMudhra Limited,629.60,629.60,593.35,608.50,607.10,598.40,,607.91,,,9081,5464472.00,383,F1,1,,,,,
2026-10-06,2026-10-06,CM,BSE,STK,543534,INE0BWX01014,AETHER,A,,,,,Aether Industries Limited,1647.40,1813.00,1644.60,1800.00,1796.00,1659.00,,1799.81,,,41722,73995750.00,2751,F1,1,,,,,
2026-10-06,2026-10-06,CM,BSE,STK,543535,INE082W01014,WEWIN,B,,,,,We Win Limited,51.55,54.19,50.63,50.63,50.63,51.56,,51.89,,,415,21737.00,15,F1,1,,,,,
2026-10-06,2026-10-06,CM,BSE,STK,543538,INE0K6L01010,GOEL,M,,,,,Goel Food Products Limited,10.26,10.26,10.25,10.25,10.25,10.25,,10.25,,,4000,41020.00,2,F1,2000,,,,,
2026-10-06,2026-10-06,CM,BSE,STK,543539,INE0L0L01012,MODIS,B,,,,,MODI'S NAVNIRMAN LIMITED,376.55,383.00,373.00,379.00,379.00,368.25,,380.85,,,1761,669042.00,58,F1,1,,,,,
2026-10-06,2026-10-06,CM,BSE,STK,543540,INE0GTX01019,PGCRL,M,,,,,Pearl Green Clubs and Resorts,114.70,114.70,112.80,112.80,112.80,111.40,,112.80,,,5400,610260.00,2,F1,600,,,,,
2026-10-06,2026-10-06,CM,BSE,STK,543542,INE0L1C01019,KESAR,M,,,,,KESAR INDIA LIMITED,1134.70,1147.40,1114.95,1133.15,1135.00,1122.40,,1133.15,,,16700,18801460.00,96,F1,100,,,,,
2026-10-06,2026-10-06,CM,BSE,STK,543543,INE0IZQ01016,BRRL,M,,,,,B-RIGHT REALESTATE LIMITED,895.00,918.00,895.00,914.50,915.00,907.00,,914.50,,,8000,7247490.00,17,F1,200,,,,,
2026-10-06,2026-10-06,CM,BSE,STK,543544,INE0KR801019,JAYANT,M,,,,,JAYANT INFRATECH LIMITED,112.90,114.59,112.00,114.59,114.59,109.14,,114.59,,,25500,2915857.00,26,F1,750,,,,,
2026-10-06,2026-10-06,CM,BSE,STK,543545,INE0ID001024,VEERKRUPA,M,,,,,Veerkrupa Jewellers Limited,0.45,0.48,0.45,0.45,0.45,0.45,,0.45,,,66800,30895.00,4,F1,16700,,,,,
2026-10-06,2026-10-06,CM,BSE,STK,543546,INE0L3501015,HEALTHYLIFE,M,,,,,HEALTHY LIFE AGRITEC LIMITED,6.19,6.19,6.05,6.11,6.11,5.90,,6.11,,,18000,110020.00,8,F1,2000,,,,,
2026-10-06,2026-10-06,CM,BSE,STK,543547,INE0HR601026,DDEVPLSTIK,B,,,,,DDEV PLASTIKS INDUSTRIES LIMIT,252.00,253.25,245.00,249.50,252.65,242.55,,249.78,,,2339,577871.00,165,F1,1,,,,,
2026-10-06,2026-10-06,CM,BSE,STK,543563,INF247L01BB1,MOHEALTH,B,,,,,Motilal Oswal Mutual Fund,51.22,51.33,49.73,51.11,51.03,50.02,,50.96,,,12368,626639.00,84,F1,1,,,,,
2026-10-06,2026-10-06,CM,BSE,STK,543568,INF109KC17C7,MOM30IETF,B,,,,,ICICI Prudential Mutual Fund,30.35,30.54,29.97,30.49,30.49,29.96,,30.47,,,32664,989572.00,226,F1,1,,,,,
2026-10-06,2026-10-06,CM,BSE,STK,543569,INF179KC1HR4,HDFCNIF100,B,,,,,HDFC Mutual Fund,24.28,24.85,24.28,24.74,24.84,24.53,,24.63,,,842,20787.00,36,F1,1,,,,,
2026-10-06,2026-10-06,CM,BSE,STK,543570,INF179KC1HS2,HDFCNEXT50,B,,,,,HDFC Mutual Fund,70.25,71.77,70.25,71.48,71.77,70.91,,71.54,,,4256,303717.00,111,F1,1,,,,,
2026-10-06,2026-10-06,CM,BSE,STK,543571,INF109KC16E5,INFRAIETF,B,,,,,ICICI Prudential Mutual Fund,89.62,91.04,89.58,90.31,89.84,89.52,,90.50,,,7783,701815.00,182,F1,1,,,,,
2026-10-06,2026-10-06,CM,BSE,STK,543572,INF740KA1ZQ0,SILVERADD,E,,,,,DSP Silver ETF,20.97,21.28,20.97,21.27,21.28,21.36,,21.23,,,26813,566340.00,156,F1,1,,,,,
2026-10-06,2026-10-06,CM,BSE,STK,543573,INE0DYJ01015,SYRMA,A,,,,,Syrma SGS Technology Limited,1736.05,1760.00,1672.40,1683.80,1685.15,1699.45,,1685.05,,,53696,90752270.00,3756,F1,1,,,,,
2026-10-06,2026-10-06,CM,BSE,STK,543574,INF209KB15K4,NIFTYQLITY,B,,,,,Aditya Birla Sun Life Mutual F,20.27,20.27,19.85,19.92,19.92,19.78,,20.10,,,940,18730.00,13,F1,1,,,,,
2026-10-06,2026-10-06,CM,BSE,STK,543575,INF209KB14K7,MOMENTUM,B,,,,,Aditya Birla Sun Life Mutual F,29.09,30.37,29.09,30.24,30.36,29.84,,30.25,,,817,24634.00,20,F1,1,,,,,
2026-10-06,2026-10-06,CM,BSE,STK,543576,INF247L01BE5,MOVALUE,B,,,,,Motilal Oswal Mutual Fund,104.41,108.40,104.41,107.10,107.16,107.09,,106.86,,,6644,711188.00,134,F1,1,,,,,
2026-10-06,2026-10-06,CM,BSE,STK,543577,INF247L01BH8,MOQUALITY,B,,,,,Motilal Oswal Mutual Fund,195.00,200.00,187.75,195.18,191.00,193.60,,192.00,,,939,176727.00,32,F1,1,,,,,
2026-10-06,2026-10-06,CM,BSE,STK,543578,INE0M3901015,OLATECH,M,,,,,Olatech Solutions Limited,57.01,58.35,56.70,56.94,56.70,59.67,,56.94,,,7400,423724.00,8,F1,925,,,,,
2026-10-06,2026-10-06,CM,BSE,STK,543590,INE0KKN01029,RHETAN,B,,,,,Rhetan TMT Limited,15.04,16.61,15.04,16.61,16.61,15.83,,16.59,,,1784081,28466315.00,1487,F1,1,,,,,
2026-10-06,2026-10-06,CM,BSE,STK,543591,INE0JS101016,DREAMFOLKS,B,,,,,DREAMFOLKS SERVICES LIMITED,59.20,63.00,59.20,60.94,60.94,60.78,,60.69,,,21976,1338534.00,262,F1,1,,,,,
2026-10-06,2026-10-06,CM,BSE,STK,543592,INF179KC1DI2,HDFCSILVER,E,,,,,HDFC Mutual Fund,210.98,210.98,208.25,210.62,210.59,211.99,,210.63,,,120260,25159042.00,842,F1,1,,,,,
2026-10-06,2026-10-06,CM,BSE,STK,543593,INE0I3401014,DBOL,B,,,,,Dhampur Bio Organics Limited,125.00,139.15,125.00,137.85,137.85,125.20,,137.90,,,91940,12178340.00,1975,F1,1,,,,,
2026-10-06,2026-10-06,CM,BSE,STK,543594,INE0MC401013,DPL,M,,,,,DIPNA PHARMACHEM LIMITED,4.41,4.41,4.21,4.24,4.24,4.28,,4.24,,,21000,90570.00,7,F1,3000,,,,,
2026-10-06,2026-10-06,CM,BSE,STK,543595,INE0D2I01014,EPBIO,M,,,,,EP BIOCOMPOSITES LIMITED,92.00,92.00,92.00,92.00,92.00,92.00,,92.00,,,500,46000.00,1,F1,500,,,,,
2026-10-06,2026-10-06,CM,BSE,STK,543596,INE668A01016,TMB,A,,,,,Tamilnad Mercantile Bank Limit,878.00,890.05,874.75,879.80,877.55,885.35,,878.96,,,4840,4262540.00,330,F1,1,,,,,
2026-10-06,2026-10-06,CM,BSE,STK,543597,INE0I0T01010,VOEPL,B,,,,,Virtuoso Optoelectronics Limit,514.00,520.10,498.00,511.50,512.30,505.10,,511.17,,,10908,5513278.00,429,F1,1,,,,,
2026-10-06,2026-10-06,CM,BSE,STK,543599,INE0D6I01023,KSOLVES,B,,,,,Ksolves India Limited,249.65,251.25,246.20,250.10,251.20,248.35,,248.98,,,1963,488404.00,142,F1,1,,,,,
2026-10-06,2026-10-06,CM,BSE,STK,543600,INE0JUS01029,HARSHA,B,,,,,Harsha Engineers International,462.55,468.95,460.35,464.35,468.00,462.55,,464.64,,,4257,1974279.00,256,F1,1,,,,,
2026-10-06,2026-10-06,CM,BSE,STK,543605,INF179KC1DL6,HDFCQUAL,B,,,,,HDFC Mutual Fund,55.23,56.33,55.23,55.78,56.33,55.74,,55.45,,,150,8293.00,9,F1,1,,,,,
2026-10-06,2026-10-06,CM,BSE,STK,543607,INF179KC1DJ0,HDFCGROWTH,B,,,,,HDFC Mutual Fund,109.48,109.71,109.17,109.32,109.32,109.83,,109.72,,,214,23401.00,15,F1,1,,,,,
2026-10-06,2026-10-06,CM,BSE,STK,543608,INF179KC1DK8,HDFCVALUE,B,,,,,HDFC Mutual Fund,119.29,119.65,118.62,119.63,119.65,118.55,,118.69,,,708,84469.00,11,F1,1,,,,,
2026-10-06,2026-10-06,CM,BSE,STK,543613,INE0KQQ01011,MAFIA,M,,,,,MAFIA TRENDS LIMITED,6.20,6.20,5.16,5.20,5.20,5.72,,5.20,,,12000,66240.00,3,F1,4000,,,,,
2026-10-06,2026-10-06,CM,BSE,STK,543614,INE0LQS01015,TIPSFILMS,B,,,,,Tips Films Limited,311.70,374.00,311.70,332.80,332.80,311.70,,334.22,,,7674,2705005.00,706,F1,1,,,,,
2026-10-06,2026-10-06,CM,BSE,STK,543615,INE0MNV01014,SRSOLTD,M,,,,,SILICON RENTAL SOLUTIONS LIMIT,67.00,70.00,67.00,69.11,69.11,73.00,,69.11,,,6400,442408.00,8,F1,800,,,,,
2026-10-06,2026-10-06,CM,BSE,STK,543616,INE0MKA01014,TLL,M,,,,,Trident Lifeline Limited,393.35,396.95,390.00,394.70,394.05,389.10,,394.70,,,21600,8506260.00,36,F1,600,,,,,
2026-10-06,2026-10-06,CM,BSE,STK,543618,INE0M4L01013,CARGOTRANS,M,,,,,Cargotrans Maritime Limited,79.50,80.00,79.50,80.00,80.00,76.50,,80.00,,,8250,658462.00,6,F1,750,,,,,
2026-10-06,2026-10-06,CM,BSE,STK,543619,INE0N0J01014,CNCRD,M,,,,,Concord Control Systems Limite,2290.00,2450.00,2280.05,2428.30,2435.00,2291.00,,2428.30,,,6550,15674640.00,112,F1,50,,,,,
2026-10-06,2026-10-06,CM,BSE,STK,543620,INE0LGX01024,INA,B,,,,,INSOLATION ENERGY LIMITED,83.51,84.98,83.36,83.82,83.92,83.49,,83.81,,,54568,4589847.00,602,F1,1,,,,,
2026-10-06,2026-10-06,CM,BSE,STK,543623,INE0NC801013,VEDANTASSET,MT,,,,,VEDANT ASSET LIMITED,58.10,58.10,58.00,58.00,58.00,58.00,,58.00,,,3000,174150.00,2,F1,1500,,,,,
2026-10-06,2026-10-06,CM,BSE,STK,543626,INE02YR01019,EMIL,B,,,,,Electronics Mart India Limited,206.25,209.85,199.80,201.55,200.35,205.05,,201.43,,,558334,114775741.00,3955,F1,1,,,,,
2026-10-06,2026-10-06,CM,BSE,STK,543627,INF179KC1HU8,HDFCLOWVOL,B,,,,,HDFC Mutual Fund,18.98,19.64,18.98,19.64,19.64,19.37,,19.42,,,219,4194.00,20,F1,1,,,,,
2026-10-06,2026-10-06,CM,BSE,STK,543628,INF179KC1HV6,HDFCMOMENT,B,,,,,HDFC Mutual Fund,29.83,30.16,29.70,30.12,30.13,29.83,,30.13,,,14930,449064.00,37,F1,1,,,,,
2026-10-06,2026-10-06,CM,BSE,STK,543635,INE0DK501011,PPLPHARMA,A,,,,,PIRAMAL PHARMA LIMITED,195.20,200.95,193.90,200.05,200.05,194.90,,200.49,,,172669,34124075.00,2464,F1,1,,,,,
2026-10-06,2026-10-06,CM,BSE,STK,543636,INE0A1101019,DCI,B,,,,,Dc Infotech and Communication,340.00,350.00,330.45,345.15,342.25,342.45,,343.08,,,6432,2182786.00,183,F1,1,,,,,
2026-10-06,2026-10-06,CM,BSE,STK,543637,INE0N1L01018,PACE,M,,,,,PACE E-COMMERCE VENTURES LIMIT,15.30,15.30,14.04,14.80,14.80,15.80,,14.80,,,57600,845628.00,37,F1,1200,,,,,
2026-10-06,2026-10-06,CM,BSE,STK,543638,INE0HMF01019,TRACXN,B,,,,,Tracxn Technologies Limited,31.02,34.83,31.02,34.15,34.01,31.47,,34.32,,,58367,1981239.00,531,F1,1,,,,,
2026-10-06,2026-10-06,CM,BSE,STK,543643,INE117Z01029,NARMADA,B,,,,,Narmada Agrobase Limited,12.18,12.33,12.01,12.15,12.23,12.31,,12.10,,,49157,597124.00,258,F1,1,,,,,
2026-10-06,2026-10-06,CM,BSE,STK,543644,INE344S01016,INFOBEAN,B,,,,,InfoBeans Technologies Limited,149.50,150.50,147.40,149.35,149.55,148.50,,149.44,,,9370,1393848.00,271,F1,1,,,,,
2026-10-06,2026-10-06,CM,BSE,STK,543645,INE05X901010,HPIL,B,,,,,HINDPRAKASH INDUSTRIES LIMITED,110.00,117.00,110.00,117.00,117.00,108.15,,116.49,,,111,12217.00,2,F1,1,,,,,
2026-10-06,2026-10-06,CM,BSE,STK,543650,INE0KL801015,DCXINDIA,B,,,,,DCX Systems Limited,158.95,161.10,157.40,160.50,160.95,156.90,,160.25,,,22869,3655951.00,563,F1,1,,,,,
2026-10-06,2026-10-06,CM,BSE,STK,543651,INE975Z01012,DAPS,M,,,,,DAPS ADVERTISING LIMITED,25.40,25.40,25.40,25.40,25.40,23.99,,25.40,,,4000,101600.00,1,F1,4000,,,,,
2026-10-06,2026-10-06,CM,BSE,STK,543652,INE139R01012,FUSION,B,,,,,FUSION FINANCE LIMITED,168.15,172.70,168.10,169.15,169.45,167.35,,169.00,,,9033,1535591.00,339,F1,1,,,,,
2026-10-06,2026-10-06,CM,BSE,STK,543653,INE00E101023,BIKAJI,A,,,,,Bikaji Foods International Lim,485.15,498.35,478.00,480.75,480.80,487.15,,481.08,,,52671,25445166.00,2211,F1,1,,,,,
2026-10-06,2026-10-06,CM,BSE,STK,543654,INE474Q01031,MEDANTA,A,,,,,Global Health Limited,1334.00,1342.95,1282.60,1300.15,1308.90,1331.70,,1300.77,,,65233,84804558.00,1909,F1,1,,,,,
2026-10-06,2026-10-06,CM,BSE,STK,543655,INE0MIZ23019,ANZEN,IF,,,,,Anzen India Energy Yield Plus,129.00,129.00,129.00,129.00,129.00,129.50,,130.00,,,600000,77400000.00,1,F1,25000,,,,,
2026-10-06,2026-10-06,CM,BSE,STK,543656,INE0MXP01015,TECHNOPACK,M,,,,,Technopack Polymers Limited,13.80,13.80,12.90,13.30,13.30,11.50,,13.30,,,12000,160000.00,3,F1,4000,,,,,
2026-10-06,2026-10-06,CM,BSE,STK,543657,INE128X01021,ACI,A,,,,,Archean Chemical Industries Li,466.00,476.95,461.80,474.95,476.00,463.30,,474.52,,,6817,3211590.00,385,F1,1,,,,,
2026-10-06,2026-10-06,CM,BSE,STK,543663,INE128S01021,FIVESTAR,A,,,,,Five-Star Business Finance Ltd,519.00,529.05,511.00,514.45,513.30,519.35,,514.36,,,27553,14293915.00,2304,F1,1,,,,,
2026-10-06,2026-10-06,CM,BSE,STK,543664,INE918Z01012,KAYNES,A,,,,,KAYNES TECHNOLOGY INDIA LIMITE,3430.00,3430.00,3334.05,3400.00,3400.00,3400.00,,3404.52,,,68284,231011612.00,6705,F1,1,,,,,
2026-10-06,2026-10-06,CM,BSE,STK,543665,INF179KC1IA8,HDFCNIFIT,B,,,,,HDFC Mutual Fund,30.12,30.23,29.90,30.10,30.10,30.14,,29.94,,,1461,43801.00,15,F1,1,,,,,
2026-10-06,2026-10-06,CM,BSE,STK,543666,INF179KC1HZ7,HDFCPVTBAN,B,,,,,HDFC Mutual Fund,27.15,27.66,27.15,27.46,27.41,27.42,,27.55,,,13941,382773.00,43,F1,1,,,,,
2026-10-06,2026-10-06,CM,BSE,STK,543667,INE510W01014,INOXGREEN,A,,,,,INOX GREEN ENERGY SERVICES LIM,150.15,152.20,144.10,146.55,146.65,150.00,,146.59,,,115579,17149369.00,1436,F1,1,,,,,
2026-10-06,2026-10-06,CM,BSE,STK,543668,INE01EE01011,BBTCL,B,,,,,B&B Triplewall Containers Limi,235.00,237.20,233.00,233.00,233.00,235.00,,233.12,,,1320,311792.00,102,F1,1,,,,,
2026-10-06,2026-10-06,CM,BSE,STK,543669,INE263M01029,RUSTOMJEE,B,,,,,Keystone Realtors Limited,363.45,369.00,362.90,368.00,368.00,367.30,,368.55,,,194,70813.00,22,F1,1,,,,,
2026-10-06,2026-10-06,CM,BSE,STK,543670,INE01KI01027,VINNY,B,,,,,VINNY OVERSEAS LIMITED,0.92,0.92,0.89,0.89,0.89,0.91,,0.90,,,273727,244001.00,310,F1,1,,,,,
2026-10-06,2026-10-06,CM,BSE,STK,543671,INE0D0U01013,AAATECH,B,,,,,AAA TECHNOLOGIES LIMITED,90.56,106.88,90.56,103.36,106.44,95.51,,103.45,,,235002,24226928.00,802,F1,1,,,,,
2026-10-06,2026-10-06,CM,BSE,STK,543677,INF109KC17L8,FINIETF,B,,,,,ICICI Prudential Mutual Fund,30.24,30.99,30.20,30.55,30.95,30.24,,30.43,,,20272,615691.00,236,F1,1,,,,,
2026-10-06,2026-10-06,CM,BSE,STK,543678,INE0N6V01016,AMBOAGRI,M,,,,,AMBO AGRITEC LIMITED,10.17,10.17,10.17,10.17,10.17,9.70,,10.17,,,1000,10170.00,1,F1,1000,,,,,
2026-10-06,2026-10-06,CM,BSE,STK,543686,INE792Z01011,SIRCA,B,,,,,Sirca Paints India Limited,404.15,411.80,403.75,406.45,405.60,401.80,,406.60,,,3784,1540999.00,189,F1,1,,,,,
2026-10-06,2026-10-06,CM,BSE,STK,543687,INE00OQ01016,DHARMAJ,B,,,,,Dharmaj Crop Guard Limited,260.00,270.75,260.00,268.15,267.20,266.05,,266.55,,,1767,470059.00,253,F1,1,,,,,
2026-10-06,2026-10-06,CM,BSE,STK,543688,INE324X01026,SARVESHWAR,B,,,,,Sarveshwar Foods Limited,3.48,3.59,3.45,3.57,3.57,3.46,,3.58,,,197771,699702.00,461,F1,1,,,,,
2026-10-06,2026-10-06,CM,BSE,STK,543689,INE244O01017,UNIPARTS,B,,,,,Uniparts India Limited,828.00,844.50,818.00,826.65,818.00,827.30,,824.81,,,4772,3966014.00,586,F1,1,,,,,
2026-10-06,2026-10-06,CM,BSE,STK,543699,INF754K01QX0,EBBETF0433,F,,,,,Edelweiss Mutual Fund,1302.00,1302.00,1297.90,1300.00,1300.00,1301.00,,1301.22,,,341,442725.00,16,F1,1,,,,,
2026-10-06,2026-10-06,CM,BSE,STK,543709,INE0NT601018,GARGI,M,,,,,PNGS GARGI FASHION JEWELLERY L,578.00,589.90,560.85,584.00,582.00,574.65,,584.00,,,8375,4799837.00,58,F1,125,,,,,
2026-10-06,2026-10-06,CM,BSE,STK,543710,INF109KC19O8,COMMOIETF,B,,,,,ICICI Prudential Mutual Fund,91.85,94.83,91.85,94.25,93.54,93.22,,93.92,,,2524,236539.00,58,F1,1,,,,,
2026-10-06,2026-10-06,CM,BSE,STK,543711,INE142Q01026,SULA,B,,,,,Sula Vineyards Limited,133.95,134.80,132.60,134.20,134.20,132.40,,134.02,,,17830,2381346.00,461,F1,1,,,,,
2026-10-06,2026-10-06,CM,BSE,STK,543712,INE00ZE01026,AFSL,B,,,,,ABANS FINANCIAL SERVICES LIMIT,201.50,201.50,201.00,201.00,201.00,201.00,,201.00,,,101,20302.00,5,F1,1,,,,,
2026-10-06,2026-10-06,CM,BSE,STK,543713,INE0MQD01015,DRONACHRYA,M,,,,,Droneacharya Aerial Innovation,31.80,32.85,31.75,31.78,31.78,32.43,,31.78,,,44000,1411560.00,33,F1,1000,,,,,
2026-10-06,2026-10-06,CM,BSE,STK,543714,INE559R01029,LANDMARK,B,,,,,LANDMARK CARS LIMITED,475.95,482.05,470.20,479.95,478.40,470.45,,480.59,,,3608,1723426.00,110,F1,1,,,,,
2026-10-06,2026-10-06,CM,BSE,STK,543720,INE138Y01010,KFINTECH,A,,,,,KFin Technologies Limited,867.55,886.50,860.00,861.30,861.30,867.50,,863.73,,,48864,42553268.00,1940,F1,1,,,,,
2026-10-06,2026-10-06,CM,BSE,STK,543725,INE050401020,ELIN,B,,,,,Elin Electronics Limited,79.57,79.97,78.00,79.15,79.16,78.94,,78.84,,,8382,660043.00,96,F1,1,,,,,
2026-10-06,2026-10-06,CM,BSE,STK,543732,INE855R01021,RADIANTCMS,B,,,,,Radiant Cash Management Servic,34.65,35.40,34.65,34.87,34.89,35.13,,34.82,,,5806,202361.00,150,F1,1,,,,,
2026-10-06,2026-10-06,CM,BSE,STK,543737,INE09BN01011,AVEER,X,,,,,Aveer Foods Limited,607.50,608.00,607.50,608.00,608.00,607.50,,608.00,,,125,75987.00,2,F1,1,,,,,
2026-10-06,2026-10-06,CM,BSE,STK,543738,INF740KA1RX3,BANKADD,B,,,,,DSP Nifty Bank ETF,54.98,56.50,54.98,56.47,56.47,56.10,,56.35,,,125,7028.00,6,F1,1,,,,,
2026-10-06,2026-10-06,CM,BSE,STK,543743,INE035801013,AERONEU,B,,,,,Aeroflex Neu Limited,69.50,70.81,69.10,69.57,69.54,69.89,,69.96,,,528,36993.00,20,F1,1,,,,,
2026-10-06,2026-10-06,CM,BSE,STK,543744,INE0MFT01014,REXSEAL,M,,,,,Rex Sealing and Packing Indust,144.00,144.00,144.00,144.00,144.00,133.15,,144.00,,,1000,144000.00,2,F1,500,,,,,
2026-10-06,2026-10-06,CM,BSE,STK,543745,INE0MID01012,SVS,M,,,,,SVS VENTURES LIMITED,5.02,5.25,5.02,5.25,5.25,5.02,,5.25,,,30000,154800.00,5,F1,6000,,,,,
2026-10-06,2026-10-06,CM,BSE,STK,543746,INE0BSU01018,LOGICA,M,,,,,LOGICA INFOWAY LIMITED,180.00,185.00,175.00,181.00,181.00,188.55,,181.00,,,19800,3548790.00,21,F1,600,,,,,
2026-10-06,2026-10-06,CM,BSE,STK,543747,INE0BTI01037,KAMOPAINTS,B,,,,,Kamdhenu Ventures Limited,4.05,4.15,4.04,4.09,4.08,4.11,,4.10,,,33632,137771.00,110,F1,1,,,,,
2026-10-06,2026-10-06,CM,BSE,STK,543748,INE0LRU01027,AARTIPHARM,A,,,,,Aarti Pharmalabs Limited,960.00,986.55,955.65,974.65,980.00,947.00,,974.99,,,61360,59487031.00,2747,F1,1,,,,,
2026-10-06,2026-10-06,CM,BSE,STK,543754,INE0MPU01011,TRANSVOY,M,,,,,TRANSVOY LOGISTICS INDIA LIMIT,95.95,95.95,95.95,95.95,95.95,88.00,,95.95,,,800,76760.00,1,F1,800,,,,,
2026-10-06,2026-10-06,CM,BSE,STK,543766,INE094B01013,ASHIKAG,T,,,,,Ashika Global Securities Limit,386.00,386.00,386.00,386.00,386.00,387.70,,389.40,,,41,15826.00,6,F1,1,,,,,
2026-10-06,2026-10-06,CM,BSE,STK,543767,INE0EEJ01023,BTML,B,,,,,BODHI TREE MULTIMEDIA LIMITED,7.19,7.21,6.71,6.91,7.08,7.19,,6.88,,,126134,872891.00,70,F1,1,,,,,
2026-10-06,2026-10-06,CM,BSE,STK,543768,INE0NNS01018,NSLNISP,A,,,,,NMDC Steel Limited,41.10,41.10,40.42,40.91,41.00,40.49,,40.90,,,119550,4869455.00,850,F1,1,,,,,
2026-10-06,2026-10-06,CM,BSE,STK,543769,INE0KN201016,INDONG,MT,,,,,INDONG TEA COMPANY LIMITED,6.52,6.52,6.52,6.52,6.52,6.22,,6.52,,,4000,26080.00,1,F1,4000,,,,,
2026-10-06,2026-10-06,CM,BSE,STK,543774,INF179KC1EZ4,HDFCBSE500,B,,,,,HDFC Mutual Fund,35.70,35.74,35.56,35.74,35.74,35.42,,35.71,,,4850,173185.00,16,F1,1,,,,,
2026-10-06,2026-10-06,CM,BSE,STK,543775,INF179KC1FB2,HDFCSML250,B,,,,,HDFC Mutual Fund,173.69,181.94,173.69,181.23,181.94,178.15,,180.96,,,19095,3435486.00,505,F1,1,,,,,
2026-10-06,2026-10-06,CM,BSE,STK,543776,INF179KC1HT0,HDFCMID150,B,,,,,HDFC Mutual Fund,22.39,22.39,22.00,22.14,22.26,22.35,,22.18,,,39786,882534.00,366,F1,1,,,,,
2026-10-06,2026-10-06,CM,BSE,STK,543781,INF769K01JP9,GOLDETF,E,,,,,Mirae Asset Mutual Fund,142.49,143.15,141.90,142.89,142.74,143.01,,142.99,,,27285,3883788.00,850,F1,1,,,,,
2026-10-06,2026-10-06,CM,BSE,STK,543782,INE0O4601016,SEALMATIC,M,,,,,Sealmatic India Limited,440.00,467.50,435.00,458.05,460.10,429.70,,458.05,,,24480,11113281.00,114,F1,180,,,,,
2026-10-06,2026-10-06,CM,BSE,STK,543787,INE0OLH01013,ROBU,M,,,,,Macfos Limited,1122.00,1122.00,1050.00,1053.35,1050.00,1035.00,,1053.35,,,6270,6657312.00,33,F1,165,,,,,
2026-10-06,2026-10-06,CM,BSE,STK,543798,INE0NPA01011,PATRON,M,,,,,Patron Exim Limited,1.75,1.76,1.68,1.76,1.76,1.76,,1.76,,,24000,41400.00,6,F1,4000,,,,,
2026-10-06,2026-10-06,CM,BSE,STK,543805,INE0NYN01016,RESGEN,M,,,,,RESGEN LIMITED,45.00,46.00,45.00,46.00,46.00,45.00,,46.00,,,17250,786045.00,16,F1,750,,,,,
2026-10-06,2026-10-06,CM,BSE,STK,543806,INE0O6A01019,ITCONS,M,,,,,ITCONS E-Solutions Limited,247.80,252.00,240.65,248.95,248.95,249.00,,248.95,,,13000,3224120.00,46,F1,200,,,,,
2026-10-06,2026-10-06,CM,BSE,STK,543811,INE645W01026,AIRAN,B,,,,,AIRAN LIMITED,15.55,16.15,15.15,15.46,15.46,15.48,,15.40,,,11177,174969.00,225,F1,1,,,,,
2026-10-06,2026-10-06,CM,BSE,STK,543812,INE753U01022,DIVGIITTS,B,,,,,DIVGI TORQTRANSFER SYSTEMS LIM,1120.00,1142.85,1102.25,1117.40,1115.10,1120.50,,1119.14,,,3453,3870555.00,392,F1,1,,,,,
2026-10-06,2026-10-06,CM,BSE,STK,543813,INF209KB18T9,ABSLLIQUID,F,,,,,Aditya Birla Sun Life Mutual F,999.99,1000.01,999.99,1000.01,1000.01,1000.01,,999.99,,,525,524995.00,2,F1,1,,,,,
2026-10-06,2026-10-06,CM,BSE,STK,543819,INF109KC10S8,PSUBNKIETF,B,,,,,ICICI Prudential Mutual Fund,79.47,82.00,79.47,81.66,81.14,81.51,,81.26,,,4417,359001.00,74,F1,1,,,,,
2026-10-06,2026-10-06,CM,BSE,STK,543828,INE00TV01023,SUDARSHAN,M,,,,,SUDARSHAN PHARMA INDUSTRIES LI,37.00,38.49,36.35,37.82,38.00,37.10,,37.82,,,92000,3461680.00,15,F1,4000,,,,,
2026-10-06,2026-10-06,CM,BSE,STK,543829,INE0JSX01015,GSLSU,B,,,,,Global Surfaces Limited,28.98,29.99,28.66,28.85,29.99,29.11,,28.89,,,753,21744.00,13,F1,1,,,,,
2026-10-06,2026-10-06,CM,BSE,STK,543830,INE0NLJ01011,LABELKRAFT,M,,,,,LABELKRAFT TECHNOLOGIES LIMITE,63.00,63.00,63.00,63.00,63.00,66.00,,63.00,,,2000,126000.00,1,F1,2000,,,,,
2026-10-06,2026-10-06,CM,BSE,STK,543831,INE0OMI01019,BRIGHT,M,,,,,Bright Outdoor Media Limited,341.25,345.00,341.25,342.45,341.30,341.00,,342.45,,,4875,1677000.00,10,F1,375,,,,,
2026-10-06,2026-10-06,CM,BSE,STK,543848,INE0NIJ01025,DEVLAB,M,,,,,Dev Labtech Venture Limited,20.07,22.09,20.07,22.09,22.09,18.41,,22.09,,,148000,3254240.00,16,F1,4000,,,,,
2026-10-06,2026-10-06,CM,BSE,STK,543853,INF846K010Q0,SENSEXAXIS,B,,,,,AXIS BSE SENSEX ETF,76.45,77.20,75.34,75.34,75.34,74.95,,75.77,,,611,46320.00,8,F1,1,,,,,
2026-10-06,2026-10-06,CM,BSE,STK,543858,INF769K01JU9,LOWVOL,B,,,,,Mirae Asset Mutual Fund,195.56,195.56,192.09,193.36,193.36,191.94,,193.43,,,402,77893.00,9,F1,1,,,,,
2026-10-06,2026-10-06,CM,BSE,STK,543860,INE825B01010,JAFINANCE,XT,,,,,J.A. Finance Limited,150.00,156.00,150.00,151.00,151.00,150.60,,151.00,,,1512,229500.00,11,F1,1,,,,,
2026-10-06,2026-10-06,CM,BSE,STK,543861,INE0N0Y01013,USK,B,,,,,Udayshivakumar infra limited,18.99,19.40,18.33,19.03,18.70,18.49,,18.65,,,4956,94035.00,41,F1,1,,,,,
2026-10-06,2026-10-06,CM,BSE,STK,543874,INE0O1T01010,MAIDEN,M,,,,,Maiden Forgings Limited,97.05,97.45,96.00,96.35,96.00,97.00,,96.35,,,15000,1449100.00,11,F1,1000,,,,,
2026-10-06,2026-10-06,CM,BSE,STK,543875,INF769K01KF8,GSEC10YEAR,F,,,,,Mirae Asset Mutual Fund,29.88,29.88,29.88,29.88,29.88,30.00,,29.79,,,1,29.00,1,F1,1,,,,,
2026-10-06,2026-10-06,CM,BSE,STK,543895,INE0O8901016,EXHICON,M,,,,,Exhicon Events Media Solutions,519.00,525.00,516.00,520.15,522.50,510.05,,520.15,,,16250,8458037.00,31,F1,250,,,,,
2026-10-06,2026-10-06,CM,BSE,STK,543896,INE0LCL01028,AVALON,A,,,,,Avalon Technologies Limited,2290.10,2415.00,2290.10,2401.60,2401.60,2254.85,,2400.47,,,44257,104193282.00,3212,F1,1,,,,,
2026-10-06,2026-10-06,CM,BSE,STK,543897,INE0P7001013,SANCODE,MT,,,,,Sancode Technologies Limited,850.05,850.05,850.00,850.00,850.00,833.40,,850.00,,,2000,1700050.00,4,F1,500,,,,,
2026-10-06,2026-10-06,CM,BSE,STK,543898,INE0N7W01012,BLAL,B,,,,,BEML Land Assets Limited,158.65,160.95,157.50,159.25,160.95,159.80,,157.54,,,175,27794.00,19,F1,1,,,,,
2026-10-06,2026-10-06,CM,BSE,STK,543899,INE0NR623014,CUBEINVIT,IF,,,,,Cube Highways Trust,155.99,156.58,154.95,155.05,155.07,155.16,,154.91,,,5103,795372.00,82,F1,1,,,,,
2026-10-06,2026-10-06,CM,BSE,STK,543900,INF789F1AYK6,SILVERBETA,E,,,,,UTI Mutual Fund,213.28,213.28,210.45,212.71,212.71,214.01,,212.69,,,5016,1061535.00,231,F1,1,,,,,
2026-10-06,2026-10-06,CM,BSE,STK,543902,INE0NTC01019,RETINA,M,,,,,Retina Paints Limited,34.40,34.50,29.00,31.47,31.50,32.89,,31.47,,,48000,1478780.00,21,F1,2000,,,,,
2026-10-06,2026-10-06,CM,BSE,STK,543903,INF740KA1ZP2,GOLDADD,E,,,,,DSP GOLD ETF,14.40,14.40,14.18,14.29,14.29,14.26,,14.29,,,3103,44233.00,37,F1,1,,,,,
2026-10-06,2026-10-06,CM,BSE,STK,543904,INE634S01028,MANKIND,A,,,,,Mankind Pharma Limited,2480.00,2509.50,2465.20,2485.20,2485.20,2479.95,,2499.92,,,108837,271024083.00,2234,F1,1,,,,,
2026-10-06,2026-10-06,CM,BSE,STK,543910,INE680Z01018,AVG,B,,,,,AVG Logistics Limited,168.15,173.00,166.00,172.00,173.00,167.60,,172.05,,,919,154881.00,20,F1,1,,,,,
2026-10-06,2026-10-06,CM,BSE,STK,543911,INE0ALR01029,ATALREAL,B,,,,,Atal Realtech Limited,12.71,12.93,12.20,12.35,12.20,12.84,,12.36,,,221515,2736104.00,386,F1,1,,,,,
2026-10-06,2026-10-06,CM,BSE,STK,543912,INE557Z01018,PIGL,B,,,,,Power & Instrumentation (Gujar,95.44,98.00,95.44,98.00,98.00,96.38,,98.42,,,1692,163614.00,205,F1,1,,,,,
2026-10-06,2026-10-06,CM,BSE,STK,543913,INE0NDH25011,NXST,IF,,,,,Nexus Select Trust,165.01,165.92,164.50,164.76,164.76,164.96,,164.81,,,10122,1670116.00,230,F1,1,,,,,
2026-10-06,2026-10-06,CM,BSE,STK,543914,INE210F01016,SWATIPRO,XT,,,,,Swati Projects Limited,40.99,40.99,39.29,40.14,40.25,41.19,,40.14,,,4560,182074.00,82,F1,1,,,,,
2026-10-06,2026-10-06,CM,BSE,STK,543915,INE07S101038,PAVNAIND,B,,,,,Pavna Industries Limited,15.50,15.88,15.30,15.80,15.80,15.50,,15.65,,,1563,24476.00,20,F1,1,,,,,
2026-10-06,2026-10-06,CM,BSE,STK,543916,INE0GYI01028,HSIL,MT,,,,,Hemant Surgical Industries Lim,618.90,633.55,600.05,633.55,633.55,603.40,,633.55,,,14400,9023780.00,29,F1,400,,,,,
2026-10-06,2026-10-06,CM,BSE,STK,543917,INE0A0S01028,SIGMA,B,,,,,SIGMA SOLVE LIMITED,44.56,45.89,43.54,45.34,45.88,44.03,,45.25,,,13265,598920.00,343,F1,1,,,,,
2026-10-06,2026-10-06,CM,BSE,STK,543918,INE0PA801013,GHCLTEXTIL,B,,,,,GHCL Textiles Limited,131.85,131.95,128.45,131.75,131.30,129.50,,131.59,,,18338,2390555.00,321,F1,1,,,,,
2026-10-06,2026-10-06,CM,BSE,STK,543919,INE964W01021,MKPL,B,,,,,M.K.Proteins Limited,3.90,4.21,3.87,3.97,3.95,3.94,,3.99,,,31781,128190.00,141,F1,1,,,,,
2026-10-06,2026-10-06,CM,BSE,STK,543920,INE0NJ001013,CFF,B,,,,,CFF FLUID CONTROL LIMITED,1075.00,1125.00,1073.10,1081.55,1081.55,1074.55,,1081.55,,,46824,51703015.00,1924,F1,1,,,,,
2026-10-06,2026-10-06,CM,BSE,STK,543921,INE0NXA01015,COMRADE,MT,,,,,Comrade Appliances Limited,27.40,27.40,27.40,27.40,27.40,27.40,,27.40,,,1000,27400.00,1,F1,1000,,,,,
2026-10-06,2026-10-06,CM,BSE,STK,543922,INF769K01KG6,SILVERAG,E,,,,,Mirae Asset Mutual Fund,213.84,214.63,212.36,214.51,214.50,216.24,,214.75,,,5409,1152548.00,107,F1,1,,,,,
2026-10-06,2026-10-06,CM,BSE,STK,543923,INE0LOJ01019,IKIO,B,,,,,IKIO Technologies Limited,192.10,198.00,192.10,195.75,198.00,192.95,,195.86,,,6516,1266902.00,196,F1,1,,,,,
2026-10-06,2026-10-06,CM,BSE,STK,543924,INE0N5O01013,SONALIS,M,,,,,Sonalis Consumer Products Limi,37.64,37.64,33.36,33.92,33.92,36.97,,33.92,,,154000,5311080.00,71,F1,2000,,,,,
2026-10-06,2026-10-06,CM,BSE,STK,543925,INE0M5S23019,MIT,IF,,,,,Maple Infrastructure Trust,145.00,145.00,145.00,145.00,145.00,145.00,,145.00,,,50000,7250000.00,1,F1,25000,,,,,
2026-10-06,2026-10-06,CM,BSE,STK,543926,INE0OJ401014,BIZOTIC,M,,,,,Bizotic Commercial Limited,122.55,124.00,120.75,122.10,120.75,127.00,,122.10,,,24000,2944800.00,18,F1,1200,,,,,
2026-10-06,2026-10-06,CM,BSE,STK,543927,INE04Z101016,ASIAN,X,,,,,Asian Warehousing Limited,33.85,33.85,32.00,33.04,33.04,33.04,,33.04,,,63,2019.00,6,F1,1,,,,,
2026-10-06,2026-10-06,CM,BSE,STK,543928,INE0ORA01015,COSMICCRF,M,,,,,Cosmic CRF Limited,1230.00,1296.00,1216.00,1290.85,1291.90,1246.75,,1290.85,,,8300,10421205.00,68,F1,100,,,,,
2026-10-06,2026-10-06,CM,BSE,STK,543929,INE0ECP01024,HMAAGRO,B,,,,,HMA Agro Industries Limited,23.82,24.74,23.31,24.59,24.70,23.35,,24.56,,,121512,2942798.00,464,F1,1,,,,,
2026-10-06,2026-10-06,CM,BSE,STK,543930,INE568Z01015,URAVIDEF,T,,,,,Uravi Defence and Technology L,100.00,102.00,100.00,100.60,100.60,102.00,,100.60,,,619,62724.00,15,F1,1,,,,,
2026-10-06,2026-10-06,CM,BSE,STK,543931,INE0Q0M01015,VEEFIN,M,,,,,VEEFIN SOLUTIONS LIMITED,249.75,249.75,238.00,241.75,248.00,244.90,,241.75,,,13200,3227430.00,43,F1,200,,,,,
2026-10-06,2026-10-06,CM,BSE,STK,543932,INE349Y01013,IDEAFORGE,B,,,,,IDEAFORGE TECHNOLOGY LIMITED,702.45,727.85,697.00,722.90,722.90,700.90,,723.38,,,14817,10550597.00,1057,F1,1,,,,,
2026-10-06,2026-10-06,CM,BSE,STK,543933,INE055S01018,CYIENTDLM,B,,,,,Cyient DLM Limited,947.40,963.40,935.55,939.80,939.55,947.40,,939.05,,,32306,30594022.00,1416,F1,1,,,,,
2026-10-06,2026-10-06,CM,BSE,STK,543934,INE01BT01015,MACIND,XT,,,,,Machhar Industries Limited,360.25,362.05,351.00,351.00,351.00,367.60,,351.00,,,6,2157.00,4,F1,1,,,,,
2026-10-06,2026-10-06,CM,BSE,STK,543935,INF740KA1SX1,ITADD,B,,,,,DSP NIFTY IT ETF,30.12,30.12,29.69,29.75,29.75,29.93,,29.79,,,311,9235.00,4,F1,1,,,,,
2026-10-06,2026-10-06,CM,BSE,STK,543936,INE602W01027,SENCO,A,,,,,Senco Gold Limited,318.05,323.40,317.50,318.70,320.00,317.20,,318.75,,,35411,11326453.00,990,F1,1,,,,,
2026-10-06,2026-10-06,CM,BSE,STK,543939,INE0P3N01018,KAKA,M,,,,,Kaka Industries Limited,218.00,219.95,214.20,214.20,214.20,218.00,,214.20,,,5500,1185775.00,10,F1,500,,,,,
2026-10-06,2026-10-06,CM,BSE,STK,543940,INE758E01017,JIOFIN,A,,,,,Jio Financial Services Limited,213.25,219.35,211.70,217.60,217.60,212.00,,217.88,,,1304063,282897358.00,13867,F1,1,,,,,
2026-10-06,2026-10-06,CM,BSE,STK,543941,INE0NEV01011,AHASOLAR,M,,,,,AHASOLAR TECHNOLOGIES LIMITED,64.36,65.00,63.30,65.00,65.00,64.36,,65.00,,,1600,102384.00,3,F1,400,,,,,
2026-10-06,2026-10-06,CM,BSE,STK,543942,INE735W01017,UTKARSHBNK,B,,,,,UTKARSH SMALL FINANCE BANK LIM,13.37,13.61,13.30,13.54,13.54,13.27,,13.52,,,123060,1648271.00,396,F1,1,,,,,
2026-10-06,2026-10-06,CM,BSE,STK,543943,INE0DN001027,ASARFI,M,,,,,ASARFI HOSPITAL LIMITED,187.95,194.90,180.00,187.60,187.60,185.95,,187.60,,,58000,10981050.00,47,F1,1000,,,,,
2026-10-06,2026-10-06,CM,BSE,STK,543944,INF769K01KR3,BANKETF,B,,,,,Mirae Asset Mutual Fund,561.02,561.02,560.24,560.30,560.30,557.46,,561.20,,,26,14570.00,4,F1,1,,,,,
2026-10-06,2026-10-06,CM,BSE,STK,543945,INE0NT901020,NETWEB,A,,,,,NETWEB TECHNOLOGIES INDIA LIMI,4780.30,4849.00,4726.85,4748.60,4748.60,4767.05,,4746.33,,,78796,376902757.00,7315,F1,1,,,,,
2026-10-06,2026-10-06,CM,BSE,STK,543946,INF769K01KS1,LIQUID,F,,,,,Mirae Asset Mutual Fund,1000.00,1000.01,1000.00,1000.00,1000.00,1000.00,,999.99,,,3785,3785000.00,27,F1,1,,,,,
2026-10-06,2026-10-06,CM,BSE,STK,543947,INF740KA1SZ6,SENSEXADD,B,,,,,DSP BSE Sensex ETF,75.01,75.46,75.01,75.46,75.46,74.69,,75.35,,,56,4224.00,3,F1,1,,,,,
2026-10-06,2026-10-06,CM,BSE,STK,543948,INF740KA1SY9,PSUBANKADD,B,,,,,DSP NIFTY PSU BANK ETF,80.99,81.30,80.50,80.76,80.50,81.04,,80.60,,,350,28340.00,56,F1,1,,,,,
2026-10-06,2026-10-06,CM,BSE,STK,543949,INF740KA1TA7,PVTBANKADD,B,,,,,DSP NIFTY PRIVATE BANK ETF,28.01,29.01,26.93,28.86,29.01,27.33,,27.60,,,1482,41217.00,17,F1,1,,,,,
2026-10-06,2026-10-06,CM,BSE,STK,543950,INE0JO301016,YATHARTH,A,,,,,YATHARTH HOSPITAL & TRAUMA CAR,1008.00,1064.00,999.35,1059.75,1064.00,1003.95,,1058.83,,,27446,28463082.00,1897,F1,1,,,,,
2026-10-06,2026-10-06,CM,BSE,STK,543952,INE342G01023,NIITMTS,B,,,,,NIIT Learning Systems Limited,199.40,206.90,198.75,205.30,204.50,199.50,,205.02,,,13359,2717132.00,683,F1,1,,,,,
2026-10-06,2026-10-06,CM,BSE,STK,543953,INE0OWC01011,KHAZANCHI,M,,,,,Khazanchi Jewellers Limited,711.75,711.75,705.00,706.75,709.00,708.40,,706.75,,,18500,13116700.00,45,F1,250,,,,,
2026-10-06,2026-10-06,CM,BSE,STK,543954,INE0NN701020,ATL,B,,,,,Allcargo Terminals Limited,23.15,24.90,23.15,24.58,24.45,24.52,,24.71,,,6658,162825.00,203,F1,1,,,,,
2026-10-06,2026-10-06,CM,BSE,STK,543955,INE0O3901029,TREL,B,,,,,Transindia Real Estate Limited,27.10,27.63,26.40,27.10,27.10,26.87,,26.64,,,1493,40301.00,50,F1,1,,,,,
2026-10-06,2026-10-06,CM,BSE,STK,543956,INF109KC18V5,QUAL30IETF,B,,,,,ICICI Prudential Mutual Fund,19.55,20.79,19.55,20.38,20.09,19.63,,19.83,,,2377,47061.00,37,F1,1,,,,,
2026-10-06,2026-10-06,CM,BSE,STK,543957,INE0LXT01019,REDTAPE,B,,,,,REDTAPE Limited,112.15,115.25,112.15,114.80,114.50,114.00,,114.80,,,14206,1629312.00,227,F1,1,,,,,
2026-10-06,2026-10-06,CM,BSE,STK,543958,INE03HW01020,VLEGOV,B,,,,,VL E-Governance & IT Solutions,9.56,9.79,9.16,9.57,9.40,9.33,,9.39,,,46341,442792.00,256,F1,1,,,,,
2026-10-06,2026-10-06,CM,BSE,STK,543959,INE423Y01016,SBFC,A,,,,,SBFC Finance Limited,82.60,84.01,82.27,83.27,83.11,82.90,,83.28,,,90208,7514396.00,1839,F1,1,,,,,
2026-10-06,2026-10-06,CM,BSE,STK,543960,INE338H01029,CONCORDBIO,A,,,,,Concord Biotech Limited,1353.00,1372.00,1350.05,1367.55,1371.20,1354.65,,1368.73,,,4365,5945520.00,350,F1,1,,,,,
2026-10-06,2026-10-06,CM,BSE,STK,543962,INE864X01013,DPWIRES,B,,,,,D.P. WIRES LIMITED,212.00,228.95,201.10,221.60,221.60,190.80,,221.54,,,135593,29998961.00,2877,F1,1,,,,,
2026-10-06,2026-10-06,CM,BSE,STK,543963,INE013V01011,SHELTER,M,,,,,SHELTER PHARMA LIMITED,40.00,40.00,37.00,37.47,37.30,39.20,,37.47,,,237000,8937630.00,65,F1,3000,,,,,
2026-10-06,2026-10-06,CM,BSE,STK,543965,INE395N01027,TVSSCS,B,,,,,TVS Supply Chain Solutions Lim,127.30,132.55,127.25,130.70,130.35,127.30,,130.67,,,35626,4640973.00,359,F1,1,,,,,
2026-10-06,2026-10-06,CM,BSE,STK,543969,INE0MIS01010,PYRAMID,B,,,,,Pyramid Technoplast Limited,158.40,159.85,156.75,156.85,156.75,160.20,,159.69,,,559,87872.00,57,F1,1,,,,,
2026-10-06,2026-10-06,CM,BSE,STK,543971,INE0Q8P01029,BONDADA,M,,,,,Bondada Engineering Limited,270.00,284.00,268.65,279.65,281.00,269.85,,279.65,,,218200,60859290.00,818,F1,200,,,,,
2026-10-06,2026-10-06,CM,BSE,STK,543972,INE024001021,AEROFLEX,B,,,,,Aeroflex Industries Limited,549.05,563.50,537.05,561.65,558.50,544.85,,560.82,,,90934,50125476.00,2216,F1,1,,,,,
2026-10-06,2026-10-06,CM,BSE,STK,543973,INF179KC1JG3,HDFCLIQUID,F,,,,,HDFC Mutual Fund,1080.92,1080.92,1080.90,1080.90,1080.90,1080.05,,1080.91,,,2006,2168325.00,3,F1,1,,,,,
2026-10-06,2026-10-06,CM,BSE,STK,543974,INE0AE001013,VPRPL,B,,,,,VISHNU PRAKASH R PUNGLIA LIMIT,29.00,29.20,27.25,28.84,28.81,28.81,,28.77,,,74602,2143088.00,267,F1,1,,,,,
2026-10-06,2026-10-06,CM,BSE,STK,543976,INE489B01031,SHRAAITECH,X,,,,,Shradha AI Technologies Limite,19.41,19.80,19.16,19.63,19.65,19.03,,19.63,,,12279,240238.00,122,F1,1,,,,,
2026-10-06,2026-10-06,CM,BSE,STK,543977,INE0N2P01017,RISHABH,B,,,,,Rishabh Instruments Limited,692.05,706.70,684.10,688.90,687.65,686.80,,688.42,,,13974,9697127.00,619,F1,1,,,,,
2026-10-06,2026-10-06,CM,BSE,STK,543978,INE05CZ01011,RATNAVEER,B,,,,,Ratnaveer Precision Engineerin,341.50,343.20,334.35,335.20,335.30,339.20,,335.25,,,70156,23688983.00,843,F1,1,,,,,
2026-10-06,2026-10-06,CM,BSE,STK,543980,INE682M01020,JLHL,A,,,,,Jupiter Life Line Hospitals Li,254.65,257.55,252.45,253.95,257.55,254.00,,253.86,,,12337,3123384.00,1123,F1,1,,,,,
2026-10-06,2026-10-06,CM,BSE,STK,543981,INE777K01022,RRKABEL,A,,,,,R R KABEL LIMITED,2697.95,2808.25,2646.80,2787.75,2790.00,2646.80,,2789.66,,,34296,93973312.00,2895,F1,1,,,,,
2026-10-06,2026-10-06,CM,BSE,STK,543982,INE0OYE01013,QUESTFLOW,M,,,,,QUEST FLOW CONTROLS LIMITED,150.10,156.90,149.10,155.95,156.90,149.45,,155.95,,,37600,5722060.00,68,F1,200,,,,,
2026-10-06,2026-10-06,CM,BSE,STK,543983,INE0OV601013,EMSLIMITED,B,,,,,EMS LIMITED,327.55,340.00,327.55,334.40,335.00,328.15,,334.26,,,9850,3283188.00,368,F1,1,,,,,
2026-10-06,2026-10-06,CM,BSE,STK,543984,INE08U801020,SAMHI,A,,,,,Samhi Hotels Limited,150.10,151.15,148.00,149.95,149.05,150.30,,149.73,,,51256,7648674.00,634,F1,1,,,,,
2026-10-06,2026-10-06,CM,BSE,STK,543985,INE07K301024,ZAGGLE,A,,,,,ZAGGLE PREPAID OCEAN SERVICES,172.10,174.40,169.80,172.00,171.90,170.30,,171.89,,,46413,7961735.00,710,F1,1,,,,,
2026-10-06,2026-10-06,CM,BSE,STK,543986,INE980Y01015,SOUTHWEST,B,,,,,South West Pinnacle Exploratio,195.30,203.00,195.00,199.60,200.90,197.20,,199.71,,,168677,34085133.00,709,F1,1,,,,,
2026-10-06,2026-10-06,CM,BSE,STK,543988,INE531F01023,NUVAMA,A,,,,,Nuvama Wealth Management Limit,1839.95,1886.25,1797.70,1839.15,1840.30,1821.20,,1838.81,,,55896,103388513.00,3106,F1,1,,,,,
2026-10-06,2026-10-06,CM,BSE,STK,543989,INE438K01021,KALAMANDIR,B,,,,,Sai Silks (Kalamandir) Limited,75.02,77.80,75.02,77.25,77.20,75.00,,77.35,,,30564,2340585.00,454,F1,1,,,,,
2026-10-06,2026-10-06,CM,BSE,STK,543990,INE903U01023,SIGNATURE,A,,,,,SIGNATUREGLOBAL (INDIA) LIMITE,732.85,739.85,717.10,719.45,719.00,738.05,,719.36,,,20062,14614145.00,679,F1,1,,,,,
2026-10-06,2026-10-06,CM,BSE,STK,543991,INE0P4P01011,TECHKGREEN,M,,,,,TECHKNOWGREEN SOLUTIONS LIMITE,131.00,144.00,128.00,136.80,141.00,133.80,,136.80,,,5600,758360.00,14,F1,400,,,,,
2026-10-06,2026-10-06,CM,BSE,STK,543992,INE0JR601024,YATRA,B,,,,,YATRA ONLINE LIMITED,100.85,101.80,100.25,101.55,101.65,100.85,,101.49,,,39783,4019702.00,332,F1,1,,,,,
2026-10-06,2026-10-06,CM,BSE,STK,543993,INE372M01010,ARCL,B,,,,,ARCL Organics Ltd,223.60,234.40,223.60,225.00,225.00,223.25,,226.99,,,226,52758.00,10,F1,1,,,,,
2026-10-06,2026-10-06,CM,BSE,STK,543994,INE880J01026,JSWINFRA,A,,,,,JSW Infrastructure Limited,360.25,366.90,359.90,363.00,363.75,360.00,,363.05,,,378770,137218217.00,3941,F1,1,,,,,
2026-10-06,2026-10-06,CM,BSE,STK,543995,INE0KNT01012,MVGJL,B,,,,,MANOJ VAIBHAV GEMS 'N' JEWELLE,204.70,207.15,201.95,203.35,202.50,204.15,,203.17,,,5940,1213457.00,156,F1,1,,,,,
2026-10-06,2026-10-06,CM,BSE,STK,543996,INE851I01011,UDS,B,,,,,Updater Services Limited,211.00,215.90,209.00,215.00,213.20,210.50,,215.36,,,13678,2901401.00,343,F1,1,,,,,
2026-10-06,2026-10-06,CM,BSE,STK,543997,INE0MIO01019,ORGANICREC,M,,,,,ORGANIC RECYCLING SYSTEMS LIMI,205.50,214.00,204.60,204.80,204.60,203.75,,204.80,,,69300,14389380.00,77,F1,900,,,,,
2026-10-06,2026-10-06,CM,BSE,STK,543998,INE0JWS01017,VALIANTLAB,T,,,,,Valiant Laboratories Limited,126.90,129.00,124.00,124.95,127.00,125.50,,124.46,,,5808,734585.00,71,F1,1,,,,,
2026-10-06,2026-10-06,CM,BSE,STK,543999,INF769K01KT9,SENSEXETF,B,,,,,Mirae Asset Mutual Fund,76.59,76.59,74.81,75.26,75.23,74.73,,75.38,,,1808,135808.00,44,F1,1,,,,,
2026-10-06,2026-10-06,CM,BSE,STK,544000,INE0M7501019,CCAL,MT,,,,,CITY CROPS AGRO LIMITED,52.64,52.64,52.64,52.64,52.64,51.61,,52.64,,,6000,315840.00,1,F1,6000,,,,,
2026-10-06,2026-10-06,CM,BSE,STK,544001,INE0Q1S01010,SUNITATOOL,MT,,,,,Sunita Tools Limited,1100.00,1101.00,1051.35,1067.90,1073.00,1106.65,,1067.90,,,26500,28318262.00,97,F1,125,,,,,
2026-10-06,2026-10-06,CM,BSE,STK,544003,INE0INJ01017,PLAZACABLE,B,,,,,Plaza Wires Limited,56.00,58.87,54.32,58.85,58.87,56.07,,58.38,,,8513,490888.00,213,F1,1,,,,,
2026-10-06,2026-10-06,CM,BSE,STK,544004,INE07U701015,IRMENERGY,B,,,,,IRM ENERGY LIMITED,259.10,264.10,258.00,262.00,262.65,259.30,,262.10,,,2813,734784.00,223,F1,1,,,,,
2026-10-06,2026-10-06,CM,BSE,STK,544006,INF769K01KV5,ITETF,B,,,,,Mirae Asset Mutual Fund,30.07,30.07,29.64,29.74,29.77,29.91,,29.72,,,4490,133578.00,186,F1,1,,,,,
2026-10-06,2026-10-06,CM,BSE,STK,544007,INF769K01KU7,ALPHAETF,B,,,,,Mirae Asset Mutual Fund,25.27,25.60,25.27,25.60,25.56,25.15,,25.61,,,28814,736156.00,250,F1,1,,,,,
2026-10-06,2026-10-06,CM,BSE,STK,544008,INE03EI01018,MAXESTATES,B,,,,,Max Estates Limited,563.15,577.40,561.05,565.85,565.75,562.25,,564.97,,,3494,1988229.00,186,F1,1,,,,,
2026-10-06,2026-10-06,CM,BSE,STK,544009,INE0KBH01020,BLUEJET,A,,,,,Blue Jet Healthcare Limited,535.75,547.85,528.10,538.50,542.00,530.85,,538.16,,,11326,6095775.00,443,F1,1,,,,,
2026-10-06,2026-10-06,CM,BSE,STK,544010,INF200KA13Z8,LIQUIDSBI,F,,,,,SBI Mutual Fund,1000.01,1000.01,999.99,1000.01,1000.01,999.99,,1000.00,,,2507,2507024.00,3,F1,1,,,,,
2026-10-06,2026-10-06,CM,BSE,STK,544012,INE0LMW01024,CELLO,A,,,,,Cello World Limited,336.00,388.00,336.00,370.65,370.65,340.20,,369.28,,,1850899,693362536.00,22244,F1,1,,,,,
2026-10-06,2026-10-06,CM,BSE,STK,544013,INE0OH401016,KKSHL,M,,,,,KK Shah Hospitals Limited,45.00,45.00,45.00,45.00,45.00,45.00,,45.00,,,3000,135000.00,1,F1,3000,,,,,
2026-10-06,2026-10-06,CM,BSE,STK,544014,INE0J5401028,HONASA,A,,,,,Honasa Consumer Limited,450.65,492.90,450.05,478.10,478.30,441.80,,478.30,,,989717,472277173.00,16810,F1,1,,,,,
2026-10-06,2026-10-06,CM,BSE,STK,544015,INE0QI101019,MISHDESIGN,M,,,,,Mish Designs Limited,38.50,38.75,38.50,38.75,38.75,37.10,,38.75,,,1000,38625.00,2,F1,500,,,,,
2026-10-06,2026-10-06,CM,BSE,STK,544020,INE818W01011,ESAFSFB,T,,,,,ESAF Small Finance Bank Ltd,43.40,43.49,42.00,42.26,42.40,42.65,,42.16,,,22041,943487.00,170,F1,1,,,,,
2026-10-06,2026-10-06,CM,BSE,STK,544021,INE004A01022,PROTEAN,A,,,,,Protean eGov Technologies Limi,641.45,699.00,631.00,690.30,685.05,639.10,,689.33,,,99211,67109643.00,4282,F1,1,,,,,
2026-10-06,2026-10-06,CM,BSE,STK,544022,INE491J01022,ASKAUTOLTD,B,,,,,ASK Automotive Limited,620.00,620.00,603.25,610.80,611.00,608.10,,609.78,,,5874,3572925.00,366,F1,1,,,,,
2026-10-06,2026-10-06,CM,BSE,STK,544023,INE0N6U01018,KALYANI,MT,,,,,Kalyani Cast-Tech Limited,1127.40,1175.75,1127.00,1145.90,1149.90,1163.00,,1145.90,,,12250,13999375.00,46,F1,250,,,,,
2026-10-06,2026-10-06,CM,BSE,STK,544026,INE202E01016,IREDA,A,,,,,Indian Renewable Energy Develo,110.50,110.50,108.75,108.90,108.90,108.90,,108.99,,,170734,18675155.00,2174,F1,1,,,,,
2026-10-06,2026-10-06,CM,BSE,STK,544027,INE007N01010,FEDFINA,B,,,,,Fedbank Financial Services Lim,149.90,151.75,149.70,150.60,151.05,149.00,,150.71,,,27178,4103462.00,324,F1,1,,,,,
2026-10-06,2026-10-06,CM,BSE,STK,544028,INE142M01025,TATATECH,A,,,,,Tata Technologies Limited,701.65,708.20,695.50,702.60,702.60,698.30,,703.07,,,41121,28767472.00,2386,F1,1,,,,,
2026-10-06,2026-10-06,CM,BSE,STK,544029,INE717W01049,GANDHAR,B,,,,,Gandhar Oil Refinery (India) L,282.95,284.65,278.15,282.75,282.75,277.60,,282.52,,,38318,10761501.00,756,F1,1,,,,,
2026-10-06,2026-10-06,CM,BSE,STK,544030,INE00Y201027,FLAIR,B,,,,,Flair Writing Industries Limit,230.90,230.90,225.10,228.25,228.65,226.30,,227.85,,,6972,1577160.00,130,F1,1,,,,,
2026-10-06,2026-10-06,CM,BSE,STK,544035,INE0RDR01012,SPL,M,,,,,Swashthik Plascon Limited,19.25,19.25,19.00,19.00,19.00,19.80,,19.00,,,3200,61200.00,2,F1,1600,,,,,
2026-10-06,2026-10-06,CM,BSE,STK,544036,INE0RDM01013,DEEPAKCHEM,M,,,,,DEEPAK CHEMTEX LIMITED,78.90,80.00,78.90,79.88,80.00,78.50,,79.88,,,3200,254840.00,4,F1,800,,,,,
2026-10-06,2026-10-06,CM,BSE,STK,544037,INE0P9J01013,AMIC,M,,,,,Amic Forging Limited,2589.00,2605.00,2540.05,2555.10,2550.00,2576.80,,2555.10,,,16900,43668280.00,151,F1,100,,,,,
2026-10-06,2026-10-06,CM,BSE,STK,544042,INE0KQN01018,BAJEL,B,,,,,Bajel Projects Limited,166.50,166.50,163.95,164.60,163.95,163.50,,164.09,,,7678,1264620.00,211,F1,1,,,,,
2026-10-06,2026-10-06,CM,BSE,STK,544043,INF251K01SU9,BBNPPGOLD,E,,,,,BARODA BNP PARIBAS MUTUAL FUND,142.00,142.97,142.00,142.00,142.00,141.80,,141.85,,,5,712.00,3,F1,1,,,,,
2026-10-06,2026-10-06,CM,BSE,STK,544044,INE922K01024,INDIASHLTR,A,,,,,India Shelter Finance Corporat,645.00,648.90,635.00,638.00,637.80,645.45,,636.43,,,1377,881911.00,117,F1,1,,,,,
2026-10-06,2026-10-06,CM,BSE,STK,544045,INE321T01012,DOMS,A,,,,,DOMS Industries Limited,2078.40,2079.95,2066.50,2073.60,2072.15,2075.85,,2073.22,,,1246,2580285.00,157,F1,1,,,,,
2026-10-06,2026-10-06,CM,BSE,STK,544046,INE616N01034,INOXINDIA,A,,,,,INOX India Limited,2130.90,2145.00,2070.00,2077.70,2077.70,2088.60,,2077.31,,,19712,41455946.00,2038,F1,1,,,,,
2026-10-06,2026-10-06,CM,BSE,STK,544047,INE0QSK01017,SIYARAM,M,,,,,Siyaram Recycling Industries L,34.50,35.29,34.02,34.76,35.19,34.60,,34.76,,,27000,935790.00,17,F1,1500,,,,,
2026-10-06,2026-10-06,CM,BSE,STK,544052,INE0Q2Z01013,BENCHMARK,M,,,,,Benchmark Computer Solutions L,50.29,50.29,45.51,45.51,45.51,47.90,,45.51,,,38000,1881160.00,17,F1,2000,,,,,
2026-10-06,2026-10-06,CM,BSE,STK,544053,INE0FRK01020,MOTISONS,B,,,,,Motisons Jewellers Limited,17.82,18.11,17.51,17.62,17.65,17.81,,17.61,,,743898,13267535.00,770,F1,1,,,,,
2026-10-06,2026-10-06,CM,BSE,STK,544054,INE843S01025,SURAJEST,B,,,,,Suraj Estate Developers Limite,208.00,210.30,203.75,204.15,204.15,207.95,,205.52,,,6559,1347664.00,167,F1,1,,,,,
2026-10-06,2026-10-06,CM,BSE,STK,544055,INE046W01019,MUTHOOTMF,B,,,,,Muthoot Microfin Limited,176.00,178.75,173.25,176.95,175.50,176.50,,176.78,,,16695,2931458.00,529,F1,1,,,,,
2026-10-06,2026-10-06,CM,BSE,STK,544056,INE0PSJ01011,SMARITIME,M,,,,,Sahara Maritime Limited,21.50,21.50,20.00,21.50,21.50,22.50,,21.50,,,6400,132800.00,4,F1,1600,,,,,
2026-10-06,2026-10-06,CM,BSE,STK,544057,INE330T01021,HAPPYFORGE,B,,,,,Happy Forgings Limited,2052.50,2052.50,1951.00,1992.75,2000.00,2010.40,,1989.42,,,4602,9106849.00,927,F1,1,,,,,
2026-10-06,2026-10-06,CM,BSE,STK,544058,INE220Q01020,MUFTI,B,,,,,Credo Brands Marketing Limited,69.05,70.50,69.02,69.96,69.50,70.00,,69.62,,,5650,392876.00,278,F1,1,,,,,
2026-10-06,2026-10-06,CM,BSE,STK,544059,INE0QZQ01019,SHANTIDENM,M,,,,,SHANTI SPINTEX LIMITED,32.00,32.00,30.57,31.50,31.50,32.51,,31.50,,,6000,188140.00,3,F1,2000,,,,,
2026-10-06,2026-10-06,CM,BSE,STK,544060,INE0PEQ01016,RBZJEWEL,T,,,,,RBZ Jewellers Limited,187.50,196.35,182.00,196.05,196.05,187.50,,196.13,,,10381,2000807.00,134,F1,1,,,,,
2026-10-06,2026-10-06,CM,BSE,STK,544061,INE02IJ01035,AZAD,A,,,,,Azad Engineering Limited,2937.50,3091.85,2902.40,3060.70,3060.70,2927.85,,3062.47,,,135615,411614440.00,8710,F1,1,,,,,
2026-10-06,2026-10-06,CM,BSE,STK,544066,INE0Q3R01026,SUNCLAY,B,,,,,SUNDARAM-CLAYTON LIMITED,1162.40,1165.00,1152.85,1154.05,1156.10,1174.15,,1152.87,,,30242,35050049.00,100,F1,1,,,,,
2026-10-06,2026-10-06,CM,BSE,STK,544067,INE0DUT01020,INNOVACAP,B,,,,,INNOVA CAPTAB LIMITED,1143.60,1158.95,1127.55,1141.70,1132.05,1145.15,,1141.79,,,7328,8378936.00,679,F1,1,,,,,
2026-10-06,2026-10-06,CM,BSE,STK,544073,INE0A6N01026,MCPL,M,,,,,Manoj Ceramic Limited,70.06,72.00,69.90,72.00,72.00,72.00,,72.00,,,12000,842000.00,12,F1,1000,,,,,
2026-10-06,2026-10-06,CM,BSE,STK,544074,INE0RNZ01014,SBVCL,MT,,,,,Shri Balaji Valve Components L,119.05,119.45,116.45,118.50,119.00,122.55,,118.50,,,7800,915690.00,13,F1,600,,,,,
2026-10-06,2026-10-06,CM,BSE,STK,544079,INE0PSC01024,DIGIDRIVE,B,,,,,DIGIDRIVE DISTRIBUTORS LIMITED,17.87,17.87,17.34,17.86,17.87,17.87,,17.95,,,439,7800.00,37,F1,1,,,,,
2026-10-06,2026-10-06,CM,BSE,STK,544080,INE0MGS01014,SHILINDORE,X,,,,,Sayaji Hotels (Indore) Limited,1379.00,1379.00,1255.00,1255.00,1255.00,1320.00,,1255.00,,,66,82954.00,5,F1,1,,,,,
2026-10-06,2026-10-06,CM,BSE,STK,544081,INE980O01024,JYOTICNC,A,,,,,Jyoti CNC Automation Limited,1038.00,1076.00,1029.85,1073.15,1076.00,1021.95,,1073.10,,,25666,27173362.00,1060,F1,1,,,,,
2026-10-06,2026-10-06,CM,BSE,STK,544082,INE0GEN01012,SWANAGRO,M,,,,,New Swan Multitech Limited,38.02,39.90,36.00,39.90,39.90,39.90,,39.90,,,40000,1517420.00,13,F1,2000,,,,,
2026-10-06,2026-10-06,CM,BSE,STK,544088,INE456Z01021,MEDIASSIST,A,,,,,Medi Assist Healthcare Service,298.95,307.50,296.95,306.25,306.25,297.90,,306.25,,,51098,15285765.00,842,F1,1,,,,,
2026-10-06,2026-10-06,CM,BSE,STK,544089,INF0R8F01034,LIQUIDCASE,F,,,,,Zerodha Mutual Fund,116.24,116.25,116.23,116.23,116.23,116.24,,116.23,,,690922,80311877.00,619,F1,1,,,,,
2026-10-06,2026-10-06,CM,BSE,STK,544090,INE07G501017,SHPLPUNE,X,,,,,Sayaji Hotels (Pune) Limited,847.85,847.85,817.00,827.75,839.90,848.30,,827.75,,,63,52409.00,17,F1,1,,,,,
2026-10-06,2026-10-06,CM,BSE,STK,544091,INE0Q1R01012,QLL,MT,,,,,Qualitek Labs Limited,572.00,575.00,546.25,546.25,546.25,575.00,,546.25,,,14800,8282400.00,34,F1,400,,,,,
2026-10-06,2026-10-06,CM,BSE,STK,544092,INF0QA701722,NIFTYBETF,B,,,,,Bajaj Finserv Mutual Fund,233.48,235.18,231.88,233.52,233.52,233.48,,233.91,,,15,3497.00,10,F1,1,,,,,
2026-10-06,2026-10-06,CM,BSE,STK,544093,INF0QA701714,BANKBETF,B,,,,,Bajaj Finserv Mutual Fund,57.75,57.75,55.94,55.94,55.94,55.67,,55.96,,,73,4101.00,13,F1,1,,,,,
2026-10-06,2026-10-06,CM,BSE,STK,544095,INE0G5901015,EPACK,B,,,,,EPACK Durable Limited,168.25,174.95,168.25,173.90,173.90,168.25,,173.76,,,36202,6200137.00,676,F1,1,,,,,
2026-10-06,2026-10-06,CM,BSE,STK,544100,INE02H701025,NOVAAGRI,B,,,,,Nova Agritech Limited,22.02,23.03,21.90,22.60,22.89,22.41,,22.63,,,7243,162702.00,77,F1,1,,,,,
2026-10-06,2026-10-06,CM,BSE,STK,544105,INE0OLZ01015,HARSHDEEP,M,,,,,HARSHDEEP HORTICO LIMITED,91.00,97.00,91.00,97.00,97.00,88.00,,97.00,,,9000,856485.00,6,F1,1500,,,,,
2026-10-06,2026-10-06,CM,BSE,STK,544106,INE0R5Z01015,MCFL,MT,,,,,Mayank Cattle Food Limited,101.00,101.00,101.00,101.00,101.00,102.00,,101.00,,,1200,121200.00,1,F1,1200,,,,,
2026-10-06,2026-10-06,CM,BSE,STK,544107,INE0NLT01028,BLSE,B,,,,,BLS E-Services Limited,163.50,163.90,160.35,160.95,160.75,318.05,,160.90,,,11268,1827227.00,788,F1,1,,,,,
2026-10-06,2026-10-06,CM,BSE,STK,544108,INE0QZF01012,GPSL,M,,,,,Gabriel Pet Straps Limited,84.89,84.89,84.89,84.89,84.89,80.85,,84.89,,,600,50934.00,1,F1,600,,,,,
2026-10-06,2026-10-06,CM,BSE,STK,544109,INF740KA1ZG1,HEALTHADD,B,,,,,DSP NIFTY Healthcare ETF,16.03,16.23,16.03,16.20,16.20,16.13,,16.25,,,587,9487.00,12,F1,1,,,,,
2026-10-06,2026-10-06,CM,BSE,STK,544110,INF179KC1HW4,HDFCPSUBK,B,,,,,HDFC Mutual Fund,80.90,81.77,80.41,81.04,80.46,81.82,,80.82,,,543,44077.00,80,F1,1,,,,,
2026-10-06,2026-10-06,CM,BSE,STK,544111,INE988S01028,PARKHOTELS,B,,,,,Apeejay Surrendra Park Hotels,103.85,104.20,101.85,103.30,103.15,103.65,,103.19,,,3958,409200.00,78,F1,1,,,,,
2026-10-06,2026-10-06,CM,BSE,STK,544112,INE0QXV01014,JGTL,X,,,,,JASCH GAUGING TECHNOLOGIES LIM,527.50,564.90,520.60,535.90,564.90,528.15,,535.90,,,537,283350.00,32,F1,1,,,,,
2026-10-06,2026-10-06,CM,BSE,STK,544117,INE0KGZ01021,SIGNPOST,B,,,,,Signpost India Limited,261.75,265.00,257.30,262.25,262.40,262.35,,262.10,,,1925,501489.00,70,F1,1,,,,,
2026-10-06,2026-10-06,CM,BSE,STK,544118,INE953L01027,JSFB,A,,,,,JANA SMALL FINANCE BANK LIMITE,498.35,502.95,497.20,499.95,500.40,498.35,,499.85,,,14488,7253462.00,308,F1,1,,,,,
2026-10-06,2026-10-06,CM,BSE,STK,544119,INE0J1F01024,RPTECH,B,,,,,Rashi Peripherals Limited,943.95,960.65,941.45,957.95,956.70,943.70,,958.24,,,9749,9286298.00,669,F1,1,,,,,
2026-10-06,2026-10-06,CM,BSE,STK,544120,INE646H01017,CAPITALSFB,B,,,,,Capital Small Finance Bank Ltd,273.05,281.45,262.35,264.20,266.00,278.50,,263.81,,,7656,2063184.00,377,F1,1,,,,,
2026-10-06,2026-10-06,CM,BSE,STK,544121,INE0OYK01010,RUDRAGAS,M,,,,,Rudra Gas Enterprise Limited,70.50,70.50,70.50,70.50,70.50,70.50,,70.50,,,1000,70500.00,1,F1,1000,,,,,
2026-10-06,2026-10-06,CM,BSE,STK,544122,INE010601016,ENTERO,B,,,,,Entero Healthcare Solutions Li,1689.50,1735.00,1685.00,1719.90,1735.00,1695.15,,1721.49,,,2873,4901104.00,419,F1,1,,,,,
2026-10-06,2026-10-06,CM,BSE,STK,544123,INF767K01RN1,LICNMID100,B,,,,,LIC Mutual Fund,59.54,59.54,59.54,59.54,59.54,59.13,,59.62,,,500,29770.00,1,F1,1,,,,,
2026-10-06,2026-10-06,CM,BSE,STK,544124,INE0QTF01015,VSTL,B,,,,,VIBHOR STEEL TUBES LIMITED,111.10,111.10,107.10,107.40,107.10,108.65,,108.20,,,365,39258.00,18,F1,1,,,,,
2026-10-06,2026-10-06,CM,BSE,STK,544129,INE696F01016,JUNIPER,B,,,,,Juniper Hotels Limited,221.00,221.00,213.95,218.25,218.50,215.95,,218.36,,,5898,1278175.00,217,F1,1,,,,,
2026-10-06,2026-10-06,CM,BSE,STK,544130,INF769K01LC3,SMALLCAP,B,,,,,Mirae Asset Mutual Fund,47.54,48.31,47.54,48.27,48.23,47.44,,48.24,,,30087,1442356.00,246,F1,1,,,,,
2026-10-06,2026-10-06,CM,BSE,STK,544131,INE486R01017,GPTHEALTH,B,,,,,GPT Healthcare Limited,148.25,150.15,147.40,148.00,148.00,149.75,,148.01,,,3583,531821.00,162,F1,1,,,,,
2026-10-06,2026-10-06,CM,BSE,STK,544132,INF0R8F01042,GOLDCASE,E,,,,,Zerodha Mutual Fund,23.05,23.18,22.95,23.14,23.14,23.14,,23.14,,,459064,10576934.00,1284,F1,1,,,,,
2026-10-06,2026-10-06,CM,BSE,STK,544133,INE777F01014,EXICOM,B,,,,,EXICOM TELE-SYSTEMS LIMITED,151.40,157.75,151.40,156.20,157.05,150.75,,156.17,,,49543,7643768.00,430,F1,1,,,,,
2026-10-06,2026-10-06,CM,BSE,STK,544134,INE0PT501018,PLATIND,B,,,,,Platinum Industries Limited,208.05,208.05,202.00,204.30,206.00,203.95,,203.60,,,2274,465789.00,111,F1,1,,,,,
2026-10-06,2026-10-06,CM,BSE,STK,544135,INE0CG401037,MUKKA,T,,,,,Mukka Proteins Limited,26.99,27.45,26.06,26.83,27.25,26.75,,26.93,,,53039,1422774.00,177,F1,1,,,,,
2026-10-06,2026-10-06,CM,BSE,STK,544136,INE0NQ801033,RKSWAMY,B,,,,,R K Swamy Limited,90.00,92.00,86.32,87.69,87.69,87.06,,87.87,,,896,78403.00,52,F1,1,,,,,
2026-10-06,2026-10-06,CM,BSE,STK,544137,INE0NHL23019,INDUSINVIT,IF,,,,,Indus Infra Trust,129.00,131.19,128.50,130.13,130.14,129.14,,130.13,,,12703,1639758.00,338,F1,1,,,,,
2026-10-06,2026-10-06,CM,BSE,STK,544138,INE0MB501011,JGCHEM,B,,,,,J.G.Chemicals Limited,618.75,667.50,615.70,664.45,664.45,609.40,,665.43,,,28716,18472435.00,946,F1,1,,,,,
2026-10-06,2026-10-06,CM,BSE,STK,544139,INE0M8R01011,KOURA,MT,,,,,KOURA FINE DIAMOND JEWELRY LIM,53.15,53.50,53.15,53.25,53.25,53.15,,53.25,,,8000,426300.00,4,F1,2000,,,,,
2026-10-06,2026-10-06,CM,BSE,STK,544140,INE0L9R01028,GOPAL,B,,,,,Gopal Snacks Limited,254.00,257.90,253.05,255.70,256.00,254.05,,255.84,,,8537,2175153.00,287,F1,1,,,,,
2026-10-06,2026-10-06,CM,BSE,STK,544141,INE510U01018,PESB,M,,,,,Pune E - Stock Broking Limited,258.05,261.00,255.00,256.10,255.50,255.95,,256.10,,,13600,3489560.00,17,F1,800,,,,,
2026-10-06,2026-10-06,CM,BSE,STK,544142,INE0PB301013,SCILAL,B,,,,,Shipping Corporation of India,38.00,38.01,37.00,37.71,37.77,37.25,,37.68,,,21767,818240.00,169,F1,1,,,,,
2026-10-06,2026-10-06,CM,BSE,STK,544143,INE0QQG01019,ROYAL,M,,,,,Royal Sense Limited,89.25,89.25,85.05,85.10,85.05,88.00,,85.10,,,2500,216275.00,5,F1,500,,,,,
2026-10-06,2026-10-06,CM,BSE,STK,544144,INE772T01024,PVSL,B,,,,,Popular Vehicles and Services,92.45,94.95,90.13,94.58,94.95,90.84,,94.57,,,882,82236.00,114,F1,1,,,,,
2026-10-06,2026-10-06,CM,BSE,STK,544149,INE0QN801017,KRYSTAL,B,,,,,KRYSTAL INTEGRATED SERVICES LI,648.15,672.50,646.85,655.70,652.35,653.55,,656.58,,,782,518029.00,125,F1,1,,,,,
2026-10-06,2026-10-06,CM,BSE,STK,544150,INE0QVH01025,KPGEL,M,,,,,KP GREEN ENGINEERING LIMITED,277.00,280.00,271.00,273.55,274.00,278.15,,273.55,,,47000,12942550.00,162,F1,250,,,,,
2026-10-06,2026-10-06,CM,BSE,STK,544151,INE0AH901011,CHATHA,MT,,,,,CHATHA FOODS LIMITED,101.70,104.95,101.70,101.80,101.80,105.95,,101.80,,,3000,308450.00,3,F1,1000,,,,,
2026-10-06,2026-10-06,CM,BSE,STK,544156,INE0QHY01011,GCONNECT,MT,,,,,Gconnect Logitech and Supply C,12.12,12.12,12.12,12.12,12.12,11.55,,12.12,,,30000,363600.00,3,F1,1500,,,,,
2026-10-06,2026-10-06,CM,BSE,STK,544157,INE0OMZ01013,VRUDDHI,M,,,,,Vruddhi Engineering Works Limi,160.00,160.00,160.00,160.00,160.00,161.00,,160.00,,,500,80000.00,1,F1,500,,,,,
2026-10-06,2026-10-06,CM,BSE,STK,544158,INE0R6Z01013,SRM,B,,,,,SRM CONTRACTORS LIMITED,396.65,421.00,393.95,418.00,415.00,399.35,,418.41,,,7131,2955311.00,259,F1,1,,,,,
2026-10-06,2026-10-06,CM,BSE,STK,544159,INF740KA1UM0,LIQUIDADD,F,,,,,DSP BSE LIQUID RATE ETF,1147.86,1147.88,1147.86,1147.86,1147.86,1147.73,,1147.87,,,53785,61737690.00,18,F1,1,,,,,
2026-10-06,2026-10-06,CM,BSE,STK,544160,INE0MSS01019,JAYKAILASH,MT,,,,,Jay Kailash Namkeen Limited,54.78,55.09,53.53,54.37,53.53,55.39,,54.37,,,16000,871680.00,10,F1,1600,,,,,
2026-10-06,2026-10-06,CM,BSE,STK,544161,INE266Y01019,DPABHUSHAN,B,,,,,D P ABHUSHAN LIMITED,2119.00,2193.60,1939.05,2172.40,2172.40,2154.50,,2173.91,,,41082,84391508.00,3803,F1,1,,,,,
2026-10-06,2026-10-06,CM,BSE,STK,544162,INE343G01021,BHARTIHEXA,A,,,,,Bharti Hexacom Limited,1385.00,1403.10,1359.90,1387.35,1388.55,1383.10,,1386.81,,,169180,232614339.00,1043,F1,1,,,,,
2026-10-06,2026-10-06,CM,BSE,STK,544163,INE0S0701019,GVL,M,,,,,Greenhitech Ventures Limited,35.70,35.70,35.70,35.70,35.70,38.92,,35.70,,,2000,71400.00,2,F1,1000,,,,,
2026-10-06,2026-10-06,CM,BSE,STK,544165,INE0SGR01013,SHIVAM,M,,,,,SHIVAM CHEMICALS LIMITED,146.00,147.00,146.00,147.00,147.00,145.00,,147.00,,,15000,2194500.00,8,F1,1500,,,,,
2026-10-06,2026-10-06,CM,BSE,STK,544166,INE0SDC01012,EMMFORCE,MT,,,,,EMMFORCE AUTOTECH LIMITED,180.00,181.00,180.00,180.00,180.00,182.00,,180.00,,,3600,649200.00,3,F1,1200,,,,,
2026-10-06,2026-10-06,CM,BSE,STK,544167,INE0OAF01028,JNKINDIA,B,,,,,JNK India Limited,440.05,443.15,429.40,442.25,441.55,431.40,,440.97,,,5762,2532921.00,218,F1,1,,,,,
2026-10-06,2026-10-06,CM,BSE,STK,544168,INE0R6801013,VARYAA,M,,,,,VARYAA CREATIONS LIMITED,27.00,27.00,27.00,27.00,27.00,26.00,,27.00,,,1000,27000.00,1,F1,1000,,,,,
2026-10-06,2026-10-06,CM,BSE,STK,544169,INE0QSB01016,AMKAY,M,,,,,Amkay Products Limited,73.99,73.99,73.99,73.99,73.99,72.00,,73.99,,,2000,147980.00,1,F1,2000,,,,,
2026-10-06,2026-10-06,CM,BSE,STK,544170,INE0QXT01018,DKUAL,M,,,,,Dolphin Kitchen Utensils and A,7.60,7.60,7.60,7.60,7.60,7.59,,7.60,,,6000,45600.00,3,F1,2000,,,,,
2026-10-06,2026-10-06,CM,BSE,STK,544171,INE0RGM01016,STAL,MT,,,,,Storage Technologies and Autom,31.02,33.20,31.02,33.20,33.20,32.28,,33.20,,,2400,76192.00,3,F1,800,,,,,
2026-10-06,2026-10-06,CM,BSE,STK,544172,INE065X01017,INDGN,A,,,,,Indegene Limited,596.85,596.85,591.50,596.35,596.00,598.35,,596.30,,,5890,3498736.00,359,F1,1,,,,,
2026-10-06,2026-10-06,CM,BSE,STK,544173,INE0QOQ01013,FTL,MT,,,,,Finelistings Technologies Limi,18.00,18.25,17.50,17.90,17.90,17.82,,17.90,,,11000,197350.00,8,F1,1000,,,,,
2026-10-06,2026-10-06,CM,BSE,STK,544174,INE673O01025,TBOTEK,A,,,,,TBO TEK LIMITED,1656.00,1700.00,1624.55,1692.65,1686.75,1656.20,,1693.19,,,3214,5317615.00,281,F1,1,,,,,
2026-10-06,2026-10-06,CM,BSE,STK,544175,INE0SMU01015,TGIF,M,,,,,TGIF AGRIBUSINESS LIMITED,110.50,110.50,105.00,105.00,105.00,110.00,,105.00,,,2400,258600.00,2,F1,1200,,,,,
2026-10-06,2026-10-06,CM,BSE,STK,544176,INE883F01010,AADHARHFC,A,,,,,Aadhar Housing Finance Limited,455.00,458.40,451.80,453.20,452.25,453.35,,453.78,,,6020,2738848.00,557,F1,1,,,,,
2026-10-06,2026-10-06,CM,BSE,STK,544179,INE03JT01014,GODIGIT,A,,,,,Go Digit General Insurance Lim,258.10,259.45,256.95,258.80,259.45,255.70,,258.60,,,3729,963419.00,296,F1,1,,,,,
2026-10-06,2026-10-06,CM,BSE,STK,544180,INF769K01LJ8,MIDSMALL,B,,,,,Mirae Asset Mutual Fund,49.83,50.33,49.77,50.19,50.19,49.57,,50.32,,,2096,105022.00,104,F1,1,,,,,
2026-10-06,2026-10-06,CM,BSE,STK,544181,INE108V01019,AWFIS,A,,,,,Awfis Space Solutions Limited,236.00,246.60,235.00,244.15,244.15,236.00,,243.55,,,25743,6228806.00,632,F1,1,,,,,
2026-10-06,2026-10-06,CM,BSE,STK,544182,INF0QA701854,LIQUIDBETF,F,,,,,Bajaj Finserv Mutual Fund,1101.75,1101.76,1101.75,1101.75,1101.75,1101.62,,1101.75,,,298,328321.00,4,F1,1,,,,,
2026-10-06,2026-10-06,CM,BSE,STK,544184,INE02L001032,BOROSCI,B,,,,,Borosil Scientific Limited,113.40,114.80,112.15,112.85,112.80,112.15,,113.25,,,4701,535430.00,146,F1,1,,,,,
2026-10-06,2026-10-06,CM,BSE,STK,544185,INE257C01014,ADTECH,X,,,,,ADTECH SYSTEMS LIMITED,38.00,40.84,38.00,39.46,40.70,39.13,,39.46,,,5273,210742.00,89,F1,1,,,,,
2026-10-06,2026-10-06,CM,BSE,STK,544186,INE0TT901016,TOTEM,X,,,,,Forbes Precision Tools and Mac,140.00,141.95,138.30,139.95,139.95,138.90,,139.95,,,41107,5755789.00,422,F1,1,,,,,
2026-10-06,2026-10-06,CM,BSE,STK,544187,INE0ATZ01017,KRONOX,T,,,,,KRONOX LAB SCIENCES LIMITED,200.00,207.05,196.00,207.05,207.05,197.20,,207.05,,,7607,1566022.00,119,F1,1,,,,,
2026-10-06,2026-10-06,CM,BSE,STK,544189,INE0QUV01010,SATTRIX,M,,,,,SATTRIX INFORMATION SECURITY L,297.95,303.60,297.95,303.60,303.60,289.15,,303.60,,,4500,1360550.00,9,F1,500,,,,,
2026-10-06,2026-10-06,CM,BSE,STK,544190,INE0R7D01018,3CIT,M,,,,,3C IT Solutions and Telecoms (,15.45,15.45,15.45,15.45,15.45,15.45,,15.45,,,4000,61800.00,2,F1,2000,,,,,
2026-10-06,2026-10-06,CM,BSE,STK,544191,INE0CYK01015,PURPLEFIN,X,,,,,Purple Finance Limited,71.00,71.50,69.00,69.20,69.11,71.22,,69.20,,,25502,1788034.00,68,F1,1,,,,,
2026-10-06,2026-10-06,CM,BSE,STK,544192,INE0HV901016,IXIGO,A,,,,,Le Travenues Technology Limite,160.85,161.45,158.25,160.15,160.00,160.45,,160.13,,,40744,6502802.00,914,F1,1,,,,,
2026-10-06,2026-10-06,CM,BSE,STK,544193,INF0R8F01059,MID150CASE,B,,,,,Zerodha Mutual Fund,10.72,11.14,10.72,11.08,11.04,11.00,,11.06,,,81794,902536.00,361,F1,1,,,,,
2026-10-06,2026-10-06,CM,BSE,STK,544194,INF0R8F01067,TOP100CASE,B,,,,,Zerodha Mutual Fund,10.18,10.18,9.81,10.04,10.06,9.94,,10.03,,,37392,373942.00,126,F1,1,,,,,
2026-10-06,2026-10-06,CM,BSE,STK,544195,INE0S0I01011,COTFAB,M,,,,,United Cotfab Limited,13.50,13.50,13.50,13.50,13.50,14.19,,13.50,,,2000,27000.00,1,F1,2000,,,,,
2026-10-06,2026-10-06,CM,BSE,STK,544196,INF251K01TL6,BBNPNBETF,B,,,,,BARODA BNP PARIBAS MUTUAL FUND,55.50,55.50,55.50,55.50,55.50,55.24,,55.59,,,9,499.00,2,F1,1,,,,,
2026-10-06,2026-10-06,CM,BSE,STK,544197,INE03DD01011,RETAIL,T,,,,,JHS SVENDGAARD RETAIL VENTURES,31.05,31.05,31.00,31.00,31.00,32.63,,31.54,,,1413,43835.00,21,F1,1,,,,,
2026-10-06,2026-10-06,CM,BSE,STK,544198,INE841L01016,DEEDEV,B,,,,,DEE DEVELOPMENT ENGINEERS LIMI,649.30,654.00,635.60,652.55,651.70,637.20,,651.72,,,4635,2991427.00,344,F1,1,,,,,
2026-10-06,2026-10-06,CM,BSE,STK,544199,INE0RUJ01013,GEMENVIRO,M,,,,,GEM Enviro Management Limited,37.48,37.49,35.00,36.83,36.87,34.40,,36.83,,,14400,522680.00,17,F1,800,,,,,
2026-10-06,2026-10-06,CM,BSE,STK,544200,INE916Y01027,AFIL,B,,,,,Akme Fintrade (India) Limited,7.51,7.96,7.51,7.96,7.96,7.84,,7.90,,,15303,117205.00,75,F1,1,,,,,
2026-10-06,2026-10-06,CM,BSE,STK,544201,INE0S6R01027,DFPL,MT,,,,,DINDIGUL FARM PRODUCT LIMITED,32.70,32.70,29.60,32.64,32.70,31.15,,32.64,,,224000,7140620.00,91,F1,2000,,,,,
2026-10-06,2026-10-06,CM,BSE,STK,544202,INE01A001028,STANLEY,B,,,,,STANLEY LIFESTYLES LIMITED,135.85,137.45,134.75,136.50,137.00,135.05,,136.54,,,2234,302845.00,76,F1,1,,,,,
2026-10-06,2026-10-06,CM,BSE,STK,544203,INE552Z01027,ABDL,A,,,,,Allied Blenders and Distillers,703.55,727.55,692.00,714.10,714.10,696.50,,714.61,,,68656,49421861.00,1441,F1,1,,,,,
2026-10-06,2026-10-06,CM,BSE,STK,544204,INE0S2V01010,VRAJ,B,,,,,VRAJ IRON AND STEEL LIMITED,122.00,125.55,121.05,121.50,121.50,121.00,,121.56,,,4654,576833.00,45,F1,1,,,,,
2026-10-06,2026-10-06,CM,BSE,STK,544205,INE0PO601011,NPL,XT,,,,,National Peroxide Limited,600.00,600.00,581.00,585.05,592.00,598.95,,585.05,,,1386,809296.00,59,F1,1,,,,,
2026-10-06,2026-10-06,CM,BSE,STK,544206,INF200KB1217,SBISILVER,E,,,,,SBI Mutual Fund,215.31,216.21,213.75,216.12,216.21,217.23,,216.04,,,18396,3951628.00,343,F1,1,,,,,
2026-10-06,2026-10-06,CM,BSE,STK,544207,INE375Y01018,RELIABLE,B,,,,,Reliable Data Services Limited,143.20,143.20,138.00,140.35,140.35,139.65,,139.30,,,206,28868.00,8,F1,1,,,,,
2026-10-06,2026-10-06,CM,BSE,STK,544209,INE0B9K01025,BANSALWIRE,B,,,,,Bansal Wire Industries Limited,329.00,334.90,323.70,325.65,327.90,323.25,,325.69,,,16100,5254062.00,598,F1,1,,,,,
2026-10-06,2026-10-06,CM,BSE,STK,544210,INE168P01015,EMCURE,A,,,,,Emcure Pharmaceuticals Limited,1950.10,1950.10,1889.70,1922.40,1927.45,1938.65,,1922.40,,,5186,9915939.00,809,F1,1,,,,,
2026-10-06,2026-10-06,CM,BSE,STK,544212,INF769K01LQ3,EVINDIA,B,,,,,Mirae Asset Mutual Fund,30.29,30.35,30.01,30.33,30.34,30.02,,30.29,,,15573,471014.00,260,F1,1,,,,,
2026-10-06,2026-10-06,CM,BSE,STK,544213,INE0T3401029,ACLD,M,,,,,AELEA COMMODITIES LIMITED,145.85,149.00,143.60,148.40,148.80,143.25,,148.40,,,35400,5208540.00,56,F1,600,,,,,
2026-10-06,2026-10-06,CM,BSE,STK,544215,INF200KB1282,SBINEQWETF,B,,,,,SBI Mutual Fund,31.62,31.82,31.05,31.46,31.46,31.00,,32.01,,,714,22439.00,19,F1,1,,,,,
2026-10-06,2026-10-06,CM,BSE,STK,544216,INF109KC18W3,OILIETF,B,,,,,ICICI Prudential Mutual Fund,10.75,10.93,10.68,10.81,10.93,10.65,,10.82,,,8721,94044.00,435,F1,1,,,,,
2026-10-06,2026-10-06,CM,BSE,STK,544217,INE08NE01025,SANSTAR,B,,,,,SANSTAR LIMITED,105.50,105.90,103.50,104.25,103.60,104.65,,104.07,,,3500,366350.00,110,F1,1,,,,,
2026-10-06,2026-10-06,CM,BSE,STK,544218,INF209KB19Z4,ABSLPSE,B,,,,,Aditya Birla Sun Life Mutual F,9.55,9.79,9.55,9.77,9.77,9.74,,9.75,,,5047,49285.00,27,F1,1,,,,,
2026-10-06,2026-10-06,CM,BSE,STK,544219,INE0MNP01016,VVIPIL,M,,,,,VVIP Infratech Limited,137.80,141.00,137.80,138.25,138.10,138.65,,138.25,,,6600,923130.00,11,F1,600,,,,,
2026-10-06,2026-10-06,CM,BSE,STK,544222,INE09XN01023,AKUMS,B,,,,,Akums Drugs and Pharmaceutical,816.65,817.20,796.65,814.70,817.20,800.60,,814.65,,,4063,3294429.00,295,F1,1,,,,,
2026-10-06,2026-10-06,CM,BSE,STK,544223,INE0AG901020,CEIGALL,B,,,,,Ceigall India Limited,385.15,385.15,375.05,376.55,375.65,384.00,,376.22,,,5008,1902105.00,244,F1,1,,,,,
2026-10-06,2026-10-06,CM,BSE,STK,544224,INE0OXY01013,AFCOM,M,,,,,Afcom Holdings Limited,1471.00,1536.00,1450.00,1501.40,1503.00,1471.00,,1501.40,,,99120,148328316.00,448,F1,120,,,,,
2026-10-06,2026-10-06,CM,BSE,STK,544225,INE0LXG01040,OLAELEC,A,,,,,Ola Electric Mobility Limited,36.72,37.00,35.73,35.96,35.96,36.69,,35.96,,,5715497,207065650.00,11448,F1,1,,,,,
2026-10-06,2026-10-06,CM,BSE,STK,544226,INE02RE01045,FIRSTCRY,A,,,,,Brainbees Solutions Limited,172.15,178.90,172.15,177.55,177.55,172.10,,177.57,,,200367,35270257.00,2052,F1,1,,,,,
2026-10-06,2026-10-06,CM,BSE,STK,544227,INE00U401027,UNIECOM,B,,,,,UNICOMMERCE ESOLUTIONS LIMITED,81.61,82.86,81.13,82.00,82.25,81.61,,81.86,,,108387,8868790.00,664,F1,1,,,,,
2026-10-06,2026-10-06,CM,BSE,STK,544229,INF109KC19W1,METALIETF,B,,,,,ICICI Prudential Mutual Fund,12.30,12.86,12.30,12.63,12.65,12.55,,12.63,,,304096,3848136.00,921,F1,1,,,,,
2026-10-06,2026-10-06,CM,BSE,STK,544230,INE0PQ101010,SSDL,B,,,,,SARASWATI SAREE DEPOT LIMITED,69.52,71.00,67.87,68.88,68.76,69.95,,68.58,,,15307,1061994.00,955,F1,1,,,,,
2026-10-06,2026-10-06,CM,BSE,STK,544232,INE00M901018,INTERARCH,B,,,,,Interarch Building Solutions L,1678.00,1704.05,1659.80,1687.20,1682.85,1662.85,,1685.62,,,4075,6856809.00,267,F1,1,,,,,
2026-10-06,2026-10-06,CM,BSE,STK,544234,INE0URU01010,GLOBALE,B,,,,,Globale Tessile Limited,10.20,10.65,10.20,10.50,10.50,10.18,,10.65,,,732,7648.00,7,F1,1,,,,,
2026-10-06,2026-10-06,CM,BSE,STK,544235,INE0PPK01015,ORIENTTECH,B,,,,,Orient Technologies Limited,222.05,231.05,222.05,227.35,231.05,222.50,,226.49,,,12322,2778371.00,265,F1,1,,,,,
2026-10-06,2026-10-06,CM,BSE,STK,544236,INE0SK201011,RAL,M,,,,,Resourceful Automobile Limited,49.98,49.98,49.98,49.98,49.98,47.60,,49.98,,,3600,179928.00,3,F1,1200,,,,,
2026-10-06,2026-10-06,CM,BSE,STK,544237,INE0QA901010,RAPID,M,,,,,RAPID MULTIMODAL LOGISTICS LIM,150.25,150.25,150.25,150.25,150.25,145.00,,150.25,,,800,120200.00,1,F1,800,,,,,
2026-10-06,2026-10-06,CM,BSE,STK,544238,INE0BS701011,PREMIERENE,A,,,,,Premier Energies Limited,883.60,911.20,883.60,904.35,904.35,888.00,,906.90,,,86454,77627119.00,1360,F1,1,,,,,
2026-10-06,2026-10-06,CM,BSE,STK,544239,INE06HJ01020,ECOSMOBLTY,B,,,,,ECOS (India) Mobility & Hospit,106.75,114.00,103.65,110.20,110.50,105.60,,110.41,,,20698,2266115.00,549,F1,1,,,,,
2026-10-06,2026-10-06,CM,BSE,STK,544240,INE02ID01020,RAYMONDLSL,A,,,,,Raymond Lifestyle Limited,636.55,658.00,635.45,649.40,650.45,628.65,,649.84,,,10849,7053775.00,474,F1,1,,,,,
2026-10-06,2026-10-06,CM,BSE,STK,544241,INF769K01LX9,MULTICAP,B,,,,,Mirae Asset Mutual Fund,15.92,16.05,15.86,16.03,16.05,15.86,,16.02,,,12739,203427.00,63,F1,1,,,,,
2026-10-06,2026-10-06,CM,BSE,STK,544242,INE0SG001011,TRAVELS,M,,,,,Travels & rentals Limited,9.00,9.00,8.32,8.32,8.32,8.30,,8.32,,,9000,77460.00,3,F1,3000,,,,,
2026-10-06,2026-10-06,CM,BSE,STK,544243,INE01FR01028,STYLEBAAZA,B,,,,,Baazar Style Retail Limited,360.00,377.35,357.90,375.75,375.00,359.40,,375.46,,,39679,14505463.00,664,F1,1,,,,,
2026-10-06,2026-10-06,CM,BSE,STK,544244,INE0RE001014,GALAPREC,B,,,,,Gala Precision Engineering Lim,1158.70,1170.75,1150.95,1155.95,1155.20,1162.70,,1160.63,,,1708,1975869.00,171,F1,1,,,,,
2026-10-06,2026-10-06,CM,BSE,STK,544246,INE0DAB01012,RVTH,B,,,,,Revathi Equipment India Limite,710.00,753.00,710.00,749.85,753.00,734.10,,754.57,,,490,363086.00,118,F1,1,,,,,
2026-10-06,2026-10-06,CM,BSE,STK,544247,INF740KA1UR9,TOP10ADD,B,,,,,DSP Nifty Top 10 Equal Weight,83.10,83.92,83.10,83.72,83.70,83.35,,83.84,,,3630,302581.00,95,F1,1,,,,,
2026-10-06,2026-10-06,CM,BSE,STK,544248,INE0UYT01018,MACHLTD,M,,,,,MACH TRAVEL SOLUTIONS LIMITED,198.85,232.00,198.85,222.80,222.00,193.75,,222.80,,,148800,32961750.00,168,F1,600,,,,,
2026-10-06,2026-10-06,CM,BSE,STK,544249,INE0S2G01011,BALAJEE,B,,,,,SHREE TIRUPATI BALAJEE AGRO TR,24.95,25.14,24.02,24.30,24.40,24.98,,24.25,,,4698,114891.00,142,F1,1,,,,,
2026-10-06,2026-10-06,CM,BSE,STK,544250,INE0UOS01011,SANOFICONR,B,,,,,Sanofi Consumer Healthcare Ind,3740.65,3743.95,3701.85,3730.10,3730.10,3748.15,,3736.49,,,116,431323.00,55,F1,1,,,,,
2026-10-06,2026-10-06,CM,BSE,STK,544251,INE0LY301010,SSL,MT,,,,,Share Samadhan Limited,42.52,42.52,42.52,42.52,42.52,40.50,,42.52,,,4800,204096.00,3,F1,1600,,,,,
2026-10-06,2026-10-06,CM,BSE,STK,544252,INE377Y01014,BAJAJHFL,A,,,,,Bajaj Housing Finance Limited,82.80,83.00,82.15,82.43,82.43,82.77,,82.36,,,99943,8251787.00,1366,F1,1,,,,,
2026-10-06,2026-10-06,CM,BSE,STK,544253,INE0O6601022,KROSS,B,,,,,Kross Limited,250.25,255.75,245.00,253.05,254.00,253.90,,253.19,,,34077,8555914.00,817,F1,1,,,,,
2026-10-06,2026-10-06,CM,BSE,STK,544254,INE0RWQ01014,TOLINS,B,,,,,Tolins Tyres Limited,87.89,91.74,86.15,90.03,90.00,84.78,,90.19,,,10836,975724.00,260,F1,1,,,,,
2026-10-06,2026-10-06,CM,BSE,STK,544256,INE953R01016,PNGJL,B,,,,,P N GADGIL JEWELLERS LIMITED,573.40,590.00,573.35,588.75,588.45,573.45,,588.61,,,14249,8347506.00,1103,F1,1,,,,,
2026-10-06,2026-10-06,CM,BSE,STK,544257,INE0Q3401017,SAFE,M,,,,,Sodhani Academy of Fintech Ena,120.05,127.00,120.05,127.00,127.00,138.00,,127.00,,,2500,308150.00,5,F1,500,,,,,
2026-10-06,2026-10-06,CM,BSE,STK,544258,INE0CJF01024,WCIL,B,,,,,Western Carriers (India) Limit,87.95,89.88,87.00,88.02,88.00,88.28,,87.76,,,2159,191404.00,68,F1,1,,,,,
2026-10-06,2026-10-06,CM,BSE,STK,544259,INE0PZB01013,PFL,M,,,,,POPULAR FOUNDATIONS LIMITED,28.40,28.40,28.40,28.40,28.40,28.45,,28.40,,,3000,85200.00,1,F1,3000,,,,,
2026-10-06,2026-10-06,CM,BSE,STK,544260,INE850M01015,NORTHARC,A,,,,,Northern Arc Capital Ltd.,291.00,299.40,289.00,297.85,297.00,289.20,,298.19,,,29427,8647973.00,775,F1,1,,,,,
2026-10-06,2026-10-06,CM,BSE,STK,544261,INE0QRL01017,ARKADE,B,,,,,ARKADE DEVELOPERS LIMITED,120.55,122.15,120.15,120.95,120.95,119.85,,121.24,,,5408,654143.00,99,F1,1,,,,,
2026-10-06,2026-10-06,CM,BSE,STK,544262,INE939X01013,MANBA,B,,,,,Manba Finance Limited,143.55,143.55,138.30,141.15,141.00,138.75,,141.31,,,39497,5522887.00,95,F1,1,,,,,
2026-10-06,2026-10-06,CM,BSE,STK,544263,INE0Q3J01015,KRN,A,,,,,KRN HEAT EXCHANGER AND REFRIGE,1400.70,1465.45,1400.70,1465.45,1465.45,1395.70,,1463.48,,,22573,32908076.00,1129,F1,1,,,,,
2026-10-06,2026-10-06,CM,BSE,STK,544264,INE184O01015,DIFFNKG,B,,,,,Diffusion Engineers Limited,456.40,456.95,434.35,452.85,449.55,451.45,,453.97,,,17805,7894476.00,732,F1,1,,,,,
2026-10-06,2026-10-06,CM,BSE,STK,544265,INE0QUL01011,NEXXUS,M,,,,,Nexxus Petro Industries Limite,66.50,67.83,66.50,67.83,67.83,64.60,,67.83,,,4800,323988.00,4,F1,1200,,,,,
2026-10-06,2026-10-06,CM,BSE,STK,544266,INF769K01LZ4,BANKPSU,B,,,,,Mirae Asset Mutual Fund,81.08,81.10,80.44,80.53,80.52,80.91,,80.60,,,149,12006.00,15,F1,1,,,,,
2026-10-06,2026-10-06,CM,BSE,STK,544267,INE0U6201010,SUBAM,M,,,,,SUBAM PAPERS LIMITED,229.00,239.00,228.00,237.05,239.00,219.35,,237.05,,,62400,14455520.00,50,F1,800,,,,,
2026-10-06,2026-10-06,CM,BSE,STK,544268,INF769K01LY7,METAL,B,,,,,Mirae Asset Mutual Fund,12.75,12.78,12.66,12.72,12.74,12.60,,12.72,,,77556,986750.00,391,F1,1,,,,,
2026-10-06,2026-10-06,CM,BSE,STK,544269,INE471R01019,NPFL,M,,,,,NEOPOLITAN PIZZA AND FOODS LIM,6.37,6.37,6.37,6.37,6.37,6.37,,6.37,,,6000,38220.00,1,F1,6000,,,,,
2026-10-06,2026-10-06,CM,BSE,STK,544271,INE0JVO01026,GARUDA,B,,,,,Garuda Construction and Engine,175.00,175.00,171.50,173.50,175.00,171.20,,173.36,,,11965,2068948.00,234,F1,1,,,,,
2026-10-06,2026-10-06,CM,BSE,STK,544272,INE0YRO01015,SHIVTEXCHEM,M,,,,,SHIV TEXCHEM LIMITED,112.55,119.00,112.50,118.00,118.00,116.00,,118.00,,,2400,278860.00,6,F1,400,,,,,
2026-10-06,2026-10-06,CM,BSE,STK,544273,INE0APB01032,MGEL,B,,,,,MANGALAM GLOBAL ENTERPRISE LIM,15.55,16.01,15.49,15.93,15.93,15.67,,15.78,,,18410,291317.00,40,F1,1,,,,,
2026-10-06,2026-10-06,CM,BSE,STK,544274,INE0V6F01027,HYUNDAI,A,,,,,HYUNDAI MOTOR INDIA LIMITED,2000.40,2015.95,1975.55,1989.95,1989.95,1996.00,,1989.01,,,14296,28458597.00,1814,F1,1,,,,,
2026-10-06,2026-10-06,CM,BSE,STK,544275,INF109KC16X5,VAL30IETF,B,,,,,ICICI Prudential Mutual Fund,14.33,14.43,14.30,14.36,14.42,14.35,,14.34,,,14446,207391.00,46,F1,1,,,,,
2026-10-06,2026-10-06,CM,BSE,STK,544276,INE0OPA01027,DBEIL,B,,,,,Deepak Builders and Engineers,6.80,6.80,6.26,6.51,6.58,6.50,,6.52,,,62569,403780.00,114,F1,1,,,,,
2026-10-06,2026-10-06,CM,BSE,STK,544277,INE377N01017,WAAREEENER,A,,,,,Waaree Energies Limited,2348.85,2399.00,2343.70,2399.00,2399.00,2342.00,,2398.01,,,24254,57590471.00,2061,F1,1,,,,,
2026-10-06,2026-10-06,CM,BSE,STK,544278,INE0PK601023,OCCLLTD,T,,,,,OCCL Limited,196.95,206.95,196.95,206.90,206.90,197.10,,207.59,,,9157,1873203.00,131,F1,1,,,,,
2026-10-06,2026-10-06,CM,BSE,STK,544279,INE497S01012,GODAVARIB,B,,,,,Godavari Biorefineries Limited,226.40,231.20,225.60,229.50,228.40,225.40,,228.65,,,7719,1769155.00,159,F1,1,,,,,
2026-10-06,2026-10-06,CM,BSE,STK,544280,INE101I01011,AFCONS,A,,,,,Afcons Infrastructure Limited,242.20,243.60,240.70,242.35,243.00,242.90,,242.17,,,33048,8003290.00,771,F1,1,,,,,
2026-10-06,2026-10-06,CM,BSE,STK,544281,INE00YB01025,ABINFRA,T,,,,,A B INFRABUILD LIMITED,13.00,13.00,12.10,12.20,12.45,12.62,,12.25,,,22829,281493.00,60,F1,1,,,,,
2026-10-06,2026-10-06,CM,BSE,STK,544282,INE0W2G01015,SAGILITY,A,,,,,Sagility Limited,42.56,43.77,42.51,43.77,43.77,42.60,,43.87,,,705313,30348122.00,2606,F1,1,,,,,
2026-10-06,2026-10-06,CM,BSE,STK,544283,INE622W01025,ACMESOLAR,A,,,,,ACME Solar Holdings Limited,431.00,453.50,428.85,447.45,450.60,427.75,,448.12,,,78975,34857254.00,2197,F1,1,,,,,
2026-10-06,2026-10-06,CM,BSE,STK,544284,INF769K01MY5,LIQUIDPLUS,F,,,,,Mirae Asset Mutual Fund,1106.31,1106.33,1106.31,1106.33,1106.33,1106.11,,1106.32,,,9289,10276587.00,16,F1,1,,,,,
2026-10-06,2026-10-06,CM,BSE,STK,544285,INE00H001014,SWIGGY,A,,,,,SWIGGY LIMITED,242.40,244.60,238.05,243.85,243.85,238.25,,244.20,,,6110922,1467766663.00,2952,F1,1,,,,,
2026-10-06,2026-10-06,CM,BSE,STK,544286,INE995S01015,NIVABUPA,A,,,,,NIVA BUPA HEALTH INSURANCE COM,76.84,76.84,75.37,76.60,76.69,75.77,,76.56,,,41090,3122806.00,1074,F1,1,,,,,
2026-10-06,2026-10-06,CM,BSE,STK,544288,INE0UIZ01018,BLACKBUCK,A,,,,,BlackBuck Limited,600.15,602.10,591.85,595.90,596.60,599.00,,596.00,,,26432,15749205.00,781,F1,1,,,,,
2026-10-06,2026-10-06,CM,BSE,STK,544289,INE0ONG01011,NTPCGREEN,A,,,,,NTPC GREEN ENERGY LIMITED,90.11,90.71,89.96,90.08,90.08,90.11,,90.12,,,163830,14782309.00,1935,F1,1,,,,,
2026-10-06,2026-10-06,CM,BSE,STK,544290,INE0LLY01014,EIEL,B,,,,,ENVIRO INFRA ENGINEERS LIMITED,182.15,186.05,182.15,185.50,185.25,180.60,,185.54,,,35346,6515482.00,659,F1,1,,,,,
2026-10-06,2026-10-06,CM,BSE,STK,544291,INE0VN801010,RAJESH,M,,,,,RAJESH POWER SERVICES LIMITED,737.65,760.00,737.65,754.90,755.00,737.65,,754.90,,,10600,7937180.00,99,F1,100,,,,,
2026-10-06,2026-10-06,CM,BSE,STK,544292,INE013P01021,ONESOURCE,A,,,,,Onesource Specialty Pharma Lim,1480.20,1545.55,1476.00,1536.50,1540.00,1489.95,,1535.83,,,10860,16420106.00,843,F1,1,,,,,
2026-10-06,2026-10-06,CM,BSE,STK,544293,INE877V01027,SURAKSHA,B,,,,,SURAKSHA DIAGNOSTIC LIMITED,330.25,335.15,325.55,331.20,331.70,331.05,,331.97,,,4141,1363994.00,146,F1,1,,,,,
2026-10-06,2026-10-06,CM,BSE,STK,544294,INE0OJW01016,ROSSTECH,B,,,,,Rossell Techsys Limited,1628.95,1697.30,1586.60,1617.45,1614.35,1608.30,,1612.33,,,34112,56251180.00,3016,F1,1,,,,,
2026-10-06,2026-10-06,CM,BSE,STK,544296,INE0DQN01013,NISUS,M,,,,,NISUS FINANCE SERVICES CO LIMI,170.00,182.50,166.60,178.35,181.75,172.35,,178.35,,,29200,5079120.00,65,F1,400,,,,,
2026-10-06,2026-10-06,CM,BSE,STK,544301,INE054301028,ODIGMA,B,,,,,Odigma Consultancy Solutions L,20.23,21.00,20.23,20.80,20.98,20.81,,20.90,,,1359,28291.00,62,F1,1,,,,,
2026-10-06,2026-10-06,CM,BSE,STK,544302,INE403Y01018,INNOVANA,B,,,,,Innovana Thinklabs Limited,308.00,308.00,293.00,297.50,301.90,302.15,,294.89,,,10425,3063965.00,81,F1,1,,,,,
2026-10-06,2026-10-06,CM,BSE,STK,544303,INE0XAY01012,TTC,M,,,,,TOSS THE COIN LIMITED,162.50,164.00,145.00,163.65,163.00,166.00,,163.65,,,3900,613860.00,12,F1,300,,,,,
2026-10-06,2026-10-06,CM,BSE,STK,544304,INE0WCH01015,JUNGLECAMP,M,,,,,JUNGLE CAMPS INDIA LIMITED,40.50,41.58,39.60,40.50,40.50,41.40,,40.50,,,11200,451264.00,7,F1,1600,,,,,
2026-10-06,2026-10-06,CM,BSE,STK,544305,INE0HLU01028,MOBIKWIK,B,,,,,One Mobikwik Systems Limited,201.95,242.10,201.95,242.10,242.10,201.75,,242.14,,,3380733,784402960.00,19175,F1,1,,,,,
2026-10-06,2026-10-06,CM,BSE,STK,544306,INE570L01029,SAILIFE,A,,,,,Sai Life Sciences Limited,1516.55,1568.75,1495.90,1556.90,1568.75,1511.75,,1558.04,,,24168,37142462.00,1599,F1,1,,,,,
2026-10-06,2026-10-06,CM,BSE,STK,544307,INE01EA01019,VMM,A,,,,,Vishal Mega Mart Limited,98.15,101.60,98.05,101.05,101.05,98.30,,100.95,,,934534,93805060.00,3549,F1,1,,,,,
2026-10-06,2026-10-06,CM,BSE,STK,544308,INE168C01013,HILLTONE,X,,,,,Hilltone Software and Gases Lt,37.74,38.97,36.00,36.96,37.25,37.74,,36.96,,,49922,1881451.00,26,F1,1,,,,,
2026-10-06,2026-10-06,CM,BSE,STK,544309,INE115Q01022,IKS,A,,,,,INVENTURUS KNOWLEDGE SOLUTIONS,1752.85,1775.00,1747.00,1760.20,1760.70,1761.10,,1760.99,,,1879,3307049.00,330,F1,1,,,,,
2026-10-06,2026-10-06,CM,BSE,STK,544310,INE00GK01023,YASHHV,M,,,,,Yash Highvoltage Limited,1175.00,1222.95,1171.00,1211.15,1209.95,1155.60,,1211.15,,,115000,138521212.00,424,F1,250,,,,,
2026-10-06,2026-10-06,CM,BSE,STK,544311,INE0Q9301021,IGIL,A,,,,,International Gemological Inst,321.00,321.00,314.00,319.80,320.30,316.20,,319.60,,,15049,4773042.00,725,F1,1,,,,,
2026-10-06,2026-10-06,CM,BSE,STK,544313,INE0LB101011,NACDAC,M,,,,,NACDAC Infrastructure Limited,21.71,21.71,21.71,21.71,21.71,22.50,,21.71,,,4000,86840.00,1,F1,4000,,,,,
2026-10-06,2026-10-06,CM,BSE,STK,544314,INE0JPD01013,SANATHAN,B,,,,,Sanathan Textiles Limited,526.90,532.00,523.55,527.15,528.10,527.00,,525.71,,,3645,1928962.00,237,F1,1,,,,,
2026-10-06,2026-10-06,CM,BSE,STK,544315,INE037Z01029,CEWATER,B,,,,,Concord Enviro Systems Limited,260.00,261.60,256.25,260.85,260.00,257.80,,260.71,,,4968,1291392.00,219,F1,1,,,,,
2026-10-06,2026-10-06,CM,BSE,STK,544316,INE284H01025,DAMCAPITAL,B,,,,,DAM Capital Advisors Limited,147.10,153.45,146.30,152.30,153.00,146.90,,152.50,,,29767,4493631.00,529,F1,1,,,,,
2026-10-06,2026-10-06,CM,BSE,STK,544317,INE454P01035,TRANSRAILL,A,,,,,Transrail Lighting Limited,480.95,485.55,474.50,481.70,481.70,462.85,,482.35,,,141542,68085487.00,3419,F1,1,,,,,
2026-10-06,2026-10-06,CM,BSE,STK,544318,INE0TO701015,MAMATA,B,,,,,MAMATA MACHINERY LIMITED,405.45,405.45,395.00,397.65,395.00,402.55,,395.69,,,4364,1743336.00,212,F1,1,,,,,
2026-10-06,2026-10-06,CM,BSE,STK,544319,INE0RB801010,SENORES,A,,,,,SENORES PHARMACEUTICALS LIMITE,1318.05,1399.75,1318.05,1387.20,1399.00,1322.70,,1388.56,,,13371,18140858.00,958,F1,1,,,,,
2026-10-06,2026-10-06,CM,BSE,STK,544320,INE0V7W01012,CARRARO,B,,,,,CARRARO INDIA LIMITED,518.20,528.20,518.00,526.00,525.15,519.00,,525.66,,,2380,1247715.00,195,F1,1,,,,,
2026-10-06,2026-10-06,CM,BSE,STK,544321,INE781S01027,VENTIVE,B,,,,,Ventive Hospitality Limited,549.55,600.00,547.85,584.00,583.00,547.85,,582.46,,,1995,1163839.00,213,F1,1,,,,,
2026-10-06,2026-10-06,CM,BSE,STK,544322,INE0U3I01011,UNIMECH,B,,,,,Unimech Aerospace and Manufact,1854.95,1900.00,1820.05,1866.30,1862.00,1841.05,,1872.64,,,26020,48341763.00,2000,F1,1,,,,,
2026-10-06,2026-10-06,CM,BSE,STK,544323,INF769K01NS5,CONSUMER,B,,,,,Mirae Asset Mutual Fund,11.19,11.35,11.19,11.35,11.35,11.16,,11.31,,,17365,196109.00,45,F1,1,,,,,
2026-10-06,2026-10-06,CM,BSE,STK,544324,INE0A8401016,CITICHEM,M,,,,,Citichem India Limited,16.00,16.00,16.00,16.00,16.00,16.00,,16.00,,,2000,32000.00,1,F1,2000,,,,,
2026-10-06,2026-10-06,CM,BSE,STK,544325,INE379A01028,ITCHOTELS,A,,,,,ITC Hotels Limited,159.70,160.80,158.25,160.20,160.20,158.90,,160.21,,,107021,17070902.00,2000,F1,1,,,,,
2026-10-06,2026-10-06,CM,BSE,STK,544326,INF754K01TX4,ECAPINSURE,B,,,,,Edelweiss Mutual Fund,22.92,23.18,22.78,23.05,23.05,22.81,,23.35,,,1271,29249.00,14,F1,1,,,,,
2026-10-06,2026-10-06,CM,BSE,STK,544327,INE0ZHT01012,TECHNICHEM,MT,,,,,TECHNICHEM ORGANICS LIMITED,55.00,56.00,53.00,53.00,53.00,54.05,,53.00,,,8000,434000.00,4,F1,2000,,,,,
2026-10-06,2026-10-06,CM,BSE,STK,544328,INE622H01018,INDOFARM,B,,,,,INDO FARM EQUIPMENT LIMITED,131.70,136.25,130.40,134.70,134.80,129.10,,134.33,,,8124,1081900.00,190,F1,1,,,,,
2026-10-06,2026-10-06,CM,BSE,STK,544329,INE0RH001011,VANDU,M,,,,,LEO DRYFRUITS & SPICES TRADING,60.01,60.01,57.01,58.01,59.00,60.73,,58.01,,,28000,1663040.00,13,F1,2000,,,,,
2026-10-06,2026-10-06,CM,BSE,STK,544330,INE0QQJ01021,PARMESHWAR,MT,,,,,PARMESHWAR METAL LIMITED,290.00,298.00,288.00,297.85,297.85,294.00,,297.85,,,14000,4130350.00,11,F1,1000,,,,,
2026-10-06,2026-10-06,CM,BSE,STK,544331,INE0Q2L01013,DAVIN,M,,,,,Davin Sons Retail Limited,13.41,13.41,13.41,13.41,13.41,14.11,,13.41,,,6000,80460.00,3,F1,2000,,,,,
2026-10-06,2026-10-06,CM,BSE,STK,544332,INE0HSD01011,FABCLEAN,M,,,,,Fabtech Cleanrooms Limited,492.00,492.00,482.00,489.95,489.95,494.00,,489.95,,,5200,2542360.00,7,F1,400,,,,,
2026-10-06,2026-10-06,CM,BSE,STK,544333,INE0M4D01010,SETL,B,,,,,STANDARD ENGINEERING TECHNOLOG,444.80,444.80,423.55,427.55,427.55,429.20,,428.22,,,37087,15905672.00,920,F1,1,,,,,
2026-10-06,2026-10-06,CM,BSE,STK,544334,INE0FK501019,INDOBELL,MT,,,,,Indobell Insulations Limited,57.98,58.70,57.22,57.59,57.25,57.29,,57.59,,,7500,432525.00,10,F1,750,,,,,
2026-10-06,2026-10-06,CM,BSE,STK,544335,INE00ST01011,BRGIL,MT,,,,,B.R.GOYAL INFRASTRUCTURE LIMIT,188.00,188.95,183.05,186.65,187.00,190.00,,186.65,,,8000,1487000.00,8,F1,1000,,,,,
2026-10-06,2026-10-06,CM,BSE,STK,544336,INE0LRY01011,QUADFUTURE,B,,,,,Quadrant Future Tek Limited,529.00,551.45,529.00,544.70,535.55,530.25,,547.29,,,34526,18751553.00,1280,F1,1,,,,,
2026-10-06,2026-10-06,CM,BSE,STK,544337,INE0NQ401024,AVAX,MT,,,,,Avax Apparels and Ornaments Li,39.48,39.48,39.48,39.48,39.48,37.60,,39.48,,,1000,39480.00,1,F1,1000,,,,,
2026-10-06,2026-10-06,CM,BSE,STK,544338,INE0Z8Z23013,CAPINVIT,IF,,,,,Capital Infra Trust,77.06,77.40,76.84,77.24,77.24,76.98,,77.23,,,11095,856493.00,134,F1,1,,,,,
2026-10-06,2026-10-06,CM,BSE,STK,544339,INE0WO601020,LAXMIDENTL,B,,,,,Laxmi Dental Limited,192.05,192.05,190.00,191.10,191.20,190.40,,190.54,,,2331,445990.00,72,F1,1,,,,,
2026-10-06,2026-10-06,CM,BSE,STK,544340,INE0CFH01028,RIKHAV,M,,,,,Rikhav Securities Limited,50.75,50.75,50.00,50.36,50.00,51.91,,50.36,,,6400,322320.00,3,F1,1600,,,,,
2026-10-06,2026-10-06,CM,BSE,STK,544341,INE12QA01010,LGLL,M,,,,,LANDMARK GLOBAL LEARNING LIMIT,10.50,10.88,10.32,10.32,10.32,10.86,,10.32,,,51200,536304.00,14,F1,1600,,,,,
2026-10-06,2026-10-06,CM,BSE,STK,544342,INE0RYC01010,STALLION,T,,,,,Stallion India Fluorochemicals,221.90,227.75,218.25,223.75,223.75,224.95,,225.51,,,27111,6054336.00,334,F1,1,,,,,
2026-10-06,2026-10-06,CM,BSE,STK,544343,INE0WXM01011,CNINFOTECH,M,,,,,CAPITALNUMBERS INFOTECH  LIMIT,77.00,77.90,76.00,77.37,77.00,76.00,,77.37,,,12800,983408.00,15,F1,400,,,,,
2026-10-06,2026-10-06,CM,BSE,STK,544344,INE526E01018,SHRIPISTON,A,,,,,SPR Auto Technologies Limited,4410.00,4434.95,4335.00,4404.45,4390.00,4404.10,,4404.99,,,2668,11656426.00,520,F1,1,,,,,
2026-10-06,2026-10-06,CM,BSE,STK,544345,INE0R4L01018,DENTA,B,,,,,Denta Water and Infra Solution,260.00,264.95,260.00,263.15,263.75,259.40,,263.20,,,2684,706366.00,110,F1,1,,,,,
2026-10-06,2026-10-06,CM,BSE,STK,544346,INE0AK901016,RRECL,B,,,,,RDB Real Estate Constructions,132.20,132.20,124.00,124.00,124.00,120.20,,124.64,,,94,12385.00,2,F1,1,,,,,
2026-10-06,2026-10-06,CM,BSE,STK,544348,INE0RWU01016,GBLOGISTIC,M,,,,,GB Logistics Commerce Limited,22.55,23.49,22.05,23.00,23.00,23.95,,23.00,,,8400,190260.00,7,F1,1200,,,,,
2026-10-06,2026-10-06,CM,BSE,STK,544349,INE0DZD01015,HMEML,M,,,,,H.M. ELECTRO MECH LIMITED,48.25,48.25,48.25,48.25,48.25,48.25,,48.25,,,3200,154400.00,2,F1,1600,,,,,
2026-10-06,2026-10-06,CM,BSE,STK,544350,INE943P01029,AGARWALEYE,A,,,,,Dr. Agarwal's Health Care Limi,485.00,488.95,474.10,488.15,487.35,483.85,,486.90,,,56702,27039570.00,564,F1,1,,,,,
2026-10-06,2026-10-06,CM,BSE,STK,544351,INE0YON01014,MALPANI,M,,,,,MALPANI PIPES AND FITTINGS LIM,60.10,60.10,60.10,60.10,60.10,66.30,,60.10,,,8000,480800.00,4,F1,1600,,,,,
2026-10-06,2026-10-06,CM,BSE,STK,544353,INE0U2L01017,AMWILL,M,,,,,Amwill Health Care Limited,43.75,44.42,43.00,44.00,44.00,43.93,,44.00,,,12000,524316.00,8,F1,1200,,,,,
2026-10-06,2026-10-06,CM,BSE,STK,544354,INE0W0H01017,SOLARIUM,M,,,,,SOLARIUM GREEN ENERGY LIMITED,121.80,124.80,121.75,123.90,123.90,122.85,,123.90,,,5100,626055.00,17,F1,300,,,,,
2026-10-06,2026-10-06,CM,BSE,STK,544355,INE03CC01015,JUBLCPL,B,,,,,Jubilant Agri and Consumer Pro,2035.90,2056.90,1986.00,2000.15,2022.10,2043.60,,2002.47,,,878,1760910.00,184,F1,1,,,,,
2026-10-06,2026-10-06,CM,BSE,STK,544356,INE274Y01021,AJAXENGG,B,,,,,AJAX Engineering Limited,593.50,600.00,584.80,586.00,586.00,593.50,,585.85,,,2934,1732081.00,249,F1,1,,,,,
2026-10-06,2026-10-06,CM,BSE,STK,544361,INE0R8101016,COVANCE,X,,,,,COVANCE SOFTSOL LIMITED,148.90,150.00,141.50,141.50,141.50,148.90,,141.50,,,7762,1099955.00,76,F1,1,,,,,
2026-10-06,2026-10-06,CM,BSE,STK,544362,INE093A01041,HEXT,A,,,,,Hexaware Technologies Limited,504.40,504.40,490.40,500.60,502.00,495.25,,500.32,,,7464,3727579.00,527,F1,1,,,,,
2026-10-06,2026-10-06,CM,BSE,STK,544363,INF582M01KS4,UNIONGOLD,E,,,,,UNION MUTUAL FUND,143.25,145.26,142.11,142.37,142.37,144.10,,143.35,,,218,31172.00,15,F1,1,,,,,
2026-10-06,2026-10-06,CM,BSE,STK,544364,INE0O9T01021,BAJAJINDEF,B,,,,,Indef Manufacturing Limited,204.45,208.70,204.25,208.00,208.00,204.45,,207.49,,,1041,215094.00,19,F1,1,,,,,
2026-10-06,2026-10-06,CM,BSE,STK,544365,INE0TD301017,SHANMUGA,M,,,,,SHANMUGA HOSPITAL LIMITED,44.00,44.96,44.00,44.75,44.75,44.00,,44.75,,,6000,267420.00,3,F1,2000,,,,,
2026-10-06,2026-10-06,CM,BSE,STK,544367,INE0SII01026,QPOWER,B,,,,,QUALITY POWER ELECTRICAL EQUIP,1642.95,1679.95,1610.00,1645.45,1641.35,1622.80,,1648.71,,,33967,55670833.00,1940,F1,1,,,,,
2026-10-06,2026-10-06,CM,BSE,STK,544368,INE0TIR01017,SWASTH,M,,,,,Swasth Foodtech India Limited,15.66,16.01,15.66,16.01,16.01,17.05,,16.01,,,2400,38004.00,2,F1,1200,,,,,
2026-10-06,2026-10-06,CM,BSE,STK,544369,INE13VU01016,BEEZAASAN,MT,,,,,Beezaasan Explotech Limited,754.30,754.30,754.30,754.30,754.30,739.55,,754.30,,,4800,3620640.00,6,F1,800,,,,,
2026-10-06,2026-10-06,CM,BSE,STK,544371,INE0NR501012,VIKRAMAR,XT,,,,,VIKRAM AROMA LIMITED,132.40,132.40,124.65,124.70,124.65,131.20,,124.70,,,2841,358301.00,62,F1,1,,,,,
2026-10-06,2026-10-06,CM,BSE,STK,544373,INE0VNH01014,NAPSGLOBAL,MT,,,,,NAPS Global India Limited,63.25,63.25,63.25,63.25,63.25,64.20,,63.25,,,4800,303600.00,2,F1,1600,,,,,
2026-10-06,2026-10-06,CM,BSE,STK,544375,INF579M01BB5,GOLD360,E,,,,,360 ONE Mutual Fund,143.06,143.61,140.55,142.60,142.50,144.35,,143.21,,,1724,244065.00,90,F1,1,,,,,
2026-10-06,2026-10-06,CM,BSE,STK,544376,INF769K01ON4,SELECTIPO,B,,,,,Mirae Asset Mutual Fund,46.40,46.65,46.30,46.52,46.52,45.55,,46.64,,,103,4779.00,9,F1,1,,,,,
2026-10-06,2026-10-06,CM,BSE,STK,544377,INF769K01OA1,EQUAL200,B,,,,,Mirae Asset Mutual Fund,13.09,13.14,13.09,13.14,13.14,13.01,,13.13,,,300,3937.00,7,F1,1,,,,,
2026-10-06,2026-10-06,CM,BSE,STK,544379,INE0I0M01023,PRABHA,B,,,,,Prabha Energy Limited,218.10,225.85,216.70,220.50,222.30,214.80,,221.32,,,6230,1381854.00,182,F1,1,,,,,
2026-10-06,2026-10-06,CM,BSE,STK,544380,INF109K1A021,CASHIETF,F,,,,,ICICI Prudential Mutual Fund,1082.56,1082.56,1082.56,1082.56,1082.56,1082.40,,1082.55,,,517,559683.00,1,F1,1,,,,,
2026-10-06,2026-10-06,CM,BSE,STK,544382,INF846KA1119,VALUEAXIS,B,,,,,Axis Mutual Fund,31.04,31.29,31.00,31.00,31.00,31.23,,30.93,,,3308,102863.00,30,F1,1,,,,,
2026-10-06,2026-10-06,CM,BSE,STK,544383,INE0SMW01011,PPARIVAH,MT,,,,,PARADEEP PARIVAHAN LIMITED,299.90,305.50,298.90,302.10,305.50,301.95,,302.10,,,8400,2528820.00,6,F1,1200,,,,,
2026-10-06,2026-10-06,CM,BSE,STK,544384,INF0R8F01091,SILVERCASE,E,,,,,Zerodha Mutual Fund,22.34,22.35,22.11,22.32,22.31,22.44,,22.32,,,208818,4644952.00,897,F1,1,,,,,
2026-10-06,2026-10-06,CM,BSE,STK,544385,INF200KB1712,SBIBPB,B,,,,,SBI Mutual Fund,46.40,46.88,46.23,46.61,46.63,46.71,,46.61,,,1680,78492.00,51,F1,1,,,,,
2026-10-06,2026-10-06,CM,BSE,STK,544386,INE01EO01010,SPECTRUM,T,,,,,Spectrum Electrical Industries,3887.00,3940.00,3764.00,3918.55,3940.00,3815.80,,3915.92,,,168,645845.00,37,F1,1,,,,,
2026-10-06,2026-10-06,CM,BSE,STK,544387,INE0TGG01014,DESCO,M,,,,,Desco Infratech Limited,168.80,177.20,167.70,177.10,177.10,168.80,,177.10,,,14500,2491600.00,29,F1,500,,,,,
2026-10-06,2026-10-06,CM,BSE,STK,544389,INF579M01BC3,SILVER360,E,,,,,360 ONE Mutual Fund,216.62,217.47,214.90,217.18,217.00,218.16,,216.59,,,1856,399718.00,48,F1,1,,,,,
2026-10-06,2026-10-06,CM,BSE,STK,544390,INE1NPP01017,ENRIN,A,,,,,Siemens Energy India Limited,3349.95,3356.55,3288.70,3304.05,3304.05,3335.00,,3307.49,,,17330,57490584.00,1971,F1,1,,,,,
2026-10-06,2026-10-06,CM,BSE,STK,544392,INE10XX01012,SPINAROO,M,,,,,SPINAROO COMMERCIAL LIMITED,37.05,37.05,37.05,37.05,37.05,39.00,,37.05,,,2000,74100.00,1,F1,2000,,,,,
2026-10-06,2026-10-06,CM,BSE,STK,544394,INF109K1A153,EVIETF,B,,,,,ICICI Prudential Mutual Fund,30.03,30.60,30.00,30.35,30.60,30.11,,30.28,,,15349,462045.00,107,F1,1,,,,,
2026-10-06,2026-10-06,CM,BSE,STK,544395,INE1VXE01018,STLNETWORK,B,,,,,STL Networks Limited,44.88,47.12,44.49,47.12,47.12,44.88,,47.08,,,1254745,57952906.00,2454,F1,1,,,,,
2026-10-06,2026-10-06,CM,BSE,STK,544396,INE0FFK01017,NPST,B,,,,,Network People Services Techno,1868.70,1868.70,1808.10,1834.00,1835.60,1832.05,,1835.48,,,1219,2235852.00,202,F1,1,,,,,
2026-10-06,2026-10-06,CM,BSE,STK,544397,INE0LEZ01016,ATHERENERG,A,,,,,Ather Energy Limited,1409.90,1452.00,1385.40,1452.00,1452.00,1414.00,,1446.74,,,307371,433311653.00,9576,F1,1,,,,,
2026-10-06,2026-10-06,CM,BSE,STK,544398,INE0AOG01018,KENRIK,MT,,,,,Kenrik Industries Limited,13.63,13.63,13.63,13.63,13.63,14.34,,13.63,,,6000,81780.00,1,F1,6000,,,,,
2026-10-06,2026-10-06,CM,BSE,STK,544399,INE0RJ901010,SRIGEE,M,,,,,SRIGEE DLM LIMITED,73.84,77.00,73.84,76.65,76.99,73.84,,76.65,,,13200,998424.00,11,F1,1200,,,,,
2026-10-06,2026-10-06,CM,BSE,STK,544400,INE0MV001018,MANOJJEWEL,M,,,,,Manoj Jewellers Limited,22.31,22.31,22.31,22.31,22.31,24.78,,22.31,,,36000,803160.00,14,F1,2000,,,,,
2026-10-06,2026-10-06,CM,BSE,STK,544401,INF769K01OO2,EQUAL50,B,,,,,Mirae Asset Mutual Fund,316.00,316.00,311.50,312.02,312.02,310.08,,312.60,,,369,115144.00,19,F1,1,,,,,
2026-10-06,2026-10-06,CM,BSE,STK,544402,INE039O01029,JASH,B,,,,,JASH ENGINEERING LIMITED,598.00,600.00,586.00,596.40,599.00,598.35,,595.03,,,13691,8131279.00,484,F1,1,,,,,
2026-10-06,2026-10-06,CM,BSE,STK,544403,INE14LE01019,ABLBL,A,,,,,Aditya Birla Lifestyle Brands,73.40,75.86,72.63,73.15,73.57,73.40,,73.16,,,124626,9273672.00,1131,F1,1,,,,,
2026-10-06,2026-10-06,CM,BSE,STK,544404,INE16SF01016,BORANA,B,,,,,BORANA WEAVES LIMITED,270.45,274.00,268.40,271.00,271.00,269.70,,269.60,,,1996,540660.00,58,F1,1,,,,,
2026-10-06,2026-10-06,CM,BSE,STK,544405,INE894V01022,BELRISE,A,,,,,BELRISE INDUSTRIES LIMITED,231.05,237.65,225.20,236.80,236.80,231.05,,236.81,,,181250,41861429.00,2774,F1,1,,,,,
2026-10-06,2026-10-06,CM,BSE,STK,544406,INE1ABX01018,UNIFIED,M,,,,,UNIFIED DATA TECH SOLUTIONS LI,478.95,500.00,476.00,496.00,495.00,476.50,,496.00,,,51200,25234920.00,113,F1,400,,,,,
2026-10-06,2026-10-06,CM,BSE,STK,544407,INE0INX01018,AEGISVOPAK,A,,,,,AEGIS VOPAK TERMINALS LIMITED,298.40,298.40,292.00,293.15,293.00,297.05,,293.34,,,13977,4103520.00,603,F1,1,,,,,
2026-10-06,2026-10-06,CM,BSE,STK,544408,INE0AQ201015,THELEELA,A,,,,,Leela Palaces Hotels & Resorts,563.20,584.00,563.20,582.40,583.50,577.65,,582.69,,,14978,8660432.00,1069,F1,1,,,,,
2026-10-06,2026-10-06,CM,BSE,STK,544409,INE0TG901011,ASTONEALAB,M,,,,,ASTONEA LABS LIMITED,334.00,334.00,334.00,334.00,334.00,335.00,,334.00,,,1000,334000.00,1,F1,1000,,,,,
2026-10-06,2026-10-06,CM,BSE,STK,544410,INE0BX301013,PROSTARM,B,,,,,PROSTARM INFO SYSTEMS LIMITED,133.35,134.70,132.10,132.80,132.55,132.00,,132.91,,,16197,2159872.00,244,F1,1,,,,,
2026-10-06,2026-10-06,CM,BSE,STK,544411,INE090501011,SCODATUBES,B,,,,,Scoda Tubes Limited,125.20,125.40,123.60,125.25,125.25,124.60,,124.39,,,8604,1072416.00,143,F1,1,,,,,
2026-10-06,2026-10-06,CM,BSE,STK,544412,INE0TE101010,3BFILMS,M,,,,,3B FILMS LIMITED,13.33,13.33,13.33,13.33,13.33,13.11,,13.33,,,3000,39990.00,1,F1,3000,,,,,
2026-10-06,2026-10-06,CM,BSE,STK,544413,INE0U4701011,DIGITIDE,B,,,,,Digitide Solutions Limited,73.00,74.55,73.00,73.88,73.88,74.09,,74.00,,,11945,882611.00,218,F1,1,,,,,
2026-10-06,2026-10-06,CM,BSE,STK,544414,INE0U4101014,BLUSPRING,B,,,,,Bluspring Enterprises Limited,141.50,146.80,141.50,144.55,145.10,144.50,,144.53,,,13968,2019871.00,255,F1,1,,,,,
2026-10-06,2026-10-06,CM,BSE,STK,544416,INE0GGO01015,KRISHIVAL,B,,,,,KRISHIVAL FOODS LIMITED,407.30,407.50,404.00,404.80,404.00,403.90,,404.45,,,437,177376.00,61,F1,1,,,,,
2026-10-06,2026-10-06,CM,BSE,STK,544417,INE0XCV01014,ATENPAPERS,M,,,,,Aten Papers & Foam Limited,23.04,26.50,23.04,24.00,24.00,23.04,,24.00,,,7200,173796.00,5,F1,1200,,,,,
2026-10-06,2026-10-06,CM,BSE,STK,544418,INE0BYP01024,OSWALPUMPS,B,,,,,Oswal Pumps Limited,266.00,268.90,263.70,264.75,265.50,265.00,,264.80,,,15466,4114476.00,338,F1,1,,,,,
2026-10-06,2026-10-06,CM,BSE,STK,544419,INE0H9P01028,ARIS,B,,,,,ArisInfra Solutions Limited,140.25,145.85,138.80,143.65,143.50,139.90,,143.66,,,66772,9500030.00,968,F1,1,,,,,
2026-10-06,2026-10-06,CM,BSE,STK,544420,INE1SY401010,RAYMONDREL,B,,,,,Raymond Realty Limited,694.00,738.25,680.75,707.20,707.20,691.95,,707.76,,,180822,129369785.00,4460,F1,1,,,,,
2026-10-06,2026-10-06,CM,BSE,STK,544421,INE236E01022,ELLEN,B,,,,,ELLENBARRIE INDUSTRIAL GASES L,329.05,351.95,329.05,348.65,351.95,332.75,,348.22,,,67422,23024330.00,1336,F1,1,,,,,
2026-10-06,2026-10-06,CM,BSE,STK,544423,INE227J01012,KALPATARU,B,,,,,Kalpataru Limited,276.90,276.90,268.95,269.30,269.40,271.40,,269.75,,,2133,580921.00,59,F1,1,,,,,
2026-10-06,2026-10-06,CM,BSE,STK,544424,INE0V3U01015,GLOBECIVIL,B,,,,,GLOBE CIVIL PROJECTS LIMITED,41.90,44.90,41.50,42.35,42.40,40.69,,42.32,,,2896,121947.00,41,F1,1,,,,,
2026-10-06,2026-10-06,CM,BSE,STK,544425,INE0XRR01010,AJCJEWEL,MT,,,,,AJC Jewel Manufacturers Limite,400.00,400.00,390.45,390.45,390.45,411.00,,390.45,,,9600,3759780.00,8,F1,1200,,,,,
2026-10-06,2026-10-06,CM,BSE,STK,544426,INE0Y0E01012,ICON,M,,,,,Icon Facilitators Limited,63.89,63.89,62.29,63.80,63.80,55.30,,63.80,,,3600,227976.00,3,F1,1200,,,,,
2026-10-06,2026-10-06,CM,BSE,STK,544427,INF109K1A344,TOP15IETF,B,,,,,ICICI Prudential Mutual Fund,9.04,9.27,9.04,9.27,9.27,9.14,,9.30,,,1383,12738.00,15,F1,1,,,,,
2026-10-06,2026-10-06,CM,BSE,STK,544428,INE0SC101013,SEVL,M,,,,,SUPERTECH EV LIMITED,34.26,35.00,31.65,34.99,34.99,34.15,,34.99,,,42000,1368804.00,30,F1,1200,,,,,
2026-10-06,2026-10-06,CM,BSE,STK,544429,INE756I01012,HDBFS,A,,,,,HDB FINANCIAL SERVICES LIMITED,622.70,629.00,613.80,615.00,618.00,622.70,,616.61,,,20930,12968983.00,1395,F1,1,,,,,
2026-10-06,2026-10-06,CM,BSE,STK,544430,INE12NJ01018,SAMBHV,B,,,,,SAMBHV STEEL TUBES LIMITED,166.30,166.35,161.60,162.25,162.25,164.65,,162.19,,,125739,20604831.00,837,F1,1,,,,,
2026-10-06,2026-10-06,CM,BSE,STK,544431,INE0S9X01011,ACEALPHA,M,,,,,Ace Alpha Tech Limited,140.10,150.00,140.10,150.00,150.00,140.25,,150.00,,,3000,436650.00,3,F1,1000,,,,,
2026-10-06,2026-10-06,CM,BSE,STK,544432,INE05J901018,IGCL,B,,,,,Indogulf Cropsciences Limited,54.59,57.90,53.70,57.49,56.55,54.07,,57.37,,,15336,850026.00,351,F1,1,,,,,
2026-10-06,2026-10-06,CM,BSE,STK,544433,INE130701019,VALINDIA,M,,,,,Valencia India Limited,17.50,17.75,17.50,17.75,17.75,17.67,,17.75,,,6000,106200.00,3,F1,1200,,,,,
2026-10-06,2026-10-06,CM,BSE,STK,544434,INE0UZO01024,NEETUYOSHI,MT,,,,,Neetu Yoshi Limited,230.00,236.00,226.00,229.35,229.35,231.15,,229.35,,,40000,9201600.00,48,F1,800,,,,,
2026-10-06,2026-10-06,CM,BSE,STK,544435,INE0W1601012,ADCOUNTY,M,,,,,ADCOUNTY MEDIA INDIA LIMITED,74.75,77.00,74.75,75.71,75.80,75.17,,75.71,,,52800,3988688.00,47,F1,800,,,,,
2026-10-06,2026-10-06,CM,BSE,STK,544436,INE0RDJ01019,VANDAN,M,,,,,VANDAN FOODS LIMITED,23.50,26.50,23.50,26.50,26.50,23.50,,26.50,,,2400,60000.00,2,F1,1200,,,,,
2026-10-06,2026-10-06,CM,BSE,STK,544438,INF769K01PB6,INTERNET,B,,,,,Mirae Asset Mutual Fund,13.54,13.79,13.54,13.79,13.79,13.46,,13.78,,,3460,47265.00,15,F1,1,,,,,
2026-10-06,2026-10-06,CM,BSE,STK,544439,INE0S4R01014,CRIZAC,B,,,,,CRIZAC LIMITED,170.95,173.30,167.20,169.00,169.90,167.60,,168.86,,,6813,1154628.00,162,F1,1,,,,,
2026-10-06,2026-10-06,CM,BSE,STK,544440,INE0TL001013,CRYOGENIC,MT,,,,,CRYOGENIC OGS LIMITED,450.00,450.00,429.40,430.20,429.40,452.00,,430.20,,,24000,10423125.00,32,F1,750,,,,,
2026-10-06,2026-10-06,CM,BSE,STK,544441,INE162901016,METAINFO,M,,,,,META INFOTECH LIMITED,77.25,78.50,76.25,76.88,76.88,79.00,,76.88,,,5600,430544.00,7,F1,800,,,,,
2026-10-06,2026-10-06,CM,BSE,STK,544442,INE0VWL01017,CHEMKART,M,,,,,Chemkart India Limited,252.00,252.00,242.00,247.95,249.80,244.25,,247.95,,,21600,5313840.00,30,F1,600,,,,,
2026-10-06,2026-10-06,CM,BSE,STK,544443,INE103V01028,TRAVELFOOD,B,,,,,TRAVEL FOOD SERVICES LIMITED,1199.00,1204.90,1190.35,1194.45,1200.00,1205.10,,1197.70,,,2097,2506340.00,336,F1,1,,,,,
2026-10-06,2026-10-06,CM,BSE,STK,544444,INE0UMC01019,GLEN,MT,,,,,Glen Industries Limited,109.00,118.00,108.75,113.00,113.00,114.05,,113.00,,,129600,15006660.00,54,F1,1200,,,,,
2026-10-06,2026-10-06,CM,BSE,STK,544445,INE0SJX01015,APL,MT,,,,,ASSTON PHARMACEUTICALS LIMITED,99.70,99.70,93.10,97.12,97.35,98.00,,97.12,,,31000,2948900.00,24,F1,1000,,,,,
2026-10-06,2026-10-06,CM,BSE,STK,544446,INE28GN01010,ADVENTHTL,B,,,,,Advent Hotels International Li,122.10,124.90,122.00,122.40,122.00,123.70,,122.22,,,3333,410713.00,188,F1,1,,,,,
2026-10-06,2026-10-06,CM,BSE,STK,544447,INE0NAZ01010,SMARTWORKS,B,,,,,SMARTWORKS COWORKING SPACES LI,499.75,512.50,497.55,505.75,504.40,498.20,,503.95,,,2352,1190652.00,151,F1,1,,,,,
2026-10-06,2026-10-06,CM,BSE,STK,544448,INE124Y01028,PASHUPATI,B,,,,,Pashupati Cotspin Limited,74.74,75.69,69.25,69.90,70.05,73.90,,69.91,,,296377,20808707.00,1562,F1,1,,,,,
2026-10-06,2026-10-06,CM,BSE,STK,544449,INE0CZ201020,ANTHEM,A,,,,,Anthem Biosciences Limited,850.00,895.95,842.55,889.55,889.55,851.95,,890.31,,,166823,146563130.00,2418,F1,1,,,,,
2026-10-06,2026-10-06,CM,BSE,STK,544450,INE0TGX01019,CHEMBONDCH,T,,,,,CHEMBOND CHEMICALS  LIMITED,220.50,235.20,220.50,235.00,235.00,224.00,,222.94,,,3718,861110.00,57,F1,1,,,,,
2026-10-06,2026-10-06,CM,BSE,STK,544451,INE0LCG01010,MONIKA,M,,,,,MONIKA ALCOBEV LIMITED,147.25,174.70,147.25,170.45,170.15,145.60,,170.45,,,117600,20009540.00,214,F1,400,,,,,
2026-10-06,2026-10-06,CM,BSE,STK,544452,INE0PTF01017,SWASTIKAAL,MT,,,,,Swastika Castal Limited,109.20,109.20,108.20,108.20,108.20,108.20,,108.20,,,4000,434800.00,2,F1,2000,,,,,
2026-10-06,2026-10-06,CM,BSE,STK,544453,INE0V0L01028,MSECL,M,,,,,Monarch Surveyors and Engineer,246.00,253.60,246.00,253.00,253.00,243.10,,253.00,,,7800,1954230.00,8,F1,600,,,,,
2026-10-06,2026-10-06,CM,BSE,STK,544454,INE06ST01018,INDIQUBE,B,,,,,INDIQUBE SPACES LIMITED,196.55,196.85,195.90,196.85,196.85,196.40,,197.32,,,224,44006.00,5,F1,1,,,,,
2026-10-06,2026-10-06,CM,BSE,STK,544455,INE18JU01028,EBGNG,B,,,,,GNG Electronics Limited,696.40,711.95,650.25,684.90,684.50,696.40,,685.15,,,54519,37459289.00,1689,F1,1,,,,,
2026-10-06,2026-10-06,CM,BSE,STK,544456,INE219Y01026,RMDRIP,T,,,,,R M DRIP AND SPRINKLERS SYSTEM,23.33,23.99,22.70,23.63,23.90,23.33,,23.56,,,9903,230445.00,109,F1,1,,,,,
2026-10-06,2026-10-06,CM,BSE,STK,544457,INE03NU01014,BRIGHOTEL,B,,,,,Brigade Hotel Ventures Limited,57.50,57.50,56.10,56.82,56.82,57.01,,56.93,,,3796,215852.00,321,F1,1,,,,,
2026-10-06,2026-10-06,CM,BSE,STK,544458,INE0FMZ01045,SHREEREF,M,,,,,SHREE REFRIGERATIONS LIMITED,388.35,393.75,385.00,387.45,386.40,392.95,,387.45,,,114500,44398575.00,225,F1,500,,,,,
2026-10-06,2026-10-06,CM,BSE,STK,544459,INE06ZD01017,SHANTIGOLD,B,,,,,SHANTI GOLD INTERNATIONAL LIMI,320.40,338.55,319.75,337.25,337.25,316.65,,336.69,,,326257,107480534.00,4073,F1,1,,,,,
2026-10-06,2026-10-06,CM,BSE,STK,544460,INE161701011,PATELCHEM,M,,,,,PATEL CHEM SPECIALITIES LIMITE,138.00,149.90,138.00,148.35,149.80,137.90,,148.35,,,123200,17842480.00,74,F1,1600,,,,,
2026-10-06,2026-10-06,CM,BSE,STK,544461,INE505V01016,EUROBOND,B,,,,,Euro Panel Products Limited,145.00,145.95,142.05,142.75,142.75,145.30,,143.22,,,402,58122.00,17,F1,1,,,,,
2026-10-06,2026-10-06,CM,BSE,STK,544463,INE15WN01014,REPONO,M,,,,,REPONO LIMITED,84.00,85.00,82.00,85.00,85.00,85.56,,85.00,,,22800,1918728.00,19,F1,1200,,,,,
2026-10-06,2026-10-06,CM,BSE,STK,544464,INE1P1A01018,UML,MT,,,,,Umiya Mobile Limited,83.50,83.50,82.00,82.00,82.00,84.00,,82.00,,,8000,661500.00,4,F1,2000,,,,,
2026-10-06,2026-10-06,CM,BSE,STK,544465,INE06WU01026,LAXMIINDIA,B,,,,,LAXMI INDIA FINANCE LIMITED,114.35,114.95,110.95,111.75,111.45,113.25,,111.59,,,19304,2168646.00,304,F1,1,,,,,
2026-10-06,2026-10-06,CM,BSE,STK,544466,INE819V01029,CPPLUS,A,,,,,Aditya Infotech Limited,4096.95,4188.50,3940.00,3975.10,3964.70,3989.05,,3975.97,,,23424,95944670.00,2815,F1,1,,,,,
2026-10-06,2026-10-06,CM,BSE,STK,544467,INE301O01023,NSDL,A,,,,,National Securities Depository,750.00,755.00,740.25,742.05,742.05,750.10,,742.09,,,515778,385635963.00,20632,F1,1,,,,,
2026-10-06,2026-10-06,CM,BSE,STK,544468,INE1LJ801017,BDI,M,,,,,B. D. Industries (Pune) Limite,112.00,113.00,110.00,113.00,113.00,115.00,,113.00,,,4800,534000.00,4,F1,1200,,,,,
2026-10-06,2026-10-06,CM,BSE,STK,544469,INE0V9Q01010,LOTUSDEV,T,,,,,Sri Lotus Developers and Realt,239.00,247.70,230.55,244.00,244.00,237.20,,244.73,,,28147,6689057.00,360,F1,1,,,,,
2026-10-06,2026-10-06,CM,BSE,STK,544470,INE08N601015,MBEL,B,,,,,M & B ENGINEERING LIMITED,250.80,257.75,248.45,254.95,257.00,247.40,,255.41,,,5163,1312304.00,179,F1,1,,,,,
2026-10-06,2026-10-06,CM,BSE,STK,544471,INE14OX01013,TAKYON,M,,,,,TAKYON NETWORKS LIMITED,16.80,17.00,16.80,17.00,17.00,16.80,,17.00,,,4000,67600.00,2,F1,2000,,,,,
2026-10-06,2026-10-06,CM,BSE,STK,544472,INE1KH601014,MEHUL,M,,,,,MEHUL COLOURS LIMITED,45.00,47.00,45.00,45.03,45.00,47.30,,45.03,,,6400,291280.00,4,F1,1600,,,,,
2026-10-06,2026-10-06,CM,BSE,STK,544473,INF666M01LM6,GROWWPOWER,B,,,,,Groww Mutual Fund,10.85,11.04,10.81,11.01,11.04,10.85,,11.01,,,62993,691069.00,203,F1,1,,,,,
2026-10-06,2026-10-06,CM,BSE,STK,544475,INE1IBY01019,ESSEX,M,,,,,ESSEX MARINE LIMITED,46.50,46.50,46.50,46.50,46.50,46.50,,46.50,,,2000,93000.00,1,F1,2000,,,,,
2026-10-06,2026-10-06,CM,BSE,STK,544476,INE0J5801029,JSLL,A,,,,,Jeena Sikho Lifecare Limited,450.05,456.10,440.60,442.05,443.10,449.80,,441.33,,,53868,24096448.00,1433,F1,1,,,,,
2026-10-06,2026-10-06,CM,BSE,STK,544477,INE00RL01028,HILINFRA,B,,,,,Highway Infrastructure Limited,43.96,45.77,43.50,45.42,45.44,43.96,,45.37,,,23160,1037783.00,312,F1,1,,,,,
2026-10-06,2026-10-06,CM,BSE,STK,544478,INF200KB1969,SBILIQETF,F,,,,,SBI Mutual Fund,1058.91,1058.91,1058.89,1058.89,1058.89,1058.77,,1058.89,,,2201,2330656.00,3,F1,1,,,,,
2026-10-06,2026-10-06,CM,BSE,STK,544479,INE0GV601021,ALLTIME,B,,,,,ALL TIME PLASTICS LIMITED,186.55,189.90,181.50,185.95,186.10,183.40,,184.38,,,4368,811745.00,111,F1,1,,,,,
2026-10-06,2026-10-06,CM,BSE,STK,544480,INE718I01012,JSWCEMENT,A,,,,,JSW CEMENT LIMITED,111.15,113.70,110.75,113.15,113.15,111.10,,113.20,,,111506,12530092.00,1849,F1,1,,,,,
2026-10-06,2026-10-06,CM,BSE,STK,544481,INE1JAR25012,KRT,IF,,,,,KNOWLEDGE REALTY TRUST,113.29,113.29,111.75,112.43,112.20,112.49,,112.40,,,15479,1737726.00,251,F1,1,,,,,
2026-10-06,2026-10-06,CM,BSE,STK,544482,INE0YG001013,STARIMAGIN,M,,,,,STAR IMAGING AND PATH LAB LIMI,75.00,75.00,75.00,75.00,75.00,75.00,,75.00,,,1000,75000.00,1,F1,1000,,,,,
2026-10-06,2026-10-06,CM,BSE,STK,544483,INE111601014,ICODEX,M,,,,,ICODEX PUBLISHING SOLUTIONS LI,36.51,38.79,36.50,37.50,37.50,38.00,,37.50,,,6000,224760.00,5,F1,1200,,,,,
2026-10-06,2026-10-06,CM,BSE,STK,544484,INE304W01038,BLUESTONE,A,,,,,BlueStone Jewellery and Lifest,790.75,817.50,789.20,813.65,813.50,790.55,,813.85,,,36130,29089949.00,1419,F1,1,,,,,
2026-10-06,2026-10-06,CM,BSE,STK,544485,INE0MHO01029,REGAAL,B,,,,,REGAAL RESOURCES LIMITED,86.70,88.06,85.05,85.93,85.55,85.67,,85.94,,,6619,571861.00,178,F1,1,,,,,
2026-10-06,2026-10-06,CM,BSE,STK,544486,INF0R8F01133,LTGILTCASE,F,,,,,Zerodha Mutual Fund,29.95,30.12,29.95,30.09,30.09,30.09,,30.08,,,114299,3436795.00,34,F1,1,,,,,
2026-10-06,2026-10-06,CM,BSE,STK,544487,INE0R8B01010,PATELRMART,B,,,,,PATEL RETAIL LIMITED,223.45,227.60,220.00,225.95,225.30,222.45,,227.01,,,3066,689576.00,122,F1,1,,,,,
2026-10-06,2026-10-06,CM,BSE,STK,544488,INE078V01014,VIKRAMSOLR,A,,,,,Vikram Solar Limited,155.45,155.45,151.00,151.65,151.65,152.50,,151.51,,,73487,11182488.00,1026,F1,1,,,,,
2026-10-06,2026-10-06,CM,BSE,STK,544489,INE191201016,LGT,M,,,,,LGT GLOBAL HOSPITALITY LIMITED,37.75,37.75,35.00,35.00,35.00,36.05,,35.00,,,19200,680892.00,16,F1,1200,,,,,
2026-10-06,2026-10-06,CM,BSE,STK,544490,INE1B6101010,SHREEJISPG,B,,,,,Shreeji Shipping Global Limite,794.95,800.00,781.50,797.30,800.00,779.80,,796.51,,,18871,14867175.00,368,F1,1,,,,,
2026-10-06,2026-10-06,CM,BSE,STK,544491,INE06XZ01023,GEMAROMA,B,,,,,Gem Aromatics Limited,153.45,154.75,149.50,152.05,153.55,152.25,,152.23,,,2153,329118.00,70,F1,1,,,,,
2026-10-06,2026-10-06,CM,BSE,STK,544492,INE0PKD01011,MEIL,B,,,,,MANGAL ELECTRICAL INDUSTRIES L,259.50,266.05,258.80,264.25,265.15,255.35,,263.48,,,1490,392291.00,54,F1,1,,,,,
2026-10-06,2026-10-06,CM,BSE,STK,544493,INF204KC1GH6,MANUFGBEES,B,,,,,Nippon India Mutual Fund,153.51,155.61,152.90,154.94,154.94,154.07,,155.23,,,143,22109.00,18,F1,1,,,,,
2026-10-06,2026-10-06,CM,BSE,STK,544494,INE12P601017,GLOBTIER,M,,,,,Globtier Infotech limited,16.87,16.87,15.28,15.28,15.28,16.08,,15.28,,,16000,247040.00,9,F1,1600,,,,,
2026-10-06,2026-10-06,CM,BSE,STK,544495,INE0M3X01010,NISMGMT,M,,,,,NIS MANAGEMENT LIMITED,40.00,40.00,40.00,40.00,40.00,40.00,,40.00,,,34800,1392000.00,12,F1,1200,,,,,
2026-10-06,2026-10-06,CM,BSE,STK,544496,INE01R501028,VIKRAN,B,,,,,Vikran Engineering Limited,57.00,58.29,57.00,58.23,58.00,57.19,,58.15,,,78888,4573054.00,493,F1,1,,,,,
2026-10-06,2026-10-06,CM,BSE,STK,544497,INE0Y8W01025,AHCL,B,,,,,ANLON HEALTHCARE LIMITED,29.75,30.55,29.75,29.75,29.75,31.31,,29.66,,,2444742,72868728.00,2835,F1,1,,,,,
2026-10-06,2026-10-06,CM,BSE,STK,544498,INE0RTI01017,OVAL,M,,,,,OVAL PROJECTS ENGINEERING LIMI,47.10,47.10,44.00,44.93,44.00,47.50,,44.93,,,36800,1660240.00,17,F1,1600,,,,,
2026-10-06,2026-10-06,CM,BSE,STK,544499,INE0P6P01016,CPEDU,B,,,,,Career Point Edutech Limited,180.90,180.90,180.40,180.40,180.40,174.35,,181.29,,,11,1985.00,3,F1,1,,,,,
2026-10-06,2026-10-06,CM,BSE,STK,544500,INE15MX01014,ABRIL,M,,,,,ABRIL PAPER TECH LIMITED,28.00,30.00,28.00,30.00,30.00,29.99,,30.00,,,6000,172000.00,3,F1,2000,,,,,
2026-10-06,2026-10-06,CM,BSE,STK,544501,INE0XX801016,SUGSLLOYD,MT,,,,,SUGS LLOYD LIMITED,282.65,282.65,275.10,277.65,276.65,279.45,,277.65,,,29000,8101550.00,29,F1,1000,,,,,
2026-10-06,2026-10-06,CM,BSE,STK,544502,INE084K01015,AMANTA,T,,,,,Amanta Healthcare Limited,210.00,210.00,191.55,196.60,196.60,201.60,,197.47,,,16541,3294187.00,186,F1,1,,,,,
2026-10-06,2026-10-06,CM,BSE,STK,544503,INE0ZN101029,RACHIT,M,,,,,Rachit Prints Limited,175.00,175.00,173.05,173.05,173.05,185.00,,173.05,,,3000,521100.00,2,F1,1000,,,,,
2026-10-06,2026-10-06,CM,BSE,STK,544504,INE0ZOM01013,GOELCONS,M,,,,,GOEL CONSTRUCTION COMPANY LIMI,433.50,433.50,430.00,431.75,430.00,433.50,,431.75,,,800,345400.00,2,F1,400,,,,,
2026-10-06,2026-10-06,CM,BSE,STK,544506,INE0UJF01018,SHARVAYA,M,,,,,SHARVAYA METALS LIMITED,141.25,144.00,141.25,144.00,144.00,141.05,,144.00,,,6600,942150.00,10,F1,600,,,,,
2026-10-06,2026-10-06,CM,BSE,STK,544507,INF0R8F01141,SML100CASE,B,,,,,Zerodha Mutual Fund,10.85,11.10,10.63,11.02,11.10,10.83,,10.99,,,79112,868179.00,58,F1,1,,,,,
2026-10-06,2026-10-06,CM,BSE,STK,544508,INE0WRP01016,VASHISHTHA,M,,,,,VASHISHTHA LUXURY FASHION LIMI,66.95,67.00,65.00,65.00,65.00,62.06,,65.00,,,6000,399540.00,4,F1,1200,,,,,
2026-10-06,2026-10-06,CM,BSE,STK,544511,INE0V8A01016,KARBON,M,,,,,Karbonsteel Engineering Limite,122.00,133.25,116.55,120.00,120.00,119.75,,120.00,,,16000,1974720.00,15,F1,800,,,,,
2026-10-06,2026-10-06,CM,BSE,STK,544512,INE1B3L01017,SHRINGARMS,B,,,,,SHRINGAR HOUSE OF MANGALSUTRA,221.15,225.45,219.50,223.55,222.85,219.00,,223.32,,,18975,4217409.00,352,F1,1,,,,,
2026-10-06,2026-10-06,CM,BSE,STK,544513,INE0VOV01021,DEVX,B,,,,,Dev Accelerator Limited,38.41,40.50,38.27,39.54,40.00,38.11,,39.62,,,22137,870974.00,513,F1,1,,,,,
2026-10-06,2026-10-06,CM,BSE,STK,544515,INE0CAZ01013,URBANCO,A,,,,,Urban Company Limited,159.80,174.50,159.80,173.50,173.50,159.65,,173.54,,,1160697,197260789.00,8461,F1,1,,,,,
2026-10-06,2026-10-06,CM,BSE,STK,544516,INE0XBS01012,AIRFLOA,M,,,,,AIRFLOA RAIL TECHNOLOGY LIMITE,568.00,578.00,563.00,566.60,568.40,562.25,,566.60,,,108000,61584000.00,168,F1,500,,,,,
2026-10-06,2026-10-06,CM,BSE,STK,544517,INE24OJ01011,BUILDPRO,B,,,,,Shankara Buildpro Limited,1289.35,1319.90,1270.65,1305.75,1305.75,1273.85,,1301.57,,,7779,10149683.00,674,F1,1,,,,,
2026-10-06,2026-10-06,CM,BSE,STK,544518,INE0TJ801010,LTELEVATOR,MT,,,,,L. T. ELEVATOR LIMITED,315.40,321.70,315.00,321.70,321.70,315.40,,321.70,,,95200,30318640.00,93,F1,800,,,,,
2026-10-06,2026-10-06,CM,BSE,STK,544519,INE198501012,EUROPRATIK,B,,,,,EURO PRATIK SALES LIMITED,184.50,185.05,179.95,180.30,180.25,183.20,,180.02,,,8578,1563283.00,284,F1,1,,,,,
2026-10-06,2026-10-06,CM,BSE,STK,544520,INE10XS01012,SAMPAT,M,,,,,SAMPAT ALUMINIUM LIMITED,29.15,30.24,29.15,30.24,30.24,30.09,,30.24,,,16800,502368.00,7,F1,1200,,,,,
2026-10-06,2026-10-06,CM,BSE,STK,544521,INE0SJA01013,VMSTMT,B,,,,,VMS TMT LIMITED,45.60,46.89,45.00,46.52,46.68,44.54,,46.57,,,6396,293960.00,145,F1,1,,,,,
2026-10-06,2026-10-06,CM,BSE,STK,544522,INE08PH01015,ABCOTS,B,,,,,A B Cotspin India Limited,196.70,199.00,193.00,198.30,198.30,195.80,,193.34,,,117,22639.00,8,F1,1,,,,,
2026-10-06,2026-10-06,CM,BSE,STK,544523,INE056801025,IVALUE,B,,,,,IVALUE INFOSOLUTIONS LIMITED,230.00,232.80,226.40,229.25,228.25,227.55,,229.44,,,7026,1610636.00,325,F1,1,,,,,
2026-10-06,2026-10-06,CM,BSE,STK,544524,INE14VP01014,JDCABLES,M,,,,,JD CABLES LIMITED,180.10,184.00,180.00,181.95,182.00,181.50,,181.95,,,171200,31129920.00,122,F1,800,,,,,
2026-10-06,2026-10-06,CM,BSE,STK,544525,INE1AG301022,GKENERGY,B,,,,,GK ENERGY LIMITED,112.00,115.00,111.95,114.70,114.80,112.35,,114.47,,,37308,4261240.00,372,F1,1,,,,,
2026-10-06,2026-10-06,CM,BSE,STK,544526,INE13B501022,SAATVIKGL,B,,,,,Saatvik Green Energy Limited,401.75,404.00,399.00,402.30,401.65,400.80,,402.50,,,2433,976092.00,102,F1,1,,,,,
2026-10-06,2026-10-06,CM,BSE,STK,544527,INE0Z4F01028,ATLANTAELE,B,,,,,Atlanta Electricals Limited,1885.60,1966.75,1857.05,1873.15,1872.35,1885.50,,1869.69,,,32845,62820056.00,2834,F1,1,,,,,
2026-10-06,2026-10-06,CM,BSE,STK,544528,INE652V01016,GANESHCP,B,,,,,Ganesh Consumer Products Limit,149.80,150.25,145.00,145.45,145.10,147.60,,145.47,,,12531,1836419.00,385,F1,1,,,,,
2026-10-06,2026-10-06,CM,BSE,STK,544529,INE15XJ01010,APPL,MT,,,,,Aptus Pharma Limited,365.00,368.00,360.00,366.90,366.90,368.70,,366.90,,,7200,2621760.00,17,F1,400,,,,,
2026-10-06,2026-10-06,CM,BSE,STK,544530,INE549H01021,ARSSBL,B,,,,,ANAND RATHI SHARE AND STOCK BR,538.80,557.35,533.45,551.35,552.80,534.60,,551.54,,,39381,21565303.00,1029,F1,1,,,,,
2026-10-06,2026-10-06,CM,BSE,STK,544531,INE1LDV01015,TRUECOLORS,M,,,,,TRUE COLORS LIMITED,146.90,147.90,146.00,147.65,147.65,146.90,,147.65,,,12600,1853670.00,20,F1,600,,,,,
2026-10-06,2026-10-06,CM,BSE,STK,544532,INE0TY101024,SOLARWORLD,B,,,,,Solarworld Energy Solutions Li,122.00,132.30,121.00,129.90,130.00,124.25,,130.29,,,28931,3728978.00,369,F1,1,,,,,
2026-10-06,2026-10-06,CM,BSE,STK,544533,INE04VU01023,STYL,B,,,,,Seshaasai Technologies Limited,360.00,375.65,358.60,368.90,367.10,358.20,,369.70,,,4935,1817183.00,334,F1,1,,,,,
2026-10-06,2026-10-06,CM,BSE,STK,544534,INE00YJ01010,JARO,B,,,,,Jaro Institute of Technology M,408.95,415.95,408.55,414.60,413.90,405.80,,413.87,,,7281,3000379.00,200,F1,1,,,,,
2026-10-06,2026-10-06,CM,BSE,STK,544535,INE0QMV01017,BHARATROHAN,M,,,,,BHARATROHAN AIRBORNE INNOVATIO,119.95,125.00,110.00,116.00,115.00,121.65,,116.00,,,90400,10471440.00,103,F1,800,,,,,
2026-10-06,2026-10-06,CM,BSE,STK,544536,INE658T01017,WEALTH,B,,,,,Wealth First Portfolio Manager,866.90,871.20,849.25,849.30,849.30,871.25,,855.15,,,26,22502.00,10,F1,1,,,,,
2026-10-06,2026-10-06,CM,BSE,STK,544537,INE0YD401026,JAINREC,B,,,,,Jain Resource Recycling Limite,291.50,292.85,288.35,290.10,289.65,290.50,,290.15,,,64190,18655554.00,1127,F1,1,,,,,
2026-10-06,2026-10-06,CM,BSE,STK,544538,INE0TI501017,PRARUH,MT,,,,,PRARUH TECHNOLOGIES LIMITED,180.00,184.00,177.00,177.80,177.00,180.00,,177.80,,,28000,5037300.00,14,F1,2000,,,,,
2026-10-06,2026-10-06,CM,BSE,STK,544539,INE1IIQ01028,SOLVEX,MT,,,,,Solvex Edibles Limited,18.00,18.00,18.00,18.00,18.00,18.18,,18.00,,,8000,144000.00,2,F1,1600,,,,,
2026-10-06,2026-10-06,CM,BSE,STK,544540,INE0MLS01022,EPACKPEB,B,,,,,Epack Prefab Technologies Limi,251.95,252.60,246.60,247.25,247.25,249.60,,247.81,,,20981,5231780.00,899,F1,1,,,,,
2026-10-06,2026-10-06,CM,BSE,STK,544541,INE1KLZ01011,SYSTEMATIC,M,,,,,SYSTEMATIC INDUSTRIES LIMITED,287.10,290.00,284.00,285.80,285.15,283.15,,285.80,,,13200,3778020.00,20,F1,600,,,,,
2026-10-06,2026-10-06,CM,BSE,STK,544542,INE0W5Q01017,JUSTO,M,,,,,Justo Realfintech Limited,80.55,85.00,80.55,85.00,85.00,78.80,,85.00,,,10000,832450.00,8,F1,1000,,,,,
2026-10-06,2026-10-06,CM,BSE,STK,544543,INE965W01036,BMWVENTLTD,B,,,,,BMW VENTURES LIMITED,49.07,50.97,49.07,50.34,50.25,50.14,,50.36,,,6728,337926.00,123,F1,1,,,,,
2026-10-06,2026-10-06,CM,BSE,STK,544544,INE0SRP01014,TELGE,MT,,,,,TELGE PROJECTS LIMITED,250.00,269.25,250.00,268.50,268.50,256.50,,268.50,,,22800,5994180.00,11,F1,1200,,,,,
2026-10-06,2026-10-06,CM,BSE,STK,544545,INE0MWH01014,TRUALT,B,,,,,TRUALT BIOENERGY LIMITED,443.00,452.00,441.05,444.55,443.25,443.05,,444.36,,,9617,4287966.00,346,F1,1,,,,,
2026-10-06,2026-10-06,CM,BSE,STK,544546,INE1B4801017,CHTR,M,,,,,Chatterbox Technologies Limite,33.00,33.49,31.71,33.14,33.49,31.62,,33.14,,,12000,389772.00,10,F1,1200,,,,,
2026-10-06,2026-10-06,CM,BSE,STK,544547,INE1FF001016,JKIPL,B,,,,,Jinkushal Industries Limited,94.36,95.81,94.36,95.06,95.04,94.83,,95.48,,,530,50506.00,6,F1,1,,,,,
2026-10-06,2026-10-06,CM,BSE,STK,544550,INE0S3G01027,PACEDIGITK,B,,,,,Pace Digitek Limited,164.20,170.95,164.20,166.25,166.25,164.10,,166.28,,,35526,5944317.00,671,F1,1,,,,,
2026-10-06,2026-10-06,CM,BSE,STK,544551,INE18PB01017,BHAVIK,M,,,,,BHAVIK ENTERPRISES LIMITED,155.00,155.50,155.00,155.00,155.00,153.50,,155.00,,,51000,7905500.00,4,F1,1000,,,,,
2026-10-06,2026-10-06,CM,BSE,STK,544552,INE0S5T01017,RDGAIL,MT,,,,,RUKMANI DEVI GARG AGRO IMPEX L,134.00,134.00,134.00,134.00,134.00,137.95,,134.00,,,1200,160800.00,1,F1,1200,,,,,
2026-10-06,2026-10-06,CM,BSE,STK,544553,INE1PJP01015,MPKSTEELS,M,,,,,M P K STEELS (I) LIMITED,93.00,93.00,93.00,93.00,93.00,92.20,,93.00,,,8000,744000.00,2,F1,800,,,,,
2026-10-06,2026-10-06,CM,BSE,STK,544554,INE163701019,KVSCASTING,MT,,,,,KVS Castings Limited,80.06,82.95,80.06,81.09,80.86,82.91,,81.09,,,50000,4064520.00,22,F1,2000,,,,,
2026-10-06,2026-10-06,CM,BSE,STK,544555,INE14QA01016,AMEENJI,MT,,,,,AMEENJI RUBBER LIMITED,283.75,289.00,283.75,289.00,289.00,280.45,,289.00,,,14400,4147260.00,12,F1,1200,,,,,
2026-10-06,2026-10-06,CM,BSE,STK,544557,INE0TQE01026,GLOTTIS,B,,,,,Glottis Limited,57.03,58.46,56.77,58.25,58.46,56.85,,58.33,,,2433,141077.00,117,F1,1,,,,,
2026-10-06,2026-10-06,CM,BSE,STK,544558,INE0HF201011,FABTECH,B,,,,,Fabtech Technologies Limited,140.75,142.50,140.50,140.75,142.00,142.60,,141.03,,,12085,1705149.00,91,F1,1,,,,,
2026-10-06,2026-10-06,CM,BSE,STK,544559,INE0R8Q01018,OML,M,,,,,OM METALLOGIC LIMITED,28.49,28.49,26.90,28.40,28.40,27.30,,28.40,,,8000,222544.00,4,F1,1600,,,,,
2026-10-06,2026-10-06,CM,BSE,STK,544562,INE1B0W01010,ADVANCE,B,,,,,Advance Agrolife Limited,115.80,118.25,115.80,117.40,118.00,115.70,,117.74,,,3753,438582.00,57,F1,1,,,,,
2026-10-06,2026-10-06,CM,BSE,STK,544563,INE1B3501014,ZELIO,MT,,,,,Zelio E Mobility Limited,1075.00,1078.25,1074.95,1078.25,1078.25,1057.15,,1078.25,,,12500,13469425.00,20,F1,500,,,,,
2026-10-06,2026-10-06,CM,BSE,STK,544564,INE1BZC01019,OMFREIGHT,B,,,,,Om Freight Forwarders Limited,98.90,107.53,97.03,104.93,104.80,101.00,,104.99,,,25547,2648131.00,251,F1,1,,,,,
2026-10-06,2026-10-06,CM,BSE,STK,544565,INE0QP701017,VALPLAST,M,,,,,Valplast Technologies Limited,38.50,38.50,38.50,38.50,38.50,38.50,,38.50,,,122000,4697000.00,9,F1,2000,,,,,
2026-10-06,2026-10-06,CM,BSE,STK,544567,INE16XA01017,INFINITY,M,,,,,Infinity Infoway Limited,550.00,550.00,547.00,547.00,547.00,550.00,,547.00,,,1600,878800.00,4,F1,400,,,,,
2026-10-06,2026-10-06,CM,BSE,STK,544568,INE0SUM01015,ZAPPFRESH,M,,,,,DSM Fresh Foods Limited,59.00,59.00,57.60,57.60,57.60,59.00,,57.60,,,7200,422160.00,6,F1,1200,,,,,
2026-10-06,2026-10-06,CM,BSE,STK,544569,INE1TAE01010,TMCV,B,,,,,Tata Motors Limited,427.70,437.30,423.75,433.30,433.30,426.75,,433.78,,,582135,250390261.00,10764,F1,1,,,,,
2026-10-06,2026-10-06,CM,BSE,STK,544570,INE085001019,WEWORK,B,,,,,WeWork India Management Limite,654.15,667.55,647.80,664.90,665.00,650.90,,664.90,,,2832,1874294.00,229,F1,1,,,,,
2026-10-06,2026-10-06,CM,BSE,STK,544572,INE2J8701016,SKFINDUS,B,,,,,SKF INDIA (INDUSTRIAL) LIMITED,2717.10,2783.75,2693.55,2777.20,2765.00,2733.40,,2774.68,,,904,2482370.00,246,F1,1,,,,,
2026-10-06,2026-10-06,CM,BSE,STK,544574,INE976I01016,TATACAP,A,,,,,Tata Capital Limited,317.40,323.30,316.85,321.95,321.95,317.70,,322.09,,,138054,44120476.00,2698,F1,1,,,,,
2026-10-06,2026-10-06,CM,BSE,STK,544575,INE833Q01012,MITTALSTL,M,,,,,Mittal Sections Limited,26.60,26.60,26.00,26.52,26.52,25.50,,26.52,,,6000,158920.00,6,F1,1000,,,,,
2026-10-06,2026-10-06,CM,BSE,STK,544576,INE324D01010,LGEINDIA,B,,,,,LG Electronics India Limited,1776.85,1788.95,1749.60,1757.90,1757.90,1768.50,,1758.60,,,33319,58894841.00,3382,F1,1,,,,,
2026-10-06,2026-10-06,CM,BSE,STK,544577,INE196Y01018,WORTHPERI,B,,,,,Worth Peripherals Limited,141.00,141.00,141.00,141.00,141.00,143.05,,141.09,,,200,28200.00,1,F1,1,,,,,
2026-10-06,2026-10-06,CM,BSE,STK,544578,INE506V01022,RUBICON,B,,,,,RUBICON RESEARCH LIMITED,1580.05,1623.35,1580.05,1597.30,1597.00,1609.65,,1596.82,,,11386,18203476.00,1020,F1,1,,,,,
2026-10-06,2026-10-06,CM,BSE,STK,544579,INE1UA823019,ANANTAM,IF,,,,,Anantam Highways Trust,103.52,103.52,102.98,103.00,103.00,103.99,,102.99,,,752,77510.00,17,F1,1,,,,,
2026-10-06,2026-10-06,CM,BSE,STK,544580,INE218I01013,CRAMC,B,,,,,Canara Robeco Asset Management,224.30,226.00,221.75,224.50,224.50,220.35,,224.87,,,22864,5117691.00,445,F1,1,,,,,
2026-10-06,2026-10-06,CM,BSE,STK,544581,INF740KA1WU9,FLEXIADD,B,,,,,DSP Nifty500 Flexicap Quality,9.44,9.51,9.44,9.51,9.51,9.39,,9.50,,,1076,10211.00,6,F1,1,,,,,
2026-10-06,2026-10-06,CM,BSE,STK,544582,INE1EUB01016,SHLOKKA,M,,,,,SHLOKKA DYES LIMITED,30.00,30.40,29.16,30.10,29.95,30.05,,30.10,,,18000,536772.00,14,F1,1200,,,,,
2026-10-06,2026-10-06,CM,BSE,STK,544583,INE01TY01017,CANHLIFE,B,,,,,Canara HSBC Life Insurance Com,144.75,144.75,139.00,143.15,142.90,142.35,,143.13,,,56005,7893078.00,1343,F1,1,,,,,
2026-10-06,2026-10-06,CM,BSE,STK,544584,INE13YH01017,SKM,MT,,,,,SK Minerals & Additives Limite,467.25,467.25,446.00,446.00,446.00,458.00,,446.00,,,6000,2716250.00,6,F1,1000,,,,,
2026-10-06,2026-10-06,CM,BSE,STK,544586,INF0R8F01166,NIFTYCASE,B,,,,,Zerodha Mutual Fund,9.09,9.16,9.07,9.13,9.14,9.08,,9.11,,,42974,392196.00,220,F1,1,,,,,
2026-10-06,2026-10-06,CM,BSE,STK,544587,INE0XAD01024,MIDWESTLTD,B,,,,,Midwest Limited,917.05,1007.30,917.00,1007.30,1007.30,915.75,,1006.69,,,6880,6739570.00,370,F1,1,,,,,
2026-10-06,2026-10-06,CM,BSE,STK,544594,INE1GUJ01014,TRADEUNO,M,,,,,GAME CHANGERS TEXFAB LIMITED,92.00,96.00,92.00,96.00,96.00,92.00,,96.00,,,4800,450300.00,4,F1,1200,,,,,
2026-10-06,2026-10-06,CM,BSE,STK,544595,INE16NZ01023,ORKLAINDIA,B,,,,,Orkla India Limited,537.60,550.30,535.00,544.60,541.50,537.60,,544.99,,,2525,1377801.00,325,F1,1,,,,,
2026-10-06,2026-10-06,CM,BSE,STK,544596,INE0SVZ01015,SAFECURE,M,,,,,Safecure Services Limited,24.45,25.41,24.45,25.41,25.41,23.10,,25.41,,,7200,181788.00,5,F1,1200,,,,,
2026-10-06,2026-10-06,CM,BSE,STK,544597,INE202B01038,PIRAMALFIN,B,,,,,Piramal Finance Limited,2000.00,2044.65,1976.90,2019.60,2024.75,2002.55,,2018.57,,,49156,98068063.00,900,F1,1,,,,,
2026-10-06,2026-10-06,CM,BSE,STK,544598,INE648Z01023,ACCURACY,B,,,,,Accuracy Shipping Limited,4.15,4.22,4.10,4.19,4.21,4.20,,4.12,,,4660,19300.00,56,F1,1,,,,,
2026-10-06,2026-10-06,CM,BSE,STK,544599,INE00Q601028,STUDDS,B,,,,,Studds Accessories Limited,397.70,413.70,397.70,406.70,405.65,403.55,,407.05,,,2044,831313.00,125,F1,1,,,,,
2026-10-06,2026-10-06,CM,BSE,STK,544600,INE956O01016,LENSKART,B,,,,,Lenskart Solutions Limited,693.05,694.60,682.90,684.85,682.95,691.70,,684.85,,,100295,68999212.00,3271,F1,1,,,,,
2026-10-06,2026-10-06,CM,BSE,STK,544601,INF2KCX01012,CHOICEGOLD,E,,,,,Choice Mutual Fund,144.36,145.93,144.36,145.93,145.93,146.12,,145.91,,,92,13352.00,7,F1,1,,,,,
2026-10-06,2026-10-06,CM,BSE,STK,544602,INE1YPB01014,AGL,B,,,,,Allcargo Global Limited,12.25,12.88,12.25,12.78,12.85,12.51,,12.77,,,225303,2836601.00,526,F1,1,,,,,
2026-10-06,2026-10-06,CM,BSE,STK,544603,INE0HOQ01053,GROWW,B,,,,,Billionbrains Garage Ventures,188.00,194.50,187.65,193.15,193.15,187.05,,193.19,,,2905105,558215941.00,19940,F1,1,,,,,
2026-10-06,2026-10-06,CM,BSE,STK,544604,INF769K01PR2,ENERGY,B,,,,,Mirae Asset Mutual Fund,36.91,37.25,36.91,37.11,37.13,36.81,,37.19,,,9471,351713.00,145,F1,1,,,,,
2026-10-06,2026-10-06,CM,BSE,STK,544605,INF769K01PQ4,SMALL250,B,,,,,Mirae Asset Mutual Fund,18.41,18.41,17.72,17.93,17.93,17.71,,17.96,,,43867,783846.00,115,F1,1,,,,,
2026-10-06,2026-10-06,CM,BSE,STK,544606,INE15B701018,PINELABS,B,,,,,Pine Labs Limited,168.50,173.50,167.90,172.75,173.50,167.40,,172.73,,,938358,161071021.00,7015,F1,1,,,,,
2026-10-06,2026-10-06,CM,BSE,STK,544607,INE0D8001018,SHTL,MT,,,,,SHINING TOOLS LIMITED,157.05,164.00,156.50,159.20,159.20,162.90,,159.20,,,19200,3058260.00,15,F1,1200,,,,,
2026-10-06,2026-10-06,CM,BSE,STK,544608,INE1C6T01020,EMMVEE,B,,,,,Emmvee Photovoltaic Power Limi,296.65,299.30,293.30,296.50,296.70,296.25,,296.50,,,98318,29146597.00,2186,F1,1,,,,,
2026-10-06,2026-10-06,CM,BSE,STK,544609,INE0LP301011,PWL,B,,,,,Physicswallah Limited,130.85,135.40,126.70,131.90,132.20,131.40,,131.86,,,4643126,602907242.00,8228,F1,1,,,,,
2026-10-06,2026-10-06,CM,BSE,STK,544610,INE1I1301016,WORKMATES,M,,,,,WORKMATES CORE2CLOUD SOLUTION,366.95,376.30,350.00,376.30,376.30,358.40,,376.30,,,30600,11041440.00,42,F1,600,,,,,
2026-10-06,2026-10-06,CM,BSE,STK,544611,INE0U9D01019,MAHALIFE,M,,,,,MAHAMAYA LIFESCIENCES LIMITED,178.00,178.00,175.00,175.05,175.05,178.00,,175.05,,,6000,1053660.00,4,F1,1200,,,,,
2026-10-06,2026-10-06,CM,BSE,STK,544612,INE19RI01016,TENNIND,B,,,,,Tenneco Clean Air India Limite,487.10,497.00,484.10,494.00,493.00,487.10,,494.15,,,18675,9163812.00,1208,F1,1,,,,,
2026-10-06,2026-10-06,CM,BSE,STK,544613,INE12UR01024,UTLSOLAR,B,,,,,Fujiyama Power Systems Limited,412.65,424.40,411.00,419.85,423.75,411.90,,418.90,,,16528,6937021.00,750,F1,1,,,,,
2026-10-06,2026-10-06,CM,BSE,STK,544614,INE0ILV01024,CAPILLARY,B,,,,,Capillary Technologies India L,545.70,595.00,543.90,588.45,584.55,546.70,,587.27,,,16626,9591991.00,663,F1,1,,,,,
2026-10-06,2026-10-06,CM,BSE,STK,544615,INE1SPP01016,KSR,T,,,,,KSR Footwear Limited,36.72,38.45,36.72,38.45,38.45,38.50,,38.30,,,2518,93719.00,21,F1,1,,,,,
2026-10-06,2026-10-06,CM,BSE,STK,544616,INE0BUQ01012,GALLARD,M,,,,,Gallard Steel Limited,166.75,166.75,161.10,165.95,165.95,166.75,,165.95,,,8000,1313750.00,8,F1,1000,,,,,
2026-10-06,2026-10-06,CM,BSE,STK,544617,INE606N01019,EXCELSOFT,B,,,,,Excelsoft Technologies Limited,80.00,83.20,79.96,82.05,82.05,80.02,,82.10,,,46263,3765884.00,456,F1,1,,,,,
2026-10-06,2026-10-06,CM,BSE,STK,544618,INF754K01VY8,ESENSEX,B,,,,,Edelweiss Mutual Fund,73.63,73.63,73.63,73.63,73.63,74.29,,73.64,,,1,73.00,1,F1,1,,,,,
2026-10-06,2026-10-06,CM,BSE,STK,544619,INE0QPI01025,SUDEEPPHRM,B,,,,,Sudeep Pharma Limited,1218.95,1218.95,1157.00,1158.10,1157.00,1170.25,,1158.39,,,4000,4727912.00,598,F1,1,,,,,
2026-10-06,2026-10-06,CM,BSE,STK,544621,INE1U2R01013,SSMD,M,,,,,SSMD AGROTECH INDIA LIMITED,55.00,57.05,55.00,57.05,57.05,58.87,,57.05,,,4000,225050.00,4,F1,1000,,,,,
2026-10-06,2026-10-06,CM,BSE,STK,544622,INE2KCE01013,KWIL,B,,,,,Kwality Walls (India) Limited,37.57,38.88,37.57,38.33,38.42,37.99,,38.29,,,445325,17127426.00,2363,F1,1,,,,,
2026-10-06,2026-10-06,CM,BSE,STK,544623,INE0UH001016,MNFL,M,,,,,Mother Nutri Foods Limited,150.10,150.10,150.00,150.00,150.00,152.10,,150.00,,,10800,1620120.00,5,F1,1200,,,,,
2026-10-06,2026-10-06,CM,BSE,STK,544624,INE0EOJ01014,KKSILK,M,,,,,K K SILK MILLS LIMITED,9.31,9.50,9.31,9.50,9.50,9.21,,9.50,,,6000,56430.00,2,F1,3000,,,,,
2026-10-06,2026-10-06,CM,BSE,STK,544625,INE1BA901016,LOGICIEL,M,,,,,Logiciel Solutions Limited,29.00,29.00,28.50,28.50,28.50,29.05,,28.50,,,1800,51630.00,3,F1,600,,,,,
2026-10-06,2026-10-06,CM,BSE,STK,544626,INE1E4401010,EXATO,MT,,,,,EXATO TECHNOLOGIES LIMITED,685.00,689.70,670.00,689.70,689.70,656.90,,689.70,,,20500,14122175.00,26,F1,500,,,,,
2026-10-06,2026-10-06,CM,BSE,STK,544627,INE0VDK01019,PURPLEWAVE,MT,,,,,PURPLE WAVE INFOCOM LIMITED,360.00,377.40,360.00,377.40,377.40,359.45,,377.40,,,12000,4354800.00,8,F1,1000,,,,,
2026-10-06,2026-10-06,CM,BSE,STK,544628,INE0RUY01012,ASTRONMULT,M,,,,,Astron Multigrain Limited,16.61,18.17,16.00,17.70,17.60,16.24,,17.70,,,24000,418360.00,12,F1,2000,,,,,
2026-10-06,2026-10-06,CM,BSE,STK,544629,INE0W4D01018,RAVEL,M,,,,,Ravelcare Limited,101.00,101.00,96.25,96.85,96.25,100.80,,96.85,,,4000,391550.00,4,F1,1000,,,,,
2026-10-06,2026-10-06,CM,BSE,STK,544631,INE985W01018,CNL,B,,,,,CREATIVE NEWTECH LIMITED,1073.15,1079.65,1067.20,1067.80,1067.60,1074.05,,1069.87,,,438,469356.00,67,F1,1,,,,,
2026-10-06,2026-10-06,CM,BSE,STK,544632,INE0VDM01015,MEESHO,B,,,,,Meesho Limited,229.35,244.00,228.90,238.40,238.40,226.45,,238.23,,,5222129,1249454707.00,17849,F1,1,,,,,
2026-10-06,2026-10-06,CM,BSE,STK,544633,INE14UN01029,VIDYAWIRES,B,,,,,VIDYA WIRES LIMITED,91.72,96.12,91.72,96.12,96.12,91.55,,95.96,,,211776,20195392.00,2218,F1,1,,,,,
2026-10-06,2026-10-06,CM,BSE,STK,544634,INE947N01017,AEQUS,B,,,,,Aequs Limited,287.85,294.90,284.20,285.45,287.20,285.05,,286.05,,,530873,153575801.00,11592,F1,1,,,,,
2026-10-06,2026-10-06,CM,BSE,STK,544635,INE1CJB01013,LUXURY,M,,,,,Luxury Time Limited,73.65,73.65,71.50,71.51,71.50,72.60,,71.51,,,12800,932416.00,6,F1,1600,,,,,
2026-10-06,2026-10-06,CM,BSE,STK,544637,INE0QZR01017,METHODHUB,M,,,,,Methodhub Software Limited,68.89,68.89,66.00,66.77,67.26,67.76,,66.77,,,32400,2172252.00,51,F1,600,,,,,
2026-10-06,2026-10-06,CM,BSE,STK,544638,INF194KB1KJ7,GOLDBND,E,,,,,Bandhan Mutual Fund,146.90,148.51,145.25,147.50,147.50,146.20,,146.97,,,271,39784.00,85,F1,1,,,,,
2026-10-06,2026-10-06,CM,BSE,STK,544639,INF194KB1KI9,SILVERBND,E,,,,,Bandhan Mutual Fund,218.29,221.16,218.29,220.00,220.00,222.74,,221.55,,,390,85672.00,8,F1,1,,,,,
2026-10-06,2026-10-06,CM,BSE,STK,544641,INE1IE301018,KVTOYS,M,,,,,K. V. TOYS INDIA LIMITED,266.75,268.00,266.75,268.00,268.00,260.00,,268.00,,,5400,1442670.00,6,F1,600,,,,,
2026-10-06,2026-10-06,CM,BSE,STK,544642,INE0E7301029,WAKEFIT,B,,,,,Wakefit Innovations Limited,136.05,141.50,135.75,135.95,136.10,138.35,,135.98,,,23729,3272479.00,643,F1,1,,,,,
2026-10-06,2026-10-06,CM,BSE,STK,544644,INE02ZQ01018,CORONA,B,,,,,Corona Remedies Limited,2025.00,2055.80,2007.60,2037.55,2040.40,2036.70,,2038.27,,,1211,2457639.00,411,F1,1,,,,,
2026-10-06,2026-10-06,CM,BSE,STK,544645,INE119201023,PARKHOSPS,B,,,,,PARK MEDI WORLD LIMITED,270.10,276.00,265.80,274.05,273.60,265.10,,274.85,,,11039,3011455.00,331,F1,1,,,,,
2026-10-06,2026-10-06,CM,BSE,STK,544646,INE0O9L01010,SHIPWAVES,M,,,,,Shipwaves Online Limited,3.50,3.50,3.50,3.50,3.50,3.30,,3.50,,,10000,35000.00,1,F1,10000,,,,,
2026-10-06,2026-10-06,CM,BSE,STK,544647,INE428V01029,NEPHROPLUS,B,,,,,Nephrocare Health Services Lim,675.00,675.00,628.00,634.85,636.75,637.20,,634.56,,,18235,11551839.00,1458,F1,1,,,,,
2026-10-06,2026-10-06,CM,BSE,STK,544648,INE1FHV01026,UNISEM,M,,,,,UNISEM AGRITECH LIMITED,47.26,47.26,47.25,47.25,47.25,48.90,,47.25,,,4000,189020.00,2,F1,2000,,,,,
2026-10-06,2026-10-06,CM,BSE,STK,544654,INF740KA1WX3,SMALLADD,B,,,,,DSP Nifty Smallcap 250 ETF,18.00,18.02,17.87,17.97,17.97,18.00,,17.98,,,1821,32804.00,12,F1,1,,,,,
2026-10-06,2026-10-06,CM,BSE,STK,544655,INF740KA1WW5,MIDCAPADD,B,,,,,DSP Nifty Midcap 150 ETF,21.98,22.00,21.89,22.00,22.00,21.90,,22.20,,,5675,124634.00,11,F1,1,,,,,
2026-10-06,2026-10-06,CM,BSE,STK,544656,INE1E1V01017,HRS,M,,,,,HRS ALUGLAZE LIMITED,262.00,262.00,262.00,262.00,262.00,262.00,,262.00,,,400,104800.00,1,F1,400,,,,,
2026-10-06,2026-10-06,CM,BSE,STK,544657,INE14LM01012,PAJSON,M,,,,,Pajson Agro India Limited,219.00,254.00,219.00,241.65,254.00,219.65,,241.65,,,25800,6028440.00,35,F1,600,,,,,
2026-10-06,2026-10-06,CM,BSE,STK,544658,INE346A01027,ICICIAMC,A,,,,,ICICI Prudential Asset Managem,3065.30,3083.00,3042.00,3073.00,3075.00,3058.15,,3071.55,,,17579,53776735.00,1437,F1,1,,,,,
2026-10-06,2026-10-06,CM,BSE,STK,544660,INF769K01PZ5,TOP20,B,,,,,Mirae Asset Mutual Fund,8.37,8.41,8.37,8.41,8.41,8.35,,8.40,,,1007,8454.00,27,F1,1,,,,,
2026-10-06,2026-10-06,CM,BSE,STK,544661,INF769K01PY8,DIVIDEND,B,,,,,Mirae Asset Mutual Fund,33.84,33.84,33.72,33.72,33.72,33.79,,33.74,,,11,371.00,5,F1,1,,,,,
2026-10-06,2026-10-06,CM,BSE,STK,544663,INE1NQ501012,NEPLOG,M,,,,,NEPTUNE LOGITEK LIMITED,32.25,32.25,32.25,32.25,32.25,34.00,,32.25,,,1000,32250.00,1,F1,1000,,,,,
2026-10-06,2026-10-06,CM,BSE,STK,544664,INE987S01020,KSHINTL,B,,,,,KSH INTERNATIONAL LIMITED,1039.95,1053.95,1025.25,1034.10,1035.80,1035.55,,1034.10,,,8285,8613116.00,581,F1,1,,,,,
2026-10-06,2026-10-06,CM,BSE,STK,544665,INE1ITY01011,GLOBALLOG,M,,,,,Global Ocean Logistics India L,104.00,104.00,104.00,104.00,104.00,104.00,,104.00,,,1600,166400.00,1,F1,1600,,,,,
2026-10-06,2026-10-06,CM,BSE,STK,544666,INE0V0W01025,GKSL,B,,,,,GUJARAT KIDNEY AND SUPER SPECI,190.45,196.40,186.00,193.40,194.10,189.90,,193.62,,,106721,20452644.00,1471,F1,1,,,,,
2026-10-06,2026-10-06,CM,BSE,STK,544667,INE1F9M01018,DACHEPALLI,M,,,,,Dachepalli Publishers Limited,97.05,98.99,97.05,97.05,97.05,97.05,,97.05,,,7200,702228.00,6,F1,1200,,,,,
2026-10-06,2026-10-06,CM,BSE,STK,544668,INE0YJA01011,NANTA,M,,,,,NANTA TECH LIMITED,300.60,326.00,300.60,303.10,301.00,316.40,,303.10,,,61200,18689850.00,86,F1,600,,,,,
2026-10-06,2026-10-06,CM,BSE,STK,544669,INE0XLO01010,ADMACH,MT,,,,,ADMACH SYSTEMS LIMITED,465.10,470.00,465.00,466.70,470.00,474.90,,466.70,,,1800,840060.00,3,F1,600,,,,,
2026-10-06,2026-10-06,CM,BSE,STK,544670,INE1IJQ01026,BAIKAKAJI,MT,,,,,BAI-KAKAJI POLYMERS LIMITED,296.10,296.10,291.00,293.85,293.05,295.00,,293.85,,,9600,2823840.00,15,F1,600,,,,,
2026-10-06,2026-10-06,CM,BSE,STK,544671,INE0X4A01013,ATIL,M,,,,,APOLLO TECHNO INDUSTRIES LIMIT,87.00,87.00,85.84,85.85,85.86,85.22,,85.85,,,4000,344540.00,4,F1,1000,,,,,
2026-10-06,2026-10-06,CM,BSE,STK,544672,INF2F0001370,TWCGOLDETF,E,,,,,The Wealth Company Mutual Fund,145.69,145.69,145.69,145.69,145.69,144.77,,146.53,,,1,145.00,1,F1,1,,,,,
2026-10-06,2026-10-06,CM,BSE,STK,544673,INE1HK501016,MDRC,M,,,,,MODERN DIAGNOSTIC & RESEARCH C,68.02,68.70,67.71,68.14,67.71,70.50,,68.14,,,6400,435904.00,4,F1,1600,,,,,
2026-10-06,2026-10-06,CM,BSE,STK,544674,INF740KA1XU7,NEXT50ADD,B,,,,,DSP Nifty Next 50 ETF,70.02,70.53,70.02,70.53,70.53,71.14,,70.56,,,145,10200.00,5,F1,1,,,,,
2026-10-06,2026-10-06,CM,BSE,STK,544675,INE1H1501013,GTIL,MT,,,,,Gabion Technologies India Limi,123.00,129.00,117.55,121.50,121.50,123.25,,121.50,,,30400,3790480.00,18,F1,1600,,,,,
2026-10-06,2026-10-06,CM,BSE,STK,544676,INE0CNJ01010,YAJUR,M,,,,,YAJUR FIBRES LIMITED,38.00,38.00,37.50,37.80,37.80,38.00,,37.80,,,9600,363720.00,11,F1,800,,,,,
2026-10-06,2026-10-06,CM,BSE,STK,544677,INE0ZE201010,DEFRAIL,M,,,,,Defrail Technologies Limited,70.00,70.00,69.93,69.93,69.93,69.92,,69.93,,,3200,223888.00,2,F1,1600,,,,,
2026-10-06,2026-10-06,CM,BSE,STK,544678,INE05XR01022,BHARATCOAL,B,,,,,BHARAT COKING COAL LIMITED,32.01,32.33,31.85,32.03,32.11,31.85,,32.05,,,263908,8467970.00,883,F1,1,,,,,
2026-10-06,2026-10-06,CM,BSE,STK,544679,INE121R01077,AMAGI,B,,,,,Amagi Media Labs Limited,571.50,572.50,560.00,564.30,562.80,569.75,,564.15,,,10497,5929505.00,545,F1,1,,,,,
2026-10-06,2026-10-06,CM,BSE,STK,544680,INE0S1B01014,NARMADESH,M,,,,,Narmadesh Brass Industries Lim,275.50,275.50,275.50,275.50,275.50,290.00,,275.50,,,480,132240.00,2,F1,240,,,,,
2026-10-06,2026-10-06,CM,BSE,STK,544681,INE0WKY01013,INDOSMC,M,,,,,INDO SMC Limited,504.40,513.00,498.00,499.00,498.00,504.50,,499.00,,,55000,27866550.00,50,F1,1000,,,,,
2026-10-06,2026-10-06,CM,BSE,STK,544682,INE0U8P01015,GRERENEW,M,,,,,GRE Renew Enertech Limited,230.10,230.10,229.00,229.00,229.00,234.90,,229.00,,,2400,550920.00,2,F1,1200,,,,,
2026-10-06,2026-10-06,CM,BSE,STK,544684,INE1OOT01028,DIGILOGIC,MT,,,,,DIGILOGIC SYSTEMS LIMITED,194.00,196.00,190.95,191.50,190.95,201.00,,191.50,,,56400,10863120.00,47,F1,1200,,,,,
2026-10-06,2026-10-06,CM,BSE,STK,544685,INE12UN01015,SHADOWFAX,B,,,,,SHADOWFAX TECHNOLOGIES LIMITED,291.35,291.85,284.55,287.75,289.65,288.90,,288.00,,,148222,42521993.00,2824,F1,1,,,,,
2026-10-06,2026-10-06,CM,BSE,STK,544687,INE0JVH01012,HANNAH,M,,,,,Hannah Joseph Hospital Limited,98.55,105.90,98.55,104.50,103.05,99.15,,104.50,,,12000,1212100.00,6,F1,2000,,,,,
2026-10-06,2026-10-06,CM,BSE,STK,544688,INE0T1301023,KASTURI,M,,,,,KASTURI METAL COMPOSITE LIMITE,67.00,70.88,66.00,67.00,67.00,62.85,,67.00,,,54000,3722580.00,24,F1,2000,,,,,
2026-10-06,2026-10-06,CM,BSE,STK,544693,INE163401016,KANISHK,M,,,,,KANISHK ALUMINIUM INDIA LIMITE,25.65,25.65,25.65,25.65,25.65,24.60,,25.65,,,1600,41040.00,1,F1,1600,,,,,
2026-10-06,2026-10-06,CM,BSE,STK,544695,INE2B5L01011,MSAFE,MT,,,,,Msafe Equipments Limited,280.00,289.05,277.00,285.55,289.05,275.30,,285.55,,,76000,21533600.00,57,F1,1000,,,,,
2026-10-06,2026-10-06,CM,BSE,STK,544698,INE1N9E01015,PANHR,M,,,,,PAN HR SOLUTION LIMITED,43.50,44.99,42.00,44.99,44.99,43.55,,44.99,,,12800,548464.00,8,F1,1600,,,,,
2026-10-06,2026-10-06,CM,BSE,STK,544699,INE501X01029,AYE,B,,,,,Aye Finance Limited,168.00,168.00,163.00,165.00,166.50,162.65,,165.54,,,23610,3889045.00,489,F1,1,,,,,
2026-10-06,2026-10-06,CM,BSE,STK,544700,INE212S01015,FRACTAL,B,,,,,Fractal Analytics Limited,728.75,745.00,722.45,742.50,742.45,725.80,,742.16,,,8819,6500396.00,753,F1,1,,,,,
2026-10-06,2026-10-06,CM,BSE,STK,544701,INF769K01QA6,HEALTHCARE,B,,,,,Mirae Asset Mutual Fund,20.83,21.08,20.79,21.08,21.08,20.85,,21.03,,,9981,208484.00,34,F1,1,,,,,
2026-10-06,2026-10-06,CM,BSE,STK,544702,INE0OU201013,DCMSIL,B,,,,,DCM SHRIRAM INTERNATIONAL LIMI,78.41,80.99,75.94,79.56,80.00,77.51,,79.16,,,39021,3053036.00,624,F1,1,,,,,
2026-10-06,2026-10-06,CM,BSE,STK,544703,INE0OFM01015,DSFCL,T,,,,,DCM SHRIRAM FINE CHEMICALS LIM,28.00,28.84,27.23,28.73,28.80,27.50,,28.28,,,9273,264668.00,44,F1,1,,,,,
2026-10-06,2026-10-06,CM,BSE,STK,544704,INF769K01QB4,INFRA,B,,,,,Mirae Asset Mutual Fund,11.57,11.60,11.54,11.60,11.60,11.44,,11.59,,,296,3427.00,13,F1,1,,,,,
2026-10-06,2026-10-06,CM,BSE,STK,544705,INF769K01QC2,DEFENCE,B,,,,,Mirae Asset Mutual Fund,77.50,78.09,76.66,77.94,77.92,76.69,,78.10,,,38534,2986369.00,215,F1,1,,,,,
2026-10-06,2026-10-06,CM,BSE,STK,544707,INE1W3Q01011,FIL,M,,,,,Fractal Industries Limited,214.90,214.90,213.90,213.90,213.90,216.90,,213.90,,,7200,1544280.00,2,F1,600,,,,,
2026-10-06,2026-10-06,CM,BSE,STK,544708,INE1O6P01016,YASHHTEJ,M,,,,,Yashhtej Industries (India) Li,50.00,52.97,50.00,50.00,50.00,50.45,,50.00,,,8400,428340.00,6,F1,1200,,,,,
2026-10-06,2026-10-06,CM,BSE,STK,544709,INE0P8B01020,GAUDIUMIVF,B,,,,,Gaudium IVF and Women Health L,104.75,110.25,103.40,109.30,109.80,102.70,,109.28,,,38736,4158999.00,540,F1,1,,,,,
2026-10-06,2026-10-06,CM,BSE,STK,544710,INE132201018,ACCORDTS,M,,,,,ACCORD TRANSFORMER & SWITCHGEA,81.50,86.13,81.50,85.25,86.13,78.30,,85.25,,,255000,21449670.00,83,F1,3000,,,,,
2026-10-06,2026-10-06,CM,BSE,STK,544711,INE1C3F01018,KIAASA,M,,,,,KIAASA RETAIL LIMITED,29.50,29.50,29.50,29.50,29.50,29.50,,29.50,,,1000,29500.00,1,F1,1000,,,,,
2026-10-06,2026-10-06,CM,BSE,STK,544716,INE19GK01015,SRTL,B,,,,,SHREE RAM TWISTEX LIMITED,38.00,38.00,35.66,37.00,37.00,36.08,,36.69,,,230,8398.00,8,F1,1,,,,,
2026-10-06,2026-10-06,CM,BSE,STK,544717,INE647U01026,CLEANMAX,B,,,,,Clean Max Enviro Energy Soluti,1303.05,1395.50,1302.45,1391.80,1390.75,1303.20,,1392.48,,,11358,15369231.00,1074,F1,1,,,,,
2026-10-06,2026-10-06,CM,BSE,STK,544718,INE1RDG01013,PNGSREVA,B,,,,,PNGS Reva Diamond Jewellery Li,539.60,560.35,539.60,546.65,549.10,534.50,,547.18,,,20310,11133249.00,925,F1,1,,,,,
2026-10-06,2026-10-06,CM,BSE,STK,544719,INF209KC1670,ABSL10BANK,B,,,,,Aditya Birla Sun Life Mutual F,162.59,162.59,161.40,161.40,161.40,160.00,,162.25,,,350,56727.00,3,F1,1,,,,,
2026-10-06,2026-10-06,CM,BSE,STK,544720,INE0UH301010,OMNI,B,,,,,Omnitech Engineering Limited,636.80,678.70,636.80,657.05,654.00,632.05,,656.95,,,78345,51705902.00,4290,F1,1,,,,,
2026-10-06,2026-10-06,CM,BSE,STK,544721,INF666M01OD9,GROWWHOSPI,B,,,,,Groww Mutual Fund,47.99,47.99,46.22,46.81,47.00,47.02,,46.67,,,50048,2327332.00,502,F1,1,,,,,
2026-10-06,2026-10-06,CM,BSE,STK,544722,INF200KB1AJ0,SBIMIDMOM,B,,,,,SBI Mutual Fund,60.89,61.63,60.84,61.46,61.22,60.68,,61.56,,,3907,238775.00,37,F1,1,,,,,
2026-10-06,2026-10-06,CM,BSE,STK,544723,INE00XB01019,SEDEMAC,B,,,,,SEDEMAC MECHATRONICS LIMITED,3385.00,3427.55,3318.80,3400.50,3400.95,3373.85,,3399.63,,,10157,34286002.00,1165,F1,1,,,,,
2026-10-06,2026-10-06,CM,BSE,STK,544724,INE1FEW01013,ELFIN,M,,,,,Elfin Agro India Limited,84.90,84.90,84.00,84.00,84.00,84.90,,84.00,,,6000,506700.00,2,F1,3000,,,,,
2026-10-06,2026-10-06,CM,BSE,STK,544725,INF740KA1YH2,BANK10ADD,B,,,,,DSP BSE Top 10 Banks ETF,16.23,16.43,16.23,16.37,16.43,16.44,,16.32,,,760,12353.00,10,F1,1,,,,,
2026-10-06,2026-10-06,CM,BSE,STK,544726,INE0J0B01017,KOTYARK,B,,,,,Kotyark Industries Limited,28.99,30.19,26.99,29.93,29.71,28.33,,29.97,,,85989,2490508.00,450,F1,1,,,,,
2026-10-06,2026-10-06,CM,BSE,STK,544731,INE313L01016,RSL,B,,,,,RAJPUTANA STAINLESS LIMITED,176.15,185.15,175.00,176.60,176.10,175.30,,176.08,,,92618,16578831.00,1315,F1,1,,,,,
2026-10-06,2026-10-06,CM,BSE,STK,544732,INE0ADB01012,INNOVISION,B,,,,,Innovision Limited,251.00,257.85,251.00,257.50,257.55,255.15,,256.61,,,1012,255754.00,47,F1,1,,,,,
2026-10-06,2026-10-06,CM,BSE,STK,544733,INE713R01022,GSPCROP,B,,,,,GSP CROP SCIENCE LIMITED,461.65,478.10,460.45,475.85,476.85,459.00,,476.64,,,4993,2325194.00,208,F1,1,,,,,
2026-10-06,2026-10-06,CM,BSE,STK,544734,INE2PB023011,RIIT,IF,,,,,Raajmarg Infra Investment Trus,120.26,121.62,120.07,120.76,120.76,120.26,,120.69,,,163,19736.00,8,F1,1,,,,,
2026-10-06,2026-10-06,CM,BSE,STK,544735,INE1TFS01019,NOVUS,M,,,,,Novus Loyalty Limited,225.00,225.00,220.25,221.20,220.25,224.30,,221.20,,,74000,16403450.00,59,F1,1000,,,,,
2026-10-06,2026-10-06,CM,BSE,STK,544736,INF336L01RX2,HSBCGOLD,E,,,,,HSBC Mutual Fund,127.80,128.80,127.80,127.99,127.99,126.55,,128.02,,,4,512.00,3,F1,1,,,,,
2026-10-06,2026-10-06,CM,BSE,STK,544737,INF769K01QV2,VALUE,B,,,,,Mirae Asset Mutual Fund,15.37,15.49,15.20,15.22,15.22,15.23,,15.25,,,4907,74979.00,35,F1,1,,,,,
2026-10-06,2026-10-06,CM,BSE,STK,544738,INE0R0M01014,SPML,M,,,,,SPECIALITY MEDICINES LIMITED,165.50,172.15,165.50,172.15,172.15,156.50,,172.15,,,23000,3928150.00,22,F1,1000,,,,,
2026-10-06,2026-10-06,CM,BSE,STK,544739,INE05HV01027,CMPDI,B,,,,,Central Mine Planning & Design,206.75,212.35,205.25,210.25,210.25,206.90,,210.07,,,77880,16316988.00,1232,F1,1,,,,,
2026-10-06,2026-10-06,CM,BSE,STK,544740,INE1U6D01014,TIPCO,MT,,,,,Tipco Engineering India Limite,331.70,337.00,320.00,321.95,322.00,331.70,,321.95,,,177600,57824960.00,65,F1,1600,,,,,
2026-10-06,2026-10-06,CM,BSE,STK,544741,INE1KI801019,HIGHNESS,MT,,,,,Highness Microelectronics Limi,262.05,262.05,262.05,262.05,262.05,256.95,,262.05,,,2400,628920.00,2,F1,1200,,,,,
2026-10-06,2026-10-06,CM,BSE,STK,544742,INE0H9F01037,SAIPARENT,B,,,,,Sai Parenteral's Limited,500.00,535.30,500.00,525.75,524.00,499.35,,523.03,,,37369,19270393.00,1173,F1,1,,,,,
2026-10-06,2026-10-06,CM,BSE,STK,544743,INE05TO01019,AEROPLANE,B,,,,,Amir Chand Jagdish Kumar (Expo,211.35,212.05,206.90,208.70,208.70,211.35,,209.24,,,66447,13927435.00,778,F1,1,,,,,
2026-10-06,2026-10-06,CM,BSE,STK,544744,INE921L01032,POWERICA,B,,,,,Powerica Ltd.,598.90,604.60,585.55,601.50,603.00,585.85,,601.69,,,8905,5325985.00,391,F1,1,,,,,
2026-10-06,2026-10-06,CM,BSE,STK,544745,INF200KB1AK8,SBINMID150,B,,,,,SBI Mutual Fund,21.87,22.00,21.81,21.93,21.90,21.87,,21.95,,,1136,24904.00,38,F1,1,,,,,
2026-10-06,2026-10-06,CM,BSE,STK,544746,INE0UMH01018,SCDL,M,,,,,SAFETY CONTROLS & DEVICES LIMI,81.90,83.00,79.00,80.00,80.00,81.77,,80.00,,,20800,1679072.00,12,F1,1600,,,,,
2026-10-06,2026-10-06,CM,BSE,STK,544747,INE1OSW01015,EMIAC,M,,,,,EMIAC TECHNOLOGIES LIMITED,88.00,88.00,84.96,87.70,87.70,88.90,,87.70,,,10800,931224.00,9,F1,1200,,,,,
2026-10-06,2026-10-06,CM,BSE,STK,544748,INE840Y01029,ONEPOINT,B,,,,,ONE POINT ONE SOLUTIONS LIMITE,78.50,79.55,77.30,78.36,78.36,78.42,,78.63,,,239706,18773021.00,1250,F1,1,,,,,
2026-10-06,2026-10-06,CM,BSE,STK,544750,INE25E901019,OMPOWER,B,,,,,OM POWER TRANSMISSION LIMITED,156.75,157.50,153.15,154.30,154.25,152.45,,153.57,,,8202,1272295.00,159,F1,1,,,,,
2026-10-06,2026-10-06,CM,BSE,STK,544751,INE1K0V01011,MTL,M,,,,,MEHUL TELECOM LIMITED,130.95,137.80,130.00,137.10,137.80,135.75,,137.10,,,37200,4971360.00,24,F1,1200,,,,,
2026-10-06,2026-10-06,CM,BSE,STK,544752,INE19RO25039,PSCELESTIA,IF,,,,,PropShare Celestia,1005000.00,1005000.00,1002000.00,1002367.00,1002000.00,1000500.00,,1002367.00,,,4,4012101.00,4,F1,1,,,,,
2026-10-06,2026-10-06,CM,BSE,STK,544753,INE2Q7823014,CITIUSINVT,IF,,,,,Citius TransNet Investment Tru,116.00,117.16,115.49,115.68,115.78,115.62,,115.31,,,34317,3986028.00,55,F1,1,,,,,
2026-10-06,2026-10-06,CM,BSE,STK,544754,INE12F801023,KISSHT,B,,,,,OnEMI Technology Solutions Lim,381.45,384.20,375.25,383.10,382.00,379.10,,383.10,,,45878,17427205.00,1505,F1,1,,,,,
2026-10-06,2026-10-06,CM,BSE,STK,544755,INE2B6701015,RECODE,MT,,,,,RECODE STUDIOS LIMITED,414.00,430.50,413.20,430.50,430.50,430.80,,430.50,,,8000,3382680.00,10,F1,800,,,,,
2026-10-06,2026-10-06,CM,BSE,STK,544756,INE368U01029,UNITEDPOLY,B,,,,,United Polyfab Gujarat Limited,49.85,49.85,48.00,48.86,49.10,48.25,,48.50,,,36721,1794261.00,294,F1,1,,,,,
2026-10-06,2026-10-06,CM,BSE,STK,544757,INE032Z01020,BSHSL,B,,,,,BOMBAY SUPER HYBRID SEEDS LIMI,83.30,85.90,80.00,80.01,80.01,83.68,,80.10,,,532,43065.00,65,F1,1,,,,,
2026-10-06,2026-10-06,CM,BSE,STK,544758,INE2OVN25015,BAGMANE,IF,,,,,Bagmane Prime Office REIT,106.03,107.42,106.03,106.38,106.50,106.49,,106.43,,,1003296,106855660.00,477,F1,1,,,,,
2026-10-06,2026-10-06,CM,BSE,STK,544759,INE1CLW01015,GLPL,M,,,,,GOLDLINE PHARMACEUTICAL LIMITE,29.25,33.97,29.00,33.96,33.96,30.97,,33.96,,,60000,1912980.00,19,F1,3000,,,,,
2026-10-06,2026-10-06,CM,BSE,STK,544762,INF200KB1AX1,SBIVALETF,B,,,,,SBI Mutual Fund,13.88,14.07,13.88,14.00,14.07,14.58,,13.97,,,1261,17606.00,14,F1,1,,,,,
2026-10-06,2026-10-06,CM,BSE,STK,544763,INF200KB1AY9,SBISMLETF,B,,,,,SBI Mutual Fund,18.04,18.14,17.66,17.92,17.92,17.96,,17.90,,,19505,347857.00,35,F1,1,,,,,
2026-10-06,2026-10-06,CM,BSE,STK,544764,INE0JYY01029,MWL,B,,,,,Mangalam Worldwide Limited,40.10,42.08,40.10,41.60,41.82,41.74,,41.66,,,36626,1516984.00,206,F1,1,,,,,
2026-10-06,2026-10-06,CM,BSE,STK,544765,INE1L3801017,VPAL,MT,,,,,Vegorama Punjabi Angithi Limit,250.00,252.00,250.00,250.05,250.05,249.90,,250.05,,,11200,2804960.00,7,F1,1600,,,,,
2026-10-06,2026-10-06,CM,BSE,STK,544766,INF579M01BP5,MSCI360,B,,,,,360 ONE Mutual Fund,9.58,9.61,9.53,9.54,9.53,9.78,,9.56,,,277,2654.00,17,F1,1,,,,,
2026-10-06,2026-10-06,CM,BSE,STK,544767,INE18HI01019,AFLTD,MT,,,,,Autofurnish Limited,105.00,110.24,105.00,110.24,110.24,105.00,,110.24,,,6000,645720.00,2,F1,3000,,,,,
2026-10-06,2026-10-06,CM,BSE,STK,544768,INE0YD301010,MANIVENI,M,,,,,M.R.MANIVENI FOODS LIMITED,25.00,25.00,24.55,24.85,24.55,25.50,,24.85,,,6000,149100.00,3,F1,2000,,,,,
2026-10-06,2026-10-06,CM,BSE,STK,544769,INE1UYW01010,HARIKANTA,M,,,,,HARIKANTA OVERSEAS LIMITED,77.40,80.00,74.00,77.50,77.50,71.88,,77.50,,,87600,6755004.00,67,F1,1200,,,,,
2026-10-06,2026-10-06,CM,BSE,STK,544770,INE1T6L01010,YAASHVI,M,,,,,YAASHVI JEWELLERS LIMITED,76.55,77.00,74.25,75.28,75.20,77.38,,75.28,,,27200,2062336.00,15,F1,1600,,,,,
2026-10-06,2026-10-06,CM,BSE,STK,544771,INE1GM501015,RFIL,M,,,,,Rajnandini Fashion India Limit,25.36,27.50,25.30,27.49,27.49,25.35,,27.49,,,20000,520980.00,10,F1,2000,,,,,
2026-10-06,2026-10-06,CM,BSE,STK,544772,INE1KVL01010,AUREATE,MT,,,,,AUREATE TRADDE LIMITED,46.50,46.51,46.50,46.50,46.50,48.23,,46.50,,,102000,4743020.00,5,F1,2000,,,,,
2026-10-06,2026-10-06,CM,BSE,STK,544773,INE1RQS01010,MRTX,M,,,,,Merritronix Limited,435.00,435.00,417.55,418.95,423.00,427.35,,418.95,,,83000,35181750.00,82,F1,1000,,,,,
2026-10-06,2026-10-06,CM,BSE,STK,544774,INE11XK01017,SMR,M,,,,,SMR Jewels Limited,98.00,100.00,90.50,91.00,90.99,94.00,,91.00,,,14000,1306300.00,14,F1,1000,,,,,
2026-10-06,2026-10-06,CM,BSE,STK,544777,INE00WV01027,CMRGREEN,B,,,,,CMR Green Technologies Limited,221.00,227.25,220.30,226.55,227.10,221.35,,226.63,,,17404,3894972.00,566,F1,1,,,,,
2026-10-06,2026-10-06,CM,BSE,STK,544779,INE0YZ901011,UHMVL,M,,,,,UHM Vacation Limited,31.71,33.46,31.70,33.40,33.40,33.36,,33.40,,,5600,181336.00,7,F1,800,,,,,
2026-10-06,2026-10-06,CM,BSE,STK,544780,INE1CDF01017,VAML,B,,,,,Vedanta Aluminium Metal Limite,398.25,403.95,397.45,400.95,400.95,396.60,,401.05,,,307135,123089693.00,5575,F1,1,,,,,
2026-10-06,2026-10-06,CM,BSE,STK,544781,INE694L01019,VEDPOWER,B,,,,,Vedanta Power Limited,32.18,32.65,31.85,32.52,32.52,31.89,,32.53,,,1141999,36797423.00,5674,F1,1,,,,,
2026-10-06,2026-10-06,CM,BSE,STK,544782,INE704J01044,VOGL,B,,,,,Vedanta Oil and Gas Limited,31.01,31.56,30.99,31.43,31.43,30.90,,31.41,,,1568891,49134835.00,5960,F1,1,,,,,
2026-10-06,2026-10-06,CM,BSE,STK,544783,INE255Z01027,E2E,T,,,,,E2E Networks Limited,656.45,689.30,656.45,689.30,689.30,656.50,,689.14,,,237913,163096239.00,3011,F1,1,,,,,
2026-10-06,2026-10-06,CM,BSE,STK,544784,INE1CLE01013,VISL,B,,,,,Vedanta Iron and Steel Limited,30.96,31.33,30.36,30.74,30.74,30.81,,30.75,,,1714044,52806468.00,7353,F1,1,,,,,
2026-10-06,2026-10-06,CM,BSE,STK,544785,INE0JUI01012,HEXAGON,T,,,,,Hexagon Nutrition Limited,68.35,72.60,68.35,70.50,71.00,69.15,,71.11,,,66514,4767775.00,308,F1,1,,,,,
2026-10-06,2026-10-06,CM,BSE,STK,544786,INE155D01018,SELECTRIC,B,,,,,Schneider Electric President S,2010.05,2050.00,1900.00,1968.90,1966.00,1999.95,,1968.90,,,14421,27874281.00,574,F1,1,,,,,
2026-10-06,2026-10-06,CM,BSE,STK,544793,INE2L0V01019,SUSAN,MT,,,,,Susan Electricals India Limite,309.00,316.90,300.10,301.60,301.10,310.00,,301.60,,,66000,20131150.00,41,F1,1000,,,,,
2026-10-06,2026-10-06,CM,BSE,STK,544794,INE1SEO01013,HORIZON,M,,,,,HORIZON RECLAIM (INDIA) LIMITE,137.05,139.90,134.10,137.90,138.00,137.70,,137.90,,,30000,4132320.00,23,F1,1200,,,,,
2026-10-06,2026-10-06,CM,BSE,STK,544795,INF109K1A476,SMALLIETF,B,,,,,ICICI Prudential Mutual Fund,17.79,18.06,17.79,18.06,18.06,17.64,,18.01,,,2168,38586.00,8,F1,1,,,,,
2026-10-06,2026-10-06,CM,BSE,STK,544796,INE0TKX01011,LIOTECH,M,,,,,LIOTECH INDUSTRIES LIMITED,114.00,114.00,114.00,114.00,114.00,119.95,,114.00,,,400,45600.00,1,F1,400,,,,,
2026-10-06,2026-10-06,CM,BSE,STK,544797,INE0X6O01027,LESL,M,,,,,LEAPFROG ENGINEERING SERVICES,21.98,21.98,21.98,21.98,21.98,21.98,,21.98,,,6000,131880.00,1,F1,6000,,,,,
2026-10-06,2026-10-06,CM,BSE,STK,544798,INE1OSI01014,DIKSHA,MT,,,,,DIKSHA POLYMERS LIMITED,185.25,190.00,185.25,189.10,190.00,195.00,,189.10,,,28800,5381400.00,14,F1,1200,,,,,
2026-10-06,2026-10-06,CM,BSE,STK,544799,INE0OC301013,TURTLEMINT,B,,,,,Turtlemint Fintech Solutions L,68.80,70.77,67.00,68.86,68.86,68.08,,68.91,,,250750,17393680.00,2425,F1,1,,,,,
2026-10-06,2026-10-06,CM,BSE,STK,544801,INE1TUG01013,GSPLTRANS,T,,,,,GSPL Transmission Limited,123.85,123.85,123.85,123.85,123.85,130.35,,123.82,,,9783,1211624.00,363,F1,1,,,,,
2026-10-06,2026-10-06,CM,BSE,STK,544802,INE0LZF01039,CORDELIA,B,,,,,Waterways Leisure Tourism Limi,103.00,105.15,101.65,104.25,104.45,100.85,,104.31,,,151043,15591347.00,1357,F1,1,,,,,
2026-10-06,2026-10-06,CM,BSE,STK,544803,INE1SJO01012,RAMBHAJO,B,,,,,Advit Jewels Limited,307.60,331.85,307.60,330.25,328.75,305.55,,330.34,,,133809,42982498.00,2104,F1,1,,,,,
2026-10-06,2026-10-06,CM,BSE,STK,544804,INE0KYI01012,RIYAASAT,M,,,,,Riyaasat Lifestyle Limited,99.55,99.60,93.50,97.20,99.60,101.55,,97.20,,,32400,3121260.00,27,F1,1200,,,,,
2026-10-06,2026-10-06,CM,BSE,STK,544806,INE0ZK601013,CSM,B,,,,,CSM TECHNOLOGIES LIMITED,92.92,94.48,92.51,92.91,92.76,93.34,,92.87,,,7866,733438.00,247,F1,1,,,,,
2026-10-06,2026-10-06,CM,BSE,STK,544807,INE0RBX01014,CRAZY,M,,,,,CRAZY SNACKS LIMITED,52.60,52.99,50.45,52.99,52.99,54.00,,52.99,,,15000,771030.00,5,F1,3000,,,,,
2026-10-06,2026-10-06,CM,BSE,STK,544808,INE2FMX01012,AASTHA,B,,,,,AASTHA SPINTEX LIMITED,29.76,30.75,29.38,29.60,30.20,30.92,,29.55,,,192548,5746470.00,1215,F1,1,,,,,
2026-10-06,2026-10-06,CM,BSE,STK,544809,INE1SME01017,ADON,M,,,,,ADON AGRO COMMODITIES LIMITED,91.50,93.40,88.50,88.50,88.50,91.50,,88.50,,,62000,5639040.00,24,F1,2000,,,,,
2026-10-06,2026-10-06,CM,BSE,STK,544810,INE147701010,SILL,M,,,,,Sampark India Logistics Limite,113.00,118.45,108.50,118.45,118.45,109.80,,118.45,,,281600,31544720.00,68,F1,1600,,,,,
2026-10-06,2026-10-06,CM,BSE,STK,544811,INE1L0M01019,KRATIKAL,M,,,,,KRATIKAL TECH LIMITED,168.00,173.80,166.30,171.90,173.80,171.70,,171.90,,,7000,1188100.00,7,F1,1000,,,,,
2026-10-06,2026-10-06,CM,BSE,STK,544812,INE226801012,ATHARVA,MT,,,,,Atharva Poly-Plast Limited,114.50,126.30,114.30,125.20,126.30,120.30,,125.20,,,54000,6447300.00,23,F1,2000,,,,,
2026-10-06,2026-10-06,CM,BSE,STK,544813,INE1EVO01017,SEEMAX,M,,,,,Seemax Resources Limited,59.20,59.20,59.20,59.20,59.20,62.31,,59.20,,,3000,177600.00,3,F1,1000,,,,,
2026-10-06,2026-10-06,CM,BSE,STK,544814,INE17QZ01016,KNACK,B,,,,,KNACK PACKAGING LIMITED,190.00,201.30,188.25,197.40,196.35,188.95,,197.34,,,302161,59042605.00,3544,F1,1,,,,,
2026-10-06,2026-10-06,CM,BSE,STK,544821,INE0ISX01025,KUSUMGAR,B,,,,,Kusumgar Limited,595.00,631.00,595.00,611.25,611.50,602.15,,611.01,,,29107,18056446.00,1139,F1,1,,,,,
2026-10-06,2026-10-06,CM,BSE,STK,544822,INE17IR01028,LASERPOWER,B,,,,,Laser Power & Infra Limited,270.15,279.70,264.75,278.95,278.75,267.75,,278.81,,,57146,15574240.00,1061,F1,1,,,,,
2026-10-06,2026-10-06,CM,BSE,STK,544823,INE2KRP01017,DEVSON,MT,,,,,DEVSON CATALYST LIMITED,371.90,372.05,365.20,372.05,372.00,354.35,,372.05,,,69600,25859100.00,49,F1,1200,,,,,
2026-10-06,2026-10-06,CM,BSE,STK,544825,INE1JCQ01037,ALPINETEX,B,,,,,ALPINE TEXWORLD LIMITED,46.72,47.30,46.10,46.16,46.14,45.63,,46.43,,,17451,816351.00,216,F1,1,,,,,
2026-10-06,2026-10-06,CM,BSE,STK,544826,INE1SRC01010,MILLWORKS,M,,,,,MILLWORKS TECHNOLOGIES LIMITED,1174.00,1214.00,1161.05,1192.80,1195.00,1157.60,,1192.80,,,61600,73633800.00,123,F1,400,,,,,
2026-10-06,2026-10-06,CM,BSE,STK,544827,INF0QA701CI0,BANK10BETF,B,,,,,Bajaj Finserv Mutual Fund,20.09,20.50,19.46,20.35,20.35,19.84,,20.32,,,3042,61435.00,31,F1,1,,,,,
2026-10-06,2026-10-06,CM,BSE,STK,544828,INF789F1AG68,LIQUIDBETA,F,,,,,UTI Mutual Fund,1010.83,1010.83,1010.83,1010.83,1010.83,1009.64,,1010.84,,,26,26281.00,2,F1,1,,,,,
2026-10-06,2026-10-06,CM,BSE,STK,544829,INE640G01020,SBIFUNDS,A,,,,,SBI Funds Management Limited,497.65,503.90,494.05,502.95,502.95,495.45,,502.86,,,73345,36586744.00,5087,F1,1,,,,,
2026-10-06,2026-10-06,CM,BSE,STK,544830,INF769K01RC0,MOMMIDCAP,B,,,,,Mirae Asset Mutual Fund,12.42,12.62,12.30,12.60,12.62,12.42,,12.61,,,150436,1889553.00,81,F1,1,,,,,
2026-10-06,2026-10-06,CM,BSE,STK,544831,INE208H01016,MEEIND,B,,,,,MEENAKSHI INDIA LIMITED,370.00,394.95,370.00,388.30,389.00,377.05,,388.30,,,5970,2300544.00,96,F1,1,,,,,
2026-10-06,2026-10-06,CM,BSE,STK,544832,INE12Z301012,SOTEFIN,M,,,,,Sotefin Bharat Limited,262.00,262.00,252.50,258.65,259.90,257.95,,258.65,,,21000,5415870.00,35,F1,600,,,,,
2026-10-06,2026-10-06,CM,BSE,STK,544833,INE11XY01018,CMLL,B,,,,,CALIBER MINING AND LOGISTICS L,500.20,518.85,500.20,516.75,516.35,508.85,,517.15,,,16133,8237836.00,668,F1,1,,,,,
2026-10-06,2026-10-06,CM,BSE,STK,544834,INE1WDC01012,GULFLLOYDS,M,,,,,GULF LLOYDS (INDIA) LIMITED,31.50,32.98,31.50,32.90,32.90,31.45,,32.90,,,13200,427068.00,10,F1,1200,,,,,
2026-10-06,2026-10-06,CM,BSE,STK,544835,INE1N3Y01016,MALA,M,,,,,Shree Balaji (Mala) Textiles L,50.80,50.80,50.00,50.50,50.50,53.50,,50.50,,,12000,604920.00,6,F1,2000,,,,,
2026-10-06,2026-10-06,CM,BSE,STK,544837,INE084101034,INDOMIM,B,,,,,INDO-MIM Limited,1330.00,1359.50,1309.70,1349.70,1340.25,1318.45,,1350.18,,,56210,74894527.00,3517,F1,1,,,,,
2026-10-06,2026-10-06,CM,BSE,STK,544838,INE0NG701011,XTRANET,B,,,,,XTRANET TECHNOLOGIES LIMITED,290.90,300.10,283.75,300.10,300.10,285.85,,300.12,,,130485,38981363.00,818,F1,1,,,,,
2026-10-06,2026-10-06,CM,BSE,STK,544839,INE0QJW01029,LCL,B,,,,,Lohia Corp Limited,583.35,634.60,583.35,627.90,633.00,580.45,,627.57,,,137850,85038487.00,9660,F1,1,,,,,
2026-10-06,2026-10-06,CM,BSE,STK,544840,INE1EJ401023,SSPRL,M,,,,,SILVERSTORM PARKS AND RESORTS,127.00,129.00,120.15,127.95,127.95,129.10,,127.95,,,16000,2011150.00,15,F1,1000,,,,,
2026-10-06,2026-10-06,CM,BSE,STK,544841,INF769K01RJ5,HYBRIDETF,F,,,,,Mirae Asset Mutual Fund,9.81,9.83,9.81,9.83,9.83,9.78,,9.83,,,1917,18807.00,7,F1,1,,,,,
2026-10-06,2026-10-06,CM,BSE,STK,544842,INF179KC1KT4,HDFCNIMEG,B,,,,,HDFC Mutual Fund,126.79,126.79,125.84,125.84,125.84,125.74,,125.71,,,28,3544.00,3,F1,1,,,,,
2026-10-06,2026-10-06,CM,BSE,STK,544843,INE13ZJ01010,ADVANCETL,M,,,,,ADVANCE TECHNOFORGE LIMITED,72.99,74.93,72.99,73.01,73.01,72.87,,73.01,,,21600,1599732.00,16,F1,1200,,,,,
2026-10-06,2026-10-06,CM,BSE,STK,544844,INE288301026,PPEL,M,,,,,POOJAA PRECISION ENGG. LIMITED,761.20,816.30,761.20,805.00,816.30,767.35,,805.00,,,61600,48529380.00,134,F1,400,,,,,
2026-10-06,2026-10-06,CM,BSE,STK,544845,INF109K1A567,INSUREIETF,B,,,,,ICICI Prudential Mutual Fund,14.58,14.76,14.58,14.70,14.70,14.61,,14.72,,,35052,511336.00,26,F1,1,,,,,
2026-10-06,2026-10-06,CM,BSE,STK,544846,INF754K01XI7,ELMDIV,B,,,,,Edelweiss Mutual Fund,34.57,34.57,34.00,34.00,34.00,34.46,,34.25,,,102,3525.00,2,F1,1,,,,,
2026-10-06,2026-10-06,CM,BSE,STK,544847,INE459N01021,MANIPALHOS,B,,,,,Manipal Health Enterprises Lim,674.75,695.00,668.15,689.90,689.90,667.30,,690.40,,,457696,307305517.00,2822,F1,1,,,,,
2026-10-06,2026-10-06,CM,BSE,STK,544848,INE17DP01015,HRHYGIENE,M,,,,,H. R. HYGIENE PRODUCTS LIMITED,62.00,62.00,60.10,61.00,61.00,62.50,,61.00,,,8000,488176.00,5,F1,1600,,,,,
2026-10-06,2026-10-06,CM,BSE,STK,544850,INE754X01016,AARVI,B,,,,,Aarvi Encon Limited,139.80,139.80,137.00,139.40,139.40,135.05,,138.83,,,43,5951.00,4,F1,1,,,,,
2026-10-06,2026-10-06,CM,BSE,STK,544851,INE0OWZ01020,MVELECTRO,B,,,,,MV ELECTROSYSTEMS LIMITED,911.20,969.00,911.20,933.50,933.40,898.65,,933.12,,,310822,293398879.00,10680,F1,1,,,,,
2026-10-06,2026-10-06,CM,BSE,STK,544852,INE0UR501013,ONEINDIG,M,,,,,Oneindig Technologies Limited,128.00,128.00,128.00,128.00,128.00,130.15,,128.00,,,1200,153600.00,1,F1,1200,,,,,
2026-10-06,2026-10-06,CM,BSE,STK,544853,INE05C901015,JNPR,B,,,,,Juniper Green Energy Limited,271.10,284.70,270.95,280.25,280.70,271.30,,280.57,,,64253,17864724.00,1438,F1,1,,,,,
2026-10-06,2026-10-06,CM,BSE,STK,544854,INE1HX301016,DHAVAL,M,,,,,Dhaval Packaging Limited,123.00,125.00,119.50,120.70,120.70,121.10,,120.70,,,26400,3201660.00,17,F1,1200,,,,,
2026-10-06,2026-10-06,CM,BSE,STK,544855,INE13LA01027,PRIMAINNO,X,,,,,Prima Innovation Limited,27.87,27.87,26.11,26.57,27.49,26.03,,26.57,,,1404,38415.00,21,F1,1,,,,,
2026-10-06,2026-10-06,CM,BSE,STK,544856,INE1LMA01010,KLASSROOM,M,,,,,FUSION KLASSROOM EDUTECH LIMIT,164.00,164.00,162.00,162.20,162.30,165.15,,162.20,,,3200,520480.00,4,F1,800,,,,,
2026-10-06,2026-10-06,CM,BSE,STK,544857,INF740KA1ZH9,MIDBANKADD,B,,,,,DSP Mutual Fund,16.93,16.93,16.55,16.55,16.55,16.58,,16.48,,,120,1990.00,3,F1,1,,,,,
2026-10-06,2026-10-06,CM,BSE,STK,544858,INE0WR901013,AEGEUS,M,,,,,AEGEUS TECHNOLOGIES LIMITED,130.70,130.70,124.10,124.20,124.10,126.05,,124.20,,,18000,2277300.00,15,F1,1200,,,,,
2026-10-06,2026-10-06,CM,BSE,STK,544859,INE1ZGR01024,GVELECTRIC,M,,,,,G V ELECTRICALS LTD,130.00,130.00,124.50,126.80,127.10,129.70,,126.80,,,26000,3303250.00,26,F1,1000,,,,,
2026-10-06,2026-10-06,CM,BSE,STK,544860,INE0XNF01022,ARDEE,B,,,,,Ardee Industries Limited,48.60,50.40,48.60,50.23,50.23,48.49,,50.22,,,127802,6359292.00,846,F1,1,,,,,
2026-10-06,2026-10-06,CM,BSE,STK,544861,INE0GMR01016,SWARAJ,T,,,,,Swaraj Suiting Limited,354.05,367.90,346.75,360.00,360.00,365.00,,355.56,,,5069,1816144.00,34,F1,1,,,,,
2026-10-06,2026-10-06,CM,BSE,STK,544862,INE880Y01017,SOLEX,B,,,,,Solex Energy Limited,684.10,700.65,669.25,690.25,691.00,684.00,,690.83,,,7825,5351284.00,506,F1,1,,,,,
2026-10-06,2026-10-06,CM,BSE,STK,544863,INE0X9I01023,LAPL,M,,,,,LAPL AUTOMOTIVE LIMITED,99.00,100.00,98.75,98.75,98.75,98.20,,98.75,,,10800,1075020.00,9,F1,1200,,,,,
2026-10-06,2026-10-06,CM,BSE,STK,544864,INE1D0W01018,TECHNOCRAF,B,,,,,Technocraft Ventures Limited,475.00,479.80,454.45,466.55,470.00,470.35,,467.23,,,78701,37003700.00,1339,F1,1,,,,,
2026-10-06,2026-10-06,CM,BSE,STK,544865,INE00GO01025,LEAPIND,B,,,,,LEAP India Limited,142.75,145.50,142.00,142.45,142.45,141.35,,142.48,,,113110,16269189.00,1611,F1,1,,,,,
2026-10-06,2026-10-06,CM,BSE,STK,544866,INE869T01028,MOLBIO,B,,,,,MOLBIO DIAGNOSTICS LIMITED,1508.00,1539.70,1475.50,1498.25,1498.25,1503.35,,1501.02,,,83468,125844068.00,4646,F1,1,,,,,
2026-10-06,2026-10-06,CM,BSE,STK,544867,INE01NH01023,DHOOTTRANS,B,,,,,Dhoot Transmission Limited,1541.45,1543.00,1460.20,1478.20,1472.00,1517.20,,1474.34,,,64999,97266388.00,3399,F1,1,,,,,
2026-10-06,2026-10-06,CM,BSE,STK,544868,INE00IT01020,MILKYMIST,T,,,,,Milky Mist Dairy Food Limited,304.00,318.55,295.00,318.55,318.55,303.40,,319.20,,,93713,29183371.00,1393,F1,1,,,,,
2026-10-06,2026-10-06,CM,BSE,STK,544869,INE0Z9N01013,SHAMFOAM,M,,,,,Sham Foam Limited,79.00,83.70,79.00,80.42,79.00,82.89,,80.42,,,6000,487450.00,6,F1,1000,,,,,
2026-10-06,2026-10-06,CM,BSE,STK,544870,INE1EEM01017,BLEL,B,,,,,BEHARI LAL ENGINEERING LIMITED,492.55,516.60,482.55,509.90,509.90,490.25,,510.04,,,235247,118827973.00,5684,F1,1,,,,,
2026-10-06,2026-10-06,CM,BSE,STK,544871,INE0FOO01011,SHIPROCKET,B,,,,,Shiprocket Limited,124.45,132.25,123.55,131.40,131.40,123.65,,131.43,,,680282,87800546.00,4758,F1,1,,,,,
2026-10-06,2026-10-06,CM,BSE,STK,544872,INE13G401012,QTFOODS,M,,,,,Q&T FOODS LIMITED,33.00,33.00,31.81,32.55,32.55,33.25,,32.55,,,12000,391140.00,10,F1,1200,,,,,
2026-10-06,2026-10-06,CM,BSE,STK,544873,INF22M001184,NIFTYJBLK,B,,,,,Jio BlackRock Mutual Fund,11.78,11.78,11.45,11.67,11.67,11.63,,11.65,,,2069,24078.00,76,F1,1,,,,,
2026-10-06,2026-10-06,CM,BSE,STK,544874,INF769K01RK3,LARGEMID50,B,,,,,Mirae Asset Mutual Fund,34.22,34.50,34.22,34.50,34.50,34.30,,34.63,,,6,206.00,2,F1,1,,,,,
2026-10-06,2026-10-06,CM,BSE,STK,544876,INE23ER01017,ENS,M,,,,,ENS Enterprises Limited,101.50,103.00,101.30,101.50,101.50,101.50,,101.50,,,8400,854940.00,7,F1,1200,,,,,
2026-10-06,2026-10-06,CM,BSE,STK,544877,INE19QK01022,TECHNOCRAT,MT,,,,,Technocrats Plasma Systems Lim,434.00,445.00,421.00,433.50,434.10,426.90,,433.50,,,55000,23960600.00,51,F1,1000,,,,,
2026-10-06,2026-10-06,CM,BSE,STK,544878,INF205KA1CA1,IVZSENSEX,B,,,,,INVESCO MUTUAL FUND,74.50,74.50,73.40,74.49,74.49,72.04,,73.24,,,5,371.00,5,F1,1,,,,,
2026-10-06,2026-10-06,CM,BSE,STK,544879,INE0K9O01026,LALITHAA,B,,,,,Lalithaa Jewellery Mart Limite,394.05,408.40,389.85,405.15,405.15,392.60,,405.41,,,383659,153289377.00,4792,F1,1,,,,,
2026-10-06,2026-10-06,CM,BSE,STK,544880,INE685T01010,HORIZONIND,B,,,,,Horizon Industrial Parks Limit,47.45,51.00,47.25,49.17,49.17,47.83,,49.20,,,241401,11901451.00,1532,F1,1,,,,,
2026-10-06,2026-10-06,CM,BSE,STK,544881,INE1B3O01011,SUNSHINE,B,,,,,Sunshine Pictures Limited,451.00,470.00,445.25,446.90,445.25,448.00,,447.19,,,49181,22619994.00,1161,F1,1,,,,,
2026-10-06,2026-10-06,CM,BSE,STK,544882,INE1WFC01025,SHANKESH,B,,,,,Shankesh Jewellers Limited,88.06,92.85,88.06,92.22,92.06,88.26,,92.21,,,305832,27760608.00,1515,F1,1,,,,,
2026-10-06,2026-10-06,CM,BSE,STK,544883,INE2F5H01015,MOPSHOP,M,,,,,MOPSHOP DISTRIBUTION LIMITED,32.87,34.50,32.86,32.86,32.86,34.58,,32.86,,,69000,2274790.00,66,F1,1000,,,,,
2026-10-06,2026-10-06,CM,BSE,STK,544884,INE0VWO01011,DHANWEL,M,,,,,Dhanwel Hybrid Seeds Limited,43.30,43.30,41.16,42.00,42.00,43.23,,42.00,,,9600,403956.00,8,F1,1200,,,,,
2026-10-06,2026-10-06,CM,BSE,STK,544885,INE18UN01038,GAJA,B,,,,,Gaja Alternative Asset Managem,139.95,142.90,135.00,141.80,141.80,135.65,,141.72,,,52777,7361091.00,614,F1,1,,,,,
2026-10-06,2026-10-06,CM,BSE,STK,544886,INE1KZI01025,TEMPSENS,B,,,,,TEMPSENS INSTRUMENTS (INDIA) L,494.05,518.00,486.50,514.75,514.75,492.55,,515.46,,,68468,34297294.00,1918,F1,1,,,,,
2026-10-06,2026-10-06,CM,BSE,STK,544887,INF789F1AG76,NIF500BETA,B,,,,,UTI Mutual Fund,35.00,36.46,35.00,35.62,35.62,36.42,,35.99,,,28,998.00,9,F1,1,,,,,
2026-10-06,2026-10-06,CM,BSE,STK,544888,INE16W401027,AUGMONT,B,,,,,Augmont Enterprises Limited,1208.65,1234.45,1161.20,1161.20,1161.20,1222.30,,1161.96,,,79991,93995597.00,1814,F1,1,,,,,
2026-10-06,2026-10-06,CM,BSE,STK,544889,INE899I01028,SYMBIOTEC,B,,,,,SYMBIOTEC PHARMALAB LIMITED,1173.75,1209.70,1139.45,1149.95,1154.05,1168.30,,1149.51,,,21004,24546322.00,1218,F1,1,,,,,
2026-10-06,2026-10-06,CM,BSE,STK,544890,INE0PX301025,SKYWAYS,B,,,,,SKYWAYS AIR SERVICES LIMITED,110.15,116.95,109.90,114.00,116.95,109.40,,113.53,,,94540,10542643.00,802,F1,1,,,,,
2026-10-06,2026-10-06,CM,BSE,STK,544891,INE0LEG01024,HTEL,B,,,,,Hy-Tech Engineers Limited,70.71,75.55,70.71,73.82,74.07,70.22,,73.81,,,132064,9739185.00,969,F1,1,,,,,
2026-10-06,2026-10-06,CM,BSE,STK,544892,INF846KA1598,ENERGYAXIS,B,,,,,Axis Mutual Fund,18.50,18.64,18.36,18.54,18.54,18.51,,18.42,,,2604,47992.00,13,F1,1,,,,,
2026-10-06,2026-10-06,CM,BSE,STK,544893,INE103001017,ANNU,B,,,,,Annu Projects Limited,46.42,46.42,43.28,44.33,44.50,45.11,,44.33,,,54019,2396835.00,551,F1,1,,,,,
2026-10-06,2026-10-06,CM,BSE,STK,544894,INE185Q01025,LUMINO,B,,,,,LUMINO INDUSTRIES LIMITED,99.85,103.10,97.50,101.95,101.95,98.80,,101.68,,,236401,23636705.00,1351,F1,1,,,,,
2026-10-06,2026-10-06,CM,BSE,STK,544895,INE1SFA01019,KWICK,M,,,,,KWICK FORENSIC SOLUTIONS LIMIT,177.95,199.85,173.00,196.90,195.30,172.80,,196.90,,,395200,75327600.00,238,F1,1600,,,,,
2026-10-06,2026-10-06,CM,BSE,STK,544897,INE0LHB01010,PALUCK,M,,,,,Paluck Technologies Limited,43.00,45.00,42.00,42.45,42.41,43.17,,42.45,,,237000,10264860.00,60,F1,3000,,,,,
2026-10-06,2026-10-06,CM,BSE,STK,544898,INE0DRI01029,ESDS,B,,,,,ESDS Software Solution Limited,1292.15,1292.15,1292.15,1292.15,1292.15,1360.15,,1292.79,,,60844,78619574.00,1338,F1,1,,,,,
2026-10-06,2026-10-06,CM,BSE,STK,544899,INE15EH01014,PRIORITY,B,,,,,Priority Jewels Limited,294.80,314.00,291.30,311.25,311.20,292.10,,311.81,,,88651,26810830.00,1576,F1,1,,,,,
2026-10-06,2026-10-06,CM,BSE,STK,544900,INE2K6801014,CSML,M,,,,,COMPLETE SPORTS AND MANAGEMENT,199.00,199.00,189.00,190.80,190.50,201.00,,190.80,,,14000,2687400.00,14,F1,1000,,,,,
2026-10-06,2026-10-06,CM,BSE,STK,544901,INE0I1B01016,PERNIASPOP,B,,,,,PURPLE STYLE LABS LIMITED,517.05,529.75,512.80,522.70,516.50,529.85,,519.22,,,9769,5104941.00,689,F1,1,,,,,
2026-10-06,2026-10-06,CM,BSE,STK,544902,INE24YP01017,PHYCHEM,M,,,,,Phychem Technologies Limited,47.50,47.50,47.50,47.50,47.50,45.80,,47.50,,,2000,95000.00,1,F1,2000,,,,,
2026-10-06,2026-10-06,CM,BSE,STK,544903,INE1M2N01020,DEEPA,B,,,,,Deepa Jewellers Limited,195.15,216.30,194.30,214.25,214.25,195.75,,214.06,,,552876,115523054.00,7267,F1,1,,,,,
2026-10-06,2026-10-06,CM,BSE,STK,544904,INE2J7801015,FLYHI,M,,,,,FLY-HI MARITIME TRAVELS LIMITE,37.00,38.50,36.27,38.50,38.50,38.17,,38.50,,,40800,1503108.00,30,F1,1200,,,,,
2026-10-06,2026-10-06,CM,BSE,STK,544905,INE0W2E01010,FARMPEACE,M,,,,,Farm Peace Limited,37.70,41.28,37.36,41.28,41.28,39.32,,41.28,,,326000,12703860.00,81,F1,2000,,,,,
2026-10-06,2026-10-06,CM,BSE,STK,544906,INE1FCO01014,MOMSBELIEF,B,,,,,Rays of Belief Limited,231.10,234.90,224.20,232.80,231.00,226.80,,232.65,,,7809,1785500.00,153,F1,1,,,,,
2026-10-06,2026-10-06,CM,BSE,STK,544907,INE0IBX01013,FINANCE,XT,,,,,Seksaria Finance Limited,55.45,55.45,55.45,55.45,55.45,52.81,,55.45,,,1,55.00,1,F1,1,,,,,
2026-10-06,2026-10-06,CM,BSE,STK,544908,INE0JHH01011,DOLLEX,B,,,,,Dollex Agrotech Limited,37.50,38.10,37.00,38.00,38.00,37.60,,36.93,,,5970,222999.00,591,F1,1,,,,,
2026-10-06,2026-10-06,CM,BSE,STK,544909,INE0H4201019,PRANAV,B,,,,,PRANAV CONSTRUCTIONS LIMITED,92.88,93.59,89.75,91.27,91.27,93.60,,90.94,,,262350,24112870.00,2490,F1,1,,,,,
2026-10-06,2026-10-06,CM,BSE,STK,544910,INE1ET101019,APANA,M,,,,,Apana Logistics Limited,23.67,23.67,23.67,23.67,23.67,24.91,,23.67,,,16000,378720.00,5,F1,2000,,,,,
2026-10-06,2026-10-06,CM,BSE,STK,544911,INE877D01025,KANOHAR,B,,,,,Kanohar Electricals Limited,1038.00,1048.35,917.00,941.15,955.00,1019.05,,942.41,,,1175470,1171602821.00,27551,F1,1,,,,,
2026-10-06,2026-10-06,CM,BSE,STK,544912,INE455U01024,PRASOLCHEM,B,,,,,Prasol Chemicals Limited,791.15,846.00,787.90,820.80,818.45,790.35,,821.38,,,51274,42433718.00,2491,F1,1,,,,,
2026-10-06,2026-10-06,CM,BSE,STK,544913,INE644Q01039,GLASSWALL,B,,,,,Glass Wall Systems (India) Lim,254.40,280.00,254.30,275.60,275.60,254.80,,275.74,,,867161,232173117.00,9146,F1,1,,,,,
2026-10-06,2026-10-06,CM,BSE,STK,544914,INE0FRO01022,STEAMHOUSE,B,,,,,Steamhouse India Limited,115.05,118.45,112.35,118.45,118.45,107.70,,118.43,,,1413693,165084136.00,4307,F1,1,,,,,
2026-10-06,2026-10-06,CM,BSE,STK,544915,INE08T701025,RENTOMOJO,B,,,,,Rentomojo Limited,522.90,563.10,517.90,545.55,545.55,510.80,,545.22,,,453668,245872798.00,10529,F1,1,,,,,
2026-10-06,2026-10-06,CM,BSE,STK,544916,INE241U01028,MPIMANIPAL,B,,,,,Manipal Payment and Identity S,390.10,394.30,364.15,366.90,366.90,388.70,,366.12,,,125343,47161770.00,2821,F1,1,,,,,
2026-10-06,2026-10-06,CM,BSE,STK,544917,INE590T01012,KARAMTARA,B,,,,,KARAMTARA ENGINEERING LIMITED,420.55,445.15,413.90,439.85,439.85,416.30,,438.87,,,195609,83989917.00,5178,F1,1,,,,,
2026-10-06,2026-10-06,CM,BSE,STK,544918,INE1FPN01026,LCCPROJECT,B,,,,,LCC PROJECTS LIMITED,141.95,146.60,139.30,145.05,145.10,148.50,,144.21,,,220397,31512726.00,2058,F1,1,,,,,
2026-10-06,2026-10-06,CM,BSE,STK,544919,INE1YC401018,INFRAX,M,,,,,INFRAX RENEWABLE LIMITED,120.00,120.00,113.25,115.55,115.50,119.35,,115.55,,,45600,5304960.00,32,F1,1200,,,,,
2026-10-06,2026-10-06,CM,BSE,STK,544920,INE0RMA01019,AMTECH,M,,,,,Amtech Esters Limited,109.25,118.00,109.25,115.90,118.00,114.10,,115.90,,,64000,7318560.00,37,F1,1600,,,,,
2026-10-06,2026-10-06,CM,BSE,STK,544921,INE148G01016,ARCIL,B,,,,,ASSET RECONSTRUCTION COMPANY (,142.10,147.55,142.10,145.70,145.95,142.30,,145.74,,,175217,25442161.00,2636,F1,1,,,,,
2026-10-06,2026-10-06,CM,BSE,STK,544922,INE2D0Q01027,OMG,M,,,,,OM GALAXY LIMITED,88.50,88.95,87.35,88.95,88.95,88.50,,88.95,,,17600,1547376.00,11,F1,1600,,,,,
2026-10-06,2026-10-06,CM,BSE,STK,544923,INE1JTV01015,VEEGALAND,B,,,,,Veegaland Developers Limited,144.95,154.00,142.45,148.95,148.95,145.15,,148.67,,,266331,39772604.00,2740,F1,1,,,,,
2026-10-06,2026-10-06,CM,BSE,STK,544924,INE1S7M01017,RAKSAN,M,,,,,Raksan Transformers Limited,272.90,278.75,264.00,274.60,275.45,268.10,,274.60,,,125600,34498700.00,273,F1,400,,,,,
2026-10-06,2026-10-06,CM,BSE,STK,544925,INE0SVD01012,SPEEDEX,M,,,,,MAHARAJA & SPEEDEX INDIA LIMIT,247.00,259.00,247.00,250.80,248.10,248.95,,250.80,,,93600,23770140.00,131,F1,600,,,,,
2026-10-06,2026-10-06,CM,BSE,STK,544926,INE0VXN01011,PANCHATV,M,,,,,Panchatv Bharat Limited,93.20,93.20,93.20,93.20,93.20,116.45,,93.20,,,1000,93200.00,1,F1,1000,,,,,
2026-10-06,2026-10-06,CM,BSE,STK,544927,INF789F1AH42,SECLEDBETA,B,,,,,UTI Mutual Fund,14.00,14.00,14.00,14.00,14.00,14.26,,13.98,,,200,2800.00,1,F1,1,,,,,
2026-10-06,2026-10-06,CM,BSE,STK,544928,INE16VF01010,CENTURYOOH,M,,,,,Century Business Media Limited,68.75,72.00,68.75,71.00,71.00,66.92,,71.00,,,6400,452400.00,4,F1,1600,,,,,
2026-10-06,2026-10-06,CM,BSE,STK,544929,INE0KWF01020,MANIKA,B,,,,,MANIKA PLASTECH LIMITED,43.11,51.38,42.63,51.23,51.23,42.82,,51.51,,,760940,35831908.00,3490,F1,1,,,,,
2026-10-06,2026-10-06,CM,BSE,STK,544930,INE1JJF01019,INJECTO,M,,,,,INJECTO POLYMERS LIMITED,95.00,99.95,94.01,97.95,97.95,97.51,,97.95,,,43200,4249968.00,20,F1,1200,,,,,
2026-10-06,2026-10-06,CM,BSE,STK,544931,INE1G7R01010,VAMAWOVEN,MT,,,,,VAMA WOVENFAB LIMITED,215.10,215.10,215.10,215.10,215.10,226.40,,215.10,,,1600,344160.00,2,F1,400,,,,,
2026-10-06,2026-10-06,CM,BSE,STK,544932,INE0OAB01019,QAL,MT,,,,,Quanto Agroworld Limited,66.00,66.00,62.00,64.90,64.90,64.99,,64.90,,,84000,5416580.00,14,F1,2000,,,,,
2026-10-06,2026-10-06,CM,BSE,STK,544933,INE05UY01016,SHAKTIPOLY,MT,,,,,SHAKTI POLYTARP LIMITED,50.01,50.90,49.50,50.00,50.00,50.64,,50.00,,,94000,4699100.00,41,F1,2000,,,,,
2026-10-06,2026-10-06,CM,BSE,STK,544934,INE1EQW01028,SSRETAIL,B,,,,,SS Retail Limited,677.20,728.80,665.60,711.00,711.00,680.35,,712.62,,,2040603,1426305709.00,42337,F1,1,,,,,
2026-10-06,2026-10-06,CM,BSE,STK,544935,INE1DLO01028,JSIPL,T,,,,,JINDAL SUPREME (INDIA) LIMITED,189.00,189.00,189.00,189.00,189.00,180.00,,188.66,,,53448,10101672.00,511,F1,1,,,,,
2026-10-06,2026-10-06,CM,BSE,STK,544936,INE012G01022,HEROMOTORS,B,,,,,HERO MOTORS LIMITED,168.50,169.70,163.45,167.80,167.80,169.50,,167.54,,,3876948,645014059.00,33872,F1,1,,,,,
2026-10-06,2026-10-06,CM,BSE,STK,544937,INE721I01024,NSE,A,,,,,National Stock Exchange of Ind,1728.00,1760.00,1727.55,1749.85,1749.85,1723.50,,1749.85,,,2858358,4993904939.00,95524,F1,1,,,,,
2026-10-06,2026-10-06,CM,BSE,STK,544938,INE0LLZ01011,SONA,T,,,,,SONASELECTION INDIA LIMITED,90.06,96.00,90.06,94.98,94.90,92.68,,94.54,,,23572,2193180.00,216,F1,1,,,,,
2026-10-06,2026-10-06,CM,BSE,STK,544939,INE1JJP01018,VIVEKANAND,MT,,,,,VIVEKANAND COTSPIN LIMITED,42.87,44.45,40.33,42.97,44.45,42.45,,42.97,,,48000,2016450.00,13,F1,3000,,,,,
2026-10-06,2026-10-06,CM,BSE,STK,544940,INE1W8R01018,ROBOKIDZ,MT,,,,,ROBOKIDZ EDUVENTURES LIMITED,199.55,218.00,199.55,203.90,206.00,210.05,,203.90,,,406800,83516040.00,255,F1,1200,,,,,
2026-10-06,2026-10-06,CM,BSE,STK,544941,INE1D0M01019,FXML,MT,,,,,FX Multitech Limited,116.00,120.90,116.00,120.90,120.90,115.15,,120.90,,,54000,6471540.00,41,F1,1200,,,,,
2026-10-06,2026-10-06,CM,BSE,STK,544942,INE0M5301040,VARMORA,B,,,,,Varmora Granito Limited,134.85,136.10,130.60,132.80,132.80,134.80,,132.84,,,93304,12379830.00,1244,F1,1,,,,,
2026-10-06,2026-10-06,CM,BSE,STK,544943,INE1OTR01013,HNIL,MT,,,,,HIMALAYA NUTRAVEDICS INDIA LIM,135.00,135.10,131.00,135.10,135.00,128.70,,135.10,,,182400,24634200.00,95,F1,1200,,,,,
2026-10-06,2026-10-06,CM,BSE,STK,544944,INE0XDX01018,ANAND,MT,,,,,Anand Seamless Limited,65.67,70.00,65.67,70.00,70.00,69.12,,70.00,,,6400,427216.00,4,F1,1600,,,,,
2026-10-06,2026-10-06,CM,BSE,STK,544945,INE147X01013,ELEVATE,B,,,,,Elevate Campuses Limited,336.20,341.70,327.05,338.25,336.05,334.85,,337.77,,,145142,48491656.00,6633,F1,1,,,,,
2026-10-06,2026-10-06,CM,BSE,STK,544947,INE2MKZ01017,SKOFFSET,MT,,,,,S.K. OFFSET LIMITED,110.00,110.00,108.35,108.35,108.35,114.05,,108.35,,,29000,3146100.00,20,F1,1000,,,,,
2026-10-06,2026-10-06,CM,BSE,STK,544948,INE0WOK01014,UNITEC,MT,,,,,UNITEC FIBRES LIMITED,94.90,96.00,92.50,95.80,95.69,95.67,,95.80,,,112000,10580256.00,41,F1,1600,,,,,
2026-10-06,2026-10-06,CM,BSE,STK,544949,INE1QJA01015,SWASTIKAIN,T,,,,,SWASTIKA INFRA LIMITED,204.00,205.00,198.40,200.10,200.20,208.80,,200.12,,,74562,14940997.00,1131,F1,1,,,,,
2026-10-06,2026-10-06,CM,BSE,STK,544950,INE505M01015,ADROITIND,T,,,,,Adroit Industries (India) Limi,213.00,213.00,213.00,213.00,213.00,224.20,,212.99,,,8308,1769604.00,194,F1,1,,,,,
2026-10-06,2026-10-06,CM,BSE,STK,544951,INE0TWE01016,ARMEE,B,,,,,ARMEE INFOTECH LIMITED,252.85,278.90,252.85,271.75,272.00,253.70,,271.09,,,125890,34143515.00,3686,F1,1,,,,,
2026-10-06,2026-10-06,CM,BSE,STK,544952,INE0OTC01025,AONESTEELS,B,,,,,A-ONE STEELS INDIA LIMITED,385.95,389.00,366.65,385.20,385.20,388.80,,384.83,,,50742,19220712.00,2165,F1,1,,,,,
2026-10-06,2026-10-06,CM,BSE,STK,544953,INE0PTN01011,MONEYVIEW,B,,,,,Moneyview Limited,51.58,53.00,48.33,50.46,50.46,51.56,,50.50,,,14660460,733915846.00,36566,F1,1,,,,,
2026-10-06,2026-10-06,CM,BSE,STK,544954,INE2BTZ01011,ROOPA,MT,,,,,Roopa Screen Limited,106.00,114.40,104.27,113.29,113.43,109.75,,113.29,,,406000,43292840.00,167,F1,2000,,,,,
2026-10-06,2026-10-06,CM,BSE,STK,544955,INE0SR101016,PESHWA,MT,,,,,Peshwa Wheat Limited,90.30,90.30,90.30,90.30,90.30,95.05,,90.30,,,1200,108360.00,1,F1,1200,,,,,
2026-10-06,2026-10-06,CM,BSE,STK,544957,INE0D4501011,GERMAN,B,,,,,German Green Steel and Power L,129.95,131.35,117.35,118.20,118.20,128.20,,118.13,,,361401,44654986.00,28064,F1,1,,,,,
2026-10-06,2026-10-06,CM,BSE,STK,544958,INE1LLG01019,SAIURJA,MT,,,,,SAI URJA INDO VENTURES LIMITED,147.45,147.45,137.40,147.45,147.45,140.45,,147.45,,,192000,28002120.00,60,F1,1200,,,,,
2026-10-06,2026-10-06,CM,BSE,STK,544959,INE804W01029,RUNWALENTR,B,,,,,Runwal Enterprises Limited,295.85,299.00,287.10,290.40,290.40,298.95,,290.59,,,77758,22905967.00,2850,F1,1,,,,,
2026-10-06,2026-10-06,CM,BSE,STK,544960,INE0J1N01028,ORIENTCABL,B,,,,,Orient Cables(India)Limited,380.00,404.00,363.00,396.90,396.90,403.30,,396.43,,,3391720,1256475388.00,37611,F1,1,,,,,
2026-10-06,2026-10-06,CM,BSE,STK,544961,INE1DLN01012,DUDANI,MT,,,,,Dudani Retail Limited,23.75,23.75,23.75,23.75,23.75,25.00,,23.75,,,8000,190000.00,2,F1,4000,,,,,
2026-10-06,2026-10-06,CM,BSE,STK,544962,INE580P01029,ACEVECTOR,B,,,,,ACEVECTOR LIMITED,26.61,27.77,25.51,25.91,25.91,26.10,,25.93,,,1978063,52835849.00,4458,F1,1,,,,,
2026-10-06,2026-10-06,CM,BSE,STK,544963,INE029N01014,SHAHINVEST,T,,,,,Shah Investor's Home Limited,171.00,179.55,171.00,173.75,173.75,0.00,,173.78,,,315981,55131617.00,4630,F1,1,,,,,
2026-10-06,2026-10-06,CM,BSE,STK,544964,INE1KUL01020,ACMEUNIV,MT,,,,,Acme Universal Safezone 9 Limi,101.00,106.05,101.00,106.05,106.05,0.00,,106.05,,,2836800,288725872.00,826,F1,1600,,,,,
2026-10-06,2026-10-06,CM,BSE,STK,544965,INE307K01028,SRIT,T,,,,,SRIT INDIA LIMITED,139.80,155.05,139.80,155.05,155.05,0.00,,155.09,,,359921,53968544.00,3305,F1,1,,,,,
2026-10-06,2026-10-06,CM,BSE,STK,544966,INE0RNF01016,PIND,MT,,,,,Pind Hospitality Limited,79.20,79.20,75.24,75.24,75.24,0.00,,75.24,,,6000,456192.00,5,F1,1200,,,,,
2026-10-06,2026-10-06,CM,BSE,STK,544967,INE18CU01023,SHIVCHEM,MT,,,,,SHIVCHEM AGRO LIMITED,62.00,62.00,58.90,58.90,58.90,0.00,,58.90,,,276000,17099600.00,48,F1,2000,,,,,
2026-10-06,2026-10-06,CM,BSE,STK,555555,INF346A01034,SENSEXIETF,B,,,,,ICICI Prudential BSE Sensex ET,829.19,840.69,829.19,837.80,837.29,837.60,,838.09,,,1314,1099524.00,141,F1,1,,,,,
2026-10-06,2026-10-06,CM,BSE,STK,570002,IN9623B01058,FELDVR,Z,,,,,Future Enterprises Limited,2.08,2.08,1.90,2.07,2.07,2.00,,2.07,,,2566,4902.00,6,F1,1,,,,,
2026-10-06,2026-10-06,CM,BSE,STK,570004,IN9175A01010,JISLDVREQS,B,,,,,JAIN IRRIGATION SYSTEMS LTD.,18.79,19.59,18.62,19.24,19.28,19.07,,18.96,,,179,3398.00,18,F1,1,,,,,
2026-10-06,2026-10-06,CM,BSE,STK,570005,INE224E01036,GATECHDVR,T,,,,,GACM Technologies Limited - DV,0.46,0.49,0.46,0.47,0.48,0.48,,0.47,,,75953,35683.00,56,F1,1,,,,,
2026-10-06,2026-10-06,CM,BSE,STK,590003,INE036D01028,KARURVYSYA,B,,,,,KARUR VYSYA BANK LTD.,326.00,329.35,323.60,325.25,324.95,324.50,,325.20,,,26506,8637668.00,1108,F1,1,,,,,
2026-10-06,2026-10-06,CM,BSE,STK,590005,INE484C01030,VEEDOL,B,,,,,VEEDOL CORPORATION LIMITED,1355.00,1399.90,1347.00,1397.45,1399.90,1351.95,,1392.82,,,1474,2025741.00,264,F1,1,,,,,
2026-10-06,2026-10-06,CM,BSE,STK,590006,INE098F01031,AMRUTANJAN,B,,,,,AMRUTANJAN HEALTH CARE LTD.,520.70,525.00,515.45,523.50,523.30,517.00,,523.69,,,1220,636665.00,70,F1,1,,,,,
2026-10-06,2026-10-06,CM,BSE,STK,590013,INE445C01015,XPROINDIA,B,,,,,XPRO INDIA LTD.,1149.45,1163.70,1131.15,1134.70,1150.00,1139.45,,1136.08,,,796,911649.00,168,F1,1,,,,,
2026-10-06,2026-10-06,CM,BSE,STK,590021,INE838B01021,BHARATRAS,B,,,,,BHARAT RASAYAN LTD.,986.00,1007.65,981.05,997.30,996.10,987.40,,998.29,,,2205,2201367.00,323,F1,1,,,,,
2026-10-06,2026-10-06,CM,BSE,STK,590024,INE188A01015,FACT,B,,,,,FERTILIZERS & CHEMICALS TRAVAN,733.65,764.60,733.55,757.45,757.45,731.50,,758.94,,,7148,5350901.00,367,F1,1,,,,,
2026-10-06,2026-10-06,CM,BSE,STK,590025,INE424C01010,GINNIFILA,T,,,,,GINNI FILAMENTS LTD.,39.30,41.00,39.30,41.00,41.00,39.52,,40.97,,,657,26515.00,5,F1,1,,,,,
2026-10-06,2026-10-06,CM,BSE,STK,590030,INE147A01011,SPIC,B,,,,,SOUTHERN PETROCHEMICALS LTD.,63.40,63.56,62.23,62.99,62.99,62.48,,63.05,,,14510,908782.00,196,F1,1,,,,,
2026-10-06,2026-10-06,CM,BSE,STK,590031,INE244A01016,DENORA,B,,,,,DE NORA INDIA LTD.,738.60,745.05,725.95,732.15,729.75,729.65,,729.13,,,46,33942.00,15,F1,1,,,,,
2026-10-06,2026-10-06,CM,BSE,STK,590041,INE641C01019,KAVDEFENCE,T,,,,,Kavveri Defence &amp; Wireless,84.94,84.94,84.94,84.94,84.94,80.90,,85.55,,,18025,1531043.00,69,F1,1,,,,,
2026-10-06,2026-10-06,CM,BSE,STK,590051,INE667G01023,SAKSOFT,B,,,,,SAKSOFT LTD.,144.95,144.95,140.35,142.10,143.00,140.60,,142.72,,,10009,1419994.00,147,F1,1,,,,,
2026-10-06,2026-10-06,CM,BSE,STK,590056,INE498E01010,SALONA,B,,,,,SALONA COTSPIN LTD.,272.00,275.95,270.00,275.95,275.95,268.00,,274.21,,,58,15756.00,4,F1,1,,,,,
2026-10-06,2026-10-06,CM,BSE,STK,590057,INE217G01035,EQUIPPP,T,,,,,EQUIPPP SOCIAL IMPACT TECHNOLO,21.85,22.49,21.85,22.49,22.49,22.95,,22.50,,,19,422.00,2,F1,1,,,,,
2026-10-06,2026-10-06,CM,BSE,STK,590062,INE715B01021,ANDHRSUGAR,B,,,,,ANDHRA SUGARS LTD.,93.00,94.67,93.00,94.19,94.60,91.86,,94.41,,,17307,1623358.00,293,F1,1,,,,,
2026-10-06,2026-10-06,CM,BSE,STK,590065,INE547E01014,IMPAL,B,,,,,INDIA MOTOR PARTS & ACCESSORIE,1027.00,1027.00,1027.00,1027.00,1027.00,1027.00,,1036.50,,,3,3081.00,1,F1,1,,,,,
2026-10-06,2026-10-06,CM,BSE,STK,590066,INE805C01028,KCP,B,,,,,K.C.P.LTD.,156.25,158.75,152.60,154.65,155.10,155.10,,154.41,,,5273,817665.00,211,F1,1,,,,,
2026-10-06,2026-10-06,CM,BSE,STK,590068,INE731C01018,KHAITANLTD,B,,,,,KHAITAN (INDIA) LTD.,145.80,145.80,145.80,145.80,145.80,154.00,,145.61,,,25,3645.00,1,F1,1,,,,,
2026-10-06,2026-10-06,CM,BSE,STK,590070,INE874F01027,RADAAN,B,,,,,RADAAN MEDIAWORKS (I) LTD.,2.99,3.04,2.99,3.00,3.00,2.92,,2.98,,,996,2984.00,8,F1,1,,,,,
2026-10-06,2026-10-06,CM,BSE,STK,590071,INE660A01013,SUNDARMFIN,B,,,,,SUNDARAM FINANCE LTD.,4298.75,4371.80,4240.05,4354.90,4369.40,4267.40,,4348.24,,,1150,4958591.00,300,F1,1,,,,,
2026-10-06,2026-10-06,CM,BSE,STK,590073,INE715A01015,WHEELS,B,,,,,WHEELS INDIA LTD.,2250.00,2335.00,2216.40,2290.35,2290.35,2208.25,,2289.03,,,7395,16732943.00,783,F1,1,,,,,
2026-10-06,2026-10-06,CM,BSE,STK,590075,INE112F01022,LAMBODHARA,B,,,,,LAMBODHARA TEXTILES LTD.,127.15,141.25,127.15,137.10,137.10,126.00,,135.95,,,2757,380637.00,148,F1,1,,,,,
2026-10-06,2026-10-06,CM,BSE,STK,590078,INE683C01011,MAITHANALL,B,,,,,MAITHAN ALLOYS LTD.,979.85,979.85,907.25,909.90,909.00,905.40,,910.90,,,2917,2668636.00,198,F1,1,,,,,
2026-10-06,2026-10-06,CM,BSE,STK,590086,INE725E01024,ORISSAMINE,B,,,,,ORISSA MINERALS DEVELOPMENT CO,3579.35,3648.80,3557.45,3617.30,3625.00,3520.00,,3609.07,,,272,980897.00,129,F1,1,,,,,
2026-10-06,2026-10-06,CM,BSE,STK,590095,INF204KB17I5,GOLDBEES,E,,,,,NIPPON INDIA ETF GOLD BEES,121.23,121.58,120.51,121.48,121.48,121.59,,121.46,,,932432,112802485.00,10003,F1,1,,,,,
2026-10-06,2026-10-06,CM,BSE,STK,590096,INF732E01037,LIQUIDBEES,F,,,,,NIPPON INDIA ETF LIQUID BEES,1000.00,1000.01,997.15,999.99,999.99,999.99,,999.99,,,511424,511419924.00,509,F1,1,,,,,
2026-10-06,2026-10-06,CM,BSE,STK,590097,INF174KA1HJ8,GOLD1,E,,,,,KOTAK MAHINDRA MUTUAL FUND - K,122.49,122.83,121.63,122.67,122.83,122.83,,122.72,,,46186,5643993.00,802,F1,1,,,,,
2026-10-06,2026-10-06,CM,BSE,STK,590098,INF200KA16D8,SETFGOLD,E,,,,,SBI MUTUAL FUND - SBI GOLD EXC,125.19,125.44,124.26,125.35,125.34,125.39,,125.36,,,88435,11045298.00,1362,F1,1,,,,,
2026-10-06,2026-10-06,CM,BSE,STK,590099,INF082J01408,QGOLDHALF,E,,,,,Quantum Gold ETF,120.68,123.60,120.68,122.15,122.15,121.77,,121.86,,,46780,5711672.00,182,F1,1,,,,,
2026-10-06,2026-10-06,CM,BSE,STK,590101,INF789F1AUX7,GOLDBETA,E,,,,,UTI MUTUAL FUND - UTI GOLD EXC,122.54,123.85,122.54,123.81,123.85,123.78,,123.75,,,6706,826180.00,221,F1,1,,,,,
2026-10-06,2026-10-06,CM,BSE,STK,590103,INF204KB14I2,NIFTYBEES,B,,,,,NIPPON INDIA ETF NIFTY BEES,257.39,259.25,256.77,258.92,258.92,257.39,,258.89,,,635802,164352618.00,4295,F1,1,,,,,
2026-10-06,2026-10-06,CM,BSE,STK,590104,INF732E01045,JUNIORBEES,B,,,,,NIPPON INDIA ETF JUNIOR BEES,753.20,761.99,746.71,759.45,760.00,748.58,,758.84,,,48985,36929601.00,1151,F1,1,,,,,
2026-10-06,2026-10-06,CM,BSE,STK,590106,INF204KB15I9,BANKBEES,B,,,,,NIPPON INDIA ETF BANK BEES,571.35,571.75,567.88,569.78,570.83,565.45,,569.46,,,21454,12220027.00,340,F1,1,,,,,
2026-10-06,2026-10-06,CM,BSE,STK,590107,INF174KA1A86,PSUBANK,B,,,,,KOTAK MAHINDRA MUTUAL FUND - K,82.00,82.00,79.26,80.28,80.28,80.77,,80.09,,,7104,568622.00,103,F1,1,,,,,
2026-10-06,2026-10-06,CM,BSE,STK,590108,INF204KB16I7,PSUBNKBEES,B,,,,,NIPPON INDIA ETF PSU BANK BEES,91.56,91.56,89.02,89.13,89.33,89.33,,89.11,,,53256,4763814.00,580,F1,1,,,,,
2026-10-06,2026-10-06,CM,BSE,STK,590109,INF732E01128,SHARIABEES,B,,,,,NIPPON INDIA ETF SHARIAH BEES,422.75,426.00,420.99,425.38,426.00,422.55,,424.72,,,302,127832.00,39,F1,1,,,,,
2026-10-06,2026-10-06,CM,BSE,STK,590110,INF082J01499,QNIFTY,B,,,,,Quantum Nifty 50 ETF,249.20,250.80,248.40,250.40,250.40,248.90,,250.58,,,724,181116.00,40,F1,1,,,,,
2026-10-06,2026-10-06,CM,BSE,STK,590113,INF204KB19I1,HNGSNGBEES,B,,,,,NIPPON INDIA ETF HANG SENG BEE,457.63,464.47,457.63,461.29,462.00,456.95,,461.00,,,3480,1603052.00,327,F1,1,,,,,
2026-10-06,2026-10-06,CM,BSE,STK,590115,INF247L01536,MOM50,B,,,,,MOTILAL OSWAL MUTUAL FUND,238.40,238.65,233.55,238.65,238.65,235.82,,238.46,,,155,36861.00,21,F1,1,,,,,
2026-10-06,2026-10-06,CM,BSE,STK,590134,INE414A01015,MADRASFERT,B,,,,,Madras Fertilizer Limited,55.00,59.70,55.00,59.11,59.50,57.63,,58.98,,,3417,200255.00,131,F1,1,,,,,
2026-10-06,2026-10-06,CM,BSE,STK,590136,INF174KA1ZB7,BANKNIFTY1,B,,,,,Kotak Mahindra Mutual Fund - P,57.07,57.31,56.91,57.04,57.20,57.16,,57.05,,,30785,1758292.00,179,F1,1,,,,,
2026-10-06,2026-10-06,CM,BSE,STK,590137,INF200KA1580,SETFNIFBK,B,,,,,SBI Mutual Fund-Permitted,557.37,567.19,557.37,565.01,564.47,562.40,,565.45,,,1647,930851.00,202,F1,1,,,,,
2026-10-06,2026-10-06,CM,BSE,STK,590138,INF200KA1FS1,SETFNIF50,B,,,,,SBI Mutual Fund-Permitted,245.95,245.95,242.05,245.06,244.82,243.32,,245.12,,,1322168,323799292.00,1070,F1,1,,,,,
2026-10-06,2026-10-06,CM,BSE,STK,590139,INF174KA1LV5,LIQUID1,F,,,,,Kotak Mahindra Mutual Fund - P,1125.68,1125.68,1125.66,1125.66,1125.66,1125.52,,1125.67,,,6903,7770476.00,12,F1,1,,,,,
2026-10-06,2026-10-06,CM,BSE,STK,590140,INF277KA1976,TATAGOLD,E,,,,,Tata Mutual Fund - Permitted,14.26,14.29,14.18,14.29,14.29,14.29,,14.28,,,2146704,30532714.00,3967,F1,1,,,,,
2026-10-06,2026-10-06,CM,BSE,STK,590141,INF204KB15V2,ITBEES,B,,,,,Nippon India Mutual Fund - Per,31.39,32.13,30.92,31.16,31.16,31.35,,31.17,,,301522,9407461.00,1472,F1,1,,,,,
2026-10-06,2026-10-06,CM,BSE,STK,590142,INF204KC1089,PHARMABEES,B,,,,,Nippon India Mutual Fund - Per,26.91,27.43,26.76,27.36,27.42,26.80,,27.30,,,25214,681664.00,344,F1,1,,,,,
2026-10-06,2026-10-06,CM,BSE,STK,590143,INF204KB1882,LTGILTBEES,F,,,,,Nippon India Mutual Fund - Per,29.46,29.58,29.46,29.56,29.58,29.48,,29.54,,,6276,185149.00,26,F1,1,,,,,
2026-10-06,2026-10-06,CM,BSE,STK,590144,INF204KB1V68,MID150BEES,B,,,,,Nippon India Mutual Fund - Per,230.71,230.71,224.00,227.73,228.08,225.09,,227.52,,,46198,10436733.00,591,F1,1,,,,,
2026-10-06,2026-10-06,CM,BSE,STK,590145,INF204KC1402,SILVERBEES,E,,,,,Nippon India Mutual Fund - Per,210.49,210.82,208.55,210.65,210.65,211.86,,210.70,,,526182,110362539.00,5631,F1,1,,,,,
2026-10-06,2026-10-06,CM,BSE,STK,590146,INF247L01FY4,MOGOLD,E,,,,,Motilal Oswal Mutual Fund-Perm,145.86,145.86,144.14,145.44,145.86,145.86,,145.38,,,1390,201623.00,59,F1,1,,,,,
2026-10-06,2026-10-06,CM,BSE,STK,590147,INF247L01FZ1,MOSILVER,E,,,,,Motilal Oswal Mutual Fund-Perm,216.79,218.33,216.11,218.33,218.00,218.83,,218.32,,,798219,174273779.00,55,F1,1,,,,,
2026-10-06,2026-10-06,CM,BSE,STK,590148,INF247L01CH6,MOSMALL250,B,,,,,Motilal Oswal Mutual Fund-Perm,17.53,18.11,17.53,17.99,17.95,17.73,,17.95,,,89738,1598803.00,122,F1,1,,,,,
2026-10-06,2026-10-06,CM,BSE,STK,590149,INF247L01EV3,MOCAPITAL,B,,,,,Motilal Oswal Mutual Fund-Perm,50.22,52.94,50.22,52.90,52.94,51.51,,52.89,,,84230,4396391.00,496,F1,1,,,,,
2026-10-06,2026-10-06,CM,BSE,STK,590150,INF247L01CI4,MOREALTY,B,,,,,Motilal Oswal Mutual Fund-Perm,84.06,84.69,83.64,84.08,84.08,84.05,,83.98,,,9292,781361.00,111,F1,1,,,,,
2026-10-06,2026-10-06,CM,BSE,STK,590151,INF247L01DK8,MOMENTUM50,B,,,,,Motilal Oswal Mutual Fund-Perm,52.67,53.52,52.62,53.16,53.52,52.28,,53.23,,,25823,1366647.00,247,F1,1,,,,,
2026-10-06,2026-10-06,CM,BSE,STK,590152,INF247L01DJ0,MODEFENCE,B,,,,,Motilal Oswal Mutual Fund-Perm,100.99,102.55,100.51,102.41,102.41,100.50,,102.41,,,23879,2433869.00,351,F1,1,,,,,
2026-10-06,2026-10-06,CM,BSE,STK,590153,INF247L01BU1,MONIFTY500,B,,,,,Motilal Oswal Mutual Fund-Perm,22.57,22.86,22.45,22.62,22.86,22.54,,22.70,,,33590,760071.00,136,F1,1,,,,,
2026-10-06,2026-10-06,CM,BSE,STK,590154,INF174KA1IA5,ALPHA,B,,,,,Kotak Mahindra Mutual Fund - P,52.75,52.92,51.63,52.69,52.83,51.47,,52.70,,,54484,2846792.00,198,F1,1,,,,,
2026-10-06,2026-10-06,CM,BSE,STK,590155,INF666M01OF4,GROWWSLVR,E,,,,,GROWW MUTUAL FUND  PERMITTED,21.65,21.65,21.38,21.62,21.62,21.70,,21.59,,,8650,186194.00,63,F1,1,,,,,
2026-10-06,2026-10-06,CM,BSE,STK,590156,INF666M01OE7,GROWWGOLD,E,,,,,GROWW MUTUAL FUND  PERMITTED,14.43,14.43,14.21,14.35,14.37,14.42,,14.35,,,46515,664647.00,132,F1,1,,,,,
2026-10-06,2026-10-06,CM,BSE,STK,590157,INF666M01IO8,GROWWDEFNC,B,,,,,GROWW MUTUAL FUND  PERMITTED,91.75,94.33,91.28,93.60,93.55,91.80,,93.88,,,15407,1431266.00,200,F1,1,,,,,
2026-10-06,2026-10-06,CM,BSE,STK,590158,INF666M01JJ6,GROWWRAIL,B,,,,,GROWW MUTUAL FUND  PERMITTED,26.03,26.31,25.90,26.08,26.17,26.08,,26.05,,,18631,487206.00,181,F1,1,,,,,
2026-10-06,2026-10-06,CM,BSE,STK,590160,INF277K015R5,NETF,B,,,,,Tata Mutual Fund - Permitted,246.00,248.03,246.00,246.88,246.88,246.25,,247.53,,,151,37361.00,14,F1,1,,,,,
2026-10-06,2026-10-06,CM,BSE,STK,590161,INF277KA1984,TATSILV,E,,,,,Tata Mutual Fund - Permitted,21.50,21.50,21.19,21.39,21.42,21.52,,21.40,,,556187,11854484.00,1746,F1,1,,,,,
2026-10-06,2026-10-06,CM,BSE,STK,710058,IN9641R03011,QDLCCPS,B,,,,,Quint Digital Limited,41.54,41.54,41.54,41.54,41.54,37.77,,41.54,,,378,15702.00,8,F1,1,,,,,
2026-10-06,2026-10-06,CM,BSE,STK,751142,INE007C20013,INDRA-RE,R,,,,,Indrayani Biotech Ltd.,0.11,0.11,0.10,0.10,0.10,0.11,,0.10,,,133260,13539.00,48,F1,1,,,,,
2026-10-06,2026-10-06,CM,BSE,STK,751143,INE281A20018,CENTEXT-RE,R,,,,,Century Extrusions Ltd.,2.92,2.92,2.43,2.49,2.43,3.00,,2.43,,,79395,206583.00,108,F1,1,,,,,
2026-10-06,2026-10-06,CM,BSE,STK,751144,INE560D20027,TUNTEX-RE1,R,,,,,Tuni Textile Mills Ltd.,0.11,0.11,0.11,0.11,0.11,0.12,,0.11,,,296901,32659.00,99,F1,1,,,,,
2026-10-06,2026-10-06,CM,BSE,STK,800173,IN0020070069,828GS2027,G,,,,,828GOI2027,108.90,108.90,108.90,108.90,108.90,108.90,,108.90,,,10,1089.00,1,F1,1,,,,,
2026-10-06,2026-10-06,CM,BSE,STK,800177,IN0020130053,92GS2030,G,,,,,920GOI2030,109.10,109.10,108.05,109.10,109.10,109.10,,108.99,,,21518,2347166.00,24,F1,1,,,,,
2026-10-06,2026-10-06,CM,BSE,STK,800297,IN0020190107,SGBAUG27,G,,,,,SOVEREIGN GOLD BOND 2019-20 SE,14715.00,14780.00,14600.00,14760.00,14760.00,14715.67,,14688.00,,,68,997497.00,17,F1,1,,,,,
2026-10-06,2026-10-06,CM,BSE,STK,800303,IN0020190388,SGBOCT27VI,G,,,,,Sovereign Gold Bonds 2019-20 S,14670.00,14670.00,14670.00,14670.00,14670.00,14770.20,,14660.00,,,2,29340.00,1,F1,1,,,,,
2026-10-06,2026-10-06,CM,BSE,STK,800313,IN0020190537,SGBJ28VIII,G,,,,,Sovereign Gold Bonds 2019-20 S,14600.00,14600.00,14600.00,14600.00,14600.00,15114.96,,14675.00,,,10,146000.00,1,F1,1,,,,,
2026-10-06,2026-10-06,CM,BSE,STK,800314,IN0020190545,SGBFEB28IX,G,,,,,Sovereign Gold Bonds 2019-20 S,14770.00,14770.00,14770.00,14770.00,14770.00,14768.47,,14770.00,,,2,29540.00,1,F1,1,,,,,
2026-10-06,2026-10-06,CM,BSE,STK,800318,IN0020200062,SGBAPR28I,G,,,,,Sovereign Gold Bonds 2020-21 S,14809.99,14809.99,14809.99,14809.99,14809.99,14809.99,,14790.00,,,1,14809.00,1,F1,1,,,,,
2026-10-06,2026-10-06,CM,BSE,STK,800322,IN0020200104,SGBJUN28,G,,,,,Sovereign Gold Bonds 2020-21 S,14710.00,14710.00,14700.00,14710.00,14710.00,14710.00,,14685.31,,,22,323490.00,5,F1,1,,,,,
2026-10-06,2026-10-06,CM,BSE,STK,800324,IN0020200146,SGBJUL28IV,G,,,,,Sovereign Gold Bond 2020-21 IV,14700.00,14700.00,14640.00,14682.50,14695.00,14709.98,,14676.21,,,62,909410.00,15,F1,1,,,,,
2026-10-06,2026-10-06,CM,BSE,STK,800325,IN0020200161,SGBAUG28V,G,,,,,Sovereign Gold Bonds 2020-21 V,14641.43,14730.00,14641.43,14671.74,14670.00,14715.00,,14672.73,,,232,3408671.00,39,F1,1,,,,,
2026-10-06,2026-10-06,CM,BSE,STK,800327,IN0020200195,SGBSEP28VI,G,,,,,Sovereign Gold Bonds 2020-21 S,14657.00,14657.00,14657.00,14657.00,14657.00,14657.00,,14654.08,,,10,146570.00,2,F1,1,,,,,
2026-10-06,2026-10-06,CM,BSE,STK,800329,IN0020200286,SGBN28VIII,G,,,,,Sovereign Gold Bonds 2020-21 S,14725.00,14735.00,14700.00,14734.64,14735.00,14725.00,,14734.66,,,22,324075.00,7,F1,1,,,,,
2026-10-06,2026-10-06,CM,BSE,STK,800330,IN0020200252,667GS2050,G,,,,,667GOI2050,91.50,91.50,91.50,91.50,91.50,92.75,,91.50,,,3000,274500.00,1,F1,1,,,,,
2026-10-06,2026-10-06,CM,BSE,STK,800331,IN0020200377,SGBJAN29IX,G,,,,,SGB 2020-21 Series IX,14600.10,14740.00,14600.00,14700.00,14700.00,14734.60,,14699.55,,,91,1339652.00,17,F1,1,,,,,
2026-10-06,2026-10-06,CM,BSE,STK,800333,IN0020200393,SGBFEB29XI,G,,,,,SGB 2020-21 SERIES XI,14700.00,14728.00,14665.00,14665.00,14665.00,14740.00,,14693.18,,,9,132398.00,4,F1,1,,,,,
2026-10-06,2026-10-06,CM,BSE,STK,800334,IN0020200401,676GS2061,G,,,,,676GOI2061,88.76,88.76,88.76,88.76,88.76,88.61,,89.48,,,10,887.00,2,F1,1,,,,,
2026-10-06,2026-10-06,CM,BSE,STK,800339,IN0020200427,SGBMR29XII,G,,,,,SGB 2020-21 Series XII,14672.00,14720.00,14636.00,14712.96,14720.00,14726.24,,14704.00,,,32,470290.00,20,F1,1,,,,,
2026-10-06,2026-10-06,CM,BSE,STK,800340,IN0020210053,SGBMAY29I,G,,,,,SGB 2021-22 Series I,14701.00,14701.00,14666.00,14690.01,14690.01,14750.00,,14706.03,,,34,498804.00,8,F1,1,,,,,
2026-10-06,2026-10-06,CM,BSE,STK,800341,IN0020210061,SGBJUN29II,G,,,,,SGB 2021-22 Series II,14725.00,14725.00,14691.00,14695.00,14695.00,14691.00,,14703.64,,,68,999222.00,15,F1,1,,,,,
2026-10-06,2026-10-06,CM,BSE,STK,800342,IN0020210087,SGBJU29III,G,,,,,Sovereign Gold Bonds 2021-22,14741.10,14741.10,14741.10,14741.10,14741.10,14741.01,,14680.00,,,2,29482.00,1,F1,1,,,,,
2026-10-06,2026-10-06,CM,BSE,STK,800367,IN0020210111,SGBJUL29IV,G,,,,,Sovereign Gold Bond Series IV,14799.00,14799.00,14644.00,14644.00,14644.00,14656.01,,14675.74,,,133,1949462.00,31,F1,1,,,,,
2026-10-06,2026-10-06,CM,BSE,STK,800385,IN0020210129,SGBAUG29V,G,,,,,Sovereign Gold Bonds 2021-22 S,14627.50,14840.00,14627.50,14840.00,14840.00,14711.36,,14809.50,,,16,236174.00,10,F1,1,,,,,
2026-10-06,2026-10-06,CM,BSE,STK,800386,IN0020210145,SGBSEP29VI,G,,,,,Sovereign Gold Bonds 2021-22 S,14701.00,14715.00,14690.00,14715.00,14715.00,14690.00,,14705.92,,,9,132371.00,4,F1,1,,,,,
2026-10-06,2026-10-06,CM,BSE,STK,800435,IN0020210194,699GS2051,G,,,,,699GOI2051,96.39,96.39,96.39,96.39,96.39,96.75,,96.39,,,5,481.00,1,F1,1,,,,,
2026-10-06,2026-10-06,CM,BSE,STK,800437,IN0020210228,SGBD29VIII,G,,,,,Sovereign Gold Bonds 2021-22 S,14820.00,14820.00,14730.00,14744.40,14744.40,14799.00,,14719.35,,,12,177150.00,11,F1,1,,,,,
2026-10-06,2026-10-06,CM,BSE,STK,800438,IN0020210236,SGBJAN30IX,G,,,,,Soveriegn Gold Bonds 2021-22 S,14808.30,14808.30,14808.30,14808.30,14808.30,14853.93,,14772.00,,,3,44424.00,2,F1,1,,,,,
2026-10-06,2026-10-06,CM,BSE,STK,800439,IN0020210319,SGBMAR30X,G,,,,,Sovereign Gold Bonds 2021-22 S,14670.60,14780.00,14670.60,14775.02,14775.02,14970.00,,14764.39,,,27,397057.00,5,F1,1,,,,,
2026-10-06,2026-10-06,CM,BSE,STK,800441,IN0020220029,754GS2036,G,,,,,754GOI2036,104.50,104.80,104.25,104.60,104.60,104.90,,104.57,,,7313,764955.00,17,F1,1,,,,,
2026-10-06,2026-10-06,CM,BSE,STK,800443,IN0020220045,SGBJUN30,G,,,,,Sovereign Gold Bonds 2022-23 S,14939.00,15000.00,14900.00,14989.95,15000.00,14847.00,,14998.95,,,41,613527.00,22,F1,1,,,,,
2026-10-06,2026-10-06,CM,BSE,STK,800488,IN0020220078,SGBAUG30,G,,,,,Sovereign Gold Bonds 2022-23 S,14810.00,14870.00,14770.00,14835.54,14850.00,14840.71,,14870.81,,,63,933603.00,37,F1,1,,,,,
2026-10-06,2026-10-06,CM,BSE,STK,800517,IN000958C024,GS19SEP2058,G,,,,,GS19SEP2058,21.00,21.00,21.00,21.00,21.00,21.50,,21.00,,,5,105.00,2,F1,1,,,,,
2026-10-06,2026-10-06,CM,BSE,STK,800573,IN0020220110,SGBDE30III,G,,,,,Soverign Gold Bond 2022-23 Sr,14948.00,14948.00,14696.01,14794.21,14790.00,14973.33,,14807.52,,,405,5969140.00,105,F1,1,,,,,
2026-10-06,2026-10-06,CM,BSE,STK,800574,IN0020220102,741GS2036,G,,,,,741GOI36,102.75,102.75,102.75,102.75,102.75,102.05,,103.30,,,10,1027.00,1,F1,1,,,,,
2026-10-06,2026-10-06,CM,BSE,STK,800575,IN0020220169,SGBMAR31IV,G,,,,,Sovereign Gold Bond 2022-23 Sr,14935.35,14985.06,14935.35,14985.06,14985.06,14972.67,,14941.01,,,5,74776.00,4,F1,1,,,,,
2026-10-06,2026-10-06,CM,BSE,STK,800580,IN0020230069,SGBJUN31I,G,,,,,Sovereign Gold Bonds 2023-24 S,14980.00,15073.96,14960.00,15022.49,15063.98,14980.00,,15034.06,,,54,810170.00,29,F1,1,,,,,
2026-10-06,2026-10-06,CM,BSE,STK,800584,IN0020230051,73GS2053,G,,,,,73GOI2053,97.00,97.50,96.26,97.50,97.50,97.50,,97.09,,,4366,422887.00,6,F1,1,,,,,
2026-10-06,2026-10-06,CM,BSE,STK,800588,IN0020230044,725GS2063,G,,,,,725GOI2063,96.25,96.45,96.25,96.45,96.45,96.29,,96.33,,,2930,282212.00,2,F1,1,,,,,
2026-10-06,2026-10-06,CM,BSE,STK,800596,IN0020230093,SGBSEP31II,G,,,,,Sovereign Gold Bonds 2023-24 S,14971.00,15032.97,14706.56,14999.81,15012.98,15037.99,,14997.50,,,302,4513589.00,75,F1,1,,,,,
2026-10-06,2026-10-06,CM,BSE,STK,800598,IN0020230077,718GS2037,G,,,,,718GS2037,111.60,111.60,100.15,101.00,101.00,103.00,,101.11,,,6502,656063.00,7,F1,1,,,,,
2026-10-06,2026-10-06,CM,BSE,STK,800603,IN0020230168,SGBDE31III,G,,,,,Sovereign Gold Bonds 2023-24 S,15100.00,15135.60,15076.00,15113.31,15116.00,15156.97,,15121.74,,,161,2433219.00,56,F1,1,,,,,
2026-10-06,2026-10-06,CM,BSE,STK,800604,IN0020230119,733GS2026,G,,,,,733GS26J24,103.00,103.00,102.80,103.00,103.00,103.00,,103.00,,,1400,143980.00,5,F1,1,,,,,
2026-10-06,2026-10-06,CM,BSE,STK,800605,IN0020230184,SGBFEB32IV,G,,,,,Sovereign Gold Bonds 2023-24 S,15861.83,15861.83,15450.00,15495.50,15500.00,15474.96,,15482.98,,,115,1796314.00,29,F1,1,,,,,
2026-10-06,2026-10-06,CM,BSE,STK,800607,IN0020240035,734GS2064,G,,,,,734GOI2064,98.90,98.90,98.60,98.76,98.76,98.70,,98.72,,,7884,778608.00,15,F1,1,,,,,
2026-10-06,2026-10-06,CM,BSE,STK,800807,IN0020240142,709GOI74,G,,,,,709GOI74,94.93,94.93,94.76,94.76,94.76,94.65,,94.76,,,157,14879.00,3,F1,1,,,,,
2026-10-06,2026-10-06,CM,BSE,STK,800808,IN0020250018,690GOI65,G,,,,,690GOI65,92.85,92.85,92.50,92.53,92.55,92.70,,92.55,,,230200,21310622.00,48,F1,1,,,,,
2026-10-06,2026-10-06,CM,BSE,STK,800809,IN0020250075,724GOI55,G,,,,,724GOI55,96.99,96.99,95.25,96.19,96.19,96.00,,96.20,,,14641,1402137.00,26,F1,1,,,,,
2026-10-06,2026-10-06,CM,BSE,STK,800815,IN0020250117,743GOI2076,G,,,,,743GOI2076,98.80,98.80,97.65,97.67,97.65,98.85,,97.73,,,57901,5655840.00,15,F1,1,,,,,
2026-10-06,2026-10-06,CM,BSE,STK,800816,IN0020260033,771GOI2066,G,,,,,771GOI2066,103.00,103.00,102.90,102.90,102.90,103.00,,102.93,,,50010,5151029.00,2,F1,1,,,,,
2026-10-06,2026-10-06,CM,BSE,STK,805231,IN002026Z110,364TB17627,G,,,,,364TB17627,94.94,95.30,94.94,95.30,95.30,94.94,,95.30,,,200,19024.00,2,F1,1,,,,,
2026-10-06,2026-10-06,CM,BSE,STK,810727,IN3120210031,696TN56,G,,,,,696TAMSDL56,89.43,89.43,89.43,89.43,89.43,89.49,,89.43,,,56,5008.00,2,F1,1,,,,,
2026-10-06,2026-10-06,CM,BSE,STK,811133,IN1320260012,792BRSDL51,G,,,,,792BRSDL51,95.00,95.00,95.00,95.00,95.00,95.00,,95.00,,,100,9500.00,1,F1,1,,,,,
2026-10-06,2026-10-06,CM,BSE,STK,890217,IN9273A01047,APLABPP,X,,,,,Aplab Ltd.,56.50,56.50,54.00,54.00,54.00,51.50,,54.00,,,151,8286.00,4,F1,1,,,,,
2026-10-06,2026-10-06,CM,BSE,STK,890226,IN9170U01035,SURAJINDPP,X,,,,,Suraj Industries Limited.,25.60,25.60,23.25,24.40,24.40,24.40,,24.40,,,2501,60922.00,5,F1,1,,,,,
2026-10-06,2026-10-06,CM,BSE,STK,890228,IN90NN701011,ATLPP,B,,,,,Allcargo Terminals Limited,8.66,9.90,8.65,8.65,8.65,8.80,,8.83,,,365,3179.00,7,F1,1,,,,,
2026-10-06,2026-10-06,CM,BSE,STK,890234,IN9316D01014,VERTEXPP,X,,,,,Vertex Securities Ltd.,0.75,0.78,0.75,0.75,0.75,0.78,,0.75,,,725050,545991.00,22,F1,1,,,,,
2026-10-06,2026-10-06,CM,BSE,STK,890238,IN9736H01014,GSAILPP,XT,,,,,G.S. Auto International Ltd.,11.35,12.38,11.33,11.96,11.96,11.92,,11.96,,,2566,29133.00,14,F1,1,,,,,
2026-10-06,2026-10-06,CM,BSE,STK,890239,IN9273F01038,ASCOTTPP,XT,,,,,ALAN SCOTT ENTERPRISES LIMITED,245.00,245.00,240.40,241.40,241.40,240.20,,241.40,,,846,205557.00,8,F1,1,,,,,
2026-10-06,2026-10-06,CM,BSE,STK,890240,IN9903A01015,JAYKAYPP,B,,,,,Jaykay Enterprises Limited,182.95,198.90,182.95,192.20,196.10,176.90,,193.07,,,15156,2867562.00,356,F1,1,,,,,
2026-10-06,2026-10-06,CM,BSE,STK,935574,INE053F07835,753IRFC30,F,,,,,IRFC-7.53%-21-12-30-TAXFREENCD,1071.00,1071.00,1071.00,1071.00,1071.00,1065.55,,1071.88,,,1114,1193094.00,3,F1,1,,,,,
2026-10-06,2026-10-06,CM,BSE,STK,935584,INE906B07EJ8,76NHAI31,F,,,,,NHAI-7.6%-11-1-31-TAXFREENCD,1114.95,1114.95,1112.01,1112.01,1112.01,1111.25,,1112.06,,,2,2226.00,2,F1,1,,,,,
2026-10-06,2026-10-06,CM,BSE,STK,935682,INE053F07900,764IRFC31,F,,,,,IRFC-7.64%-22-3-31-NCDS,1085.99,1085.99,1085.99,1085.99,1085.99,1075.00,,1078.00,,,100,108599.00,1,F1,1,,,,,
2026-10-06,2026-10-06,CM,BSE,STK,935690,INE261F07032,764NABAR31,F,,,,,NABARD-7.64%-23-3-31-NCDS,1124.00,1124.00,1124.00,1124.00,1124.00,1113.20,,1124.69,,,1,1124.00,1,F1,1,,,,,
2026-10-06,2026-10-06,CM,BSE,STK,936224,INE651J07622,975JMFCS28,F,,,,,JMFCSL-9.75%-7-6-28-NCD,1042.00,1042.00,1040.00,1040.00,1040.00,1077.30,,1040.00,,,643,669495.00,4,F1,1,,,,,
2026-10-06,2026-10-06,CM,BSE,STK,936254,INE804I079Y6,985ECL28,F,,,,,EFL-9.85%-6-8-28-NCD,1012.99,1012.99,1012.99,1012.99,1012.99,1005.00,,1012.66,,,1,1012.00,1,F1,1,,,,,
2026-10-06,2026-10-06,CM,BSE,STK,936294,INE306N08292,910TCAP28,F,,,,,TCAP-9.10%-27-9-28-NCD,1045.90,1045.90,1044.00,1044.00,1044.00,1058.00,,1039.50,,,12,12545.00,4,F1,1,,,,,
2026-10-06,2026-10-06,CM,BSE,STK,936320,INE538L07528,935AHFL28,F,,,,,AHFL-9.35%-29-9-28-NCD,910.00,910.00,910.00,910.00,910.00,1055.00,,910.00,,,5,4550.00,1,F1,1,,,,,
2026-10-06,2026-10-06,CM,BSE,STK,936398,INE804IA7014,1015ECL29,F,,,,,EFL-10.15%-4-1-29-NCD,1022.00,1022.00,1022.00,1022.00,1022.00,1021.99,,1018.21,,,5,5110.00,1,F1,1,,,,,
2026-10-06,2026-10-06,CM,BSE,STK,936412,INE774D07SW9,93MMFSL27,F,,,,,MMFSL-9.3%-18-1-27-NCD,1054.35,1054.35,1054.35,1054.35,1054.35,1050.05,,1054.35,,,111,117032.00,1,F1,1,,,,,
2026-10-06,2026-10-06,CM,BSE,STK,936528,INE027E07972,935LTF29,F,,,,,LTF-9.35%-13-3-29-NCD,1090.50,1090.50,1090.50,1090.50,1090.50,1102.00,,1090.25,,,1,1090.00,1,F1,1,,,,,
2026-10-06,2026-10-06,CM,BSE,STK,936578,INE027E07AN7,87LTF27,F,,,,,LTF-8.7%-15-4-27-NCD,1025.00,1025.00,1025.00,1025.00,1025.00,1048.50,,1065.00,,,1,1025.00,1,F1,1,,,,,
2026-10-06,2026-10-06,CM,BSE,STK,936656,INE652X07100,MHLZC26,F,,,,,MHIL-ZC-13-11-26-NCD,1971.80,1976.00,1969.50,1969.50,1969.50,1974.98,,1969.50,,,149,293914.00,7,F1,1,,,,,
2026-10-06,2026-10-06,CM,BSE,STK,936744,INE414G07DQ9,MFLZC26A,F,,,,,MFL-ZC-14-12-26-NCD,1959.98,1959.98,1959.49,1959.49,1959.49,1959.98,,1959.49,,,111,217525.00,4,F1,1,,,,,
2026-10-06,2026-10-06,CM,BSE,STK,936810,INE306N07LM5,865TCAPS27,F,,,,,TCAP-8.65%-26-8-27-NCD,1019.00,1019.00,1018.00,1018.00,1018.00,1012.00,,1018.00,,,22,22407.00,4,F1,1,,,,,
2026-10-06,2026-10-06,CM,BSE,STK,936975,INE804IA7246,995ECL29,F,,,,,ECL-9.95%-28-11-29-NCD,1012.00,1012.00,1012.00,1012.00,1012.00,1008.99,,1012.00,,,15,15180.00,1,F1,1,,,,,
2026-10-06,2026-10-06,CM,BSE,STK,936991,INE403Q07AW5,1025KFL26B,F,,,,,KFL-10.25%-9-12-26-NCD,913.00,913.00,913.00,913.00,913.00,990.00,,913.00,,,10,9130.00,1,F1,1,,,,,
2026-10-06,2026-10-06,CM,BSE,STK,937017,INE027E07BC8,865LTF26,F,,,,,LTF-8.65%-23-12-26-NCD,1068.00,1068.00,1067.10,1067.10,1067.10,1067.00,,1067.10,,,86,91779.00,3,F1,1,,,,,
2026-10-06,2026-10-06,CM,BSE,STK,937065,INE721A07PK7,875SFL27,F,,,,,SFL-8.75%-28-1-27-NCD,990.00,1011.99,990.00,1011.99,1011.99,1010.00,,1000.00,,,110,109119.00,6,F1,1,,,,,
2026-10-06,2026-10-06,CM,BSE,STK,937169,INE00XE07184,MVAF27,F,,,,,MVAFL-ZC-17-9-27-NCD,1844.95,1844.95,1844.95,1844.95,1844.95,1845.00,,1844.95,,,481,887420.00,1,F1,1,,,,,
2026-10-06,2026-10-06,CM,BSE,STK,937273,INE101Q07789,MMLZC27B,F,,,,,MML-ZC-29-10-27-NCD,1751.00,1751.00,1751.00,1751.00,1751.00,1751.00,,1751.00,,,1,1751.00,1,F1,1,,,,,
2026-10-06,2026-10-06,CM,BSE,STK,937373,INE134E07AN1,7PFCL31,F,,,,,PFCL-7%-22-1-31-NCD,980.01,1015.00,980.01,1008.20,1008.20,1017.00,,1008.20,,,1480,1492078.00,11,F1,1,,,,,
2026-10-06,2026-10-06,CM,BSE,STK,937381,INE134E07AR2,697PFCL36,F,,,,,PFCL-6.97%-22-1-36-NCD,970.00,970.00,965.00,965.00,965.00,989.55,,965.00,,,40,38775.00,5,F1,1,,,,,
2026-10-06,2026-10-06,CM,BSE,STK,937455,INE530B08102,96IIFL28A,F,,,,,IFL-9.6%-24-6-28-NCD,1001.78,1001.78,1001.78,1001.78,1001.78,1003.80,,1000.23,,,6,6010.00,1,F1,1,,,,,
2026-10-06,2026-10-06,CM,BSE,STK,937501,INE532F07CA6,930EFSL31,F,,,,,EFSL-9.30%-29-4-31-NCD,985.00,985.00,967.50,967.50,967.50,979.90,,967.50,,,29,28357.00,3,F1,1,,,,,
2026-10-06,2026-10-06,CM,BSE,STK,937529,INE219X07223,79IGT28,F,,,,,IGT-7.9%-6-5-28-NCD,970.05,970.05,970.05,970.05,970.05,1066.00,,970.05,,,5,4850.00,1,F1,1,,,,,
2026-10-06,2026-10-06,CM,BSE,STK,937533,INE219X07249,769IGT28,F,,,,,IGT-7.69%-6-5-28-INVIT-NCD,900.00,900.00,900.00,900.00,900.00,965.00,,950.00,,,10,9000.00,1,F1,1,,,,,
2026-10-06,2026-10-06,CM,BSE,STK,937537,INE219X07264,82IGT31,F,,,,,IGT-8.2%-6-5-31-INVIT-NCD,1037.50,1037.50,1035.26,1035.26,1035.26,1036.01,,1035.26,,,102,105822.00,3,F1,1,,,,,
2026-10-06,2026-10-06,CM,BSE,STK,937621,INE477L08154,96IIFL28,F,,,,,IHFL-9.60%-3-11-28-NCD,1001.40,1001.40,1001.40,1001.40,1001.40,997.00,,1000.99,,,40,40056.00,1,F1,1,,,,,
2026-10-06,2026-10-06,CM,BSE,STK,937637,INE532F07CI9,93EFSL31,F,,,,,EFSL-9.30%-10-9-31-NCD,966.00,969.00,966.00,969.00,969.00,980.00,,969.00,,,30,29001.00,11,F1,1,,,,,
2026-10-06,2026-10-06,CM,BSE,STK,937743,INE0BUS08013,12IML26,F,,,,,IML-12%-24-11-26-NCD,1003.00,1003.00,996.00,997.82,1001.00,1003.00,,997.82,,,276,275631.00,7,F1,1,,,,,
2026-10-06,2026-10-06,CM,BSE,STK,937799,INE532F07CQ2,915EFSL26A,F,,,,,EFSL-9.15%-28-12-26-NCD,999.00,999.00,998.00,998.00,998.00,999.00,,998.00,,,45,44915.00,3,F1,1,,,,,
2026-10-06,2026-10-06,CM,BSE,STK,937803,INE532F07CS8,EFSL26A,F,,,,,EFSL-28-12-26-NCD,1523.08,1523.08,1523.08,1523.08,1523.08,1541.00,,1523.08,,,1,1523.00,1,F1,1,,,,,
2026-10-06,2026-10-06,CM,BSE,STK,937985,INE302E07466,10SFL27,F,,,,,SFL-10%-29-04-27-NCD,980.00,980.00,980.00,980.00,980.00,1047.50,,980.00,,,209,204820.00,3,F1,1,,,,,
2026-10-06,2026-10-06,CM,BSE,STK,938005,INE530L07509,930NIDO32,F,,,,,NIDO-9.30%-29-4-32-NCD,977.00,977.00,970.52,970.52,970.52,977.00,,970.52,,,199,194293.00,2,F1,1,,,,,
2026-10-06,2026-10-06,CM,BSE,STK,938105,INE523L07710,916NWIL27,F,,,,,NWIL-9.16%-15-7-27-NCD,1003.50,1003.50,1003.50,1003.50,1003.50,994.20,,1003.50,,,10,10035.00,1,F1,1,,,,,
2026-10-06,2026-10-06,CM,BSE,STK,938212,INE532F07DB2,935EFSL27,F,,,,,EFSL-9.35%-20-10-27-NCD,999.00,999.00,999.00,999.00,999.00,998.00,,999.00,,,40,39960.00,1,F1,1,,,,,
2026-10-06,2026-10-06,CM,BSE,STK,938214,INE532F07DC0,975EFSL27,F,,,,,EFSL-9.75%-20-10-27-NCD,1031.00,1031.00,1000.00,1030.00,1030.00,1086.75,,1030.00,,,187,191815.00,5,F1,1,,,,,
2026-10-06,2026-10-06,CM,BSE,STK,938222,INE0H7R07017,79NHIT35,F,,,,,NHIT-25-10-35-INVIT,309.70,309.70,309.65,309.65,309.65,309.00,,311.87,,,170,52640.00,2,F1,1,,,,,
2026-10-06,2026-10-06,CM,BSE,STK,938256,INE414G07GV2,MFLTDII27,F,,,,,MFL-3-11-27-NCD,980.00,990.00,980.00,990.00,990.00,990.00,,990.00,,,553,543070.00,3,F1,1,,,,,
2026-10-06,2026-10-06,CM,BSE,STK,938348,INE403Q07DF4,95KFL27,F,,,,,KFL-9.5%-15-1-27-NCD,997.00,997.00,997.00,997.00,997.00,1004.00,,997.00,,,25,24925.00,2,F1,1,,,,,
2026-10-06,2026-10-06,CM,BSE,STK,938370,INE532F07DH9,10EFSL33B,F,,,,,EFSL-10%-20-1-33-NCD,995.00,995.00,995.00,995.00,995.00,1000.00,,995.00,,,100,99500.00,2,F1,1,,,,,
2026-10-06,2026-10-06,CM,BSE,STK,938372,INE532F07DI7,1045EFS33A,F,,,,,EFSL-10.45%-20-1-33-NCD,1055.00,1080.00,1045.00,1080.00,1080.00,1090.00,,1080.00,,,100,105953.00,6,F1,1,,,,,
2026-10-06,2026-10-06,CM,BSE,STK,938384,INE530B07260,9IIFL28A,F,,,,,IIFL-9%-24-1-28-NCD,1064.99,1064.99,1043.05,1043.05,1043.05,1043.05,,1043.05,,,2,2108.00,2,F1,1,,,,,
2026-10-06,2026-10-06,CM,BSE,STK,938424,INE549K07BU0,850MFL28,F,,,,,MFL-8.50%-2-2-28-NCD,999.00,999.00,999.00,999.00,999.00,984.90,,999.00,,,12,11988.00,1,F1,1,,,,,
2026-10-06,2026-10-06,CM,BSE,STK,938486,INE148I07OH5,1015SCL28A,F,,,,,SCL-10.15%-23-3-28-NCD,449.99,449.99,449.99,449.99,449.99,516.00,,449.99,,,41,18449.00,1,F1,1,,,,,
2026-10-06,2026-10-06,CM,BSE,STK,938524,INE532F07DT4,967EFSL28,F,,,,,EFSL-9.67%-27-4-28-NCD,1000.00,1000.00,1000.00,1000.00,1000.00,1004.00,,1000.00,,,1,1000.00,1,F1,1,,,,,
2026-10-06,2026-10-06,CM,BSE,STK,938526,INE532F07DV0,101EFSL28,F,,,,,EFSL-10.10%-27-4-28-NCD,1092.78,1092.78,1021.30,1033.00,1033.00,1030.07,,1033.00,,,228,247213.00,4,F1,1,,,,,
2026-10-06,2026-10-06,CM,BSE,STK,938530,INE532F07DX6,10EFSL33,F,,,,,EFSL-10%-27-4-33-NCD,1000.00,1000.00,986.00,992.51,992.51,985.03,,992.51,,,240,237730.00,10,F1,1,,,,,
2026-10-06,2026-10-06,CM,BSE,STK,938544,INE403Q07DG2,95KFL27A,F,,,,,KFL-28-4-27-NCD,999.00,999.00,999.00,999.00,999.00,995.00,,999.00,,,21,20979.00,1,F1,1,,,,,
2026-10-06,2026-10-06,CM,BSE,STK,938562,INE414G07IE4,MFL28,F,,,,,MFL-3-6-28-NCD,1312.80,1312.80,1312.80,1312.80,1312.80,1290.20,,1312.80,,,50,65640.00,1,F1,1,,,,,
2026-10-06,2026-10-06,CM,BSE,STK,938618,INE0BUS07940,1150IML28,F,,,,,IML-11.50%-23-7-28-NCD,1002.05,1002.05,1002.05,1002.05,1002.05,1002.00,,1002.05,,,1,1002.00,1,F1,1,,,,,
2026-10-06,2026-10-06,CM,BSE,STK,938664,INE532F07EI5,10EFS33,F,,,,,EFSL-10%-21-7-33-NCD,995.00,995.00,992.00,992.00,992.00,995.00,,992.00,,,1020,1013340.00,13,F1,1,,,,,
2026-10-06,2026-10-06,CM,BSE,STK,938760,INE01I507885,1050KAFL28,F,,,,,KAFL-10.50%-12-9-28-NCD,1080.00,1080.00,1080.00,1080.00,1080.00,1080.00,,1080.00,,,1,1080.00,1,F1,1,,,,,
2026-10-06,2026-10-06,CM,BSE,STK,938782,INE530L07582,10NIDO33,F,,,,,NHFL-10%-15-9-33-NCD,999.00,999.00,999.00,999.00,999.00,988.00,,999.00,,,50,49950.00,1,F1,1,,,,,
2026-10-06,2026-10-06,CM,BSE,STK,938870,INE414G07IL9,775MFLTD28,F,,,,,MFLTD-7.75%-4-10-28-NCD,1000.00,1000.00,1000.00,1000.00,1000.00,996.50,,1000.00,,,100,100000.00,1,F1,1,,,,,
2026-10-06,2026-10-06,CM,BSE,STK,938880,INE414G07IJ3,MFL28A,F,,,,,MFL-4-10-28-NCD,1275.00,1275.00,1275.00,1275.00,1275.00,1283.00,,1275.00,,,451,575025.00,3,F1,1,,,,,
2026-10-06,2026-10-06,CM,BSE,STK,938886,INE860H07IT4,805ABCL28,F,,,,,ABCL-8.05%-9-10-28-NCD,1009.99,1009.99,1009.99,1009.99,1009.99,1067.00,,1009.99,,,45,45449.00,1,F1,1,,,,,
2026-10-06,2026-10-06,CM,BSE,STK,938890,INE860H07IP2,78ABCL33,F,,,,,ABCL-7.8%-9-10-33-NCD,997.00,997.00,997.00,997.00,997.00,997.00,,997.00,,,2,1994.00,1,F1,1,,,,,
2026-10-06,2026-10-06,CM,BSE,STK,938892,INE860H07IS6,81ABCL33,F,,,,,ABCL-8.10%-9-10-33-NCD,1074.63,1074.63,1074.63,1074.63,1074.63,1070.00,,1074.63,,,1,1074.00,1,F1,1,,,,,
2026-10-06,2026-10-06,CM,BSE,STK,938912,INE532F07EK1,1045EFSL33,F,,,,,EFSL-10.45%-26-10-33-NCD,1081.80,1081.80,1081.80,1081.80,1081.80,1081.80,,1081.80,,,750,811350.00,2,F1,1,,,,,
2026-10-06,2026-10-06,CM,BSE,STK,938952,INE140A07740,905PFL26,F,,,,,PFL-9.05%-3-11-26-NCD,1080.00,1080.00,1080.00,1080.00,1080.00,1090.00,,1080.00,,,100,108000.00,1,F1,1,,,,,
2026-10-06,2026-10-06,CM,BSE,STK,938958,INE140A07773,935PFL33,F,,,,,PFL-9.35%-3-11-33-NCD,1081.40,1081.50,1081.40,1081.50,1081.50,1081.50,,1169.00,,,49,52991.00,2,F1,1,,,,,
2026-10-06,2026-10-06,CM,BSE,STK,938978,INE148I07QK4,948SCL26A,F,,,,,SCL-9.48%-9-11-26-NCD,324.99,324.99,324.99,324.99,324.99,319.20,,324.99,,,25,8124.00,2,F1,1,,,,,
2026-10-06,2026-10-06,CM,BSE,STK,939190,INE532F07EU0,920EFSL27,F,,,,,EFSL-9.20%-29-1-27-NCD,990.70,990.70,990.70,990.70,990.70,997.00,,990.70,,,10,9907.00,2,F1,1,,,,,
2026-10-06,2026-10-06,CM,BSE,STK,939194,INE532F07EX4,EFSL27A,F,,,,,EFSL-29-1-27-NCD,1268.00,1268.00,1267.00,1268.00,1268.00,1270.80,,1268.00,,,104,131871.00,8,F1,1,,,,,
2026-10-06,2026-10-06,CM,BSE,STK,939196,INE532F07EY2,967EFSL29,F,,,,,EFSL-9.67%-29-1-29-NCD,1003.00,1003.00,1003.00,1003.00,1003.00,1003.00,,1003.00,,,50,50150.00,3,F1,1,,,,,
2026-10-06,2026-10-06,CM,BSE,STK,939198,INE532F07EZ9,1010EFSL29,F,,,,,EFSL-10.10%-29-1-29-NCD,1040.20,1040.20,1040.20,1040.20,1040.20,1057.00,,1040.20,,,1,1040.00,1,F1,1,,,,,
2026-10-06,2026-10-06,CM,BSE,STK,939216,INE414G07IY2,MFL27,F,,,,,MFL-25-1-27-NCD,1251.80,1251.80,1245.00,1245.00,1245.00,1241.20,,1245.00,,,100,125044.00,2,F1,1,,,,,
2026-10-06,2026-10-06,CM,BSE,STK,939218,INE414G07IX4,MFL29,F,,,,,MFL-25-1-29-NCD,1260.00,1260.00,1260.00,1260.00,1260.00,1399.00,,1260.00,,,500,630000.00,5,F1,1,,,,,
2026-10-06,2026-10-06,CM,BSE,STK,939234,INE549K07DH3,915MFL27,F,,,,,MFL-9.15%-31-1-27-NCD,990.22,990.22,990.22,990.22,990.22,990.00,,990.22,,,100,99022.00,2,F1,1,,,,,
2026-10-06,2026-10-06,CM,BSE,STK,939262,INE0BUS07AU3,IML160224,F,,,,,IML-15-2-27-NCD,1292.20,1292.20,1292.20,1292.20,1292.20,1295.00,,1292.20,,,99,127927.00,6,F1,1,,,,,
2026-10-06,2026-10-06,CM,BSE,STK,939264,INE0BUS07AT5,1150IML29,F,,,,,IML-11.50%-15-2-29-NCD,1018.00,1018.00,1000.00,1002.00,1002.00,1001.00,,1002.00,,,117,117272.00,7,F1,1,,,,,
2026-10-06,2026-10-06,CM,BSE,STK,939276,INE302E07649,1025SFL29,F,,,,,SFL-10.25%-27-2-29-NCD,990.00,990.00,985.00,985.00,985.00,998.99,,985.00,,,99,97990.00,4,F1,1,,,,,
2026-10-06,2026-10-06,CM,BSE,STK,939299,INE530L07715,10NIDO27,F,,,,,NIDO-10%-1-3-27-NCD,1050.50,1050.50,1045.20,1046.00,1045.20,1056.80,,1046.00,,,200,209199.00,3,F1,1,,,,,
2026-10-06,2026-10-06,CM,BSE,STK,939337,INE342T07445,1119NFL27,F,,,,,NFL-11.19%-13-3-27-NCD,1057.00,1057.00,1057.00,1057.00,1057.00,1059.00,,1057.00,,,1000,1057000.00,6,F1,1,,,,,
2026-10-06,2026-10-06,CM,BSE,STK,939355,INE148I07SI4,948SCL27,F,,,,,SCL-9.48%-26-3-27-NCD,998.00,999.50,998.00,999.38,999.00,1020.00,,998.78,,,301,300601.00,8,F1,1,,,,,
2026-10-06,2026-10-06,CM,BSE,STK,939357,INE148I07SK0,0SCL27,F,,,,,SCL-ZC-26-3-27-NCD,1270.00,1270.00,1270.00,1270.00,1270.00,1249.00,,1268.07,,,20,25400.00,1,F1,1,,,,,
2026-10-06,2026-10-06,CM,BSE,STK,939395,INE01CY077N2,IFL1942024,F,,,,,IFL-19-4-27-NCD,1314.80,1314.80,1314.80,1314.80,1314.80,1290.20,,1314.80,,,15,19722.00,1,F1,1,,,,,
2026-10-06,2026-10-06,CM,BSE,STK,939407,INE532F07FK8,920EFSL27A,F,,,,,EFSL-9.20%-29-4-27-NCD,999.00,999.50,999.00,999.50,999.50,997.00,,999.50,,,71,70944.00,5,F1,1,,,,,
2026-10-06,2026-10-06,CM,BSE,STK,939439,INE532F07FJ0,1045EFS34,F,,,,,EFSL-10.45%-29-4-34-NCD,1010.00,1010.00,1010.00,1010.00,1010.00,1075.00,,1010.00,,,1000,1010000.00,2,F1,1,,,,,
2026-10-06,2026-10-06,CM,BSE,STK,939461,INE549K07DS0,MFCL30424A,F,,,,,MFCL-30-6-27-NCD,1330.00,1330.00,1330.00,1330.00,1330.00,1330.00,,1330.00,,,750,997500.00,1,F1,1,,,,,
2026-10-06,2026-10-06,CM,BSE,STK,939477,INE338I07164,897MOFSL29,F,,,,,MOFSL-8.97%-9-5-29-NCD,1022.99,1022.99,1022.00,1022.68,1022.00,1040.00,,1022.83,,,117,119679.00,8,F1,1,,,,,
2026-10-06,2026-10-06,CM,BSE,STK,939563,INE248U07FI4,944ONE34,F,,,,,360ONEPL-9.44%-12-6-34-NCD,1010.00,1010.00,995.00,997.72,995.00,1015.50,,997.72,,,157,156693.00,7,F1,1,,,,,
2026-10-06,2026-10-06,CM,BSE,STK,939575,INE413U07301,1003IIFL29,F,,,,,IIFLSFL-10.03%-21-6-29-NCD,1020.00,1020.00,1020.00,1020.00,1020.00,1020.00,,1020.00,,,200,204000.00,1,F1,1,,,,,
2026-10-06,2026-10-06,CM,BSE,STK,939583,INE530L07806,958NHFL27,F,,,,,NHFL-9.58%-3-7-27-NCD,998.50,999.00,998.50,999.00,999.00,1000.00,,999.00,,,255,254657.00,15,F1,1,,,,,
2026-10-06,2026-10-06,CM,BSE,STK,939589,INE530L07764,1003NHFL29,F,,,,,NHFL-10.03%-3-7-29-NCD,985.00,1010.00,982.82,1010.00,1010.00,1005.00,,1010.00,,,37,36440.00,3,F1,1,,,,,
2026-10-06,2026-10-06,CM,BSE,STK,939607,INE302E07706,1025SF29,F,,,,,SFL-10.25%-9-7-29-NCD,1002.00,1002.00,1002.00,1002.00,1002.00,1000.00,,1002.00,,,1,1002.00,1,F1,1,,,,,
2026-10-06,2026-10-06,CM,BSE,STK,939617,INE532F07FR3,957EFSL27,F,,,,,EFSL-9.57%-26-7-27-NCD,987.00,987.00,987.00,987.00,987.00,988.64,,987.00,,,60,59220.00,2,F1,1,,,,,
2026-10-06,2026-10-06,CM,BSE,STK,939623,INE532F07FU7,1004EFSL29,F,,,,,EFSL-10.04%-26-7-29-NCD,1000.00,1000.00,999.00,999.00,999.00,1004.00,,999.00,,,1000,999903.00,13,F1,1,,,,,
2026-10-06,2026-10-06,CM,BSE,STK,939627,INE532F07FW3,EFSL26724A,F,,,,,EFSL-26-7-29-NCD,2066.00,2066.00,2066.00,2066.00,2066.00,1723.00,,2066.00,,,1,2066.00,1,F1,1,,,,,
2026-10-06,2026-10-06,CM,BSE,STK,939631,INE532F07FZ6,1049EFSL34,F,,,,,EFSL-10.49%-26-7-34-NCD,1000.04,1026.00,1000.00,1022.00,1022.00,1030.00,,1022.00,,,446,452183.00,10,F1,1,,,,,
2026-10-06,2026-10-06,CM,BSE,STK,939651,INE103C07058,0SMCGSL27,F,,,,,SMCGSL-ZC-07-08-27-NCD,1222.00,1222.00,1222.00,1222.00,1222.00,1219.80,,1222.00,,,18,21996.00,2,F1,1,,,,,
2026-10-06,2026-10-06,CM,BSE,STK,939655,INE103C07041,994SMCGS29,F,,,,,SMCGSL-9.94%-07-08-29-NCD,1000.00,1000.00,1000.00,1000.00,1000.00,1021.00,,1000.00,,,50,50000.00,3,F1,1,,,,,
2026-10-06,2026-10-06,CM,BSE,STK,939657,INE103C07066,104SMCGS29,F,,,,,SMCGSL-10.40%-07-08-29-NCD,1003.00,1005.10,1001.00,1005.00,1005.00,1005.00,,1005.00,,,400,401060.00,5,F1,1,,,,,
2026-10-06,2026-10-06,CM,BSE,STK,939727,INE423A07328,965AEL27,F,,,,,AEL-9.65%-12-9-27-NCD,1012.00,1013.00,1011.50,1013.00,1013.00,1011.50,,1012.50,,,437,442420.00,15,F1,1,,,,,
2026-10-06,2026-10-06,CM,BSE,STK,939731,INE423A07336,956AEL29,F,,,,,AEL-9.56%-12-9-29-NCD,1020.49,1035.00,1019.99,1024.37,1035.00,1050.00,,1024.44,,,1189,1217404.00,17,F1,1,,,,,
2026-10-06,2026-10-06,CM,BSE,STK,939733,INE423A07344,99AEL29,F,,,,,AEL-9.90%-12-9-29-NCD,1040.01,1041.00,1040.00,1041.00,1041.00,1043.15,,1041.00,,,50,52025.00,3,F1,1,,,,,
2026-10-06,2026-10-06,CM,BSE,STK,939807,INE896L07991,1030ICFL27,F,,,,,ICFL-10.30%-25-9-27-NCD,999.90,999.90,999.90,999.90,999.90,995.00,,999.90,,,39,38996.00,2,F1,1,,,,,
2026-10-06,2026-10-06,CM,BSE,STK,939819,INE530L07863,10NHFL27A,F,,,,,NHFL-10%-8-10-27-NCD,1000.00,1000.00,1000.00,1000.00,1000.00,905.65,,1000.00,,,39,39000.00,10,F1,1,,,,,
2026-10-06,2026-10-06,CM,BSE,STK,939839,INE532F07GB5,950EFSL26A,F,,,,,EFSL-9.50%-24-10-26-NCD,1089.00,1089.00,1089.00,1089.00,1089.00,1084.00,,1089.00,,,20,21780.00,1,F1,1,,,,,
2026-10-06,2026-10-06,CM,BSE,STK,939855,INE532F07GH2,1050EFS29A,F,,,,,EFSL-10.50%-24-10-29-NCD,1092.80,1092.80,1092.80,1092.80,1092.80,1075.18,,1092.80,,,10,10928.00,1,F1,1,,,,,
2026-10-06,2026-10-06,CM,BSE,STK,939857,INE532F07GI0,1049EFS34A,F,,,,,EFSL-10.49%-24-10-34-NCD,1005.01,1005.31,1003.05,1005.31,1005.31,1004.25,,1005.31,,,295,296490.00,7,F1,1,,,,,
2026-10-06,2026-10-06,CM,BSE,STK,939869,INE549K07EQ2,965MFCL30A,F,,,,,MFCL-9.65%-30-10-30-NCD,999.00,999.00,999.00,999.00,999.00,951.40,,999.00,,,10,9990.00,1,F1,1,,,,,
2026-10-06,2026-10-06,CM,BSE,STK,939879,INE549K07ER0,MFCL301024,F,,,,,MFCL-30-10-26-NCD,1186.00,1186.00,1186.00,1186.00,1186.00,1166.20,,1186.00,,,50,59300.00,6,F1,1,,,,,
2026-10-06,2026-10-06,CM,BSE,STK,939901,INE0BUS07BF2,IML8112024,F,,,,,IML-7-5-30-NCD,1280.00,1280.00,1278.00,1278.00,1278.00,1274.64,,1278.00,,,97,124046.00,2,F1,1,,,,,
2026-10-06,2026-10-06,CM,BSE,STK,939993,INE148I07VW9,965SCL26Y,F,,,,,SCL-9.65%-27-12-26-NCD,1070.00,1070.00,1070.00,1070.00,1070.00,1025.80,,1070.00,,,50,53500.00,1,F1,1,,,,,
2026-10-06,2026-10-06,CM,BSE,STK,940001,INE148I07VN8,SCL271224A,F,,,,,SCL-27-12-26-NCD,1171.00,1171.00,1171.00,1171.00,1171.00,1159.00,,1171.00,,,13,15223.00,1,F1,1,,,,,
2026-10-06,2026-10-06,CM,BSE,STK,940027,INE148I07VE7,1075SCL34T,F,,,,,SCL-10.75%-27-12-34-NCD,1071.00,1090.00,1071.00,1090.00,1090.00,1098.00,,1090.00,,,300,323200.00,2,F1,1,,,,,
2026-10-06,2026-10-06,CM,BSE,STK,940043,INE530L07996,1003NHFL30,F,,,,,NHFL-10.03%-6-1-30-NCD,1000.00,1000.00,1000.00,1000.00,1000.00,1000.00,,1000.00,,,401,401000.00,5,F1,1,,,,,
2026-10-06,2026-10-06,CM,BSE,STK,940051,INE530L07AD6,11NHFL35,F,,,,,NHFL-11%-6-1-35-NCD,1050.20,1072.80,1050.00,1053.67,1072.80,1075.80,,1053.67,,,1190,1253870.00,3,F1,1,,,,,
2026-10-06,2026-10-06,CM,BSE,STK,940053,INE549K07EZ3,9MFLIII27,F,,,,,MFLIII-9%-10-1-27-NCD,990.50,990.50,990.50,990.50,990.50,1015.00,,990.50,,,10,9905.00,2,F1,1,,,,,
2026-10-06,2026-10-06,CM,BSE,STK,940097,INE532F07GO8,950EFSL27,F,,,,,EFSL-9.50%-24-1-27-NCD,1061.80,1061.80,1061.80,1061.80,1061.80,1052.21,,1061.80,,,78,82820.00,1,F1,1,,,,,
2026-10-06,2026-10-06,CM,BSE,STK,940099,INE532F07GP5,EFSL240125,F,,,,,EFSL-24-1-27-NCD,1160.00,1160.00,1145.85,1146.85,1146.85,1160.00,,1146.85,,,195,224157.00,5,F1,1,,,,,
2026-10-06,2026-10-06,CM,BSE,STK,940115,INE532F07GT7,1049EFSL35,F,,,,,EFSL-10.49%-24-1-35-NCD,1004.99,1022.00,1004.99,1010.00,1010.00,1023.00,,1010.00,,,12,12081.00,5,F1,1,,,,,
2026-10-06,2026-10-06,CM,BSE,STK,940139,INE01CY078W1,ICLF27125B,F,,,,,ICLFL-27-9-30-NCD,1155.00,1155.00,1155.00,1155.00,1155.00,1040.00,,1155.00,,,10,11550.00,2,F1,1,,,,,
2026-10-06,2026-10-06,CM,BSE,STK,940159,INE549K07FM8,9MFLIV27,F,,,,,MFLIV-9%-24-2-27-NCD,990.00,999.50,990.00,994.22,999.50,990.00,,994.22,,,9,8948.00,3,F1,1,,,,,
2026-10-06,2026-10-06,CM,BSE,STK,940165,INE549K07FT3,965MFLIV31,F,,,,,MFLIV-9.65%-24-2-31-NCD,1016.70,1020.00,1016.70,1020.00,1020.00,1015.67,,1020.00,,,100,101683.00,2,F1,1,,,,,
2026-10-06,2026-10-06,CM,BSE,STK,940211,INE148I07WP1,971SCL30,F,,,,,SCL-9.71-19-03-30-NCD,1020.79,1020.79,1020.79,1020.79,1020.79,1026.37,,1020.79,,,701,715573.00,5,F1,1,,,,,
2026-10-06,2026-10-06,CM,BSE,STK,940227,INE0IID07553,13PCL30,F,,,,,PCL-13%-20-3-30-NCD,1002.14,1002.50,1002.14,1002.50,1002.50,1010.00,,1002.50,,,400,400928.00,4,F1,1,,,,,
2026-10-06,2026-10-06,CM,BSE,STK,940239,INE530L07AK1,10NHFL28A,F,,,,,NHFL-10%-3-4-28-NCD,1050.00,1050.00,1050.00,1050.00,1050.00,1036.80,,1050.00,,,47,49350.00,2,F1,1,,,,,
2026-10-06,2026-10-06,CM,BSE,STK,940247,INE530L07AN5,1050NHF30,F,,,,,NHFL-10.50%-3-4-30-NCD,1043.00,1043.00,1043.00,1043.00,1043.00,1043.00,,1043.00,,,3,3129.00,1,F1,1,,,,,
2026-10-06,2026-10-06,CM,BSE,STK,940255,INE530L07AM7,1049NHF35,F,,,,,NHFL-10.49%-3-4-35-NCD,1020.00,1020.00,1014.99,1014.99,1014.99,1015.00,,1014.99,,,100,101974.00,6,F1,1,,,,,
2026-10-06,2026-10-06,CM,BSE,STK,940261,INE530L07AL9,11NHFL35A,F,,,,,NHFL-11%-3-4-35-NCD,1040.20,1057.80,1040.00,1057.80,1057.80,1055.00,,1057.80,,,691,722060.00,3,F1,1,,,,,
2026-10-06,2026-10-06,CM,BSE,STK,940325,INE103C07082,1003SMCG30,F,,,,,SMCGSL-10.03%-24-04-30-NCD,1005.00,1005.00,1005.00,1005.00,1005.00,1003.07,,1005.00,,,100,100500.00,2,F1,1,,,,,
2026-10-06,2026-10-06,CM,BSE,STK,940327,INE103C07090,1050SMCG30,F,,,,,SMCGSL-10.50%-24-04-30-NCD,1035.01,1035.01,1035.01,1035.01,1035.01,1035.00,,1035.01,,,10,10350.00,1,F1,1,,,,,
2026-10-06,2026-10-06,CM,BSE,STK,940347,INE532F07HG2,1049EFS35F,F,,,,,EFSL-10.49%-30-04-35-NCD,1022.00,1022.00,1022.00,1022.00,1022.00,1015.00,,1022.00,,,210,214620.00,2,F1,1,,,,,
2026-10-06,2026-10-06,CM,BSE,STK,940353,INE101Q07BC5,MML130525,F,,,,,MML-12-11-26-NCD,1110.20,1110.20,1110.20,1110.20,1110.20,1120.00,,1110.20,,,40,44408.00,1,F1,1,,,,,
2026-10-06,2026-10-06,CM,BSE,STK,940385,INE549K07GA1,9MFL27B,F,,,,,MFL-9%-19-5-27-NCD,998.00,998.00,998.00,998.00,998.00,987.50,,998.00,,,5,4990.00,1,F1,1,,,,,
2026-10-06,2026-10-06,CM,BSE,STK,940415,INE051307BT8,12CCIL30D,F,,,,,CCIL-12%-19-6-30-NCD,1000.00,1000.00,1000.00,1000.00,1000.00,1000.00,,1000.00,,,3,3000.00,1,F1,1,,,,,
2026-10-06,2026-10-06,CM,BSE,STK,940425,INE530L07AU0,NHFL2725,F,,,,,NHFL-02-07-27-NCD,1106.80,1108.90,1106.80,1108.90,1108.90,1106.80,,1108.90,,,123,136216.00,2,F1,1,,,,,
2026-10-06,2026-10-06,CM,BSE,STK,940427,INE530L07AV8,957NHFL28,F,,,,,NHFL-9.57%-02-07-28-NCD,999.00,999.00,999.00,999.00,999.00,999.00,,999.00,,,60,59940.00,3,F1,1,,,,,
2026-10-06,2026-10-06,CM,BSE,STK,940443,INE549K07GW5,885MFCL27,F,,,,,MFCL-8.85%-16-7-27-NCD,990.00,990.00,990.00,990.00,990.00,990.00,,990.00,,,100,99000.00,2,F1,1,,,,,
2026-10-06,2026-10-06,CM,BSE,STK,940445,INE549K07GX3,905MFCL28,F,,,,,MFCL-9.05%-16-7-28-NCD,995.00,995.00,995.00,995.00,995.00,985.00,,995.00,,,290,288550.00,5,F1,1,,,,,
2026-10-06,2026-10-06,CM,BSE,STK,940457,INE549K07GQ7,980MFCL31,F,,,,,MFCL-9.80%-16-7-31-NCD,1020.01,1020.01,1020.01,1020.01,1020.01,995.00,,1020.01,,,15,15300.00,1,F1,1,,,,,
2026-10-06,2026-10-06,CM,BSE,STK,940467,INE423A07450,895AEL27,F,,,,,AEL-8.95%-17-07-27-NCD,1015.00,1015.00,1015.00,1015.00,1015.00,1015.00,,1010.08,,,2,2030.00,1,F1,1,,,,,
2026-10-06,2026-10-06,CM,BSE,STK,940479,INE423A07393,930AEL30,F,,,,,AEL-9.30%-17-07-30-NCD,1039.00,1040.00,1039.00,1040.00,1040.00,1044.00,,1040.00,,,36,37416.00,4,F1,1,,,,,
2026-10-06,2026-10-06,CM,BSE,STK,940501,INE532F07HX7,935EFSL28,F,,,,,EFSL-9.35%-24-7-28-NCD,982.00,982.00,982.00,982.00,982.00,990.00,,982.00,,,5,4910.00,1,F1,1,,,,,
2026-10-06,2026-10-06,CM,BSE,STK,940513,INE532F07HS7,EFSL24725A,F,,,,,EFSL-24-7-30-NCD,1100.00,1100.00,1100.00,1100.00,1100.00,1100.00,,1100.00,,,30,33000.00,1,F1,1,,,,,
2026-10-06,2026-10-06,CM,BSE,STK,940517,INE532F07HQ1,1003EFSL35,F,,,,,EFSL-10.03%-24-7-35-NCD,1000.00,1000.00,1000.00,1000.00,1000.00,1000.00,,1000.00,,,230,230000.00,5,F1,1,,,,,
2026-10-06,2026-10-06,CM,BSE,STK,940635,INE101Q07BK8,9MML27A,F,,,,,MML-9%-28-2-27-NCD,995.00,995.00,995.00,995.00,995.00,995.00,,995.00,,,1,995.00,1,F1,1,,,,,
2026-10-06,2026-10-06,CM,BSE,STK,940637,INE101Q07BL6,925MML27,F,,,,,MML-9.25%-29-8-27-NCD,999.00,999.00,999.00,999.00,999.00,997.00,,999.00,,,100,99900.00,3,F1,1,,,,,
2026-10-06,2026-10-06,CM,BSE,STK,940639,INE101Q07BM4,975MML28,F,,,,,MML-9.75%-29-8-28-NCD,1000.00,1000.00,990.00,990.00,990.00,1000.00,,990.00,,,100,99600.00,3,F1,1,,,,,
2026-10-06,2026-10-06,CM,BSE,STK,940649,INE530L07BD4,935NHFL28,F,,,,,NHFL-9.35%-10-09-28-NCD,998.00,999.00,998.00,999.00,999.00,988.00,,999.00,,,6,5993.00,2,F1,1,,,,,
2026-10-06,2026-10-06,CM,BSE,STK,940651,INE530L07BE2,975NHFL28,F,,,,,NHFL-9.75%-10-09-28-NCD,1000.00,1000.00,1000.00,1000.00,1000.00,1000.00,,1000.00,,,568,568000.00,6,F1,1,,,,,
2026-10-06,2026-10-06,CM,BSE,STK,940661,INE530L07BI3,1003NHFL35,F,,,,,NHFL-10.03%-10-09-35-NCD,990.00,993.00,989.90,989.98,989.90,996.00,,989.98,,,2319,2295874.00,41,F1,1,,,,,
2026-10-06,2026-10-06,CM,BSE,STK,940663,INE530L07AZ9,1050NHFL35,F,,,,,NHFL-10.50%-10-09-35-NCD,1005.00,1005.00,1001.10,1002.27,1001.10,1005.10,,1002.27,,,10,10022.00,2,F1,1,,,,,
2026-10-06,2026-10-06,CM,BSE,STK,940669,INE532F07IA3,912EFSL28,F,,,,,EFSL-9.12%-7-10-28-NCD,995.80,995.80,995.80,995.80,995.80,980.20,,995.80,,,25,24895.00,1,F1,1,,,,,
2026-10-06,2026-10-06,CM,BSE,STK,940681,INE532F07IE5,980EFSL35,F,,,,,EFSL-9.80%-7-10-35-NCD,997.00,997.00,997.00,997.00,997.00,997.00,,997.00,,,70,69790.00,2,F1,1,,,,,
2026-10-06,2026-10-06,CM,BSE,STK,940685,INE05NX24023,8SMC29,F,,,,,SMC-8%-13-10-29-MB,500.00,500.00,500.00,500.00,500.00,500.00,,500.00,,,10,5000.00,2,F1,1,,,,,
2026-10-06,2026-10-06,CM,BSE,STK,940699,INE180C07213,97CGCL35,F,,,,,CGCL-9.7%-13-10-35-NCD,1030.00,1030.00,1030.00,1030.00,1030.00,1025.00,,1030.00,,,30,30900.00,1,F1,1,,,,,
2026-10-06,2026-10-06,CM,BSE,STK,940705,INE0BUS07CE3,975IML27,F,,,,,IML-9.75%-30-10-27-NCD,999.00,999.00,987.50,990.54,987.50,990.00,,990.54,,,340,336785.00,3,F1,1,,,,,
2026-10-06,2026-10-06,CM,BSE,STK,940709,INE0BUS07CD5,1025IML28,F,,,,,IML-10.25%-30-10-28-NCD,995.00,1010.00,995.00,995.00,995.00,997.00,,995.00,,,353,352595.00,10,F1,1,,,,,
2026-10-06,2026-10-06,CM,BSE,STK,940713,INE0BUS07CC7,1125IML30,F,,,,,IML-11.25%-30-10-30-NCD,1001.00,1007.50,1000.00,1000.00,1000.00,1007.49,,1000.00,,,994,994859.00,25,F1,1,,,,,
2026-10-06,2026-10-06,CM,BSE,STK,940715,INE0BUS07CA1,IML301025D,F,,,,,IML-30-10-31-NCD,1070.00,1070.00,1069.99,1069.99,1069.99,1050.76,,1069.99,,,110,117699.00,2,F1,1,,,,,
2026-10-06,2026-10-06,CM,BSE,STK,940719,INE103C07132,SGSL301025,F,,,,,SGSL-30-10-27-NCD,1072.00,1072.00,1072.00,1072.00,1072.00,1070.00,,1072.00,,,100,107200.00,1,F1,1,,,,,
2026-10-06,2026-10-06,CM,BSE,STK,940727,INE103C07165,1025SGSL30,F,,,,,SGSL-10.25%-30-10-30-NCD,1075.00,1075.00,1075.00,1075.00,1075.00,1081.40,,1075.00,,,44,47300.00,1,F1,1,,,,,
2026-10-06,2026-10-06,CM,BSE,STK,940731,INE403Q07GJ9,950KFL28,F,,,,,KFL-9.50%-09-11-08-NCD,989.00,989.00,975.00,977.40,975.00,989.00,,977.40,,,161,158939.00,8,F1,1,,,,,
2026-10-06,2026-10-06,CM,BSE,STK,940745,INE051307BZ5,1050CCIL27,F,,,,,CCIL-10.50%-11-5-27-NCD,995.00,995.00,995.00,995.00,995.00,995.00,,995.00,,,6,5970.00,1,F1,1,,,,,
2026-10-06,2026-10-06,CM,BSE,STK,940751,INE051307CA6,12CCIL30,F,,,,,CCIL-12%-9-11-30-NCD,995.00,995.00,995.00,995.00,995.00,1020.00,,995.00,,,20,19900.00,1,F1,1,,,,,
2026-10-06,2026-10-06,CM,BSE,STK,940753,INE051307CB4,CCIL101125,F,,,,,CCIL-11-11-26-NCD,1029.00,1045.00,1029.00,1045.00,1045.00,1021.00,,1045.00,,,30,31030.00,3,F1,1,,,,,
2026-10-06,2026-10-06,CM,BSE,STK,940761,INE01CYA7203,11ICLFL27,F,,,,,ICLFL-11%-02-12-27-NCD,1010.00,1010.00,1010.00,1010.00,1010.00,989.00,,1010.00,,,100,101000.00,6,F1,1,,,,,
2026-10-06,2026-10-06,CM,BSE,STK,940771,INE01CYA7187,ICLF21225,F,,,,,ICLFL-02-12-28-NCD,996.00,996.00,996.00,996.00,996.00,996.00,,996.00,,,10,9960.00,1,F1,1,,,,,
2026-10-06,2026-10-06,CM,BSE,STK,940777,INE01CYA7138,ICL021225,F,,,,,ICLFL-02-10-31-NCD,975.00,975.00,970.00,970.00,970.00,970.20,,970.00,,,100,97200.00,2,F1,1,,,,,
2026-10-06,2026-10-06,CM,BSE,STK,940785,INE532F07IQ9,940EFSL28,F,,,,,EFSL-9.40%-12-12-28-NCD,1056.00,1056.00,1056.00,1056.00,1056.00,1056.00,,1056.00,,,100,105600.00,1,F1,1,,,,,
2026-10-06,2026-10-06,CM,BSE,STK,940789,INE532F07IP1,944EFSL30,F,,,,,EFSL-9.44%-12-12-30-NCD,975.05,975.05,975.05,975.05,975.05,986.00,,975.05,,,42,40952.00,2,F1,1,,,,,
2026-10-06,2026-10-06,CM,BSE,STK,940795,INE532F07IJ4,967EFSL35,F,,,,,EFSL-9.67-12-12-35-NCD,994.99,994.99,994.99,994.99,994.99,985.00,,994.99,,,50,49749.00,1,F1,1,,,,,
2026-10-06,2026-10-06,CM,BSE,STK,940813,INE01I507BF5,1075KAF30A,F,,,,,KAFL-10.75%-16-12-30-NCD,1000.00,1000.00,1000.00,1000.00,1000.00,980.00,,1000.00,,,296,296000.00,1,F1,1,,,,,
2026-10-06,2026-10-06,CM,BSE,STK,940833,INE05F407DQ0,1075MML30,F,,,,,MML-10.75%-19-12-30-NCD,1000.00,1000.00,1000.00,1000.00,1000.00,1000.00,,1000.00,,,10,10000.00,1,F1,1,,,,,
2026-10-06,2026-10-06,CM,BSE,STK,940835,INE05F407DU2,MML191225D,F,,,,,MML-19-3-32-NCD,1020.00,1020.00,1020.00,1020.00,1020.00,1030.00,,1020.00,,,1,1020.00,1,F1,1,,,,,
2026-10-06,2026-10-06,CM,BSE,STK,940841,INE0IID07769,13PCL30A,F,,,,,PCL-13%-29-12-30-NCD,1002.50,1002.50,1000.00,1000.00,1000.00,1002.00,,1000.00,,,3802,3806418.00,32,F1,1,,,,,
2026-10-06,2026-10-06,CM,BSE,STK,940845,INE423A07500,AEL12126,F,,,,,AEL-12-1-28-NCD,1035.00,1035.00,1033.01,1033.01,1033.01,1033.01,,1050.50,,,117,121061.00,2,F1,1,,,,,
2026-10-06,2026-10-06,CM,BSE,STK,940849,INE423A07534,875AEL29,F,,,,,AEL-8.75%-12-1-29-NCD,1068.31,1068.31,1051.00,1051.00,1051.00,1051.00,,1051.00,,,7,7374.00,2,F1,1,,,,,
2026-10-06,2026-10-06,CM,BSE,STK,940853,INE423A07518,862AEL31,F,,,,,AEL-8.62%-12-1-31-NCD,1015.00,1015.00,1008.00,1008.00,1008.00,1010.00,,1008.00,,,39,39319.00,3,F1,1,,,,,
2026-10-06,2026-10-06,CM,BSE,STK,940855,INE423A07526,890AEL31,F,,,,,AEL-8.90%-12-1-31-NCD,1063.00,1063.00,1060.50,1060.50,1060.50,1062.00,,1060.88,,,44,46689.00,3,F1,1,,,,,
2026-10-06,2026-10-06,CM,BSE,STK,940859,INE549K07HE1,837MFL28,F,,,,,MFL-8.37%-12-2-28-NCD,987.50,987.50,984.00,987.50,987.50,977.20,,987.50,,,174,171737.00,4,F1,1,,,,,
2026-10-06,2026-10-06,CM,BSE,STK,940862,INE549K07HG6,865MFL31,F,,,,,MFL-8.65%-12-2-31-NCD,988.00,988.00,988.00,988.00,988.00,988.00,,988.00,,,1,988.00,1,F1,1,,,,,
2026-10-06,2026-10-06,CM,BSE,STK,940866,INE549K07HL6,87MFL28,F,,,,,MFL-8.7%-12-2-28-NCD,1035.50,1035.50,1035.50,1035.50,1035.50,1035.50,,1035.50,,,83,85946.00,1,F1,1,,,,,
2026-10-06,2026-10-06,CM,BSE,STK,940876,INE549K07HO0,MFL120226A,F,,,,,MFL-12-2-29-NCD,1005.20,1005.20,1005.20,1005.20,1005.20,1016.00,,1005.20,,,20,20104.00,1,F1,1,,,,,
2026-10-06,2026-10-06,CM,BSE,STK,940880,INE549K07HM4,MFL120226C,F,,,,,MFL-12-2-32-NCD,1029.00,1029.00,1029.00,1029.00,1029.00,1030.80,,1029.00,,,20,20580.00,1,F1,1,,,,,
2026-10-06,2026-10-06,CM,BSE,STK,940886,INE403Q07GU6,9KFL2029,F,,,,,KFL-9%-19-2-29-NCD,984.99,984.99,980.00,983.84,980.00,990.00,,983.84,,,161,158042.00,9,F1,1,,,,,
2026-10-06,2026-10-06,CM,BSE,STK,940900,INE01CYA7252,1050ICLF28,F,,,,,ICLFL-10.50-23-02-28-NCD,989.00,989.00,985.00,985.00,985.00,951.59,,985.00,,,27,26603.00,2,F1,1,,,,,
2026-10-06,2026-10-06,CM,BSE,STK,940913,INE01CYA7328,1125ICLF29,F,,,,,ICLFL-11.25%-23-02-29-NCD,900.00,900.00,900.00,900.00,900.00,900.00,,900.00,,,10,9000.00,1,F1,1,,,,,
2026-10-06,2026-10-06,CM,BSE,STK,940933,INE530B07658,837IIFL28,F,,,,,IIFL-8.37%-6-3-28-NCD,982.09,987.00,981.20,985.00,985.00,981.20,,985.00,,,300,295079.00,34,F1,1,,,,,
2026-10-06,2026-10-06,CM,BSE,STK,940939,INE530B07617,870IIFL28,F,,,,,IIFL-8.70%-6-3-28-NCD,1029.89,1029.89,1029.89,1029.89,1029.89,1036.20,,1029.89,,,1,1029.00,1,F1,1,,,,,
2026-10-06,2026-10-06,CM,BSE,STK,940951,INE0IID07793,125PCL29,F,,,,,PCL-12.5%-16-3-29-NCD,1000.00,1000.00,995.00,995.00,995.00,990.00,,995.00,,,50,49895.00,4,F1,1,,,,,
2026-10-06,2026-10-06,CM,BSE,STK,940955,INE0IID07785,13PCL31,F,,,,,PCL-13%-16-3-31-NCD,1009.00,1010.00,1009.00,1010.00,1010.00,1009.99,,1010.00,,,56,56515.00,5,F1,1,,,,,
2026-10-06,2026-10-06,CM,BSE,STK,940965,INE051307CH1,CCIL18326,F,,,,,CCIL-22-04-27-NCD,1010.55,1010.55,1010.55,1010.55,1010.55,1010.20,,1010.55,,,30,30316.00,1,F1,1,,,,,
2026-10-06,2026-10-06,CM,BSE,STK,940975,INE532F07IY3,880EFSL29,F,,,,,EFSL-8.80%-18-3-29-NCD,995.00,995.00,995.00,995.00,995.00,1000.00,,995.00,,,18,17910.00,2,F1,1,,,,,
2026-10-06,2026-10-06,CM,BSE,STK,940979,INE532F07IW7,EFSL18326A,F,,,,,EFSL-18-3-29-NCD,1008.00,1008.00,1008.00,1008.00,1008.00,1008.00,,1008.00,,,10,10080.00,1,F1,1,,,,,
2026-10-06,2026-10-06,CM,BSE,STK,940981,INE532F07IV9,921EFSL31,F,,,,,EFSL-18-3-31-NCD,975.00,975.00,975.00,975.00,975.00,975.10,,975.00,,,10,9750.00,1,F1,1,,,,,
2026-10-06,2026-10-06,CM,BSE,STK,940987,INE532F07JA1,958EFSL36,F,,,,,EFSL-9.58%-18-3-36-NCD,981.00,987.00,981.00,981.00,981.00,995.00,,981.00,,,136,133858.00,40,F1,1,,,,,
2026-10-06,2026-10-06,CM,BSE,STK,940995,INE549K07IC3,865MFL31A,F,,,,,MFL-8.65%-25-3-31-NCD,990.00,990.00,990.00,990.00,990.00,990.00,,990.00,,,2,1980.00,1,F1,1,,,,,
2026-10-06,2026-10-06,CM,BSE,STK,941007,INE549K07HW3,MFL250326,F,,,,,MFL-25-3-28-NCD,1022.00,1022.00,1020.00,1020.00,1020.00,1022.00,,1020.00,,,209,213578.00,2,F1,1,,,,,
2026-10-06,2026-10-06,CM,BSE,STK,941009,INE549K07HT9,MFL250326A,F,,,,,MFL-25-3-29-NCD,1021.80,1021.80,1021.80,1021.80,1021.80,1001.20,,1021.80,,,40,40872.00,1,F1,1,,,,,
2026-10-06,2026-10-06,CM,BSE,STK,941015,INE01CYA7369,10ICLFL027,F,,,,,ICLFL-10%-28-05-27-NCD,989.80,989.80,955.20,989.70,989.70,984.00,,989.70,,,13,12621.00,6,F1,1,,,,,
2026-10-06,2026-10-06,CM,BSE,STK,941023,INE01CYA7401,ICLFL28426,F,,,,,ICLFL-ZC-28-05-27-NCD,1019.00,1019.00,1019.00,1019.00,1019.00,1019.99,,1019.00,,,19,19361.00,2,F1,1,,,,,
2026-10-06,2026-10-06,CM,BSE,STK,941035,INE180C07288,9CGCL028,F,,,,,CGCL-9%-30-4-28-NCD,1016.00,1016.00,1015.00,1015.00,1015.00,1012.00,,1015.00,,,110,111700.00,3,F1,1,,,,,
2026-10-06,2026-10-06,CM,BSE,STK,941037,INE180C07304,880CGCL29,F,,,,,CGCL-8.80%-30-4-29-NCD,990.10,990.20,990.10,990.20,990.20,999.90,,990.20,,,8,7921.00,3,F1,1,,,,,
2026-10-06,2026-10-06,CM,BSE,STK,941041,INE180C07296,893CGCL31,F,,,,,CGCL-8.93%-30-4-31-NCD,1005.00,1005.00,1005.00,1005.00,1005.00,1000.19,,1005.00,,,20,20100.00,1,F1,1,,,,,
2026-10-06,2026-10-06,CM,BSE,STK,941049,INE549K07IF6,865MFL29,F,,,,,MFL-8.65%-12-5-29-NCD,989.48,989.48,989.48,989.48,989.48,989.49,,989.48,,,10,9894.00,1,F1,1,,,,,
2026-10-06,2026-10-06,CM,BSE,STK,941051,INE549K07IG4,879MFL31,F,,,,,MFL-8.79%-12-5-31-NCD,985.00,985.00,985.00,985.00,985.00,985.00,,985.00,,,48,47280.00,1,F1,1,,,,,
2026-10-06,2026-10-06,CM,BSE,STK,941061,INE549K07IL4,925MFL32,F,,,,,MFL-9.25%-12-5-32-NCD,997.00,997.00,997.00,997.00,997.00,1000.00,,997.00,,,1,997.00,1,F1,1,,,,,
2026-10-06,2026-10-06,CM,BSE,STK,941063,INE549K07IM2,MFL120526,F,,,,,MFL-12-5-28-NCD,1011.00,1011.00,1010.10,1010.10,1010.10,1011.00,,1010.10,,,52,52527.00,2,F1,1,,,,,
2026-10-06,2026-10-06,CM,BSE,STK,941069,INE549K07ID1,MFL12526B,F,,,,,MFL-12-5-32-NCD,1000.00,1000.00,1000.00,1000.00,1000.00,1000.00,,1000.00,,,10,10000.00,1,F1,1,,,,,
2026-10-06,2026-10-06,CM,BSE,STK,941075,INE403Q07HB4,925KFL29,F,,,,,KFL-9.25%-27-05-29-NCD,977.09,982.00,977.00,980.57,977.00,982.00,,980.57,,,622,607827.00,13,F1,1,,,,,
2026-10-06,2026-10-06,CM,BSE,STK,941087,INE05F407DV0,1050MML27,F,,,,,MML-10.50%-17-7-27-NCD,1012.50,1012.50,1012.50,1012.50,1012.50,1013.99,,1012.50,,,4,4050.00,1,F1,1,,,,,
2026-10-06,2026-10-06,CM,BSE,STK,941093,INE05F407DZ1,MML120626A,F,,,,,MML-12-6-28-NCD,1035.00,1035.00,997.20,1009.50,1009.50,1035.00,,1009.50,,,500,501623.00,4,F1,1,,,,,
2026-10-06,2026-10-06,CM,BSE,STK,941095,INE05F407DW8,11MML29,F,,,,,MML-11%-12-6-29-NCD,1025.00,1025.00,1025.00,1025.00,1025.00,1019.99,,1025.00,,,21,21525.00,2,F1,1,,,,,
2026-10-06,2026-10-06,CM,BSE,STK,941105,INE532F07JM6,880EFSL029,F,,,,,EFSL-8.80%-16-6-29-NCD,990.00,990.00,990.00,990.00,990.00,990.00,,990.00,,,20,19800.00,4,F1,1,,,,,
2026-10-06,2026-10-06,CM,BSE,STK,941107,INE532F07JG8,915EFSL029,F,,,,,EFSL-9.15%-16-6-29-NCD,990.00,1000.00,990.00,992.10,992.10,995.00,,992.10,,,256,254812.00,7,F1,1,,,,,
2026-10-06,2026-10-06,CM,BSE,STK,941111,INE532F07JI4,921EFSL031,F,,,,,EFSL-9.21%-16-6-31-NCD,985.48,985.48,980.00,984.00,984.00,985.49,,984.00,,,120,117854.00,5,F1,1,,,,,
2026-10-06,2026-10-06,CM,BSE,STK,941117,INE532F07JL8,958EFSL036,F,,,,,EFSL-9.58%-16-6-36-NCD,995.00,995.00,995.00,995.00,995.00,995.00,,995.00,,,31,30845.00,1,F1,1,,,,,
2026-10-06,2026-10-06,CM,BSE,STK,941121,INE0IID07801,1225PCL29,F,,,,,PCL-12.25%-22-6-29-NCD,1001.00,1001.00,1001.00,1001.00,1001.00,1002.00,,1001.00,,,2,2002.00,2,F1,1,,,,,
2026-10-06,2026-10-06,CM,BSE,STK,941127,INE549K07IP5,851MFL2028,F,,,,,MFL-8.51%-7-7-28-NCD,980.81,982.00,980.81,981.50,981.50,995.00,,981.50,,,106,104001.00,7,F1,1,,,,,
2026-10-06,2026-10-06,CM,BSE,STK,941133,INE549K07IS9,888MFL2032,F,,,,,MFL-8.88%-7-7-32-NCD,997.99,997.99,997.99,997.99,997.99,997.99,,997.99,,,35,34929.00,2,F1,1,,,,,
2026-10-06,2026-10-06,CM,BSE,STK,941135,INE549K07IT7,885MFL2028,F,,,,,MFL-8.85%-7-7-28-NCD,999.00,999.99,999.00,999.99,999.99,999.99,,999.99,,,41,40969.00,3,F1,1,,,,,
2026-10-06,2026-10-06,CM,BSE,STK,941141,INE549K07IW1,925MFL2032,F,,,,,MFL-9.25%-7-7-32-NCD,1006.00,1006.00,1006.00,1006.00,1006.00,995.00,,1006.00,,,1,1006.00,1,F1,1,,,,,
2026-10-06,2026-10-06,CM,BSE,STK,941143,INE549K07IX9,MFL070726,F,,,,,MFL-7-7-28-NCD,988.00,999.70,988.00,995.10,995.10,987.25,,995.10,,,28,27809.00,5,F1,1,,,,,
2026-10-06,2026-10-06,CM,BSE,STK,941151,INE051307CQ2,1025CCIL28,F,,,,,CCIL-10.25%-19-2-28-NCD,965.00,965.00,965.00,965.00,965.00,975.00,,965.00,,,125,120625.00,2,F1,1,,,,,
2026-10-06,2026-10-06,CM,BSE,STK,941157,INE051307CR0,12CCIL31C,F,,,,,CCIL-12%-19-9-31-NCD,1000.00,1000.00,1000.00,1000.00,1000.00,1000.00,,1000.00,,,47,47000.00,4,F1,1,,,,,
2026-10-06,2026-10-06,CM,BSE,STK,941159,INE051307CN9,CCIL190826,F,,,,,CCIL-23-9-27-NCD,988.88,988.88,988.88,988.88,988.88,990.00,,988.88,,,6,5933.00,1,F1,1,,,,,
2026-10-06,2026-10-06,CM,BSE,STK,941165,INE420C07197,9PDL28,F,,,,,PDL-9%-19-2-28-NCD,979.00,981.00,970.00,981.00,981.00,980.00,,981.00,,,21,20491.00,11,F1,1,,,,,
2026-10-06,2026-10-06,CM,BSE,STK,941173,INE420C07239,10PDL31,F,,,,,PDL-10%-19-8-31-NCD,977.20,986.00,976.11,980.91,980.50,979.00,,980.91,,,686,673386.00,25,F1,1,,,,,
2026-10-06,2026-10-06,CM,BSE,STK,941177,INE0BUS07CP9,9IML27,F,,,,,IML-9%-28-9-27-NCD,970.00,970.00,970.00,970.00,970.00,999.00,,970.00,,,10,9700.00,1,F1,1,,,,,
2026-10-06,2026-10-06,CM,BSE,STK,941185,INE0BUS07CS3,10IML29,F,,,,,IML-10%-24-8-29-NCD,965.30,1000.00,965.12,978.10,978.10,985.00,,978.10,,,1045,1014702.00,63,F1,1,,,,,
2026-10-06,2026-10-06,CM,BSE,STK,941187,INE0BUS07CV7,IML24826B,F,,,,,IML-24-8-29-NCD,1000.00,1000.00,1000.00,1000.00,1000.00,1000.00,,1000.00,,,1,1000.00,1,F1,1,,,,,
2026-10-06,2026-10-06,CM,BSE,STK,941189,INE0BUS07CT1,11IML31,F,,,,,IML-11%-24-8-31-NCD,987.50,987.50,987.00,987.00,987.00,984.50,,987.00,,,25,24682.00,2,F1,1,,,,,
2026-10-06,2026-10-06,CM,BSE,STK,941193,INE0BUS07CQ7,115IML32,F,,,,,IML-11.5%-24-8-32-NCD,992.00,992.00,990.00,991.39,991.39,989.18,,991.39,,,1032,1023029.00,21,F1,1,,,,,
2026-10-06,2026-10-06,CM,BSE,STK,941195,INE01CYA7542,10ICLFL27A,F,,,,,ICLFL-10%-25-09-27-NCD,984.00,984.00,955.20,970.25,970.25,978.89,,970.25,,,112,108143.00,6,F1,1,,,,,
2026-10-06,2026-10-06,CM,BSE,STK,941197,INE01CYA7534,105ICLFL28,F,,,,,ICLFL-10.50%-25-08-28-NCD,995.00,995.00,995.00,995.00,995.00,966.00,,995.00,,,100,99500.00,1,F1,1,,,,,
2026-10-06,2026-10-06,CM,BSE,STK,941199,INE01CYA7526,11ICLF29,F,,,,,ICLFL-11%-25-08-29-NCD,972.00,972.00,972.00,972.00,972.00,972.00,,972.00,,,3,2916.00,2,F1,1,,,,,
2026-10-06,2026-10-06,CM,BSE,STK,941201,INE01CYA7518,115ICLF31,F,,,,,ICLFL-11.50%-25-08-31-NCD,975.00,975.00,971.00,971.00,971.00,975.00,,971.00,,,135,131105.00,7,F1,1,,,,,
2026-10-06,2026-10-06,CM,BSE,STK,941203,INE01CYA7500,ICLFL25826,F,,,,,ICLFL-25-09-27-NCD,947.72,1164.00,947.72,972.00,972.00,972.03,,972.00,,,1016,994236.00,20,F1,1,,,,,
2026-10-06,2026-10-06,CM,BSE,STK,941231,INE01I507BH1,95KAFL27,F,,,,,KAFL-9.50%-7-10-27-NCD,962.00,962.00,960.20,960.66,960.66,964.00,,960.66,,,469,450661.00,6,F1,1,,,,,
2026-10-06,2026-10-06,CM,BSE,STK,941251,INE549K07JB3,856MFFL28,F,,,,,MFL-8.56%-24-09-28-NCD,984.25,990.00,984.01,985.07,985.01,987.15,,985.07,,,900,887046.00,23,F1,1,,,,,
2026-10-06,2026-10-06,CM,BSE,STK,941253,INE549K07JC1,875MFL29A,F,,,,,MFL-8.75%-24-09-29-NCD,986.01,986.01,982.00,983.00,983.00,986.01,,983.00,,,76,74781.00,4,F1,1,,,,,
2026-10-06,2026-10-06,CM,BSE,STK,941255,INE549K07JD9,884MFL31,F,,,,,MFL-8.84%-24-09-31-NCD,987.00,987.00,973.94,985.00,985.00,973.94,,985.00,,,165,162375.00,8,F1,1,,,,,
2026-10-06,2026-10-06,CM,BSE,STK,941257,INE549K07JE7,888MFL32A,F,,,,,MFL-8.88%-24-09-32-NCD,985.05,993.99,983.50,993.99,993.99,994.00,,993.99,,,81,80004.00,3,F1,1,,,,,
2026-10-06,2026-10-06,CM,BSE,STK,941261,INE549K07JH0,910MFL29,F,,,,,MFL-9.10%-24-09-29-NCD,1000.00,1000.00,998.10,998.10,998.10,995.00,,998.10,,,61,60980.00,4,F1,1,,,,,
2026-10-06,2026-10-06,CM,BSE,STK,941265,INE549K07JJ6,925MFL32A,F,,,,,MFL-9.25%-24-09-32-NCD,990.01,990.01,990.00,990.00,990.00,990.01,,990.00,,,200,198001.00,3,F1,1,,,,,
2026-10-06,2026-10-06,CM,BSE,STK,941267,INE549K07JK4,MFL24926,F,,,,,MFL-ZC-24-09-28-NCD,962.10,962.10,962.10,962.10,962.10,980.00,,962.10,,,2,1924.00,1,F1,1,,,,,
2026-10-06,2026-10-06,CM,BSE,STK,941269,INE549K07JM0,MFL24926A,F,,,,,MFL-ZC-24-09-29-NCD,980.00,980.00,950.00,965.00,965.00,980.00,,965.00,,,26,25115.00,6,F1,1,,,,,
2026-10-06,2026-10-06,CM,BSE,STK,941271,INE549K07JG2,MFL24926B,F,,,,,MFL-ZC-24-09-31-NCD,965.00,965.00,960.00,965.00,965.00,965.00,,965.00,,,49,47235.00,4,F1,1,,,,,
2026-10-06,2026-10-06,CM,BSE,STK,941273,INE549K07JL2,MFL24926C,F,,,,,MFL-ZC-24-09-32-NCD,975.00,975.00,975.00,975.00,975.00,977.50,,975.00,,,52,50700.00,2,F1,1,,,,,
2026-10-06,2026-10-06,CM,BSE,STK,941275,INE532F07JN4,865EFSL28A,F,,,,,EFSL-8.65%-1-10-28-NCD,1000.00,1000.00,1000.00,1000.00,1000.00,1010.00,,1000.00,,,200,200000.00,1,F1,1,,,,,
2026-10-06,2026-10-06,CM,BSE,STK,941287,INE532F07JR5,96EFSL31,F,,,,,EFSL-9.60%-1-10-31-NCD,994.95,994.95,994.95,994.95,994.95,0.00,,994.95,,,10,9949.00,1,F1,1,,,,,
2026-10-06,2026-10-06,CM,BSE,STK,941289,INE532F07JS3,EFSL11026A,F,,,,,EFSL-1-10-31-NCD,998.00,998.00,995.00,995.00,995.00,0.00,,995.00,,,10,9965.00,2,F1,1,,,,,
2026-10-06,2026-10-06,CM,BSE,STK,941291,INE532F07JW5,958EFSL36A,F,,,,,EFSL-9.58%-1-10-36-NCD,1000.00,1000.00,1000.00,1000.00,1000.00,1000.00,,1000.00,,,1,1000.00,1,F1,1,,,,,
2026-10-06,2026-10-06,CM,BSE,STK,941293,INE532F07JV7,10EFSL36A,F,,,,,EFSL-10%-1-10-36-NCD,980.00,999.00,980.00,999.00,999.00,1000.00,,999.00,,,12,11798.00,2,F1,1,,,,,
2026-10-06,2026-10-06,CM,BSE,STK,956882,INE148I08298,835SCL27,F,,,,,SCL-8.35%-8-9-27-PVT,103411.64,103411.64,103411.64,103411.64,103411.64,99339.54,,103411.64,,,20,2068232.00,1,F1,10,,,,,
2026-10-06,2026-10-06,CM,BSE,STK,960183,INE071G08AI8,75IHFCL30,F,,,,,IHFCL-7.5%-8-11-30-PVT,500102.00,500102.00,500102.00,500102.00,500102.00,500000.00,,500102.00,,,2,1000204.00,1,F1,2,,,,,
2026-10-06,2026-10-06,CM,BSE,STK,961718,INE134E07182,PFCBT1S4,F,,,,,PFCBT1S4,17132.00,17151.00,17131.00,17151.00,17151.00,17131.00,,17151.00,,,9,154256.00,5,F1,1,,,,,
2026-10-06,2026-10-06,CM,BSE,STK,961728,INE906B07CB9,830NHAI27,F,,,,,830NHAI27,1007.00,1007.10,1005.24,1005.24,1005.24,1006.10,,1007.83,,,508,511496.00,7,F1,1,,,,,
2026-10-06,2026-10-06,CM,BSE,STK,961730,INE134E07208,830PFCL27,F,,,,,830PFC2027,1005.00,1005.00,1003.65,1004.00,1004.00,1004.50,,1004.50,,,554,556205.00,10,F1,1,,,,,
2026-10-06,2026-10-06,CM,BSE,STK,961732,INE053F07538,810IRFC27,F,,,,,810IRFC2327,1009.69,1009.69,1003.00,1004.51,1004.51,1009.99,,1004.51,,,645,647660.00,10,F1,1,,,,,
2026-10-06,2026-10-06,CM,BSE,STK,961734,INE031A07840,82HUDCO27,F,,,,,HUDCO050327,1055.25,1055.25,1055.25,1055.25,1055.25,1060.00,,1055.13,,,80,84420.00,1,F1,1,,,,,
2026-10-06,2026-10-06,CM,BSE,STK,961776,INE020B07HP8,846REC28,F,,,,,846REC28,1126.01,1126.01,1126.01,1126.01,1126.01,1125.00,,1208.00,,,171,192547.00,1,F1,1,,,,,
2026-10-06,2026-10-06,CM,BSE,STK,961779,INE020B07HS2,871REC28,F,,,,,871REC28,1127.30,1128.50,1127.01,1128.50,1128.50,1127.30,,1129.25,,,865,975367.00,7,F1,1,,,,,
2026-10-06,2026-10-06,CM,BSE,STK,961792,INE848E07567,892NHPC33,F,,,,,892NHPC33,1270.00,1275.00,1270.00,1275.00,1275.00,1269.90,,1275.00,,,250,318250.00,3,F1,1,,,,,
2026-10-06,2026-10-06,CM,BSE,STK,961803,INE134E07448,879PFCL28,F,,,,,879PFC28,1132.25,1132.25,1132.25,1132.25,1132.25,1108.08,,1132.25,,,1,1132.00,1,F1,1,,,,,
2026-10-06,2026-10-06,CM,BSE,STK,961804,INE134E07463,892PFCL33,F,,,,,892PFC33,1285.00,1285.00,1284.10,1284.10,1284.10,1286.00,,1289.05,,,100,128411.00,2,F1,1,,,,,
2026-10-06,2026-10-06,CM,BSE,STK,961810,INE733E07JJ9,891NTPC33,F,,,,,891NTPC33,1293.00,1300.00,1293.00,1300.00,1300.00,1290.94,,1293.05,,,477,619359.00,6,F1,1,,,,,
2026-10-06,2026-10-06,CM,BSE,STK,961822,INE787H07370,891IIFCL34,F,,,,,891IIFCL34,1277.00,1277.00,1262.00,1262.00,1262.00,1265.75,,1264.00,,,20,25390.00,2,F1,1,,,,,
2026-10-06,2026-10-06,CM,BSE,STK,961826,INE906B07DF8,875NHAI29,F,,,,,NHAI-8.75%-5-2-29-NCD,1116.00,1116.00,1115.01,1115.01,1115.01,1119.00,,1119.97,,,75,83635.00,4,F1,1,,,,,
2026-10-06,2026-10-06,CM,BSE,STK,961839,INE202E07138,880IREDA29,F,,,,,IREDA-8.80%-13-03-29-BOND,1125.00,1125.00,1125.00,1125.00,1125.00,1120.00,,1128.73,,,1,1125.00,1,F1,1,,,,,
2026-10-06,2026-10-06,CM,BSE,STK,961841,INE202E07153,880IREDA34,F,,,,,IREDA-8.80%-13-03-34-BOND,1258.00,1258.00,1258.00,1258.00,1258.00,1256.08,,1258.00,,,6,7548.00,1,F1,1,,,,,
2026-10-06,2026-10-06,CM,BSE,STK,961863,INE031A07AG1,898HUDCO29,F,,,,,HUDCO-8.98%-24-3-29-TFBOND,1320.20,1320.20,1320.20,1320.20,1320.20,1148.00,,1320.20,,,356,469991.00,1,F1,1,,,,,
2026-10-06,2026-10-06,CM,BSE,STK,961875,INE020B07IG5,888REC29,F,,,,,REC-8.88%-24-3-29-TFBOND,1149.00,1155.00,1149.00,1149.00,1149.00,1141.46,,1152.75,,,424,488952.00,8,F1,1,,,,,
2026-10-06,2026-10-06,CM,BSE,STK,961885,INE053F07744,888IRFC29,F,,,,,IRFC-8.88%-19-03-2029-BOND,1120.12,1120.12,1120.12,1120.12,1120.12,1122.50,,1123.50,,,179,200501.00,1,F1,1,,,,,
2026-10-06,2026-10-06,CM,BSE,STK,961910,INE733E07JW2,762NTPC35F,F,,,,,NTPC-7.62%-3B-5-10-35-BOND,1147.00,1147.00,1147.00,1147.00,1147.00,1146.10,,1165.50,,,60,68820.00,1,F1,1,,,,,
2026-10-06,2026-10-06,CM,BSE,STK,972715,INE039A09OG1,916IFCI27,F,,,,,IFCI-9.16%-IV-15-2-27-C-PVT,17500.01,17680.00,17500.01,17680.00,17680.00,17500.02,,17680.00,,,17,299850.00,7,F1,1,,,,,
2026-10-06,2026-10-06,CM,BSE,STK,972721,INE039A09OW8,872IFCI27,F,,,,,IFCI-8.72%-V-31-3-27-C-PVT,16212.00,16500.00,16212.00,16500.00,16500.00,16212.00,,16500.00,,,41,672842.00,6,F1,1,,,,,
2026-10-06,2026-10-06,CM,BSE,STK,972773,INE039A09PP9,990IFCI37D,F,,,,,990IFCI37D,29200.00,29200.00,29200.00,29200.00,29200.00,29200.00,,29200.00,,,12,350400.00,2,F1,4,,,,,
2026-10-06,2026-10-06,CM,BSE,STK,973491,INE516Y07444,675PFL31,F,,,,,PFL-6.75%-26-9-31-PVT,710.95,711.55,710.33,711.00,711.00,710.61,,711.00,,,678,482295.00,9,F1,1,,,,,
2026-10-06,2026-10-06,CM,BSE,STK,973993,INE0M2307081,962APSB30,F,,,,,APSBCL-9.62%-31-5-30-PVT,1035000.00,1035000.00,1035000.00,1035000.00,1035000.00,1040000.04,,1035000.00,,,1,1035000.00,1,F1,1,,,,,
2026-10-06,2026-10-06,CM,BSE,STK,974285,INE540P07483,995UPPCL29,F,,,,,UPPCL-9.95%-30-3-29-PVT,1029798.01,1029798.01,1029798.01,1029798.01,1029798.01,1032000.01,,1029798.01,,,7,7208586.00,3,F1,1,,,,,
2026-10-06,2026-10-06,CM,BSE,STK,974634,INE468N07615,EELZC27,F,,,,,EEL-ZC-26-2-27-PVT,141351.00,141351.00,141351.00,141351.00,141351.00,142700.00,,141351.00,,,1,141351.00,1,F1,1,,,,,
2026-10-06,2026-10-06,CM,BSE,STK,974998,INE515Q08226,1240AFPL29,F,,,,,AFPL-12.40%-24-4-29-PVT,102000.00,104000.00,102000.00,104000.00,104000.00,104000.00,,104000.00,,,8,822000.00,4,F1,1,,,,,
2026-10-06,2026-10-06,CM,BSE,STK,975000,INE836K07064,EFCL28723A,F,,,,,EFCL-09-04-27-PVT,101700.00,101700.00,101700.00,101700.00,101700.00,101500.00,,101700.00,,,1,101700.00,1,F1,1,,,,,
2026-10-06,2026-10-06,CM,BSE,STK,975375,INE982X08109,1385SML29,F,,,,,SML-13.85%-12-7-29-PVT,84990.00,84990.00,84990.00,84990.00,84990.00,84990.00,,84990.00,,,4,339960.00,3,F1,1,,,,,
2026-10-06,2026-10-06,CM,BSE,STK,975501,INE0GCN07021,995AAHL27,F,,,,,AAHL-9.95%-15-3-27-PVT,104850.00,104850.00,104850.00,104850.00,104850.00,106233.40,,104850.00,,,2,209700.00,1,F1,1,,,,,
2026-10-06,2026-10-06,CM,BSE,STK,975572,INE468N07BD3,EEL280324A,F,,,,,EEL-26-11-27-PVT,127453.00,149246.00,127453.00,149246.00,149246.00,149845.00,,149246.00,,,2,276699.00,2,F1,1,,,,,
2026-10-06,2026-10-06,CM,BSE,STK,975690,INE146O08266,950HLFL29,F,,,,,HLFL-9.50%-29-11-29-PVT,104000.00,104250.00,104000.00,104250.00,104250.00,102999.99,,104250.00,,,10,1041000.00,3,F1,1,,,,,
2026-10-06,2026-10-06,CM,BSE,STK,976020,INE0Z4807015,0CIPL28,F,,,,,CIPL-ZC-17-3-28-PVT,132999.00,133000.00,132999.00,132999.67,133000.00,133000.00,,132999.67,,,3,398999.00,3,F1,1,,,,,
2026-10-06,2026-10-06,CM,BSE,STK,976036,INE549K08509,1045MFL32,F,,,,,MFL-10.45%-24-12-32-PVT,10100.00,10100.00,10100.00,10100.00,10100.00,10100.00,,10100.00,,,50,505000.00,4,F1,1,,,,,
2026-10-06,2026-10-06,CM,BSE,STK,976090,INE658F08243,949KIIFB34,F,,,,,KIIFB-9.49%-8-10-34-PVT,103000.00,103000.00,103000.00,103000.00,103000.00,103000.00,,103000.00,,,1,103000.00,1,F1,1,,,,,
2026-10-06,2026-10-06,CM,BSE,STK,976146,INE296G07192,99MCSL26,F,,,,,MCSL-9.90%-29-10-26-PVT,2501.00,2501.00,2480.00,2482.00,2482.00,2487.26,,2482.00,,,28,69925.00,5,F1,1,,,,,
2026-10-06,2026-10-06,CM,BSE,STK,976148,INE146O08282,95HLFL30,F,,,,,HLFL-9.5%-30-10-30-PVT,106199.00,106199.00,106199.00,106199.00,106199.00,106481.00,,106199.00,,,1,106199.00,1,F1,1,,,,,
2026-10-06,2026-10-06,CM,BSE,STK,976228,INE549K08517,1045MFL33,F,,,,,MFL-10.45%-11-3-33-PVT,10171.00,10171.00,10171.00,10171.00,10171.00,10169.00,,10171.00,,,5,50855.00,1,F1,1,,,,,
2026-10-06,2026-10-06,CM,BSE,STK,976289,INE658F08359,942KIIFB29,F,,,,,KIIFB-9.42%-30-12-29-PVT,102100.00,102100.00,102100.00,102100.00,102100.00,102000.00,,102100.00,,,1,102100.00,1,F1,1,,,,,
2026-10-06,2026-10-06,CM,BSE,STK,976293,INE658F08318,942KIIFB34,F,,,,,KIIFB-9.4%-30-12-34-PVT,102000.00,103300.00,102000.00,103300.00,103300.00,105499.00,,103300.00,,,8,819900.00,6,F1,1,,,,,
2026-10-06,2026-10-06,CM,BSE,STK,976307,INE528L07115,108EAAAL27,F,,,,,EAAAL-10.80%-2-7-27-PVT,108792.00,108792.00,108792.00,108792.00,108792.00,108764.00,,108792.00,,,5,543960.00,4,F1,1,,,,,
2026-10-06,2026-10-06,CM,BSE,STK,976325,INE342T07544,1075NFL27,F,,,,,NFL-10.75%-31-12-27-PVT,10003.00,10055.55,10003.00,10050.00,10050.00,10019.08,,10050.00,,,121,1212601.00,17,F1,1,,,,,
2026-10-06,2026-10-06,CM,BSE,STK,976411,INE08XP07282,12ACAPL28,F,,,,,ACAPL-12%-14-8-28-PVT,97600.00,97621.00,97600.00,97600.00,97600.00,97600.00,,97600.00,,,6,585656.00,6,F1,1,,,,,
2026-10-06,2026-10-06,CM,BSE,STK,976437,INE342T07569,1060NFL27,F,,,,,NFL-10.60%-21-5-27-PVT,10000.00,10000.00,9965.00,9965.00,9965.00,10046.00,,9965.00,,,125,1249050.00,19,F1,1,,,,,
2026-10-06,2026-10-06,CM,BSE,STK,976493,INE403Q07FN3,10KFL027,F,,,,,KFL-10%-12-3-27-PVT,10005.00,10005.00,10005.00,10005.00,10005.00,9933.23,,10005.00,,,4,40020.00,1,F1,1,,,,,
2026-10-06,2026-10-06,CM,BSE,STK,976547,INE939X07184,1135MFL26,F,,,,,MFL-11.35%-27-10-26-PVT,9986.00,9986.00,9986.00,9986.00,9986.00,9986.00,,9986.00,,,10,99860.00,1,F1,1,,,,,
2026-10-06,2026-10-06,CM,BSE,STK,976560,INE385W07042,10DCAL27,F,,,,,DCAL-10%-26-03-27-PVT,99999.00,99999.00,99999.00,99999.00,99999.00,99000.00,,99999.00,,,1,99999.00,1,F1,1,,,,,
2026-10-06,2026-10-06,CM,BSE,STK,976600,INE076I07038,11RDCCIL28,F,,,,,RDCCIL-11%-02-04-28-PVT,97500.00,98946.68,97500.00,98946.68,98946.68,97500.00,,98946.68,,,13,1281520.00,9,F1,1,,,,,
2026-10-06,2026-10-06,CM,BSE,STK,976685,INE939X07192,1125MFL27,F,,,,,MFL-11.25%-9-2-27-PVT,9981.00,9981.00,9900.00,9900.00,9900.00,9941.00,,9900.00,,,3,29781.00,3,F1,1,,,,,
2026-10-06,2026-10-06,CM,BSE,STK,976727,INE884Q07764,1075MML027,F,,,,,MML-10.75%-27-5-27-PVT,99286.00,99286.00,99286.00,99286.00,99286.00,100000.00,,99286.00,,,1,99286.00,1,F1,1,,,,,
2026-10-06,2026-10-06,CM,BSE,STK,976752,INE420C07130,10PDL27,F,,,,,PDL-10%-3-6-27-PVT,99670.00,99670.00,99670.00,99670.00,99670.00,99678.00,,99670.00,,,2,199340.00,2,F1,1,,,,,
2026-10-06,2026-10-06,CM,BSE,STK,976757,INE939X07200,1130MBFL27,F,,,,,MBFL-11.30%-5-6-27-PVT,10000.00,10000.00,10000.00,10000.00,10000.00,9994.00,,10000.00,,,3,30000.00,2,F1,1,,,,,
2026-10-06,2026-10-06,CM,BSE,STK,976799,INE0BUS07BV9,1125IML027,F,,,,,IML-11.25%-17-3-27-PVT,99900.00,99900.00,99900.00,99900.00,99900.00,99950.00,,99900.00,,,4,399600.00,1,F1,1,,,,,
2026-10-06,2026-10-06,CM,BSE,STK,976808,INE342T07601,1075NFL28,F,,,,,NFL-10.75%-19-8-28-PVT,10012.01,10035.00,10012.01,10035.00,10035.00,10018.86,,10035.00,,,40,401134.00,10,F1,1,,,,,
2026-10-06,2026-10-06,CM,BSE,STK,976821,INE148I07XB9,945SCL29,F,,,,,SCL-9.45%-19-6-29-PVT,103894.50,103894.50,103850.00,103850.00,103850.00,101231.30,,103850.00,,,2,207744.00,2,F1,1,,,,,
2026-10-06,2026-10-06,CM,BSE,STK,976855,INE342T07619,10NFL27,F,,,,,NFL-10%-25-03-27-PVT,99705.01,100041.67,99705.01,100002.00,100002.00,99674.02,,100002.00,,,18,1800334.00,4,F1,1,,,,,
2026-10-06,2026-10-06,CM,BSE,STK,976868,INE08XP07324,125ACAP28,F,,,,,ACAPL-12.5%-27-12-28-PVT,98000.00,98000.00,96211.00,96211.00,96211.00,97700.00,,96211.00,,,8,778798.00,7,F1,1,,,,,
2026-10-06,2026-10-06,CM,BSE,STK,976872,INE501X07703,1025AFL27,F,,,,,AFL-10.25%-30-06-27-PVT,100000.00,100000.00,100000.00,100000.00,100000.00,99217.41,,100000.00,,,1,100000.00,1,F1,1,,,,,
2026-10-06,2026-10-06,CM,BSE,STK,976905,INE08XP07316,985ACAPL27,F,,,,,ACAPL-9.85%-11-1-27-PVT,9926.58,9926.58,9610.55,9610.55,9610.55,9923.26,,9610.55,,,2,19537.00,2,F1,1,,,,,
2026-10-06,2026-10-06,CM,BSE,STK,976928,INE0BUS07BW7,1125IMLD27,F,,,,,IML-11.25%-23-4-27-PVT,100167.00,100167.00,100167.00,100167.00,100167.00,99000.00,,100167.00,,,5,500835.00,1,F1,1,,,,,
2026-10-06,2026-10-06,CM,BSE,STK,976929,INE0BUS07BX5,12IML28,F,,,,,IML-12%-23-7-28-PVT,101100.00,101100.00,101100.00,101100.00,101100.00,101001.00,,101100.00,,,1,101100.00,1,F1,1,,,,,
2026-10-06,2026-10-06,CM,BSE,STK,976965,INE296G07309,10MCSL2027,F,,,,,MCSL-10%-29-07-27-PVT,99200.00,99200.00,99200.00,99200.00,99200.00,99802.60,,99200.00,,,15,1488000.00,2,F1,1,,,,,
2026-10-06,2026-10-06,CM,BSE,STK,976970,INE681R08125,1025NBSP27,F,,,,,NBSPL-10.25%-30-01-27-PVT,102000.00,102000.00,102000.00,102000.00,102000.00,101200.00,,102000.00,,,150,15300000.00,4,F1,1,,,,,
2026-10-06,2026-10-06,CM,BSE,STK,976976,INE01YL07383,1070ESPL27,F,,,,,ESPL-10.70%-5-3-27-PVT,99900.00,99900.00,99150.01,99150.01,99150.01,100000.00,,99150.01,,,2,199050.00,2,F1,1,,,,,
2026-10-06,2026-10-06,CM,BSE,STK,977001,INE403Q07GC4,1062KFLD28,F,,,,,KFLD-10.62%-7-2-28-PVT,100000.00,100600.00,99501.01,100600.00,100600.00,100000.00,,100600.00,,,6,600101.00,4,F1,1,,,,,
2026-10-06,2026-10-06,CM,BSE,STK,977017,INE342T07635,1030NFL27,F,,,,,NFL-10.30%-30-09-27-PVT,9938.01,10000.00,9938.01,9990.00,9990.00,9970.00,,9990.00,,,88,879371.00,13,F1,1,,,,,
2026-10-06,2026-10-06,CM,BSE,STK,977022,INE07HK07825,1065KSL27,F,,,,,KSL-10.65%-12-08-27-PVT,99990.00,100000.00,99472.60,100000.00,100000.00,99999.99,,100000.00,,,57,5693307.00,8,F1,1,,,,,
2026-10-06,2026-10-06,CM,BSE,STK,977029,INE0NES07253,1140KFL27A,F,,,,,KFL-11.40%-12-05-27-PVT,99441.99,99441.99,99441.99,99441.99,99441.99,99441.99,,99441.99,,,1,99441.00,1,F1,1,,,,,
2026-10-06,2026-10-06,CM,BSE,STK,977044,INE0NES07261,111KFL27,F,,,,,KFL-11.10%-19-8-27-PVT,9858.00,9858.00,9857.01,9857.20,9857.15,9848.44,,9857.20,,,19,187285.00,4,F1,1,,,,,
2026-10-06,2026-10-06,CM,BSE,STK,977068,INE998Y07204,1095BRFL27,F,,,,,BRFL-10.95%-29-8-27-PVT,9888.00,9888.00,9888.00,9888.00,9888.00,9889.00,,9888.00,,,5,49440.00,1,F1,1,,,,,
2026-10-06,2026-10-06,CM,BSE,STK,977071,INE756I07FI1,ZCHDBFS28,F,,,,,HDBFSL-ZC-04-10-28-PVT,105277.80,105277.80,105277.80,105277.80,105277.80,105165.70,,105277.80,,,455,47901399.00,4,F1,1,,,,,
2026-10-06,2026-10-06,CM,BSE,STK,977093,INE138I08109,0MSFL27,F,,,,,MSFL-0%-9-9-27-PVT,111000.00,111000.00,111000.00,111000.00,111000.00,111288.67,,111000.00,,,1,111000.00,1,F1,1,,,,,
2026-10-06,2026-10-06,CM,BSE,STK,977107,INE0NES07279,1140KFLD28,F,,,,,KFL-11.40%-11-4-28-PVT,98723.84,99500.00,98723.84,99500.00,99500.00,99900.00,,99500.00,,,12,1185462.00,3,F1,1,,,,,
2026-10-06,2026-10-06,CM,BSE,STK,977117,INE583D08081,1165UCL31,F,,,,,UCL-11.65%-15-3-31-PVT,97700.00,97946.69,97501.00,97700.00,97700.00,97733.33,,97700.00,,,24,2343196.00,11,F1,1,,,,,
2026-10-06,2026-10-06,CM,BSE,STK,977134,INE448U07307,885VFL29A,F,,,,,VFL-8.85%-19-09-29-PVT,99876.54,99876.54,99623.04,99623.04,99623.04,99556.00,,99623.04,,,2,199499.00,2,F1,1,,,,,
2026-10-06,2026-10-06,CM,BSE,STK,977142,INE046W07297,980MML28,F,,,,,MML-9.80%-23-09-28-PVT,99000.00,99000.00,99000.00,99000.00,99000.00,100400.00,,99000.00,,,2,198000.00,1,F1,1,,,,,
2026-10-06,2026-10-06,CM,BSE,STK,977172,INE884Q07798,1075MML27A,F,,,,,MML-10.75%-30-9-27-PVT,98900.00,99172.11,98900.00,99172.11,99172.11,99200.00,,99172.11,,,19,1882560.00,6,F1,1,,,,,
2026-10-06,2026-10-06,CM,BSE,STK,977186,INE08E807092,99SFCPL27,F,,,,,SRFCPL-9.9%-1-11-27-PVT,98200.00,98200.00,98200.00,98200.00,98200.00,98500.00,,98200.00,,,2,196400.00,1,F1,1,,,,,
2026-10-06,2026-10-06,CM,BSE,STK,977187,INE08E807100,1025SRFC28,F,,,,,SRFCPL-10.25%-1-4-28-PVT,99200.00,99200.00,99200.00,99200.00,99200.00,99525.00,,99200.00,,,1,99200.00,1,F1,1,,,,,
2026-10-06,2026-10-06,CM,BSE,STK,977200,INE146O08399,925HLFL31,F,,,,,HLFL-9.25%-9-7-31-PVT,100300.00,100300.00,99900.00,99900.00,99900.00,100172.00,,99900.00,,,85,8497905.00,20,F1,1,,,,,
2026-10-06,2026-10-06,CM,BSE,STK,977226,INE0JZO07032,1350LLD29,F,,,,,LLDL-13.50%-30-01-29-PVT,101200.00,101350.00,101200.00,101350.00,101350.00,101200.00,,101350.00,,,10,1013000.00,5,F1,1,,,,,
2026-10-06,2026-10-06,CM,BSE,STK,977228,INE583D07612,975UCL27,F,,,,,UCL-9.75%-15-10-27-PVT,9950.00,9950.00,9944.82,9944.82,9944.82,9995.55,,9944.82,,,10,99474.00,2,F1,1,,,,,
2026-10-06,2026-10-06,CM,BSE,STK,977241,INE0NES07287,1140KRFL27,F,,,,,KRFL-11.40%-24-10-27-PVT,9927.01,9999.95,9927.01,9999.95,9999.95,9966.34,,9999.95,,,131,1304851.00,15,F1,1,,,,,
2026-10-06,2026-10-06,CM,BSE,STK,977249,INE101Q07BS1,930MML28,F,,,,,MML-9.30%-27-1-28-PVT,9813.00,9813.00,9808.00,9808.00,9808.00,9873.00,,9808.00,,,14,137362.00,3,F1,1,,,,,
2026-10-06,2026-10-06,CM,BSE,STK,977261,INE01YL07409,1070ESPL28,F,,,,,ESPL-10.70%-08-01-28-PVT,100101.20,100101.20,100101.20,100101.20,100101.20,100050.00,,100101.20,,,1,100101.00,1,F1,1,,,,,
2026-10-06,2026-10-06,CM,BSE,STK,977280,INE046W07305,98MML27A,F,,,,,MML-9.8%-4-11-27-PVT,62349.41,62350.00,62349.41,62350.00,62350.00,62500.00,,62350.00,,,2,124699.00,2,F1,1,,,,,
2026-10-06,2026-10-06,CM,BSE,STK,977281,INE583D08115,1165UCL31A,F,,,,,UCL-11.65%-6-5-31-PVT,98000.00,98000.00,98000.00,98000.00,98000.00,98500.00,,98000.00,,,2,196000.00,2,F1,1,,,,,
2026-10-06,2026-10-06,CM,BSE,STK,977288,INE046W07313,99MML27,F,,,,,MML-9.9%-4-11-27-PVT,99779.99,99779.99,99779.99,99779.99,99779.99,99100.00,,99779.99,,,1,99779.00,1,F1,1,,,,,
2026-10-06,2026-10-06,CM,BSE,STK,977309,INE08XP07423,12ACAPL27B,F,,,,,ACAPL-12%-21-05-27-PVT,10000.00,10000.00,9880.70,9882.53,9880.70,9975.00,,9882.53,,,18,178669.00,4,F1,1,,,,,
2026-10-06,2026-10-06,CM,BSE,STK,977331,INE07HK07866,1050KSL27,F,,,,,KSL-10.50%-2-12-27-PVT,100000.00,100000.00,100000.00,100000.00,100000.00,99599.00,,100000.00,,,1,100000.00,1,F1,1,,,,,
2026-10-06,2026-10-06,CM,BSE,STK,977335,INE721A07SQ8,SFL011225,F,,,,,SFL-3-5-29-PVT,103562.00,103562.00,103562.00,103562.00,103562.00,103506.80,,103562.00,,,19,1967678.00,1,F1,1,,,,,
2026-10-06,2026-10-06,CM,BSE,STK,977367,INE08XP07431,12ACAP27,F,,,,,ACAPL-12%-11-6-27-PVT,9920.00,9920.00,9920.00,9920.00,9920.00,9920.00,,9920.00,,,6,59520.00,1,F1,1,,,,,
2026-10-06,2026-10-06,CM,BSE,STK,977379,INE046W07354,995MML28,F,,,,,MML-9.95%-16-12-28-PVT,100900.00,100900.00,98551.01,98551.01,98551.01,102000.00,,98551.01,,,2,199451.00,2,F1,1,,,,,
2026-10-06,2026-10-06,CM,BSE,STK,977382,INE583D07638,999UCL29,F,,,,,UCL-9.99%-16-06-29-PVT,9735.55,9805.00,9735.55,9805.00,9805.00,9851.00,,9805.00,,,40,391835.00,7,F1,1,,,,,
2026-10-06,2026-10-06,CM,BSE,STK,977396,INE08E807142,1050SRFC28,F,,,,,SRFCPL-10.50%-22-01-28-PVT,98531.00,99200.00,98531.00,99200.00,99200.00,99231.00,,99200.00,,,3,296262.00,3,F1,1,,,,,
2026-10-06,2026-10-06,CM,BSE,STK,977397,INE08E807134,1065SRFC28,F,,,,,SFCPL-10.65%-22-6-28-PVT,99990.00,99990.00,99990.00,99990.00,99990.00,99102.00,,99990.00,,,1,99990.00,1,F1,1,,,,,
2026-10-06,2026-10-06,CM,BSE,STK,977411,INE08KJ07175,11MGFLD27,F,,,,,MGFLD-11%-29-8-27-PVT,9990.00,9990.00,9990.00,9990.00,9990.00,9960.45,,9990.00,,,1,9990.00,1,F1,1,,,,,
2026-10-06,2026-10-06,CM,BSE,STK,977418,INE515Q08283,1175AFPL32,F,,,,,AFPL-11.75%-14-04-32-PVT,102000.00,102000.00,102000.00,102000.00,102000.00,102000.00,,102000.00,,,1,102000.00,1,F1,1,,,,,
2026-10-06,2026-10-06,CM,BSE,STK,977419,INE884Q07822,1170MML27,F,,,,,MML-11.70%-30-06-27-PVT,99500.00,99500.00,99500.00,99500.00,99500.00,99500.00,,99500.00,,,1,99500.00,1,F1,1,,,,,
2026-10-06,2026-10-06,CM,BSE,STK,977424,INE0K0Y08037,0MCIBPL27A,F,,,,,MCIBPL-ZC-31-12-27-PVT,107931.00,107931.00,107931.00,107931.00,107931.00,107450.00,,107931.00,,,10,1079310.00,1,F1,1,,,,,
2026-10-06,2026-10-06,CM,BSE,STK,977440,INE0JZO07040,13LLDL29,F,,,,,LLDL-13%-30-1-29-PVT,100500.00,100575.00,100400.00,100400.00,100400.00,100400.00,,100400.00,,,20,2009555.00,13,F1,1,,,,,
2026-10-06,2026-10-06,CM,BSE,STK,977453,INE403Q08340,11KFL2031,F,,,,,KFL-11%-13-7-31-PVT,9968.08,9968.08,9968.08,9968.08,9968.08,9962.00,,9968.08,,,8,79744.00,3,F1,1,,,,,
2026-10-06,2026-10-06,CM,BSE,STK,977468,INE658F08508,930KIIFB30,F,,,,,KIIFB-9.30%-21-01-30-PVT,101725.01,102400.00,101000.00,102400.00,102400.00,105000.00,,102400.00,,,13,1320050.00,5,F1,1,,,,,
2026-10-06,2026-10-06,CM,BSE,STK,977473,INE658F08540,930KIIFB35,F,,,,,KIIFB-9.30%-21-01-35-PVT,103000.00,103000.00,103000.00,103000.00,103000.00,106531.64,,103000.00,,,10,1030000.00,1,F1,1,,,,,
2026-10-06,2026-10-06,CM,BSE,STK,977477,INE342T07668,1075NFL28A,F,,,,,NFL-10.75%-31-12-28-PVT,10015.50,10015.50,10015.00,10015.00,10015.00,10036.00,,10015.00,,,10,100153.00,2,F1,1,,,,,
2026-10-06,2026-10-06,CM,BSE,STK,977486,INE0BUS07CJ2,11IML29,F,,,,,IML-11%-23-1-29-PVT,99950.00,99950.00,99600.00,99600.00,99600.00,99050.00,,99600.00,,,11,1097250.00,4,F1,1,,,,,
2026-10-06,2026-10-06,CM,BSE,STK,977495,INE836K07320,0EFCL29,F,,,,,EFCL-ZC-30-4-29-PVT,103690.00,105630.00,103690.00,105542.85,105630.00,103700.00,,105542.85,,,213,22480627.00,6,F1,1,,,,,
2026-10-06,2026-10-06,CM,BSE,STK,977508,INE109C07139,1135AFSL28,F,,,,,AFSL-11.35%-29-07-28-PVT,10005.55,10010.55,10005.55,10010.00,10010.00,10000.00,,10010.00,,,10,100089.00,3,F1,1,,,,,
2026-10-06,2026-10-06,CM,BSE,STK,977515,INE836B07915,10SCNL28,F,,,,,SCNL-10%-30-01-28-PVT,9910.00,9910.00,9910.00,9910.00,9910.00,9890.00,,9910.00,,,4,39640.00,2,F1,1,,,,,
2026-10-06,2026-10-06,CM,BSE,STK,977529,INE046W07370,970MML28,F,,,,,MML-9.70%-6-2-28-PVT,99599.99,99599.99,99599.99,99599.99,99599.99,99210.00,,99599.99,,,3,298799.00,1,F1,1,,,,,
2026-10-06,2026-10-06,CM,BSE,STK,977532,INE138I08117,0MSAFL28,F,,,,,MSAFL-ZC-6-2-28-PVT,106844.00,106844.00,106844.00,106844.00,106844.00,106815.00,,106844.00,,,77,8226988.00,3,F1,1,,,,,
2026-10-06,2026-10-06,CM,BSE,STK,977534,INE08XP07464,1250ACAPL29,F,,,,,ACAPL-12.50%-06-02-29-PVT,9919.90,9919.90,9700.00,9700.00,9700.00,9822.00,,9700.00,,,56,549819.00,14,F1,1,,,,,
2026-10-06,2026-10-06,CM,BSE,STK,977541,INE0NES07303,12KFL28,F,,,,,KFL-12%-10-5-28-KFL,10189.80,10189.80,9888.01,9993.09,9994.00,9990.00,,9993.09,,,269,2678799.00,31,F1,1,,,,,
2026-10-06,2026-10-06,CM,BSE,STK,977558,INE14H407116,11FCPL28,F,,,,,FCPL-11%-26-8-28-PVT,9910.64,9910.64,9910.64,9910.64,9910.64,9950.00,,9910.64,,,3,29731.00,1,F1,1,,,,,
2026-10-06,2026-10-06,CM,BSE,STK,977564,INE549K08590,104MFL33,F,,,,,MFL-10.4%-30-12-33-PVT,10160.00,10160.00,10020.00,10040.01,10040.01,10135.00,,10040.01,,,45,455447.00,11,F1,1,,,,,
2026-10-06,2026-10-06,CM,BSE,STK,977575,INE0LWH07104,CSAI240226,F,,,,,CSAIPL-14.40%-23-12-27-PVT,109274.00,109274.00,109274.00,109274.00,109274.00,109230.00,,109274.00,,,1,109274.00,1,F1,1,,,,,
2026-10-06,2026-10-06,CM,BSE,STK,977576,INE926R07019,13UCIL27,F,,,,,UCIL-13%-24-5-27-PVT,9948.00,9949.95,9948.00,9949.95,9949.95,9935.00,,9949.95,,,10,99489.00,2,F1,1,,,,,
2026-10-06,2026-10-06,CM,BSE,STK,977580,INE104W07252,1160KDFL28,F,,,,,KDFL-11.60%-23-2-28-PVT,6178.00,6178.00,6178.00,6178.00,6178.00,7722.20,,6178.00,,,1,6178.00,1,F1,1,,,,,
2026-10-06,2026-10-06,CM,BSE,STK,977582,INE734I07081,12FFSL28,F,,,,,FFSL-12%-26-2-28-PVT,100999.00,100999.00,100999.00,100999.00,100999.00,93164.32,,100999.00,,,3,302997.00,3,F1,1,,,,,
2026-10-06,2026-10-06,CM,BSE,STK,977583,INE101Q07BZ6,965MML28,F,,,,,MML-9.65%-25-8-28-PVT,9701.27,9701.27,9701.27,9701.27,9701.27,9750.02,,9701.27,,,10,97012.00,2,F1,1,,,,,
2026-10-06,2026-10-06,CM,BSE,STK,977585,INE101Q07BY9,925MML28A,F,,,,,MML-9.25%-25-2-28-PVT,9400.00,9750.00,9400.00,9575.00,9750.00,9775.00,,9575.00,,,34,325550.00,2,F1,1,,,,,
2026-10-06,2026-10-06,CM,BSE,STK,977596,INE01YL07433,105ESPL28,F,,,,,ESPL-10.50%-09-06-28-PVT,100582.00,100582.00,100457.00,100457.00,100457.00,100433.00,,100457.00,,,36,3616577.00,5,F1,1,,,,,
2026-10-06,2026-10-06,CM,BSE,STK,977633,INE00DJ07052,1250TCL30,F,,,,,TCL-12.50%-12-3-30-PVT,100251.00,100251.00,100150.00,100150.00,100150.00,101300.00,,100150.00,,,6,601101.00,4,F1,1,,,,,
2026-10-06,2026-10-06,CM,BSE,STK,977645,INE583D07653,95UCL27,F,,,,,UCL-9.5%-18-4-27-PVT,9721.60,9920.00,9721.60,9915.00,9915.00,9920.00,,9915.00,,,22,216844.00,5,F1,1,,,,,
2026-10-06,2026-10-06,CM,BSE,STK,977648,INE101Q07BX1,930MMCL28,F,,,,,MML-9.30%-17-06-28-PVT,9667.92,9685.01,9667.92,9685.00,9685.00,9505.00,,9685.00,,,7,67777.00,3,F1,1,,,,,
2026-10-06,2026-10-06,CM,BSE,STK,977649,INE101Q07BW3,965MMCL28,F,,,,,MML-9.65%-18-09-28-PVT,9800.00,9805.00,9800.00,9805.00,9805.00,9800.00,,9805.00,,,13,127440.00,5,F1,1,,,,,
2026-10-06,2026-10-06,CM,BSE,STK,977662,INE03K307132,1025SFL28A,F,,,,,SFL-10.25%-20-3-28-PVT,9870.99,9871.00,9805.76,9805.76,9805.76,9843.33,,9805.76,,,22,216813.00,5,F1,1,,,,,
2026-10-06,2026-10-06,CM,BSE,STK,977678,INE109C07147,109AFSL28,F,,,,,AFSL-10.9%-25-9-28-PVT,9801.00,9801.00,9801.00,9801.00,9801.00,9801.00,,9801.00,,,1,9801.00,1,F1,1,,,,,
2026-10-06,2026-10-06,CM,BSE,STK,977680,INE01YL07441,105ESPL28A,F,,,,,ESPL-10.5%-4-7-28-PVT,99822.00,99822.00,98568.90,98568.90,98568.90,99931.23,,98568.90,,,5,494115.00,4,F1,1,,,,,
2026-10-06,2026-10-06,CM,BSE,STK,977681,INE104W07260,11KFL27,F,,,,,KFL-11%-25-06-27-PVT,4800.00,4800.00,4800.00,4800.00,4800.00,5948.00,,4800.00,,,1,4800.00,1,F1,1,,,,,
2026-10-06,2026-10-06,CM,BSE,STK,977710,INE0O7U07046,11UFL28,F,,,,,UFL-11%-2-4-28-PVT,7260.01,7260.01,7260.01,7260.01,7260.01,6050.01,,7260.01,,,1,7260.00,1,F1,1,,,,,
2026-10-06,2026-10-06,CM,BSE,STK,977712,INE403Q07GX0,10KFL29A,F,,,,,KFL-10%-6-1-29-PVT,99000.00,99000.00,99000.00,99000.00,99000.00,99900.00,,99000.00,,,6,594000.00,5,F1,1,,,,,
2026-10-06,2026-10-06,CM,BSE,STK,977732,INE0NES07329,12KFL27,F,,,,,KFL-12%-22-09-27-PVT,10040.00,10060.00,9980.00,10039.64,10029.46,10040.38,,10039.64,,,143,1432324.00,14,F1,1,,,,,
2026-10-06,2026-10-06,CM,BSE,STK,977735,INE229U07186,1090NFL28,F,,,,,NFL-10.90%-24-04-28-PVT,10050.00,10050.00,10050.00,10050.00,10050.00,10035.00,,10050.00,,,3,30150.00,1,F1,1,,,,,
2026-10-06,2026-10-06,CM,BSE,STK,977736,INE0JZO07057,1295LLDL29,F,,,,,LLDL-12.95%-30-1-29-PVT,101000.00,101000.00,100000.00,100000.00,100000.00,100600.00,,100000.00,,,2,201000.00,2,F1,1,,,,,
2026-10-06,2026-10-06,CM,BSE,STK,977740,INE926R07027,13UCIL28,F,,,,,UCIL-13%-23-4-28-PVT,9900.00,9900.00,9821.00,9850.00,9850.00,9845.42,,9850.00,,,86,847048.00,19,F1,1,,,,,
2026-10-06,2026-10-06,CM,BSE,STK,977753,INE572J07810,1125SSFL28,F,,,,,SSFL-11.25%-26-24-28-PVT,9950.00,9999.90,9801.00,9955.00,9955.00,9966.00,,9955.00,,,61,607504.00,15,F1,1,,,,,
2026-10-06,2026-10-06,CM,BSE,STK,977759,INE674K08083,807ABCL36,F,,,,,ABCL-8.07%-30-04-36-PVT,100836.20,100836.20,100836.20,100836.20,100836.20,100701.34,,100836.20,,,1,100836.00,1,F1,1,,,,,
2026-10-06,2026-10-06,CM,BSE,STK,977773,INE08XP07480,1280ACAP28,F,,,,,ACAP-12.80%-7-5-28-PVT,9935.00,9950.00,9920.00,9920.00,9920.00,9935.00,,9920.00,,,38,377425.00,5,F1,1,,,,,
2026-10-06,2026-10-06,CM,BSE,STK,977803,INE0BUS07CN4,975IML28,F,,,,,IML-9.75%-30-3-28-PVT,9536.00,9536.00,9536.00,9536.00,9536.00,9536.00,,9536.00,,,4,38144.00,1,F1,1,,,,,
2026-10-06,2026-10-06,CM,BSE,STK,977806,INE926R07035,13UCIL2028,F,,,,,UCIL-13%-20-5-28-PVT,9945.00,9945.20,9945.00,9945.20,9945.20,9831.50,,9945.20,,,11,109396.00,4,F1,1,,,,,
2026-10-06,2026-10-06,CM,BSE,STK,977807,INE718F07049,11CSLFL28,F,,,,,CSLFL-11%-21-05-28-PVT,9800.00,9800.00,9800.00,9800.00,9800.00,9800.00,,9800.00,,,10,98000.00,1,F1,1,,,,,
2026-10-06,2026-10-06,CM,BSE,STK,977815,INE583D07661,975UCL2027,F,,,,,UCL-9.75%-26-11-27-PVT,9901.00,9901.00,9901.00,9901.00,9901.00,9901.01,,9901.00,,,100,990100.00,1,F1,1,,,,,
2026-10-06,2026-10-06,CM,BSE,STK,977839,INE884Q07855,1065MML28,F,,,,,MML-10.65%-01-06-28-PVT,97689.10,99000.00,97689.10,99000.00,99000.00,98180.00,,99000.00,,,3,294378.00,2,F1,1,,,,,
2026-10-06,2026-10-06,CM,BSE,STK,977846,INE0NES07345,12KFL2028,F,,,,,KFL-12%-4-9-28-PVT,9901.00,10000.00,9901.00,10000.00,10000.00,9810.01,,10000.00,,,5,49901.00,2,F1,1,,,,,
2026-10-06,2026-10-06,CM,BSE,STK,977852,INE08XP07506,1205ACAP29,F,,,,,ACAP-12.05%-5-6-29-PVT,9820.01,9820.01,9800.00,9800.00,9800.00,9820.00,,9800.00,,,10,98040.00,4,F1,1,,,,,
2026-10-06,2026-10-06,CM,BSE,STK,977855,INE0BUS08047,1225IML32,F,,,,,IML-12.25%-9-6-32-PVT,99900.00,99900.00,99900.00,99900.00,99900.00,99900.00,,99900.00,,,1,99900.00,1,F1,1,,,,,
2026-10-06,2026-10-06,CM,BSE,STK,977868,INE342T07718,1030NFL028,F,,,,,NFL-10.30%-31-3-28-PVT,9950.00,10014.00,9950.00,9972.00,9972.00,9969.88,,9972.00,,,124,1236943.00,26,F1,1,,,,,
2026-10-06,2026-10-06,CM,BSE,STK,977869,INE342T07726,1075NFL29,F,,,,,NFL-10.75%-31-8-29-PVT,10054.00,10055.00,10045.00,10045.00,10045.00,10071.90,,10045.00,,,61,612827.00,8,F1,1,,,,,
2026-10-06,2026-10-06,CM,BSE,STK,977892,INE0I5X07034,1370MFSPL27,F,,,,,MFSPL-13.70%-19-7-27-PVT,99000.00,99000.00,99000.00,99000.00,99000.00,99000.30,,99000.00,,,1,99000.00,1,F1,1,,,,,
2026-10-06,2026-10-06,CM,BSE,STK,977907,INE01YL07466,1030ESPL29,F,,,,,ESPL-10.30%-7-6-29-PVT,100000.00,100000.00,100000.00,100000.00,100000.00,100000.00,,100000.00,,,1,100000.00,1,F1,1,,,,,
2026-10-06,2026-10-06,CM,BSE,STK,977932,INE04UP07188,12BCSL27,F,,,,,BCSL-12%-30-09-27-PVT,7080.00,7080.00,7080.00,7080.00,7080.00,5900.00,,7080.00,,,21,148680.00,6,F1,1,,,,,
2026-10-06,2026-10-06,CM,BSE,STK,977935,INE0I5X07042,1440MFSP27,F,,,,,MFSP-14.40%-1-10-27-PVT,8024.00,8041.68,8002.00,8005.00,8005.00,8000.71,,8005.00,,,200,1605350.00,14,F1,1,,,,,
2026-10-06,2026-10-06,CM,BSE,STK,977948,INE549K08632,1026MFL031,F,,,,,MFL-10.26%-31-12-31-PVT,10257.70,10257.73,10257.70,10257.70,10257.70,10257.73,,10257.70,,,321,3292722.00,10,F1,1,,,,,
2026-10-06,2026-10-06,CM,BSE,STK,977984,INE08KJ07217,10MGFL27A,F,,,,,MGFL-10%-21-10-27-PVT,9850.00,9850.00,9820.00,9825.00,9825.00,9850.00,,9825.00,,,6,58970.00,4,F1,1,,,,,
2026-10-06,2026-10-06,CM,BSE,STK,977986,INE0I5X07067,1370MFSP27,F,,,,,MFSPL-13.70%-30-09-27-PVT,99311.94,99933.00,99311.94,99933.00,99933.00,99811.00,,99933.00,,,7,698288.00,2,F1,1,,,,,
2026-10-06,2026-10-06,CM,BSE,STK,977987,INE612U08074,1125EFL32,F,,,,,EFL-11.25%-22-1-32-PVT,99700.00,99700.00,99700.00,99700.00,99700.00,99601.44,,99700.00,,,1,99700.00,1,F1,1,,,,,
2026-10-06,2026-10-06,CM,BSE,STK,977994,INE04UP07238,12BCSL2027,F,,,,,BCSL-12%-24-10-27-PVT,7045.00,7045.00,7045.00,7045.00,7045.00,8804.16,,7045.00,,,1,7045.00,1,F1,1,,,,,
2026-10-06,2026-10-06,CM,BSE,STK,977995,INE04UP07220,1225BCSL28,F,,,,,BCSL-12.25%-24-10-28-PVT,9888.00,9888.00,9888.00,9888.00,9888.00,9888.00,,9888.00,,,1,9888.00,1,F1,1,,,,,
2026-10-06,2026-10-06,CM,BSE,STK,977996,INE04UP07212,1250BCS29,F,,,,,BCSL-12.50%-24-07-29-PVT,10000.00,10000.00,10000.00,10000.00,10000.00,9868.36,,10000.00,,,3,30000.00,1,F1,1,,,,,
2026-10-06,2026-10-06,CM,BSE,STK,978003,INE413U07483,915ISFL29,F,,,,,ISFL-9.15%-27-7-29-PVT,9849.99,9849.99,9849.99,9849.99,9849.99,9650.65,,9849.99,,,1,9849.00,1,F1,1,,,,,
2026-10-06,2026-10-06,CM,BSE,STK,978006,INE882Z08064,1025MHF29A,F,,,,,MHFCL-10.25%-28-7-29-PVT,10100.00,10100.00,10100.00,10100.00,10100.00,10080.00,,10100.00,,,6,60600.00,2,F1,1,,,,,
2026-10-06,2026-10-06,CM,BSE,STK,978007,INE926R07043,12UCIL28,F,,,,,UCIL-12%-28-01-28-PVT,9794.00,9874.05,9794.00,9874.05,9874.05,9700.00,,9874.05,,,37,364245.00,7,F1,1,,,,,
2026-10-06,2026-10-06,CM,BSE,STK,978008,INE501X07745,975AFL28,F,,,,,AFL-9.75%-28-7-28-PVT,98875.00,99300.00,98875.00,99300.00,99300.00,96040.00,,99300.00,,,2,198175.00,2,F1,1,,,,,
2026-10-06,2026-10-06,CM,BSE,STK,978021,INE681R08158,1025NBSP28,F,,,,,NBSPL-10.25%-31-1-28-PVT,87000.00,87000.00,87000.00,87000.00,87000.00,95000.00,,87000.00,,,2,174000.00,1,F1,1,,,,,
2026-10-06,2026-10-06,CM,BSE,STK,978024,INE14H407157,11FCPL29,F,,,,,FCPL-11%-31-1-29-PVT,9715.00,9845.00,9300.00,9300.00,9300.00,9715.00,,9300.00,,,114,1084152.00,43,F1,1,,,,,
2026-10-06,2026-10-06,CM,BSE,STK,978025,INE932X07056,1050SISL28,F,,,,,SISL-10.50%-10-08-28-PVT,9992.00,10000.00,9992.00,10000.00,10000.00,9910.00,,10000.00,,,30,299840.00,2,F1,1,,,,,
2026-10-06,2026-10-06,CM,BSE,STK,978028,INE282H07083,805JCL31,F,,,,,JCL-8.05%-31-7-31-PVT,100791.00,100791.00,100791.00,100791.00,100791.00,100676.00,,100791.00,,,1,100791.00,1,F1,1,,,,,
2026-10-06,2026-10-06,CM,BSE,STK,978034,INE0K0Y08060,0MCIBPL28,F,,,,,MCIBPL-ZC-04-08-28-PVT,101710.47,101710.47,101710.47,101710.47,101710.47,101682.60,,101710.47,,,3,305131.00,1,F1,1,,,,,
2026-10-06,2026-10-06,CM,BSE,STK,978039,INE101Q07CB5,93MML29,F,,,,,MML-9.3%-7-8-29-PVT,9778.43,9778.43,9755.00,9775.00,9775.00,9775.72,,9775.00,,,15,146622.00,4,F1,1,,,,,
2026-10-06,2026-10-06,CM,BSE,STK,978046,INE911L07162,11MFIL29,F,,,,,MFIL-11%-11-08-29-PVT,9861.00,9861.00,9861.00,9861.00,9861.00,9761.00,,9861.00,,,1,9861.00,1,F1,1,,,,,
2026-10-06,2026-10-06,CM,BSE,STK,978051,INE03K307199,1035SFL28,F,,,,,SFL-10.35%-11-8-28-PVT,9950.00,9950.00,9950.00,9950.00,9950.00,9910.00,,9950.00,,,7,69650.00,3,F1,1,,,,,
2026-10-06,2026-10-06,CM,BSE,STK,978055,INE076I07061,11RCL29,F,,,,,RCL-11%-12-2-29-PVT,9405.00,9405.00,9401.05,9402.00,9402.00,9450.00,,9402.00,,,9,84622.00,8,F1,1,,,,,
2026-10-06,2026-10-06,CM,BSE,STK,978068,INE964R07135,135RFL27,F,,,,,RFL-13.5%-19-11-27-PVT,9950.00,9950.00,9950.00,9950.00,9950.00,9802.01,,9950.00,,,15,149250.00,1,F1,1,,,,,
2026-10-06,2026-10-06,CM,BSE,STK,978075,INE926R07050,1175UCIL27,F,,,,,UCIL-11.75%-19-11-27-PVT,9720.00,9720.00,9720.00,9720.00,9720.00,9500.00,,9720.00,,,1,9720.00,1,F1,1,,,,,
2026-10-06,2026-10-06,CM,BSE,STK,978086,INE786X07BM8,115ORFI28,F,,,,,ORFI-11.50%-25-8-28-PVT,9600.00,9600.00,9600.00,9600.00,9600.00,9620.00,,9600.00,,,1,9600.00,1,F1,1,,,,,
2026-10-06,2026-10-06,CM,BSE,STK,978087,INE0I5X07075,137MFSPL27,F,,,,,MFSPL-13.7%-27-11-27-PVT,99218.42,99218.42,99000.00,99100.00,99100.00,99717.00,,99100.00,,,13,1288118.00,10,F1,1,,,,,
2026-10-06,2026-10-06,CM,BSE,STK,978094,INE964R07143,13RFL2029,F,,,,,RFL-13%-27-08-29-PVT,9661.00,9686.00,9660.00,9665.00,9665.00,9740.00,,9665.00,,,55,531486.00,8,F1,1,,,,,
2026-10-06,2026-10-06,CM,BSE,STK,978115,INE06WU07098,1050LIF29A,F,,,,,LIFL-10.50%-02-09-29-PVT,9702.00,9900.00,9702.00,9900.00,9900.00,9900.00,,9900.00,,,34,333602.00,3,F1,1,,,,,
2026-10-06,2026-10-06,CM,BSE,STK,978131,INE046W07396,925MML028,F,,,,,MML-9.25%-8-9-28-PVT,9716.66,9950.00,8100.00,9900.00,9900.00,0.00,,9900.00,,,21,197572.00,9,F1,1,,,,,
2026-10-06,2026-10-06,CM,BSE,STK,978166,INE926R07068,11UCIL27,F,,,,,UCIL-11%-16-12-27-PVT,9733.52,9733.52,9733.52,9733.52,9733.52,9262.50,,9733.52,,,14,136269.00,1,F1,1,,,,,
2026-10-06,2026-10-06,CM,BSE,STK,978167,INE0NES07352,1170KFL28,F,,,,,KFL-11.70%-16-12-28-PVT,9941.50,9941.50,9880.00,9890.00,9890.00,9941.50,,9890.00,,,106,1047655.00,23,F1,1,,,,,
2026-10-06,2026-10-06,CM,BSE,STK,978169,INE0P6G07194,11HIMRPL29,F,,,,,HIMRPL-11%-17-3-29-PVT,9200.00,9335.00,9200.00,9315.83,9280.00,9299.99,,9315.83,,,60,557475.00,8,F1,1,,,,,
2026-10-06,2026-10-06,CM,BSE,STK,978173,INE0P1407075,98VCL28,F,,,,,VCL-9.8%-18-8-28-PVT,9900.00,9900.00,9900.00,9900.00,9900.00,9900.00,,9900.00,,,1,9900.00,1,F1,1,,,,,
2026-10-06,2026-10-06,CM,BSE,STK,978196,INE01ZK08695,105HFL30,F,,,,,HFL-10.50%-23-7-30-PVT,100373.97,100373.97,100373.97,100373.97,100373.97,100345.21,,100373.97,,,9,903365.00,3,F1,1,,,,,
2026-10-06,2026-10-06,CM,BSE,STK,978197,INE01ZK08703,11HFL32,F,,,,,HFL-11%-23-3-32-PVT,100391.78,100391.78,100349.78,100391.78,100391.78,100300.00,,100391.78,,,80,8031132.00,6,F1,1,,,,,
2026-10-06,2026-10-06,CM,BSE,STK,978235,INE08XP07548,125ACAPL28,F,,,,,ACAPL-12.50%-28-6-28-PVT,9112.00,9999.00,9112.00,9999.00,9999.00,0.00,,9999.00,,,7,67534.00,7,F1,1,,,,,
