DATE,SCRIP CODE,DELIVERY QTY,DELIVERY VAL,DAY'S VOLUME,DAY'S TURNOVER,DELV. PER.
06102026,500002,0000000000003544,0000000025194651,0000000000008108,0000000057365243,043.71
06102026,500003,0000000000012171,0000000016995585,0000000000033852,0000000046613746,035.95
06102026,500008,0000000000014234,0000000010573016,0000000000020249,0000000015040007,070.29
06102026,500009,0000000000003558,0000000000137432,0000000000003558,0000000000137432,100.00
06102026,500012,0000000000086311,0000000003324700,0000000000126629,0000000004926090,068.16
06102026,500013,0000000000008615,0000000000033783,0000000000008615,0000000000033783,100.00
06102026,500014,0000000000017547,0000000000067206,0000000000025892,0000000000100634,067.77
06102026,500016,0000000000001388,0000000000010036,0000000000001486,0000000000010767,093.41
06102026,500020,0000000000016421,0000000001689721,0000000000028260,0000000002907500,058.11
06102026,500023,0000000000000287,0000000000093936,0000000000000397,0000000000132061,072.29
06102026,500027,0000000000001181,0000000007087477,0000000000001743,0000000010385905,067.76
06102026,500028,0000000000019240,0000000000410197,0000000000019757,0000000000426325,097.38
06102026,500031,0000000000004739,0000000001425255,0000000000009332,0000000002814355,050.78
06102026,500032,0000000000475681,0000000010146276,0000000001016541,0000000021138351,046.79
06102026,500033,0000000000001273,0000000021753024,0000000000003423,0000000057950684,037.19
06102026,500034,0000000000158403,0000000152352006,0000000000243499,0000000234740359,065.05
06102026,500038,0000000000038449,0000000026570182,0000000000123549,0000000085726368,031.12
06102026,500039,0000000000005092,0000000003066403,0000000000006669,0000000003987042,076.35
06102026,500040,0000000000010110,0000000010914251,0000000000016706,0000000018207445,060.52
06102026,500041,0000000000000062,0000000000206584,0000000000000084,0000000000282806,073.81
06102026,500042,0000000000000412,0000000001433060,0000000000000783,0000000002724892,052.62
06102026,500043,0000000000003347,0000000002077316,0000000000005362,0000000003315225,062.42
06102026,500048,0000000000005309,0000000010856375,0000000000009819,0000000019745044,054.07
06102026,500049,0000000000113448,0000000043949756,0000000000256356,0000000098801226,044.25
06102026,500051,0000000000048042,0000000000552978,0000000000048042,0000000000552978,100.00
06102026,500052,0000000000035156,0000000004521062,0000000000083483,0000000010682589,042.11
06102026,500058,0000000000025207,0000000000305005,0000000000026426,0000000000320195,095.39
06102026,500059,0000000000000540,0000000000002262,0000000000000540,0000000000002262,100.00
06102026,500060,0000000000025812,0000000010204775,0000000000040245,0000000015746630,064.14
06102026,500067,0000000000145243,0000000227174577,0000000000188914,0000000295312235,076.88
06102026,500068,0000000000000010,0000000000117500,0000000000000011,0000000000127865,090.91
06102026,500069,0000000000000111,0000000000025747,0000000000000111,0000000000025659,100.00
06102026,500074,0000000000002378,0000000000105679,0000000000002720,0000000000121217,087.43
06102026,500078,0000000000000705,0000000000360784,0000000000000772,0000000000395457,091.32
06102026,500083,0000000000004725,0000000000084153,0000000000006034,0000000000108287,078.31
06102026,500084,0000000000055489,0000000007460497,0000000000113794,0000000015365909,048.76
06102026,500085,0000000000018085,0000000007324425,0000000000036287,0000000014648129,049.84
06102026,500086,0000000000112298,0000000045570529,0000000000149016,0000000060536977,075.36
06102026,500087,0000000000009806,0000000013169458,0000000000018431,0000000024572598,053.20
06102026,500089,0000000000000002,0000000000001206,0000000000000002,0000000000001203,100.00
06102026,500092,0000000000000483,0000000002182919,0000000000000764,0000000003453488,063.22
06102026,500093,0000000000039871,0000000036326469,0000000000115574,0000000104342486,034.50
06102026,500096,0000000000029255,0000000011362642,0000000000067109,0000000025885415,043.59
06102026,500097,0000000000011380,0000000005164244,0000000000028952,0000000013089027,039.31
06102026,500101,0000000000005600,0000000002992640,0000000000009015,0000000004814590,062.12
06102026,500103,0000000001044720,0000000471691080,0000000001907946,0000000852272908,054.76
06102026,500104,0000000000645587,0000000226375082,0000000000788723,0000000272429747,081.85
06102026,500106,0000000001057146,0000000069285349,0000000002772703,0000000181342399,038.13
06102026,500108,0000000000103029,0000000002398516,0000000000170998,0000000003983705,060.25
06102026,500109,0000000000212578,0000000037116119,0000000000663634,0000000115599430,032.03
06102026,500110,0000000000015549,0000000021864227,0000000000047702,0000000066874610,032.60
06102026,500112,0000000000357437,0000000342156569,0000000000491238,0000000468694727,072.76
06102026,500113,0000000000301523,0000000053897237,0000000000902119,0000000160644380,033.42
06102026,500114,0000000000008740,0000000039679600,0000000000016916,0000000077090298,051.67
06102026,500116,0000000000317836,0000000027651732,0000000000555047,0000000047885020,057.26
06102026,500117,0000000000054472,0000000002524233,0000000000080585,0000000003695416,067.60
06102026,500119,0000000000061286,0000000011579990,0000000000144980,0000000027207993,042.27
06102026,500120,0000000000002477,0000000000607113,0000000000003102,0000000000792557,079.85
06102026,500123,0000000000000304,0000000004253888,0000000000000421,0000000005833382,072.21
06102026,500124,0000000000034962,0000000042274303,0000000000060625,0000000073083777,057.67
06102026,500125,0000000000005714,0000000003997229,0000000000015000,0000000010544567,038.09
06102026,500126,0000000000000139,0000000000736951,0000000000000300,0000000001588122,046.33
06102026,500128,0000000000183147,0000000014481434,0000000000444905,0000000035341750,041.17
06102026,500133,0000000000000086,0000000000482293,0000000000000109,0000000000609477,078.90
06102026,500135,0000000000020896,0000000004956532,0000000000052588,0000000012395309,039.74
06102026,500136,0000000000002121,0000000000198632,0000000000003508,0000000000331714,060.46
06102026,500142,0000000000000696,0000000000005470,0000000000000696,0000000000005470,100.00
06102026,500143,0000000000007673,0000000010391856,0000000000007673,0000000010391856,100.00
06102026,500144,0000000000009060,0000000013356252,0000000000017989,0000000026437106,050.36
06102026,500147,0000000000000224,0000000001779580,0000000000000293,0000000002322988,076.45
06102026,500148,0000000000011447,0000000007345540,0000000000013110,0000000008408762,087.32
06102026,500150,0000000000000219,0000000001412824,0000000000000440,0000000002811944,049.77
06102026,500151,0000000000000592,0000000000014230,0000000000000592,0000000000014230,100.00
06102026,500153,0000000000050285,0000000005621863,0000000000050285,0000000005621863,100.00
06102026,500159,0000000000000019,0000000000002527,0000000000000019,0000000000002527,100.00
06102026,500160,0000000000043284,0000000000297362,0000000000045613,0000000000312033,094.89
06102026,500163,0000000000003193,0000000006063507,0000000000006806,0000000012857551,046.91
06102026,500164,0000000000000949,0000000000992939,0000000000002590,0000000002682761,036.64
06102026,500165,0000000000161980,0000000029763825,0000000000177022,0000000031800862,091.50
06102026,500166,0000000000005140,0000000001196078,0000000000006743,0000000001560779,076.23
06102026,500168,0000000000000751,0000000000514360,0000000000001314,0000000000903190,057.15
06102026,500170,0000000000003454,0000000000079442,0000000000003887,0000000000089999,088.86
06102026,500171,0000000000005700,0000000002331015,0000000000010084,0000000004085721,056.53
06102026,500173,0000000000004685,0000000000260112,0000000000005438,0000000000302054,086.15
06102026,500174,0000000000000253,0000000000001359,0000000000000253,0000000000001333,100.00
06102026,500178,0000000000000159,0000000000006802,0000000000000159,0000000000006802,100.00
06102026,500179,0000000000015607,0000000000157943,0000000000022187,0000000000223556,070.34
06102026,500180,0000000000684384,0000000486049517,0000000001166274,0000000826703828,058.68
06102026,500182,0000000000017632,0000000089478874,0000000000025786,0000000130836373,068.38
06102026,500183,0000000000241531,0000000063082899,0000000000241531,0000000063082899,100.00
06102026,500184,0000000000016049,0000000010731967,0000000000032187,0000000021427642,049.86
06102026,500185,0000000000377688,0000000007659513,0000000000762838,0000000015490397,049.51
06102026,500186,0000000000034376,0000000005720167,0000000000043173,0000000007205007,079.62
06102026,500187,0000000000002357,0000000001850953,0000000000003291,0000000002584507,071.62
06102026,500188,0000000000079999,0000000044663442,0000000000147722,0000000083040579,054.16
06102026,500191,0000000000002054,0000000000120309,0000000000002054,0000000000120309,100.00
06102026,500192,0000000000022913,0000000000037120,0000000000037925,0000000000059809,060.42
06102026,500193,0000000000012024,0000000000074429,0000000000012472,0000000000077496,096.41
06102026,500199,0000000000002762,0000000001626128,0000000000007314,0000000004309139,037.76
06102026,500201,0000000000017895,0000000005703137,0000000000035588,0000000011305508,050.28
06102026,500202,0000000000000001,0000000000000007,0000000000000001,0000000000000006,100.00
06102026,500206,0000000000001589,0000000000099297,0000000000002227,0000000000137730,071.35
06102026,500207,0000000000041637,0000000003953434,0000000000073953,0000000006960851,056.30
06102026,500209,0000000000253515,0000000256810695,0000000000386981,0000000390636948,065.51
06102026,500210,0000000000000340,0000000001408773,0000000000000525,0000000002178999,064.76
06102026,500213,0000000000000759,0000000000211724,0000000000000759,0000000000211838,100.00
06102026,500214,0000000000002294,0000000000938705,0000000000004590,0000000001871299,049.98
06102026,500215,0000000000001081,0000000000807886,0000000000001208,0000000000912900,089.49
06102026,500219,0000000000027095,0000000000720727,0000000000050376,0000000001348592,053.79
06102026,500220,0000000000001857,0000000000525346,0000000000001965,0000000000565380,094.50
06102026,500227,0000000000000862,0000000000566334,0000000000001617,0000000001058880,053.31
06102026,500228,0000000000009669,0000000012173271,0000000000027202,0000000034072099,035.55
06102026,500233,0000000000026517,0000000032131975,0000000000033745,0000000040888127,078.58
06102026,500234,0000000000000044,0000000000004629,0000000000000044,0000000000004628,100.00
06102026,500235,0000000000001137,0000000001070770,0000000000002322,0000000002179241,048.97
06102026,500236,0000000000001459,0000000000102214,0000000000001459,0000000000102214,100.00
06102026,500238,0000000000006691,0000000005807788,0000000000013917,0000000012123418,048.08
06102026,500239,0000000000002296,0000000000033315,0000000000002308,0000000000033288,099.48
06102026,500240,0000000000009644,0000000002303952,0000000000013480,0000000003223289,071.54
06102026,500241,0000000000002774,0000000004843127,0000000000004948,0000000008658857,056.06
06102026,500243,0000000000000190,0000000000672781,0000000000000334,0000000001182498,056.89
06102026,500245,0000000000011737,0000000005560991,0000000000017495,0000000008215547,067.09
06102026,500246,0000000000000132,0000000000007762,0000000000000132,0000000000007762,100.00
06102026,500247,0000000005282873,0000002278238982,0000000006034182,0000002605655174,087.55
06102026,500248,0000000000000010,0000000000000040,0000000000000010,0000000000000040,100.00
06102026,500249,0000000000007304,0000000005911128,0000000000011085,0000000008889071,065.89
06102026,500250,0000000000001199,0000000001989801,0000000000001867,0000000003095115,064.22
06102026,500251,0000000000125979,0000000365843016,0000000000410129,0000001176413994,030.72
06102026,500252,0000000000000070,0000000001185408,0000000000000127,0000000002138036,055.12
06102026,500253,0000000000011999,0000000006012699,0000000000029315,0000000014729822,040.93
06102026,500257,0000000000032787,0000000066721545,0000000000044324,0000000089821978,073.97
06102026,500259,0000000000006422,0000000000486825,0000000000006422,0000000000486825,100.00
06102026,500260,0000000000002426,0000000002057976,0000000000003895,0000000003279544,062.28
06102026,500262,0000000000000257,0000000000004644,0000000000000355,0000000000006116,072.39
06102026,500264,0000000000004637,0000000000536501,0000000000007576,0000000000858622,061.21
06102026,500265,0000000000165697,0000000113626718,0000000000176363,0000000121653214,093.95
06102026,500266,0000000000000125,0000000001538419,0000000000000210,0000000002594990,059.52
06102026,500267,0000000000000103,0000000000037634,0000000000000103,0000000000037634,100.00
06102026,500268,0000000000291033,0000000026859436,0000000000601018,0000000054523669,048.42
06102026,500270,0000000000000406,0000000000048314,0000000000000406,0000000000048604,100.00
06102026,500271,0000000000010343,0000000013967705,0000000000029344,0000000039604084,035.25
06102026,500277,0000000000000226,0000000000001356,0000000000000226,0000000000001296,100.00
06102026,500279,0000000000013241,0000000000412855,0000000000016924,0000000000530859,078.24
06102026,500280,0000000000006311,0000000003577075,0000000000008099,0000000004615240,077.92
06102026,500284,0000000000002522,0000000000351567,0000000000003231,0000000000459526,078.06
06102026,500285,0000000001448252,0000000013280471,0000000002813236,0000000025978793,051.48
06102026,500288,0000000000651413,0000000093640619,0000000001738125,0000000246110380,037.48
06102026,500290,0000000000000087,0000000010796331,0000000000000152,0000000018799372,057.24
06102026,500292,0000000000012215,0000000001560467,0000000000016480,0000000002113230,074.12
06102026,500294,0000000000051406,0000000006603101,0000000000086520,0000000011139560,059.42
06102026,500295,0000000000281266,0000000074971453,0000000000760312,0000000200316368,036.99
06102026,500296,0000000000000011,0000000000002860,0000000000000011,0000000000002823,100.00
06102026,500298,0000000000002526,0000000001511559,0000000000002652,0000000001607575,095.25
06102026,500300,0000000000003701,0000000010973465,0000000000006102,0000000018044243,060.65
06102026,500304,0000000000008856,0000000000769144,0000000000015246,0000000001303971,058.09
06102026,500306,0000000000119476,0000000028650345,0000000000355461,0000000083864976,033.61
06102026,500307,0000000000000186,0000000000114418,0000000000000223,0000000000137080,083.41
06102026,500312,0000000001721544,0000000385625856,0000000001978310,0000000441400187,087.02
06102026,500313,0000000000004800,0000000000387865,0000000000004800,0000000000387865,100.00
06102026,500314,0000000000016308,0000000002344275,0000000000021877,0000000003129083,074.54
06102026,500317,0000000000003865,0000000000125226,0000000000005187,0000000000170678,074.51
06102026,500319,0000000000017381,0000000001290887,0000000000030227,0000000002314931,057.50
06102026,500322,0000000000000274,0000000000027960,0000000000000274,0000000000027960,100.00
06102026,500325,0000000000415851,0000000506922369,0000000000675671,0000000816759895,061.55
06102026,500327,0000000000003550,0000000000026057,0000000000003982,0000000000029287,089.15
06102026,500330,0000000000047983,0000000062082805,0000000000138626,0000000182049725,034.61
06102026,500331,0000000000008487,0000000012898119,0000000000015312,0000000023077623,055.43
06102026,500333,0000000000001568,0000000002818480,0000000000002056,0000000003753626,076.26
06102026,500335,0000000000112830,0000000090749169,0000000000114217,0000000091987384,098.79
06102026,500336,0000000000005139,0000000001137261,0000000000007874,0000000001746140,065.27
06102026,500337,0000000000000402,0000000000119716,0000000000000510,0000000000152874,078.82
06102026,500338,0000000000005310,0000000000549851,0000000000009156,0000000000937484,057.99
06102026,500339,0000000000042971,0000000009144229,0000000000095545,0000000020356240,044.97
06102026,500342,0000000000001259,0000000000017526,0000000000001259,0000000000017520,100.00
06102026,500343,0000000000000288,0000000000011008,0000000000000288,0000000000011030,100.00
06102026,500346,0000000000000925,0000000000052772,0000000000001041,0000000000059463,088.86
06102026,500350,0000000000000400,0000000000082900,0000000000000499,0000000000102047,080.16
06102026,500354,0000000000002638,0000000000077690,0000000000003674,0000000000109187,071.80
06102026,500355,0000000000013792,0000000002765296,0000000000019415,0000000003846011,071.04
06102026,500356,0000000000001806,0000000000052736,0000000000002027,0000000000058819,089.10
06102026,500357,0000000000003926,0000000000067539,0000000000003926,0000000000067539,100.00
06102026,500360,0000000000021583,0000000005360012,0000000000021583,0000000005360012,100.00
06102026,500365,0000000000089769,0000000004667988,0000000000132472,0000000006952291,067.76
06102026,500367,0000000000004328,0000000000276387,0000000000020648,0000000001317916,020.96
06102026,500368,0000000000108914,0000000039622914,0000000000245651,0000000087752669,044.34
06102026,500370,0000000000000175,0000000000004545,0000000000000200,0000000000004870,087.50
06102026,500371,0000000000000499,0000000000026771,0000000000000499,0000000000026771,100.00
06102026,500378,0000000000028787,0000000008112177,0000000000050954,0000000014239052,056.50
06102026,500380,0000000000009124,0000000004365378,0000000000015530,0000000007430142,058.75
06102026,500387,0000000000003799,0000000083874702,0000000000004818,0000000106292609,078.85
06102026,500390,0000000000001043,0000000000053412,0000000000001043,0000000000053412,100.00
06102026,500399,0000000000014994,0000000002941630,0000000000014994,0000000002941630,100.00
06102026,500400,0000000000074706,0000000026244218,0000000000148052,0000000052430635,050.46
06102026,500402,0000000000006552,0000000001063718,0000000000011248,0000000001823591,058.25
06102026,500403,0000000000002840,0000000003244416,0000000000005671,0000000006388296,050.08
06102026,500404,0000000000023720,0000000010894596,0000000000046258,0000000021456332,051.28
06102026,500405,0000000000006224,0000000005103992,0000000000010128,0000000008227240,061.45
06102026,500407,0000000000001103,0000000003906661,0000000000001196,0000000004231003,092.22
06102026,500408,0000000000005906,0000000018273164,0000000000010235,0000000031708811,057.70
06102026,500410,0000000000003522,0000000004141520,0000000000005720,0000000006774684,061.57
06102026,500411,0000000000005152,0000000016662599,0000000000007336,0000000023578642,070.23
06102026,500412,0000000000010420,0000000001547891,0000000000018930,0000000002810197,055.04
06102026,500413,0000000000018871,0000000001905028,0000000000030081,0000000003033210,062.73
06102026,500414,0000000000026170,0000000019160366,0000000000056560,0000000042033295,046.27
06102026,500418,0000000000000049,0000000000003284,0000000000000049,0000000000003284,100.00
06102026,500420,0000000000004210,0000000020115380,0000000000007743,0000000036904705,054.37
06102026,500421,0000000000145655,0000000002733792,0000000000145655,0000000002733792,100.00
06102026,500422,0000000000008088,0000000003346269,0000000000008088,0000000003346269,100.00
06102026,500425,0000000000047515,0000000017200430,0000000000101531,0000000037151840,046.80
06102026,500426,0000000000013189,0000000000018465,0000000000017462,0000000000024143,075.53
06102026,500429,0000000000000827,0000000000073008,0000000000000827,0000000000072013,100.00
06102026,500439,0000000000000064,0000000000227072,0000000000000066,0000000000236630,096.97
06102026,500440,0000000000066292,0000000062307851,0000000000112561,0000000105808510,058.89
06102026,500444,0000000000004887,0000000003674047,0000000000009544,0000000007127144,051.20
06102026,500449,0000000000102033,0000000005244373,0000000000102033,0000000005244373,100.00
06102026,500450,0000000000000010,0000000000004614,0000000000000010,0000000000004614,100.00
06102026,500456,0000000000014232,0000000001013746,0000000000018143,0000000001291754,078.44
06102026,500458,0000000000041659,0000000001024395,0000000000041717,0000000001089446,099.86
06102026,500459,0000000000000942,0000000006466124,0000000000001335,0000000009063460,070.56
06102026,500460,0000000000032070,0000000005843154,0000000000048627,0000000008808061,065.95
06102026,500463,0000000000047751,0000000040163367,0000000000097605,0000000080835949,048.92
06102026,500464,0000000000001002,0000000000143079,0000000000001002,0000000000143079,100.00
06102026,500467,0000000000000050,0000000000008713,0000000000000050,0000000000008712,100.00
06102026,500469,0000000000048034,0000000015390094,0000000000109977,0000000035588205,043.68
06102026,500470,0000000000253413,0000000045259562,0000000000616157,0000000110137621,041.13
06102026,500472,0000000000000303,0000000000442487,0000000000000599,0000000000868426,050.58
06102026,500477,0000000000175127,0000000026917020,0000000000370444,0000000056747298,047.27
06102026,500480,0000000000003591,0000000017678493,0000000000006758,0000000032890411,053.14
06102026,500483,0000000000003301,0000000005549477,0000000000005236,0000000008772825,063.04
06102026,500488,0000000000000356,0000000009301889,0000000000000658,0000000017253333,054.10
06102026,500490,0000000000000447,0000000004745241,0000000000000928,0000000009904790,048.17
06102026,500493,0000000000021185,0000000039827800,0000000000037134,0000000069182609,057.05
06102026,500495,0000000000005718,0000000016072727,0000000000010121,0000000028634607,056.50
06102026,500500,0000000000079831,0000000001191877,0000000000103613,0000000001554097,077.05
06102026,500510,0000000000139310,0000000525616630,0000000000186344,0000000698957224,074.76
06102026,500520,0000000000949484,0000002707928368,0000000000993029,0000002827716078,095.61
06102026,500530,0000000000000961,0000000043265566,0000000000001207,0000000054330476,079.62
06102026,500540,0000000000025021,0000000000067555,0000000000025021,0000000000067555,100.00
06102026,500547,0000000000120007,0000000036002100,0000000000218623,0000000064959303,054.89
06102026,500550,0000000000005526,0000000021275100,0000000000013359,0000000050565720,041.37
06102026,500570,0000000000279111,0000000079853658,0000000000512451,0000000147543652,054.47
06102026,500575,0000000000256748,0000000274360913,0000000000282572,0000000300162017,090.86
06102026,500620,0000000000012815,0000000019647958,0000000000026496,0000000040653403,048.37
06102026,500645,0000000000014069,0000000019466572,0000000000040230,0000000054748403,034.97
06102026,500650,0000000000000128,0000000000118400,0000000000000132,0000000000121612,096.97
06102026,500655,0000000000001625,0000000011555619,0000000000002779,0000000019451982,058.47
06102026,500660,0000000000000722,0000000001991349,0000000000001517,0000000004139993,047.59
06102026,500670,0000000000056725,0000000035677189,0000000000140929,0000000086565657,040.25
06102026,500672,0000000000002437,0000000004993535,0000000000005278,0000000010577077,046.17
06102026,500674,0000000000001158,0000000003533001,0000000000001947,0000000005875283,059.48
06102026,500680,0000000000000420,0000000001620339,0000000000000661,0000000002543982,063.54
06102026,500690,0000000000039919,0000000006123575,0000000000066378,0000000010035873,060.14
06102026,500696,0000000000031698,0000000059975786,0000000000048295,0000000090396378,065.63
06102026,500710,0000000000000935,0000000002806870,0000000000001428,0000000004266864,065.48
06102026,500730,0000000000015803,0000000002712585,0000000000031631,0000000005404928,049.96
06102026,500770,0000000000028110,0000000017332626,0000000000055158,0000000034139522,050.96
06102026,500777,0000000000024864,0000000003139080,0000000000043625,0000000005476281,056.99
06102026,500780,0000000000013272,0000000003834945,0000000000022420,0000000006520601,059.20
06102026,500790,0000000000023315,0000000031134851,0000000000048544,0000000063630044,048.03
06102026,500800,0000000000310198,0000000302443050,0000000000324281,0000000313659738,095.66
06102026,500820,0000000000009494,0000000022975480,0000000000017784,0000000042374546,053.38
06102026,500825,0000000000110399,0000000539299115,0000000000112294,0000000546220609,098.31
06102026,500830,0000000000003124,0000000005638508,0000000000006170,0000000011025276,050.63
06102026,500840,0000000000003202,0000000000962682,0000000000005950,0000000001782205,053.82
06102026,500850,0000000000079043,0000000058096605,0000000000126155,0000000092061737,062.66
06102026,500870,0000000000687418,0000000137552342,0000000000764548,0000000152561885,089.91
06102026,500875,0000000007547282,0000002011350653,0000000008731561,0000002336980740,086.44
06102026,500877,0000000000007704,0000000003089690,0000000000014981,0000000006004326,051.43
06102026,500878,0000000000002478,0000000008247156,0000000000003560,0000000011770178,069.61
06102026,500940,0000000000062652,0000000009682867,0000000000084523,0000000012844495,074.12
06102026,501150,0000000000040488,0000000000804497,0000000000060391,0000000001200483,067.04
06102026,501151,0000000000000017,0000000000109689,0000000000000017,0000000000109689,100.00
06102026,501242,0000000000005036,0000000000071814,0000000000012513,0000000000177519,040.25
06102026,501261,0000000001621209,0000000135620915,0000000001621209,0000000135620915,100.00
06102026,501270,0000000000000001,0000000000000020,0000000000000001,0000000000000020,100.00
06102026,501295,0000000000009264,0000000001212658,0000000000011724,0000000001536183,079.02
06102026,501298,0000000000000002,0000000000012403,0000000000000002,0000000000012794,100.00
06102026,501301,0000000000007789,0000000004861894,0000000000024972,0000000015734451,031.19
06102026,501311,0000000000003530,0000000000044726,0000000000003530,0000000000046854,100.00
06102026,501314,0000000000224974,0000000000110238,0000000000267344,0000000000132380,084.15
06102026,501343,0000000000004231,0000000000109922,0000000000004381,0000000000108235,096.58
06102026,501370,0000000000001254,0000000000155371,0000000000001877,0000000000228156,066.81
06102026,501391,0000000000000089,0000000000042631,0000000000000090,0000000000043008,098.89
06102026,501421,0000000000000134,0000000000539759,0000000000000179,0000000000714668,074.86
06102026,501423,0000000000002014,0000000006244105,0000000000004561,0000000014123201,044.16
06102026,501425,0000000000004078,0000000005300993,0000000000005738,0000000007429739,071.07
06102026,501430,0000000000000015,0000000000023145,0000000000000015,0000000000022931,100.00
06102026,501455,0000000000044123,0000000009830605,0000000000112974,0000000025249169,039.06
06102026,501477,0000000000000053,0000000000010192,0000000000000053,0000000000010192,100.00
06102026,501700,0000000000005944,0000000000041549,0000000000006167,0000000000041338,096.38
06102026,501831,0000000000001101,0000000000039703,0000000000001290,0000000000046222,085.35
06102026,501833,0000000000001080,0000000000021903,0000000000001727,0000000000034205,062.54
06102026,501848,0000000000005419,0000000000219795,0000000000008780,0000000000352374,061.72
06102026,501945,0000000000046923,0000000000246619,0000000000046923,0000000000246619,100.00
06102026,502015,0000000000007162,0000000000158854,0000000000008957,0000000000199522,079.96
06102026,502090,0000000000001252,0000000000183669,0000000000001531,0000000000224205,081.78
06102026,502137,0000000000000389,0000000000214962,0000000000000399,0000000000220621,097.49
06102026,502157,0000000000000256,0000000000253504,0000000000000452,0000000000446195,056.64
06102026,502168,0000000000006551,0000000001093690,0000000000006692,0000000001124340,097.89
06102026,502175,0000000000005931,0000000000307108,0000000000007434,0000000000383238,079.78
06102026,502180,0000000000006048,0000000000394572,0000000000009078,0000000000592578,066.62
06102026,502219,0000000000047124,0000000021241143,0000000000056212,0000000025261051,083.83
06102026,502281,0000000000004076,0000000000028735,0000000000004076,0000000000028735,100.00
06102026,502294,0000000000000045,0000000000001577,0000000000000045,0000000000001577,100.00
06102026,502330,0000000000006008,0000000000423564,0000000000009069,0000000000636404,066.25
06102026,502355,0000000000002668,0000000005551708,0000000000004690,0000000009744363,056.89
06102026,502420,0000000000015468,0000000000250582,0000000000018680,0000000000303505,082.81
06102026,502445,0000000000000064,0000000000002194,0000000000000065,0000000000002210,098.46
06102026,502448,0000000000083408,0000000000431413,0000000000083408,0000000000431413,100.00
06102026,502450,0000000000000906,0000000000212050,0000000000001609,0000000000377868,056.31
06102026,502587,0000000000000499,0000000000025948,0000000000000609,0000000000032042,081.94
06102026,502820,0000000000000503,0000000000035940,0000000000000503,0000000000036549,100.00
06102026,502865,0000000000006195,0000000001701457,0000000000007098,0000000001950717,087.28
06102026,502873,0000000000000005,0000000000000440,0000000000000005,0000000000000440,100.00
06102026,502901,0000000000002397,0000000000175701,0000000000002472,0000000000181264,096.97
06102026,502933,0000000000000048,0000000000004673,0000000000000048,0000000000004587,100.00
06102026,502937,0000000000044285,0000000000474736,0000000000060350,0000000000641112,073.38
06102026,502958,0000000000000013,0000000000101985,0000000000000014,0000000000107309,092.86
06102026,502986,0000000000038650,0000000021168605,0000000000051349,0000000027655397,075.27
06102026,503031,0000000000005858,0000000000086055,0000000000007685,0000000000113276,076.23
06102026,503092,0000000000000001,0000000000000036,0000000000000001,0000000000000035,100.00
06102026,503100,0000000000074309,0000000139626611,0000000000083603,0000000156310936,088.88
06102026,503101,0000000000001862,0000000000700206,0000000000002953,0000000001121007,063.05
06102026,503162,0000000000000276,0000000000031423,0000000000000382,0000000000043435,072.25
06102026,503169,0000000000000744,0000000000378659,0000000000000869,0000000000437424,085.62
06102026,503229,0000000000000003,0000000000000426,0000000000000003,0000000000000426,100.00
06102026,503310,0000000000011006,0000000002959514,0000000000034398,0000000009152782,032.00
06102026,503349,0000000000000083,0000000000685692,0000000000000083,0000000000685692,100.00
06102026,503624,0000000000000679,0000000000005025,0000000000000679,0000000000004764,100.00
06102026,503635,0000000000000131,0000000000045929,0000000000000131,0000000000045929,100.00
06102026,503639,0000000000001315,0000000000114306,0000000000001315,0000000000114306,100.00
06102026,503641,0000000000019837,0000000000030946,0000000000023484,0000000000036496,084.47
06102026,503657,0000000000003003,0000000000038559,0000000000003873,0000000000050337,077.54
06102026,503659,0000000000001070,0000000000199957,0000000000001070,0000000000199957,100.00
06102026,503663,0000000000868763,0000000001077267,0000000001115763,0000000001371078,077.86
06102026,503675,0000000000007149,0000000000008579,0000000000007149,0000000000008591,100.00
06102026,503681,0000000000000006,0000000000617394,0000000000000007,0000000000710889,085.71
06102026,503685,0000000000000615,0000000000008178,0000000000000615,0000000000008178,100.00
06102026,503722,0000000000000694,0000000000073495,0000000000000793,0000000000083055,087.52
06102026,503772,0000000000000131,0000000000007860,0000000000000131,0000000000007860,100.00
06102026,503776,0000000000000050,0000000000002019,0000000000000050,0000000000002019,100.00
06102026,503804,0000000000000173,0000000000066277,0000000000000215,0000000000082857,080.47
06102026,503806,0000000000001050,0000000002590350,0000000000002984,0000000007378960,035.19
06102026,503811,0000000000001183,0000000000656033,0000000000001766,0000000000979242,066.99
06102026,503816,0000000000004182,0000000000135665,0000000000004430,0000000000144190,094.40
06102026,503837,0000000000000050,0000000000000490,0000000000000050,0000000000000490,100.00
06102026,503960,0000000000000508,0000000001048970,0000000000000802,0000000001658237,063.34
06102026,504000,0000000000000472,0000000000082034,0000000000000530,0000000000092136,089.06
06102026,504028,0000000000063471,0000000007755476,0000000000063471,0000000007755476,100.00
06102026,504036,0000000000001862,0000000002135901,0000000000003737,0000000004215884,049.83
06102026,504058,0000000000000001,0000000000000325,0000000000000001,0000000000000324,100.00
06102026,504067,0000000000013127,0000000005848735,0000000000029913,0000000013423174,043.88
06102026,504076,0000000000050653,0000000003219505,0000000000081305,0000000005169988,062.30
06102026,504084,0000000000000577,0000000000434712,0000000000001189,0000000000901114,048.53
06102026,504092,0000000000000198,0000000000118038,0000000000000204,0000000000121823,097.06
06102026,504093,0000000000000434,0000000000103596,0000000000000774,0000000000185614,056.07
06102026,504112,0000000000007100,0000000006557560,0000000000015812,0000000014554022,044.90
06102026,504132,0000000000000055,0000000000046544,0000000000000068,0000000000058194,080.88
06102026,504176,0000000000005233,0000000003009499,0000000000008266,0000000004792155,063.31
06102026,504180,0000000000000982,0000000000041225,0000000000001102,0000000000046372,089.11
06102026,504212,0000000000011859,0000000019527030,0000000000025635,0000000041096750,046.26
06102026,504220,0000000000001649,0000000000084611,0000000000001827,0000000000094483,090.26
06102026,504240,0000000000007039,0000000004830335,0000000000007039,0000000004830335,100.00
06102026,504258,0000000000000587,0000000000457273,0000000000000640,0000000000493498,091.72
06102026,504273,0000000000036459,0000000000547615,0000000000036459,0000000000547615,100.00
06102026,504286,0000000000001063,0000000000062090,0000000000001076,0000000000059872,098.79
06102026,504340,0000000000008108,0000000000066891,0000000000012016,0000000000095442,067.48
06102026,504341,0000000000005570,0000000000822689,0000000000007815,0000000001136837,071.27
06102026,504351,0000000003757037,0000000006349393,0000000005385841,0000000009098863,069.76
06102026,504356,0000000000000002,0000000000000015,0000000000000002,0000000000000014,100.00
06102026,504369,0000000000006786,0000000000003325,0000000000006786,0000000000003325,100.00
06102026,504378,0000000000034004,0000000000069029,0000000000039833,0000000000078963,085.37
06102026,504380,0000000000000383,0000000000017324,0000000000000407,0000000000017666,094.10
06102026,504392,0000000000020267,0000000000956972,0000000000020267,0000000000956972,100.00
06102026,504397,0000000000000326,0000000000032144,0000000000000326,0000000000032144,100.00
06102026,504605,0000000000001470,0000000006346652,0000000000002091,0000000008941390,070.30
06102026,504614,0000000000006713,0000000003360864,0000000000010541,0000000005279626,063.68
06102026,504646,0000000000000286,0000000000201763,0000000000000286,0000000000201763,100.00
06102026,504648,0000000000000326,0000000000012356,0000000000000327,0000000000013144,099.69
06102026,504697,0000000000000009,0000000000000246,0000000000000009,0000000000000246,100.00
06102026,504731,0000000000006208,0000000000502290,0000000000007785,0000000000636424,079.74
06102026,504741,0000000000001233,0000000000420392,0000000000001558,0000000000525819,079.14
06102026,504746,0000000000003019,0000000000665388,0000000000003260,0000000000719449,092.61
06102026,504786,0000000000000856,0000000001366229,0000000000000856,0000000001366229,100.00
06102026,504810,0000000000000653,0000000000056256,0000000000001516,0000000000132060,043.07
06102026,504840,0000000000000015,0000000000020775,0000000000000016,0000000000022102,093.75
06102026,504879,0000000000003072,0000000000135783,0000000000004051,0000000000179246,075.83
06102026,504882,0000000000001138,0000000000127798,0000000000001269,0000000000140310,089.68
06102026,504903,0000000000019013,0000000000398008,0000000000019013,0000000000398008,100.00
06102026,504908,0000000000000794,0000000000241099,0000000000000836,0000000000252343,094.98
06102026,504918,0000000000020636,0000000003779484,0000000000031842,0000000005720519,064.81
06102026,504959,0000000000001862,0000000002974452,0000000000001863,0000000002975160,099.95
06102026,504973,0000000000002111,0000000003007648,0000000000004399,0000000006243205,047.99
06102026,504988,0000000000000035,0000000000021350,0000000000000037,0000000000023070,094.59
06102026,505010,0000000000000044,0000000000072281,0000000000000057,0000000000093099,077.19
06102026,505029,0000000000000173,0000000000016176,0000000000000173,0000000000016014,100.00
06102026,505036,0000000000000358,0000000000621524,0000000000000374,0000000000646031,095.72
06102026,505075,0000000000001949,0000000000035010,0000000000001949,0000000000035010,100.00
06102026,505160,0000000000005915,0000000002526297,0000000000008212,0000000003502703,072.03
06102026,505163,0000000000000142,0000000000099542,0000000000000142,0000000000099542,100.00
06102026,505192,0000000000002140,0000000013120768,0000000000003915,0000000024281647,054.66
06102026,505196,0000000000004442,0000000001081002,0000000000004442,0000000001081002,100.00
06102026,505200,0000000000010637,0000000074990850,0000000000016061,0000000113008049,066.23
06102026,505212,0000000000000263,0000000000047522,0000000000000263,0000000000047522,100.00
06102026,505216,0000000000000004,0000000000011004,0000000000000004,0000000000011003,100.00
06102026,505232,0000000000000033,0000000000081892,0000000000000033,0000000000081892,100.00
06102026,505242,0000000000000411,0000000005860984,0000000000000793,0000000011299345,051.83
06102026,505250,0000000000000213,0000000000017096,0000000000000215,0000000000017198,099.07
06102026,505255,0000000000002762,0000000003937922,0000000000004872,0000000006943395,056.69
06102026,505283,0000000000008542,0000000006064820,0000000000014525,0000000010139837,058.81
06102026,505299,0000000000000507,0000000000243513,0000000000000646,0000000000313584,078.48
06102026,505302,0000000000000009,0000000000021600,0000000000000009,0000000000021696,100.00
06102026,505324,0000000000003627,0000000000059470,0000000000003627,0000000000059470,100.00
06102026,505336,0000000002718975,0000000000657862,0000000002718975,0000000000657862,100.00
06102026,505343,0000000000473254,0000000000132512,0000000000615605,0000000000170358,076.88
06102026,505355,0000000000000669,0000000000693051,0000000000001136,0000000001179806,058.89
06102026,505358,0000000000005586,0000000000994867,0000000000006070,0000000001084604,092.03
06102026,505368,0000000000000005,0000000000001213,0000000000000005,0000000000001212,100.00
06102026,505400,0000000000005670,0000000000710735,0000000000009965,0000000001226365,056.90
06102026,505412,0000000000000192,0000000001556352,0000000000000297,0000000002407627,064.65
06102026,505502,0000000000032992,0000000000065016,0000000000032992,0000000000065016,100.00
06102026,505504,0000000000003142,0000000000799380,0000000000003142,0000000000799380,100.00
06102026,505509,0000000000013812,0000000002157435,0000000000027351,0000000004300256,050.50
06102026,505515,0000000000008916,0000000000114393,0000000000017423,0000000000224687,051.17
06102026,505523,0000000000237331,0000000000068826,0000000000430898,0000000000122590,055.08
06102026,505526,0000000000010713,0000000000668277,0000000000012814,0000000000806013,083.60
06102026,505533,0000000000001087,0000000000647635,0000000000003479,0000000002068738,031.24
06102026,505537,0000000002916874,0000000211210847,0000000003227574,0000000234995850,090.37
06102026,505590,0000000000005822,0000000000018456,0000000000006631,0000000000020694,087.80
06102026,505650,0000000000006237,0000000000052703,0000000000007293,0000000000062275,085.52
06102026,505681,0000000000000076,0000000000049780,0000000000000080,0000000000051877,095.00
06102026,505688,0000000000000788,0000000000079234,0000000000000788,0000000000079234,100.00
06102026,505690,0000000000000068,0000000000045101,0000000000000068,0000000000044967,100.00
06102026,505693,0000000000065265,0000000000696378,0000000000147920,0000000001580801,044.12
06102026,505700,0000000000006702,0000000002989092,0000000000013658,0000000006065619,049.07
06102026,505710,0000000000027964,0000000002302277,0000000000036144,0000000002990846,077.37
06102026,505712,0000000000002946,0000000000731753,0000000000002946,0000000000731753,100.00
06102026,505714,0000000000012652,0000000017176356,0000000000025548,0000000034306984,049.52
06102026,505720,0000000000004181,0000000000447158,0000000000006389,0000000000683456,065.44
06102026,505725,0000000000186249,0000000013124968,0000000000659111,0000000045902420,028.26
06102026,505726,0000000000003345,0000000004050963,0000000000003671,0000000004389372,091.12
06102026,505729,0000000000006268,0000000000471479,0000000000006807,0000000000511553,092.08
06102026,505737,0000000000000454,0000000000198852,0000000000000456,0000000000199718,099.56
06102026,505744,0000000000003679,0000000001650768,0000000000005763,0000000002572890,063.84
06102026,505750,0000000000002798,0000000000615421,0000000000003596,0000000000783996,077.81
06102026,505790,0000000000011074,0000000042205783,0000000000014171,0000000054161084,078.15
06102026,505797,0000000000001583,0000000000057489,0000000000001583,0000000000057489,100.00
06102026,505800,0000000000000111,0000000000171573,0000000000000151,0000000000233742,073.51
06102026,505807,0000000000000050,0000000000023615,0000000000000050,0000000000023615,100.00
06102026,505827,0000000000001010,0000000000464600,0000000000001405,0000000000651410,071.89
06102026,505840,0000000000005992,0000000000276710,0000000000005992,0000000000276710,100.00
06102026,505850,0000000000001589,0000000000372780,0000000000001925,0000000000445024,082.55
06102026,505854,0000000000000273,0000000000053549,0000000000000281,0000000000055007,097.15
06102026,505872,0000000000004748,0000000002117134,0000000000007041,0000000003160476,067.43
06102026,505890,0000000000000844,0000000003610886,0000000000001395,0000000005940866,060.50
06102026,505893,0000000000000172,0000000000127504,0000000000000207,0000000000153952,083.09
06102026,505978,0000000000000428,0000000000467590,0000000000000453,0000000000494284,094.48
06102026,506003,0000000000011440,0000000000624510,0000000000018592,0000000000999524,061.53
06102026,506022,0000000000010243,0000000001226600,0000000000016043,0000000001918644,063.85
06102026,506074,0000000000019083,0000000000015810,0000000000019083,0000000000015810,100.00
06102026,506076,0000000000002316,0000000004707386,0000000000003379,0000000006818213,068.54
06102026,506105,0000000000000017,0000000000001193,0000000000000022,0000000000001426,077.27
06102026,506109,0000000000052168,0000000015749520,0000000000087315,0000000025930066,059.75
06102026,506122,0000000000076608,0000000001270873,0000000000076608,0000000001270873,100.00
06102026,506128,0000000000000123,0000000000014133,0000000000000129,0000000000014477,095.35
06102026,506134,0000000000026092,0000000000254919,0000000000030177,0000000000298751,086.46
06102026,506146,0000000000039050,0000000000019916,0000000000040050,0000000000020438,097.50
06102026,506166,0000000000006322,0000000000317997,0000000000009163,0000000000462087,068.99
06102026,506180,0000000000000058,0000000000023774,0000000000000058,0000000000023774,100.00
06102026,506184,0000000000028515,0000000000038211,0000000000033302,0000000000044464,085.63
06102026,506186,0000000000000300,0000000000005568,0000000000000300,0000000000005696,100.00
06102026,506194,0000000000000080,0000000000017420,0000000000000080,0000000000017485,100.00
06102026,506197,0000000000054903,0000000037064863,0000000000054903,0000000037064863,100.00
06102026,506222,0000000000000286,0000000000584456,0000000000000528,0000000001079917,054.17
06102026,506235,0000000000020381,0000000002144082,0000000000033623,0000000003536658,060.62
06102026,506248,0000000000021011,0000000003953220,0000000000037644,0000000007095318,055.82
06102026,506260,0000000000006592,0000000000578251,0000000000008756,0000000000757998,075.29
06102026,506261,0000000000008342,0000000004041013,0000000000008342,0000000004041013,100.00
06102026,506285,0000000000001939,0000000006853881,0000000000002325,0000000008213139,083.40
06102026,506365,0000000000000005,0000000000000398,0000000000000005,0000000000000397,100.00
06102026,506390,0000000000000354,0000000000130202,0000000000000416,0000000000153062,085.10
06102026,506395,0000000000001989,0000000003553448,0000000000003883,0000000006962712,051.22
06102026,506401,0000000000012515,0000000019527155,0000000000021054,0000000032565210,059.44
06102026,506405,0000000000040987,0000000014585224,0000000000100616,0000000035802548,040.74
06102026,506414,0000000000015356,0000000008742939,0000000000029256,0000000016742425,052.49
06102026,506480,0000000000005595,0000000002084977,0000000000009687,0000000003526944,057.76
06102026,506520,0000000000014546,0000000000095422,0000000000023729,0000000000156620,061.30
06102026,506525,0000000000002631,0000000000471567,0000000000002631,0000000000471567,100.00
06102026,506528,0000000000000238,0000000003086469,0000000000000238,0000000003086469,100.00
06102026,506532,0000000000000166,0000000000279594,0000000000000176,0000000000293539,094.32
06102026,506543,0000000000000060,0000000000000598,0000000000000060,0000000000000598,100.00
06102026,506579,0000000000020257,0000000002544280,0000000000024850,0000000003115132,081.52
06102026,506590,0000000000029397,0000000009631928,0000000000056043,0000000018243921,052.45
06102026,506597,0000000000006131,0000000004631971,0000000000008320,0000000006136146,073.69
06102026,506605,0000000000000023,0000000000041605,0000000000000028,0000000000051393,082.14
06102026,506618,0000000000000073,0000000000075555,0000000000000107,0000000000111341,068.22
06102026,506640,0000000000000087,0000000000011571,0000000000000087,0000000000011571,100.00
06102026,506642,0000000000853170,0000000002339779,0000000000853170,0000000002339779,100.00
06102026,506655,0000000000002472,0000000003062932,0000000000004457,0000000005515027,055.46
06102026,506680,0000000000001419,0000000000013807,0000000000001540,0000000000014461,092.14
06102026,506685,0000000000003887,0000000001591533,0000000000005733,0000000002336639,067.80
06102026,506687,0000000000000205,0000000000273827,0000000000000205,0000000000273827,100.00
06102026,506690,0000000000002815,0000000001539805,0000000000005217,0000000002834260,053.96
06102026,506734,0000000000000561,0000000000064521,0000000000000561,0000000000064521,100.00
06102026,506767,0000000000029978,0000000058698423,0000000000127382,0000000253193521,023.53
06102026,506808,0000000000001803,0000000000095578,0000000000002052,0000000000109794,087.87
06102026,506820,0000000000000266,0000000001591545,0000000000000474,0000000002814019,056.12
06102026,506852,0000000000031934,0000000000857428,0000000000046206,0000000001237061,069.11
06102026,506854,0000000000005206,0000000016681586,0000000000009864,0000000031586155,052.78
06102026,506858,0000000000000308,0000000000016001,0000000000000486,0000000000025260,063.37
06102026,506863,0000000000001494,0000000000109705,0000000000001979,0000000000145703,075.49
06102026,506879,0000000000003761,0000000001468859,0000000000010841,0000000004130092,034.69
06102026,506919,0000000000000274,0000000000050142,0000000000000431,0000000000078366,063.57
06102026,506935,0000000000000029,0000000000001599,0000000000000029,0000000000001598,100.00
06102026,506947,0000000000000679,0000000000650414,0000000000000679,0000000000650414,100.00
06102026,506979,0000000000000486,0000000000032937,0000000000000845,0000000000056918,057.51
06102026,506981,0000000000000025,0000000000002773,0000000000000025,0000000000002772,100.00
06102026,507155,0000000000005853,0000000000807129,0000000000008002,0000000001101955,073.14
06102026,507180,0000000000049379,0000000000646507,0000000000049379,0000000000646507,100.00
06102026,507205,0000000000067141,0000000036732842,0000000000187870,0000000106042300,035.74
06102026,507265,0000000000000054,0000000000015619,0000000000000054,0000000000015619,100.00
06102026,507300,0000000000000036,0000000000033189,0000000000000036,0000000000032535,100.00
06102026,507315,0000000000009183,0000000000174294,0000000000018153,0000000000343317,050.59
06102026,507410,0000000000016881,0000000003442036,0000000000026844,0000000005425288,062.89
06102026,507438,0000000000000226,0000000000198428,0000000000000234,0000000000204001,096.58
06102026,507474,0000000000003326,0000000000133040,0000000000003443,0000000000140941,096.60
06102026,507486,0000000000000005,0000000000000239,0000000000000005,0000000000000238,100.00
06102026,507488,0000000000003766,0000000003694070,0000000000005074,0000000004931085,074.22
06102026,507490,0000000000206161,0000000002845022,0000000000225592,0000000003115661,091.39
06102026,507498,0000000000000956,0000000000033145,0000000000001528,0000000000052146,062.57
06102026,507514,0000000000030272,0000000002235285,0000000000046940,0000000003472152,064.49
06102026,507515,0000000000000981,0000000000025340,0000000000001259,0000000000031712,077.92
06102026,507526,0000000000020781,0000000012472757,0000000000022365,0000000013308331,092.92
06102026,507552,0000000000004071,0000000000205423,0000000000006124,0000000000305305,066.48
06102026,507580,0000000000006837,0000000001568806,0000000000006837,0000000001568806,100.00
06102026,507598,0000000000001239,0000000000100285,0000000000001674,0000000000133514,074.01
06102026,507609,0000000000000001,0000000000000031,0000000000000001,0000000000000030,100.00
06102026,507621,0000000000005497,0000000000469169,0000000000005692,0000000000473705,096.57
06102026,507645,0000000000000003,0000000000031197,0000000000000003,0000000000031197,100.00
06102026,507685,0000000000296080,0000000047816920,0000000000465626,0000000075144664,063.59
06102026,507690,0000000000000362,0000000000058644,0000000000000421,0000000000067996,085.99
06102026,507717,0000000000001339,0000000001215076,0000000000002555,0000000002327460,052.41
06102026,507747,0000000000001195,0000000001239395,0000000000001625,0000000001673629,073.54
06102026,507753,0000000000043813,0000000005491960,0000000000069320,0000000008601749,063.20
06102026,507759,0000000000000103,0000000000001371,0000000000000103,0000000000001369,100.00
06102026,507779,0000000000001135,0000000000284545,0000000000002149,0000000000544082,052.82
06102026,507785,0000000000000003,0000000000000594,0000000000000003,0000000000000594,100.00
06102026,507789,0000000000003429,0000000000803244,0000000000003875,0000000000897429,088.49
06102026,507794,0000000000004704,0000000000229979,0000000000008209,0000000000397745,057.30
06102026,507813,0000000000000126,0000000000007079,0000000000000126,0000000000007063,100.00
06102026,507815,0000000000000591,0000000004174293,0000000000000928,0000000006523350,063.69
06102026,507828,0000000000013741,0000000000067331,0000000000014913,0000000000072620,092.14
06102026,507833,0000000000001309,0000000000004202,0000000000001730,0000000000005529,075.66
06102026,507836,0000000000000221,0000000000148280,0000000000000314,0000000000209151,070.38
06102026,507852,0000000000000258,0000000000020447,0000000000000405,0000000000033434,063.70
06102026,507864,0000000000000182,0000000000012983,0000000000000182,0000000000012983,100.00
06102026,507872,0000000000000757,0000000000039364,0000000000000972,0000000000049997,077.88
06102026,507878,0000000000325437,0000000001301748,0000000000456746,0000000001818477,071.25
06102026,507880,0000000000005408,0000000001560208,0000000000009151,0000000002616087,059.10
06102026,507910,0000000000002512,0000000000065212,0000000000002604,0000000000067202,096.47
06102026,507912,0000000000322891,0000000054794603,0000000000343210,0000000059364241,094.08
06102026,507944,0000000000004250,0000000001382100,0000000000004722,0000000001518247,090.00
06102026,507946,0000000000000111,0000000000002189,0000000000000113,0000000000002190,098.23
06102026,507948,0000000000003365,0000000000234104,0000000000003506,0000000000246360,095.98
06102026,507960,0000000000000407,0000000000072223,0000000000000572,0000000000101507,071.15
06102026,507962,0000000000002189,0000000000013673,0000000000002189,0000000000013673,100.00
06102026,507966,0000000000006081,0000000000326854,0000000000006328,0000000000340615,096.10
06102026,507968,0000000000000045,0000000000002059,0000000000000045,0000000000002060,100.00
06102026,507970,0000000000000065,0000000000002286,0000000000000068,0000000000002428,095.59
06102026,507981,0000000000001061,0000000000067512,0000000000001105,0000000000071820,096.02
06102026,507998,0000000000004624,0000000001047799,0000000000005894,0000000001359092,078.45
06102026,508486,0000000000000046,0000000000367269,0000000000000055,0000000000442359,083.64
06102026,508494,0000000000001109,0000000000047843,0000000000001139,0000000000049562,097.37
06102026,508571,0000000000000009,0000000000001209,0000000000000009,0000000000001206,100.00
06102026,508664,0000000000000722,0000000000010266,0000000000000722,0000000000010266,100.00
06102026,508670,0000000000000022,0000000000072600,0000000000000022,0000000000072600,100.00
06102026,508807,0000000000000062,0000000000039339,0000000000000082,0000000000052017,075.61
06102026,508814,0000000000000495,0000000000411123,0000000000000735,0000000000605853,067.35
06102026,508867,0000000000000001,0000000000000101,0000000000000001,0000000000000101,100.00
06102026,508869,0000000000144039,0000001139348490,0000000000161049,0000001269969330,089.44
06102026,508875,0000000000000165,0000000000071529,0000000000000165,0000000000071529,100.00
06102026,508905,0000000000001146,0000000000093972,0000000000001221,0000000000101655,093.86
06102026,508906,0000000000001431,0000000000736965,0000000000001796,0000000000897548,079.68
06102026,508918,0000000000006195,0000000000288378,0000000000011125,0000000000501095,055.69
06102026,508933,0000000000002318,0000000000667816,0000000000002773,0000000000784443,083.59
06102026,508941,0000000000001337,0000000000529452,0000000000001881,0000000000740015,071.08
06102026,508954,0000000000000131,0000000000009113,0000000000000182,0000000000012636,071.98
06102026,508956,0000000000000926,0000000000009260,0000000000000928,0000000000009123,099.78
06102026,508961,0000000000000026,0000000000005136,0000000000000026,0000000000005136,100.00
06102026,508963,0000000000000001,0000000000000259,0000000000000001,0000000000000259,100.00
06102026,508969,0000000000010151,0000000000023957,0000000000017479,0000000000041739,058.08
06102026,508980,0000000000004752,0000000000052506,0000000000004752,0000000000052506,100.00
06102026,508989,0000000000003846,0000000000477289,0000000000006184,0000000000767649,062.19
06102026,509009,0000000000000364,0000000000050942,0000000000000364,0000000000050857,100.00
06102026,509020,0000000000007968,0000000000039681,0000000000008079,0000000000040277,098.63
06102026,509024,0000000000000927,0000000000007333,0000000000001788,0000000000014146,051.85
06102026,509026,0000000000000003,0000000000000196,0000000000000005,0000000000000323,060.00
06102026,509038,0000000000000008,0000000000000184,0000000000000008,0000000000000184,100.00
06102026,509040,0000000000000263,0000000000046709,0000000000000436,0000000000077047,060.32
06102026,509046,0000000000000001,0000000000000045,0000000000000001,0000000000000045,100.00
06102026,509048,0000000000005118,0000000000162025,0000000000005118,0000000000162025,100.00
06102026,509051,0000000002020731,0000000001091195,0000000003091990,0000000001676340,065.35
06102026,509053,0000000000009307,0000000000063847,0000000000013426,0000000000091253,069.32
06102026,509055,0000000000010672,0000000000870580,0000000000010672,0000000000870580,100.00
06102026,509069,0000000000000078,0000000000000418,0000000000000079,0000000000000436,098.73
06102026,509073,0000000000002023,0000000000022678,0000000000002023,0000000000022658,100.00
06102026,509079,0000000000003403,0000000001455293,0000000000008919,0000000003780192,038.15
06102026,509084,0000000000000255,0000000000102943,0000000000000255,0000000000102943,100.00
06102026,509152,0000000000001001,0000000001859808,0000000000001002,0000000001861543,099.90
06102026,509162,0000000000009000,0000000000944649,0000000000009000,0000000000944649,100.00
06102026,509196,0000000000001772,0000000000109864,0000000000001928,0000000000117567,091.91
06102026,509220,0000000000001208,0000000000046460,0000000000001413,0000000000054269,085.49
06102026,509243,0000000000000222,0000000000977899,0000000000000403,0000000001759572,055.09
06102026,509438,0000000000000010,0000000000102581,0000000000000011,0000000000112548,090.91
06102026,509470,0000000000000010,0000000000180801,0000000000000012,0000000000218529,083.33
06102026,509472,0000000000000087,0000000000032021,0000000000000159,0000000000057208,054.72
06102026,509480,0000000000018054,0000000008523294,0000000000029425,0000000013722857,061.36
06102026,509486,0000000000000500,0000000000054575,0000000000000500,0000000000054575,100.00
06102026,509488,0000000000038965,0000000033153371,0000000000094573,0000000079534649,041.20
06102026,509496,0000000000008091,0000000009383942,0000000000014398,0000000016679188,056.20
06102026,509525,0000000000000521,0000000000542961,0000000000000522,0000000000543843,099.81
06102026,509546,0000000000000202,0000000000006199,0000000000000202,0000000000006199,100.00
06102026,509557,0000000000001380,0000000001063290,0000000000001728,0000000001315878,079.86
06102026,509563,0000000000001388,0000000000025914,0000000000002262,0000000000042217,061.36
06102026,509567,0000000000000923,0000000000382907,0000000000001403,0000000000581432,065.79
06102026,509597,0000000000000126,0000000000107397,0000000000000141,0000000000120041,089.36
06102026,509631,0000000000228307,0000000057567611,0000000000388377,0000000097054798,058.78
06102026,509635,0000000000000212,0000000000084991,0000000000000469,0000000000188394,045.20
06102026,509675,0000000000000460,0000000000646300,0000000000000526,0000000000740156,087.45
06102026,509692,0000000000000003,0000000000000560,0000000000000003,0000000000000561,100.00
06102026,509709,0000000000004006,0000000000320480,0000000000004304,0000000000346279,093.08
06102026,509715,0000000000001273,0000000000109364,0000000000001502,0000000000128506,084.75
06102026,509732,0000000000000537,0000000000079611,0000000000000666,0000000000099111,080.63
06102026,509760,0000000000004095,0000000000125718,0000000000004095,0000000000125718,100.00
06102026,509762,0000000000001787,0000000000125822,0000000000001787,0000000000125822,100.00
06102026,509820,0000000000003081,0000000000718336,0000000000004605,0000000001066757,066.91
06102026,509835,0000000000000201,0000000000003011,0000000000000201,0000000000003004,100.00
06102026,509874,0000000000030225,0000000002324989,0000000000030225,0000000002324989,100.00
06102026,509895,0000000000000196,0000000000030557,0000000000000241,0000000000036616,081.33
06102026,509930,0000000000003391,0000000011925130,0000000000005231,0000000018169757,064.82
06102026,509945,0000000000000011,0000000000010670,0000000000000011,0000000000010680,100.00
06102026,509953,0000000000000007,0000000000003131,0000000000000007,0000000000003131,100.00
06102026,509966,0000000000007668,0000000001550087,0000000000009608,0000000001940859,079.81
06102026,510245,0000000000040017,0000000000142461,0000000000047138,0000000000169673,084.89
06102026,511000,0000000000011941,0000000000216013,0000000000014635,0000000000275329,081.59
06102026,511012,0000000000569709,0000000000316907,0000000000569709,0000000000316907,100.00
06102026,511016,0000000000000827,0000000000005384,0000000000000827,0000000000005384,100.00
06102026,511018,0000000000009155,0000000000400806,0000000000012893,0000000000559776,071.01
06102026,511034,0000000000001497,0000000000882856,0000000000003870,0000000002280685,038.68
06102026,511066,0000000000003886,0000000000096179,0000000000004198,0000000000102598,092.57
06102026,511076,0000000000020461,0000000002708014,0000000000043381,0000000005702368,047.17
06102026,511092,0000000000015272,0000000000108270,0000000000015272,0000000000108270,100.00
06102026,511110,0000000000000002,0000000000000036,0000000000000002,0000000000000036,100.00
06102026,511116,0000000000152466,0000000000126546,0000000000152466,0000000000126546,100.00
06102026,511122,0000000000000038,0000000000002477,0000000000000054,0000000000003409,070.37
06102026,511144,0000000000082088,0000000054598619,0000000000082088,0000000054598619,100.00
06102026,511147,0000000000000157,0000000000009534,0000000000000263,0000000000016155,059.70
06102026,511153,0000000000009736,0000000000161293,0000000000009736,0000000000161293,100.00
06102026,511169,0000000000000005,0000000000000028,0000000000000005,0000000000000028,100.00
06102026,511187,0000000000007522,0000000000010983,0000000000010222,0000000000014937,073.59
06102026,511194,0000000000000107,0000000000005314,0000000000000107,0000000000005314,100.00
06102026,511196,0000000000002666,0000000001958044,0000000000005232,0000000003823025,050.96
06102026,511208,0000000000014199,0000000000113592,0000000000015420,0000000000123294,092.08
06102026,511218,0000000000031015,0000000030084550,0000000000052508,0000000050755914,059.07
06102026,511243,0000000000147735,0000000237587427,0000000000172909,0000000278463733,085.44
06102026,511260,0000000000001458,0000000000044163,0000000000001658,0000000000050237,087.94
06102026,511333,0000000000000022,0000000000005111,0000000000000023,0000000000005342,095.65
06102026,511355,0000000000098763,0000000002857016,0000000000098763,0000000002857016,100.00
06102026,511359,0000000000013268,0000000000680782,0000000000015147,0000000000759922,087.59
06102026,511391,0000000000000008,0000000000000480,0000000000000011,0000000000000693,072.73
06102026,511411,0000000000000359,0000000000012386,0000000000000360,0000000000011588,099.72
06102026,511413,0000000000000004,0000000000001462,0000000000000004,0000000000001462,100.00
06102026,511431,0000000000088701,0000000000460359,0000000000108967,0000000000567236,081.40
06102026,511441,0000000000000072,0000000000001505,0000000000000072,0000000000001504,100.00
06102026,511447,0000000001326178,0000000000265236,0000000002988796,0000000000606611,044.37
06102026,511451,0000000000000126,0000000000001506,0000000000000126,0000000000001511,100.00
06102026,511463,0000000000004658,0000000000039547,0000000000004658,0000000000039836,100.00
06102026,511473,0000000000002143,0000000000054004,0000000000002251,0000000000056920,095.20
06102026,511493,0000000000000441,0000000000001663,0000000000000441,0000000000001663,100.00
06102026,511501,0000000000000416,0000000000009298,0000000000000452,0000000000010047,092.04
06102026,939407,0000000000000071,0000000000070965,0000000000000071,0000000000070944,100.00
06102026,939439,0000000000000500,0000000000505000,0000000000001000,0000000001010000,050.00
06102026,939461,0000000000000750,0000000000997500,0000000000000750,0000000000997500,100.00
06102026,939477,0000000000000117,0000000000119654,0000000000000117,0000000000119679,100.00
06102026,939563,0000000000000157,0000000000156643,0000000000000157,0000000000156693,100.00
06102026,939575,0000000000000200,0000000000204000,0000000000000200,0000000000204000,100.00
06102026,939583,0000000000000255,0000000000254745,0000000000000255,0000000000254657,100.00
06102026,939589,0000000000000037,0000000000037370,0000000000000037,0000000000036440,100.00
06102026,939607,0000000000000001,0000000000001002,0000000000000001,0000000000001002,100.00
06102026,939617,0000000000000060,0000000000059220,0000000000000060,0000000000059220,100.00
06102026,939623,0000000000001000,0000000000999000,0000000000001000,0000000000999903,100.00
06102026,939627,0000000000000001,0000000000002066,0000000000000001,0000000000002066,100.00
06102026,939631,0000000000000396,0000000000404712,0000000000000446,0000000000452183,088.79
06102026,939651,0000000000000018,0000000000021996,0000000000000018,0000000000021996,100.00
06102026,939655,0000000000000050,0000000000050000,0000000000000050,0000000000050000,100.00
06102026,939657,0000000000000400,0000000000402000,0000000000000400,0000000000401060,100.00
06102026,939727,0000000000000402,0000000000407226,0000000000000437,0000000000442420,091.99
06102026,939731,0000000000000999,0000000001023346,0000000000001189,0000000001217404,084.02
06102026,939733,0000000000000025,0000000000026025,0000000000000050,0000000000052025,050.00
06102026,939807,0000000000000039,0000000000038997,0000000000000039,0000000000038996,100.00
06102026,939819,0000000000000039,0000000000039000,0000000000000039,0000000000039000,100.00
06102026,939839,0000000000000020,0000000000021780,0000000000000020,0000000000021780,100.00
06102026,939855,0000000000000010,0000000000010928,0000000000000010,0000000000010928,100.00
06102026,939857,0000000000000295,0000000000296567,0000000000000295,0000000000296490,100.00
06102026,939869,0000000000000010,0000000000009990,0000000000000010,0000000000009990,100.00
06102026,939879,0000000000000050,0000000000059300,0000000000000050,0000000000059300,100.00
06102026,939901,0000000000000097,0000000000123966,0000000000000097,0000000000124046,100.00
06102026,939993,0000000000000050,0000000000053500,0000000000000050,0000000000053500,100.00
06102026,940001,0000000000000013,0000000000015223,0000000000000013,0000000000015223,100.00
06102026,940027,0000000000000200,0000000000218000,0000000000000300,0000000000323200,066.67
06102026,940043,0000000000000401,0000000000401000,0000000000000401,0000000000401000,100.00
06102026,940051,0000000000001000,0000000001053670,0000000000001190,0000000001253870,084.03
06102026,940053,0000000000000010,0000000000009905,0000000000000010,0000000000009905,100.00
06102026,940097,0000000000000078,0000000000082821,0000000000000078,0000000000082820,100.00
06102026,940099,0000000000000145,0000000000166294,0000000000000195,0000000000224157,074.36
06102026,940115,0000000000000011,0000000000011110,0000000000000012,0000000000012081,091.67
06102026,940139,0000000000000010,0000000000011550,0000000000000010,0000000000011550,100.00
06102026,940159,0000000000000005,0000000000004972,0000000000000009,0000000000008948,055.56
06102026,940165,0000000000000100,0000000000102000,0000000000000100,0000000000101683,100.00
06102026,940211,0000000000000700,0000000000714553,0000000000000701,0000000000715573,099.86
06102026,940227,0000000000000200,0000000000200500,0000000000000400,0000000000400928,050.00
06102026,940239,0000000000000047,0000000000049350,0000000000000047,0000000000049350,100.00
06102026,940247,0000000000000003,0000000000003129,0000000000000003,0000000000003129,100.00
06102026,940255,0000000000000095,0000000000096425,0000000000000100,0000000000101974,095.00
06102026,940261,0000000000000501,0000000000529958,0000000000000691,0000000000722060,072.50
06102026,940325,0000000000000100,0000000000100500,0000000000000100,0000000000100500,100.00
06102026,940327,0000000000000010,0000000000010351,0000000000000010,0000000000010350,100.00
06102026,940347,0000000000000210,0000000000214620,0000000000000210,0000000000214620,100.00
06102026,940353,0000000000000040,0000000000044408,0000000000000040,0000000000044408,100.00
06102026,940385,0000000000000005,0000000000004990,0000000000000005,0000000000004990,100.00
06102026,940415,0000000000000003,0000000000003000,0000000000000003,0000000000003000,100.00
06102026,940425,0000000000000123,0000000000136395,0000000000000123,0000000000136216,100.00
06102026,940427,0000000000000060,0000000000059940,0000000000000060,0000000000059940,100.00
06102026,940443,0000000000000100,0000000000099000,0000000000000100,0000000000099000,100.00
06102026,940445,0000000000000290,0000000000288550,0000000000000290,0000000000288550,100.00
06102026,940457,0000000000000015,0000000000015301,0000000000000015,0000000000015300,100.00
06102026,940467,0000000000000002,0000000000002030,0000000000000002,0000000000002030,100.00
06102026,940479,0000000000000036,0000000000037440,0000000000000036,0000000000037416,100.00
06102026,940501,0000000000000005,0000000000004910,0000000000000005,0000000000004910,100.00
06102026,940513,0000000000000030,0000000000033000,0000000000000030,0000000000033000,100.00
06102026,940517,0000000000000230,0000000000230000,0000000000000230,0000000000230000,100.00
06102026,940635,0000000000000001,0000000000000995,0000000000000001,0000000000000995,100.00
06102026,940637,0000000000000100,0000000000099900,0000000000000100,0000000000099900,100.00
06102026,940639,0000000000000100,0000000000099000,0000000000000100,0000000000099600,100.00
06102026,940649,0000000000000006,0000000000005994,0000000000000006,0000000000005993,100.00
06102026,940651,0000000000000568,0000000000568000,0000000000000568,0000000000568000,100.00
06102026,940661,0000000000002319,0000000002295764,0000000000002319,0000000002295874,100.00
06102026,940663,0000000000000010,0000000000010023,0000000000000010,0000000000010022,100.00
06102026,940669,0000000000000025,0000000000024895,0000000000000025,0000000000024895,100.00
06102026,940681,0000000000000070,0000000000069790,0000000000000070,0000000000069790,100.00
06102026,940685,0000000000000010,0000000000005000,0000000000000010,0000000000005000,100.00
06102026,940699,0000000000000030,0000000000030900,0000000000000030,0000000000030900,100.00
06102026,940705,0000000000000340,0000000000336784,0000000000000340,0000000000336785,100.00
06102026,940709,0000000000000353,0000000000351235,0000000000000353,0000000000352595,100.00
06102026,940713,0000000000000949,0000000000949000,0000000000000994,0000000000994859,095.47
06102026,940715,0000000000000110,0000000000117699,0000000000000110,0000000000117699,100.00
06102026,940719,0000000000000100,0000000000107200,0000000000000100,0000000000107200,100.00
06102026,940727,0000000000000044,0000000000047300,0000000000000044,0000000000047300,100.00
06102026,940731,0000000000000161,0000000000157362,0000000000000161,0000000000158939,100.00
06102026,940745,0000000000000006,0000000000005970,0000000000000006,0000000000005970,100.00
06102026,940751,0000000000000020,0000000000019900,0000000000000020,0000000000019900,100.00
06102026,940753,0000000000000020,0000000000020900,0000000000000030,0000000000031030,066.67
06102026,940761,0000000000000100,0000000000101000,0000000000000100,0000000000101000,100.00
06102026,940771,0000000000000010,0000000000009960,0000000000000010,0000000000009960,100.00
06102026,940777,0000000000000100,0000000000097000,0000000000000100,0000000000097200,100.00
06102026,940785,0000000000000100,0000000000105600,0000000000000100,0000000000105600,100.00
06102026,940789,0000000000000042,0000000000040953,0000000000000042,0000000000040952,100.00
06102026,940795,0000000000000050,0000000000049750,0000000000000050,0000000000049749,100.00
06102026,940813,0000000000000296,0000000000296000,0000000000000296,0000000000296000,100.00
06102026,940833,0000000000000010,0000000000010000,0000000000000010,0000000000010000,100.00
06102026,940835,0000000000000001,0000000000001020,0000000000000001,0000000000001020,100.00
06102026,940841,0000000000002502,0000000002502000,0000000000003802,0000000003806418,065.81
06102026,940845,0000000000000117,0000000000120863,0000000000000117,0000000000121061,100.00
06102026,940849,0000000000000007,0000000000007357,0000000000000007,0000000000007374,100.00
06102026,940853,0000000000000038,0000000000038304,0000000000000039,0000000000039319,097.44
06102026,940855,0000000000000044,0000000000046662,0000000000000044,0000000000046689,100.00
06102026,940859,0000000000000174,0000000000171825,0000000000000174,0000000000171737,100.00
06102026,940862,0000000000000001,0000000000000988,0000000000000001,0000000000000988,100.00
06102026,940866,0000000000000083,0000000000085947,0000000000000083,0000000000085946,100.00
06102026,940876,0000000000000020,0000000000020104,0000000000000020,0000000000020104,100.00
06102026,940880,0000000000000020,0000000000020580,0000000000000020,0000000000020580,100.00
06102026,940886,0000000000000161,0000000000158399,0000000000000161,0000000000158042,100.00
06102026,940900,0000000000000027,0000000000026595,0000000000000027,0000000000026603,100.00
06102026,940913,0000000000000010,0000000000009000,0000000000000010,0000000000009000,100.00
06102026,940933,0000000000000300,0000000000295500,0000000000000300,0000000000295079,100.00
06102026,940939,0000000000000001,0000000000001030,0000000000000001,0000000000001029,100.00
06102026,940951,0000000000000050,0000000000049750,0000000000000050,0000000000049895,100.00
06102026,940955,0000000000000056,0000000000056560,0000000000000056,0000000000056515,100.00
06102026,940965,0000000000000030,0000000000030317,0000000000000030,0000000000030316,100.00
06102026,940975,0000000000000018,0000000000017910,0000000000000018,0000000000017910,100.00
06102026,940979,0000000000000010,0000000000010080,0000000000000010,0000000000010080,100.00
06102026,940981,0000000000000010,0000000000009750,0000000000000010,0000000000009750,100.00
06102026,940987,0000000000000136,0000000000133416,0000000000000136,0000000000133858,100.00
06102026,940995,0000000000000002,0000000000001980,0000000000000002,0000000000001980,100.00
06102026,941007,0000000000000209,0000000000213180,0000000000000209,0000000000213578,100.00
06102026,941009,0000000000000040,0000000000040872,0000000000000040,0000000000040872,100.00
06102026,941015,0000000000000010,0000000000009897,0000000000000013,0000000000012621,076.92
06102026,941023,0000000000000019,0000000000019361,0000000000000019,0000000000019361,100.00
06102026,941035,0000000000000110,0000000000111650,0000000000000110,0000000000111700,100.00
06102026,941037,0000000000000004,0000000000003961,0000000000000008,0000000000007921,050.00
06102026,941041,0000000000000020,0000000000020100,0000000000000020,0000000000020100,100.00
06102026,941049,0000000000000010,0000000000009895,0000000000000010,0000000000009894,100.00
06102026,941051,0000000000000048,0000000000047280,0000000000000048,0000000000047280,100.00
06102026,941061,0000000000000001,0000000000000997,0000000000000001,0000000000000997,100.00
06102026,941063,0000000000000052,0000000000052526,0000000000000052,0000000000052527,100.00
06102026,941069,0000000000000010,0000000000010000,0000000000000010,0000000000010000,100.00
06102026,941075,0000000000000615,0000000000603051,0000000000000622,0000000000607827,098.87
06102026,941087,0000000000000004,0000000000004050,0000000000000004,0000000000004050,100.00
06102026,941093,0000000000000310,0000000000312945,0000000000000500,0000000000501623,062.00
06102026,941095,0000000000000021,0000000000021525,0000000000000021,0000000000021525,100.00
06102026,941105,0000000000000020,0000000000019800,0000000000000020,0000000000019800,100.00
06102026,941107,0000000000000256,0000000000253978,0000000000000256,0000000000254812,100.00
06102026,941111,0000000000000120,0000000000118080,0000000000000120,0000000000117854,100.00
06102026,941117,0000000000000031,0000000000030845,0000000000000031,0000000000030845,100.00
06102026,941121,0000000000000002,0000000000002002,0000000000000002,0000000000002002,100.00
06102026,941127,0000000000000106,0000000000104039,0000000000000106,0000000000104001,100.00
06102026,941133,0000000000000035,0000000000034930,0000000000000035,0000000000034929,100.00
06102026,941135,0000000000000041,0000000000041000,0000000000000041,0000000000040969,100.00
06102026,941141,0000000000000001,0000000000001006,0000000000000001,0000000000001006,100.00
06102026,941143,0000000000000014,0000000000013932,0000000000000028,0000000000027809,050.00
06102026,941151,0000000000000125,0000000000120625,0000000000000125,0000000000120625,100.00
06102026,941157,0000000000000047,0000000000047000,0000000000000047,0000000000047000,100.00
06102026,941159,0000000000000006,0000000000005934,0000000000000006,0000000000005933,100.00
06102026,941165,0000000000000021,0000000000020601,0000000000000021,0000000000020491,100.00
06102026,941173,0000000000000629,0000000000616993,0000000000000686,0000000000673386,091.69
06102026,941177,0000000000000010,0000000000009700,0000000000000010,0000000000009700,100.00
06102026,941185,0000000000000919,0000000000898874,0000000000001045,0000000001014702,087.94
06102026,941187,0000000000000001,0000000000001000,0000000000000001,0000000000001000,100.00
06102026,941189,0000000000000025,0000000000024675,0000000000000025,0000000000024682,100.00
06102026,941193,0000000000001032,0000000001023115,0000000000001032,0000000001023029,100.00
06102026,941195,0000000000000112,0000000000108668,0000000000000112,0000000000108143,100.00
06102026,941197,0000000000000100,0000000000099500,0000000000000100,0000000000099500,100.00
06102026,941199,0000000000000003,0000000000002916,0000000000000003,0000000000002916,100.00
06102026,941201,0000000000000135,0000000000131085,0000000000000135,0000000000131105,100.00
06102026,941203,0000000000000572,0000000000555984,0000000000001016,0000000000994236,056.30
06102026,941231,0000000000000469,0000000000450550,0000000000000469,0000000000450661,100.00
06102026,941251,0000000000000900,0000000000886563,0000000000000900,0000000000887046,100.00
06102026,941253,0000000000000076,0000000000074708,0000000000000076,0000000000074781,100.00
06102026,941255,0000000000000165,0000000000162525,0000000000000165,0000000000162375,100.00
06102026,941257,0000000000000050,0000000000049700,0000000000000081,0000000000080004,061.73
06102026,941261,0000000000000061,0000000000060885,0000000000000061,0000000000060980,100.00
06102026,941265,0000000000000200,0000000000198000,0000000000000200,0000000000198001,100.00
06102026,941267,0000000000000002,0000000000001925,0000000000000002,0000000000001924,100.00
06102026,941269,0000000000000026,0000000000025090,0000000000000026,0000000000025115,100.00
06102026,941271,0000000000000049,0000000000047285,0000000000000049,0000000000047235,100.00
06102026,941273,0000000000000052,0000000000050700,0000000000000052,0000000000050700,100.00
06102026,941275,0000000000000200,0000000000200000,0000000000000200,0000000000200000,100.00
06102026,941287,0000000000000010,0000000000009950,0000000000000010,0000000000009949,100.00
06102026,941289,0000000000000010,0000000000009950,0000000000000010,0000000000009965,100.00
06102026,941291,0000000000000001,0000000000001000,0000000000000001,0000000000001000,100.00
06102026,941293,0000000000000012,0000000000011988,0000000000000012,0000000000011798,100.00
06102026,956882,0000000000000020,0000000002068233,0000000000000020,0000000002068232,100.00
06102026,960183,0000000000000002,0000000001000204,0000000000000002,0000000001000204,100.00
06102026,961718,0000000000000009,0000000000154359,0000000000000009,0000000000154256,100.00
06102026,961728,0000000000000508,0000000000510662,0000000000000508,0000000000511496,100.00
06102026,961730,0000000000000533,0000000000535132,0000000000000554,0000000000556205,096.21
06102026,961732,0000000000000645,0000000000647909,0000000000000645,0000000000647660,100.00
06102026,961734,0000000000000080,0000000000084420,0000000000000080,0000000000084420,100.00
06102026,961776,0000000000000171,0000000000192548,0000000000000171,0000000000192547,100.00
06102026,961779,0000000000000840,0000000000947940,0000000000000865,0000000000975367,097.11
06102026,961792,0000000000000250,0000000000318750,0000000000000250,0000000000318250,100.00
06102026,961803,0000000000000001,0000000000001133,0000000000000001,0000000000001132,100.00
06102026,961804,0000000000000100,0000000000128410,0000000000000100,0000000000128411,100.00
06102026,961810,0000000000000477,0000000000620100,0000000000000477,0000000000619359,100.00
06102026,961822,0000000000000000,0000000000000000,0000000000000020,0000000000025390,000.00
06102026,961826,0000000000000075,0000000000083626,0000000000000075,0000000000083635,100.00
06102026,961839,0000000000000001,0000000000001125,0000000000000001,0000000000001125,100.00
06102026,961841,0000000000000006,0000000000007548,0000000000000006,0000000000007548,100.00
06102026,961863,0000000000000356,0000000000469992,0000000000000356,0000000000469991,100.00
06102026,961875,0000000000000424,0000000000487176,0000000000000424,0000000000488952,100.00
06102026,961885,0000000000000179,0000000000200502,0000000000000179,0000000000200501,100.00
06102026,961910,0000000000000060,0000000000068820,0000000000000060,0000000000068820,100.00
06102026,972715,0000000000000015,0000000000265200,0000000000000017,0000000000299850,088.24
06102026,972721,0000000000000041,0000000000676500,0000000000000041,0000000000672842,100.00
06102026,972773,0000000000000012,0000000000350400,0000000000000012,0000000000350400,100.00
06102026,973491,0000000000000674,0000000000479214,0000000000000678,0000000000482295,099.41
06102026,973993,0000000000000001,0000000001035000,0000000000000001,0000000001035000,100.00
06102026,974285,0000000000000007,0000000007208587,0000000000000007,0000000007208586,100.00
06102026,974634,0000000000000001,0000000000141351,0000000000000001,0000000000141351,100.00
06102026,974998,0000000000000005,0000000000520000,0000000000000008,0000000000822000,062.50
06102026,975000,0000000000000001,0000000000101700,0000000000000001,0000000000101700,100.00
06102026,975375,0000000000000004,0000000000339960,0000000000000004,0000000000339960,100.00
06102026,975501,0000000000000002,0000000000209700,0000000000000002,0000000000209700,100.00
06102026,975572,0000000000000001,0000000000149246,0000000000000002,0000000000276699,050.00
06102026,975690,0000000000000010,0000000001042500,0000000000000010,0000000001041000,100.00
06102026,976020,0000000000000003,0000000000399000,0000000000000003,0000000000398999,100.00
06102026,976036,0000000000000050,0000000000505000,0000000000000050,0000000000505000,100.00
06102026,976090,0000000000000001,0000000000103000,0000000000000001,0000000000103000,100.00
06102026,976146,0000000000000028,0000000000069496,0000000000000028,0000000000069925,100.00
06102026,976148,0000000000000001,0000000000106199,0000000000000001,0000000000106199,100.00
06102026,976228,0000000000000005,0000000000050855,0000000000000005,0000000000050855,100.00
06102026,976289,0000000000000001,0000000000102100,0000000000000001,0000000000102100,100.00
06102026,976293,0000000000000005,0000000000516500,0000000000000008,0000000000819900,062.50
06102026,976307,0000000000000005,0000000000543960,0000000000000005,0000000000543960,100.00
06102026,976325,0000000000000121,0000000001216050,0000000000000121,0000000001212601,100.00
06102026,976411,0000000000000006,0000000000585600,0000000000000006,0000000000585656,100.00
06102026,976437,0000000000000125,0000000001245625,0000000000000125,0000000001249050,100.00
06102026,976493,0000000000000004,0000000000040020,0000000000000004,0000000000040020,100.00
06102026,976547,0000000000000010,0000000000099860,0000000000000010,0000000000099860,100.00
06102026,976560,0000000000000001,0000000000099999,0000000000000001,0000000000099999,100.00
06102026,976600,0000000000000013,0000000001286307,0000000000000013,0000000001281520,100.00
06102026,976685,0000000000000002,0000000000019800,0000000000000003,0000000000029781,066.67
06102026,976727,0000000000000001,0000000000099286,0000000000000001,0000000000099286,100.00
06102026,976752,0000000000000002,0000000000199340,0000000000000002,0000000000199340,100.00
06102026,976757,0000000000000003,0000000000030000,0000000000000003,0000000000030000,100.00
06102026,976799,0000000000000004,0000000000399600,0000000000000004,0000000000399600,100.00
06102026,976808,0000000000000039,0000000000391365,0000000000000040,0000000000401134,097.50
06102026,976821,0000000000000002,0000000000207700,0000000000000002,0000000000207744,100.00
06102026,976855,0000000000000018,0000000001800036,0000000000000018,0000000001800334,100.00
06102026,976868,0000000000000008,0000000000769688,0000000000000008,0000000000778798,100.00
06102026,976872,0000000000000001,0000000000100000,0000000000000001,0000000000100000,100.00
06102026,976905,0000000000000002,0000000000019222,0000000000000002,0000000000019537,100.00
06102026,976928,0000000000000005,0000000000500835,0000000000000005,0000000000500835,100.00
06102026,976929,0000000000000001,0000000000101100,0000000000000001,0000000000101100,100.00
06102026,976965,0000000000000015,0000000001488000,0000000000000015,0000000001488000,100.00
06102026,976970,0000000000000150,0000000015300000,0000000000000150,0000000015300000,100.00
06102026,976976,0000000000000002,0000000000198301,0000000000000002,0000000000199050,100.00
06102026,977001,0000000000000006,0000000000603600,0000000000000006,0000000000600101,100.00
06102026,977017,0000000000000077,0000000000769230,0000000000000088,0000000000879371,087.50
06102026,977022,0000000000000057,0000000005700000,0000000000000057,0000000005693307,100.00
06102026,977029,0000000000000001,0000000000099442,0000000000000001,0000000000099441,100.00
06102026,977044,0000000000000010,0000000000098572,0000000000000019,0000000000187285,052.63
06102026,977068,0000000000000005,0000000000049440,0000000000000005,0000000000049440,100.00
06102026,977071,0000000000000455,0000000047901399,0000000000000455,0000000047901399,100.00
06102026,977093,0000000000000001,0000000000111000,0000000000000001,0000000000111000,100.00
06102026,977107,0000000000000012,0000000001194000,0000000000000012,0000000001185462,100.00
06102026,977117,0000000000000024,0000000002344800,0000000000000024,0000000002343196,100.00
06102026,977134,0000000000000002,0000000000199247,0000000000000002,0000000000199499,100.00
06102026,977142,0000000000000002,0000000000198000,0000000000000002,0000000000198000,100.00
06102026,977172,0000000000000019,0000000001884271,0000000000000019,0000000001882560,100.00
06102026,977186,0000000000000002,0000000000196400,0000000000000002,0000000000196400,100.00
06102026,977187,0000000000000001,0000000000099200,0000000000000001,0000000000099200,100.00
06102026,977200,0000000000000085,0000000008491500,0000000000000085,0000000008497905,100.00
06102026,977226,0000000000000010,0000000001013500,0000000000000010,0000000001013000,100.00
06102026,977228,0000000000000010,0000000000099449,0000000000000010,0000000000099474,100.00
06102026,977241,0000000000000123,0000000001229994,0000000000000131,0000000001304851,093.89
06102026,977249,0000000000000014,0000000000137312,0000000000000014,0000000000137362,100.00
06102026,977261,0000000000000001,0000000000100102,0000000000000001,0000000000100101,100.00
06102026,977280,0000000000000002,0000000000124700,0000000000000002,0000000000124699,100.00
06102026,977281,0000000000000002,0000000000196000,0000000000000002,0000000000196000,100.00
06102026,977288,0000000000000001,0000000000099780,0000000000000001,0000000000099779,100.00
06102026,977309,0000000000000018,0000000000177886,0000000000000018,0000000000178669,100.00
06102026,977331,0000000000000001,0000000000100000,0000000000000001,0000000000100000,100.00
06102026,977335,0000000000000019,0000000001967678,0000000000000019,0000000001967678,100.00
06102026,977367,0000000000000006,0000000000059520,0000000000000006,0000000000059520,100.00
06102026,977379,0000000000000002,0000000000197103,0000000000000002,0000000000199451,100.00
06102026,977382,0000000000000025,0000000000245125,0000000000000040,0000000000391835,062.50
06102026,977396,0000000000000002,0000000000198400,0000000000000003,0000000000296262,066.67
06102026,977397,0000000000000001,0000000000099990,0000000000000001,0000000000099990,100.00
06102026,977411,0000000000000001,0000000000009990,0000000000000001,0000000000009990,100.00
06102026,977418,0000000000000001,0000000000102000,0000000000000001,0000000000102000,100.00
06102026,977419,0000000000000001,0000000000099500,0000000000000001,0000000000099500,100.00
06102026,977424,0000000000000010,0000000001079310,0000000000000010,0000000001079310,100.00
06102026,977440,0000000000000020,0000000002008000,0000000000000020,0000000002009555,100.00
06102026,977453,0000000000000008,0000000000079745,0000000000000008,0000000000079744,100.00
06102026,977468,0000000000000009,0000000000921600,0000000000000013,0000000001320050,069.23
06102026,977473,0000000000000010,0000000001030000,0000000000000010,0000000001030000,100.00
06102026,977477,0000000000000010,0000000000100150,0000000000000010,0000000000100153,100.00
06102026,977486,0000000000000011,0000000001095600,0000000000000011,0000000001097250,100.00
06102026,977495,0000000000000213,0000000022480628,0000000000000213,0000000022480627,100.00
06102026,977508,0000000000000010,0000000000100100,0000000000000010,0000000000100089,100.00
06102026,977515,0000000000000004,0000000000039640,0000000000000004,0000000000039640,100.00
06102026,977529,0000000000000003,0000000000298800,0000000000000003,0000000000298799,100.00
06102026,977532,0000000000000077,0000000008226988,0000000000000077,0000000008226988,100.00
06102026,977534,0000000000000056,0000000000543200,0000000000000056,0000000000549819,100.00
06102026,977541,0000000000000178,0000000001778771,0000000000000269,0000000002678799,066.17
06102026,977558,0000000000000003,0000000000029732,0000000000000003,0000000000029731,100.00
06102026,977564,0000000000000041,0000000000411641,0000000000000045,0000000000455447,091.11
06102026,977575,0000000000000001,0000000000109274,0000000000000001,0000000000109274,100.00
06102026,977576,0000000000000010,0000000000099500,0000000000000010,0000000000099489,100.00
06102026,977580,0000000000000001,0000000000006178,0000000000000001,0000000000006178,100.00
06102026,977582,0000000000000003,0000000000302997,0000000000000003,0000000000302997,100.00
06102026,977583,0000000000000010,0000000000097013,0000000000000010,0000000000097012,100.00
06102026,977585,0000000000000000,0000000000000000,0000000000000034,0000000000325550,000.00
06102026,977596,0000000000000034,0000000003415538,0000000000000036,0000000003616577,094.44
06102026,977633,0000000000000006,0000000000600900,0000000000000006,0000000000601101,100.00
06102026,977645,0000000000000016,0000000000158640,0000000000000022,0000000000216844,072.73
06102026,977648,0000000000000007,0000000000067795,0000000000000007,0000000000067777,100.00
06102026,977649,0000000000000013,0000000000127465,0000000000000013,0000000000127440,100.00
06102026,977662,0000000000000022,0000000000215727,0000000000000022,0000000000216813,100.00
06102026,977678,0000000000000001,0000000000009801,0000000000000001,0000000000009801,100.00
06102026,977680,0000000000000005,0000000000492845,0000000000000005,0000000000494115,100.00
06102026,977681,0000000000000001,0000000000004800,0000000000000001,0000000000004800,100.00
06102026,977710,0000000000000001,0000000000007261,0000000000000001,0000000000007260,100.00
06102026,977712,0000000000000006,0000000000594000,0000000000000006,0000000000594000,100.00
06102026,977732,0000000000000143,0000000001435669,0000000000000143,0000000001432324,100.00
06102026,977735,0000000000000003,0000000000030150,0000000000000003,0000000000030150,100.00
06102026,977736,0000000000000002,0000000000200000,0000000000000002,0000000000201000,100.00
06102026,977740,0000000000000086,0000000000847100,0000000000000086,0000000000847048,100.00
06102026,977753,0000000000000054,0000000000537570,0000000000000061,0000000000607504,088.52
06102026,977759,0000000000000001,0000000000100837,0000000000000001,0000000000100836,100.00
06102026,977773,0000000000000033,0000000000327360,0000000000000038,0000000000377425,086.84
06102026,977803,0000000000000004,0000000000038144,0000000000000004,0000000000038144,100.00
06102026,977806,0000000000000011,0000000000109398,0000000000000011,0000000000109396,100.00
06102026,977807,0000000000000010,0000000000098000,0000000000000010,0000000000098000,100.00
06102026,977815,0000000000000100,0000000000990100,0000000000000100,0000000000990100,100.00
06102026,977839,0000000000000003,0000000000297000,0000000000000003,0000000000294378,100.00
06102026,977846,0000000000000005,0000000000050000,0000000000000005,0000000000049901,100.00
06102026,977852,0000000000000010,0000000000098000,0000000000000010,0000000000098040,100.00
06102026,977855,0000000000000001,0000000000099900,0000000000000001,0000000000099900,100.00
06102026,977868,0000000000000117,0000000001166724,0000000000000124,0000000001236943,094.35
06102026,977869,0000000000000061,0000000000612745,0000000000000061,0000000000612827,100.00
06102026,977892,0000000000000001,0000000000099000,0000000000000001,0000000000099000,100.00
06102026,977907,0000000000000001,0000000000100000,0000000000000001,0000000000100000,100.00
06102026,977932,0000000000000021,0000000000148680,0000000000000021,0000000000148680,100.00
06102026,977935,0000000000000192,0000000001536960,0000000000000200,0000000001605350,096.00
06102026,977948,0000000000000321,0000000003292722,0000000000000321,0000000003292722,100.00
06102026,977984,0000000000000006,0000000000058950,0000000000000006,0000000000058970,100.00
06102026,977986,0000000000000007,0000000000699531,0000000000000007,0000000000698288,100.00
06102026,977987,0000000000000001,0000000000099700,0000000000000001,0000000000099700,100.00
06102026,977994,0000000000000001,0000000000007045,0000000000000001,0000000000007045,100.00
06102026,977995,0000000000000001,0000000000009888,0000000000000001,0000000000009888,100.00
06102026,977996,0000000000000003,0000000000030000,0000000000000003,0000000000030000,100.00
06102026,978003,0000000000000001,0000000000009850,0000000000000001,0000000000009849,100.00
06102026,978006,0000000000000006,0000000000060600,0000000000000006,0000000000060600,100.00
06102026,978007,0000000000000030,0000000000296222,0000000000000037,0000000000364245,081.08
06102026,978008,0000000000000002,0000000000198600,0000000000000002,0000000000198175,100.00
06102026,978021,0000000000000002,0000000000174000,0000000000000002,0000000000174000,100.00
06102026,978024,0000000000000105,0000000000976500,0000000000000114,0000000001084152,092.11
06102026,978025,0000000000000030,0000000000300000,0000000000000030,0000000000299840,100.00
06102026,978028,0000000000000001,0000000000100791,0000000000000001,0000000000100791,100.00
06102026,978034,0000000000000003,0000000000305132,0000000000000003,0000000000305131,100.00
06102026,978039,0000000000000015,0000000000146625,0000000000000015,0000000000146622,100.00
06102026,978046,0000000000000001,0000000000009861,0000000000000001,0000000000009861,100.00
06102026,978051,0000000000000007,0000000000069650,0000000000000007,0000000000069650,100.00
06102026,978055,0000000000000009,0000000000084618,0000000000000009,0000000000084622,100.00
06102026,978068,0000000000000015,0000000000149250,0000000000000015,0000000000149250,100.00
06102026,978075,0000000000000001,0000000000009720,0000000000000001,0000000000009720,100.00
06102026,978086,0000000000000001,0000000000009600,0000000000000001,0000000000009600,100.00
06102026,978087,0000000000000013,0000000001288300,0000000000000013,0000000001288118,100.00
06102026,978094,0000000000000055,0000000000531575,0000000000000055,0000000000531486,100.00
06102026,978115,0000000000000034,0000000000336600,0000000000000034,0000000000333602,100.00
06102026,978131,0000000000000013,0000000000128700,0000000000000021,0000000000197572,061.90
06102026,978166,0000000000000014,0000000000136270,0000000000000014,0000000000136269,100.00
06102026,978167,0000000000000106,0000000001048340,0000000000000106,0000000001047655,100.00
06102026,978169,0000000000000060,0000000000558950,0000000000000060,0000000000557475,100.00
06102026,978173,0000000000000001,0000000000009900,0000000000000001,0000000000009900,100.00
06102026,978196,0000000000000009,0000000000903366,0000000000000009,0000000000903365,100.00
06102026,978197,0000000000000080,0000000008031343,0000000000000080,0000000008031132,100.00
06102026,978235,0000000000000006,0000000000059994,0000000000000007,0000000000067534,085.71
06102026,511505,0000000000037906,0000000000795584,0000000000037906,0000000000795584,100.00
06102026,511507,0000000000003948,0000000000096924,0000000000005615,0000000000143988,070.31
06102026,511509,0000000000034391,0000000000483882,0000000000069544,0000000000993262,049.45
06102026,511523,0000000000127323,0000000006423319,0000000000127323,0000000006423319,100.00
06102026,511525,0000000000010525,0000000000015051,0000000000013288,0000000000018474,079.21
06102026,511533,0000000000011860,0000000000474045,0000000000012335,0000000000469684,096.15
06102026,511535,0000000000000515,0000000000011511,0000000000000515,0000000000011770,100.00
06102026,511539,0000000000000107,0000000000001552,0000000000000107,0000000000001552,100.00
06102026,511543,0000000000002038,0000000000093349,0000000000002038,0000000000093349,100.00
06102026,511549,0000000000000238,0000000000014961,0000000000000271,0000000000017261,087.82
06102026,511551,0000000000000485,0000000000167325,0000000000000798,0000000000279017,060.78
06102026,511557,0000000002049633,0000000005535567,0000000002049633,0000000005535567,100.00
06102026,511559,0000000000000012,0000000000002810,0000000000000013,0000000000003056,092.31
06102026,511563,0000000000000001,0000000000000046,0000000000000001,0000000000000046,100.00
06102026,511571,0000000000001501,0000000000153102,0000000000003913,0000000000398207,038.36
06102026,511577,0000000000000060,0000000000000983,0000000000000116,0000000000001908,051.72
06102026,511589,0000000000011698,0000000000145758,0000000000014263,0000000000180894,082.02
06102026,511593,0000000000000360,0000000000005724,0000000000000360,0000000000005676,100.00
06102026,511601,0000000000000056,0000000000000571,0000000000000077,0000000000000776,072.73
06102026,511605,0000000000031837,0000000002995862,0000000000055691,0000000005287864,057.17
06102026,511609,0000000000000750,0000000000008738,0000000000000750,0000000000008773,100.00
06102026,511611,0000000000018722,0000000000097355,0000000000018734,0000000000096263,099.94
06102026,511626,0000000000002218,0000000000137273,0000000000003109,0000000000192549,071.34
06102026,511628,0000000000966372,0000000062157048,0000000002119303,0000000146155964,045.60
06102026,511630,0000000000000606,0000000000003230,0000000000000609,0000000000003164,099.51
06102026,511644,0000000000084246,0000000001351306,0000000000084246,0000000001351305,100.00
06102026,511654,0000000000001094,0000000000071165,0000000000001094,0000000000074810,100.00
06102026,511658,0000000000005188,0000000000065888,0000000000005494,0000000000071326,094.43
06102026,511664,0000000000005076,0000000000034213,0000000000006168,0000000000043452,082.30
06102026,511672,0000000000002178,0000000000102461,0000000000002178,0000000000102461,100.00
06102026,511676,0000000000002394,0000000000324268,0000000000002809,0000000000374929,085.23
06102026,511692,0000000000002300,0000000000014536,0000000000002300,0000000000014457,100.00
06102026,511696,0000000000000005,0000000000001250,0000000000000005,0000000000001250,100.00
06102026,511700,0000000003624827,0000000001087449,0000000006087565,0000000001839973,059.54
06102026,511702,0000000000000625,0000000000101563,0000000000000703,0000000000113522,088.90
06102026,511710,0000000000015808,0000000000090191,0000000000015808,0000000000090191,100.00
06102026,511712,0000000000000125,0000000000007989,0000000000000157,0000000000010410,079.62
06102026,511714,0000000000000096,0000000000018116,0000000000000100,0000000000018747,096.00
06102026,511716,0000000000000209,0000000000001842,0000000000000209,0000000000001842,100.00
06102026,511724,0000000000001077,0000000000011234,0000000000001388,0000000000014279,077.59
06102026,511726,0000000000007416,0000000000076310,0000000000007416,0000000000076310,100.00
06102026,511728,0000000000000500,0000000000008135,0000000000000500,0000000000008135,100.00
06102026,511734,0000000000046170,0000000001271433,0000000000046170,0000000001271433,100.00
06102026,511740,0000000000000090,0000000000007672,0000000000000091,0000000000007285,098.90
06102026,511742,0000000000002664,0000000000221219,0000000000003432,0000000000284275,077.62
06102026,511754,0000000000001676,0000000000130527,0000000000001799,0000000000135024,093.16
06102026,511756,0000000000000123,0000000000004134,0000000000000123,0000000000004134,100.00
06102026,511758,0000000000000042,0000000000002436,0000000000000042,0000000000002409,100.00
06102026,511764,0000000000008621,0000000000221646,0000000000013058,0000000000330790,066.02
06102026,511766,0000000000000290,0000000000062568,0000000000000325,0000000000070382,089.23
06102026,511768,0000000000028122,0000000002320628,0000000000030799,0000000002531524,091.31
06102026,512008,0000000000008647,0000000001469990,0000000000014219,0000000002402611,060.81
06102026,512014,0000000000000072,0000000000096048,0000000000000107,0000000000142584,067.29
06102026,512018,0000000000007242,0000000000055691,0000000000008857,0000000000068561,081.77
06102026,512020,0000000000000002,0000000000020214,0000000000000002,0000000000020214,100.00
06102026,512025,0000000000022574,0000000000756907,0000000000037328,0000000001238564,060.47
06102026,512026,0000000000000100,0000000000006195,0000000000000100,0000000000006195,100.00
06102026,512036,0000000000000006,0000000000000698,0000000000000006,0000000000000697,100.00
06102026,512038,0000000000017159,0000000000807160,0000000000028362,0000000001343456,060.50
06102026,512047,0000000000055300,0000000000309680,0000000000074639,0000000000417097,074.09
06102026,512048,0000000000137589,0000000000383874,0000000000175135,0000000000472081,078.56
06102026,512062,0000000000000516,0000000000073047,0000000000000516,0000000000073047,100.00
06102026,512064,0000000000002002,0000000000090070,0000000000002004,0000000000087596,099.90
06102026,512065,0000000000000394,0000000000028691,0000000000000394,0000000000028691,100.00
06102026,512068,0000000000089849,0000000017915891,0000000000232622,0000000045233068,038.62
06102026,512070,0000000000043480,0000000022081318,0000000000078297,0000000039767317,055.53
06102026,512093,0000000000088772,0000000000559263,0000000000088772,0000000000559263,100.00
06102026,512097,0000000000109030,0000000000022897,0000000000161474,0000000000033317,067.52
06102026,512099,0000000000000002,0000000000001079,0000000000000002,0000000000001079,100.00
06102026,512103,0000000000000871,0000000000207908,0000000000001095,0000000000266611,079.54
06102026,512115,0000000000005339,0000000000221569,0000000000005712,0000000000236737,093.47
06102026,512131,0000000000003718,0000000000239715,0000000000003718,0000000000239715,100.00
06102026,512149,0000000002362515,0000000001842762,0000000003370319,0000000002657831,070.10
06102026,512161,0000000000000956,0000000000015306,0000000000001028,0000000000016430,093.00
06102026,512165,0000000000002308,0000000000062986,0000000000002308,0000000000061770,100.00
06102026,512169,0000000000106951,0000000003412326,0000000000106951,0000000003412326,100.00
06102026,512175,0000000000005860,0000000000019338,0000000000009778,0000000000032345,059.93
06102026,512179,0000000000004732,0000000001322358,0000000000009291,0000000002599462,050.93
06102026,512197,0000000000000120,0000000000000751,0000000000000120,0000000000000751,100.00
06102026,512217,0000000000015814,0000000000453546,0000000000016416,0000000000487376,096.33
06102026,512229,0000000000005172,0000000000743426,0000000000005172,0000000000743426,100.00
06102026,512237,0000000000008202,0000000000739575,0000000000017232,0000000001545417,047.60
06102026,512247,0000000000018279,0000000000046246,0000000000023706,0000000000059563,077.11
06102026,512257,0000000000015766,0000000000050609,0000000000026561,0000000000084979,059.36
06102026,512267,0000000000302962,0000000005235184,0000000000317003,0000000005477314,095.57
06102026,512277,0000000000000940,0000000000214226,0000000000000940,0000000000213831,100.00
06102026,512296,0000000000010416,0000000004503358,0000000000014567,0000000006233734,071.50
06102026,512301,0000000000008712,0000000000334782,0000000000008712,0000000000334782,100.00
06102026,512329,0000000000003730,0000000002770271,0000000000006341,0000000004730362,058.82
06102026,512344,0000000000000010,0000000000000047,0000000000000010,0000000000000047,100.00
06102026,512345,0000000000001000,0000000000112370,0000000000001000,0000000000112370,100.00
06102026,512359,0000000000699625,0000000000216884,0000000000699625,0000000000216883,100.00
06102026,512361,0000000000038884,0000000001013706,0000000000038884,0000000001013705,100.00
06102026,512377,0000000000001694,0000000000000474,0000000000001694,0000000000000474,100.00
06102026,512379,0000000000185184,0000000000383279,0000000000185184,0000000000383279,100.00
06102026,512381,0000000000000055,0000000000014850,0000000000000055,0000000000014341,100.00
06102026,512393,0000000000004477,0000000000259996,0000000000004477,0000000000259996,100.00
06102026,512399,0000000000110009,0000000006613742,0000000000175961,0000000010888037,062.52
06102026,512415,0000000000019545,0000000000067651,0000000000019545,0000000000067651,100.00
06102026,512425,0000000000000010,0000000000006720,0000000000000010,0000000000006720,100.00
06102026,512437,0000000000000273,0000000000129469,0000000000000273,0000000000129469,100.00
06102026,512441,0000000004456940,0000000001069666,0000000006972365,0000000001692999,063.92
06102026,512443,0000000000094157,0000000000616729,0000000000098193,0000000000639758,095.89
06102026,512453,0000000000000189,0000000000129116,0000000000000272,0000000000184613,069.49
06102026,512455,0000000000029005,0000000053956552,0000000000061070,0000000112829072,047.49
06102026,512463,0000000000066543,0000000005238931,0000000000179384,0000000014302469,037.10
06102026,512489,0000000000001239,0000000000018337,0000000000001239,0000000000018337,100.00
06102026,512493,0000000000000164,0000000000008278,0000000000000164,0000000000008277,100.00
06102026,512499,0000000000727785,0000000000169755,0000000000727785,0000000000169755,100.00
06102026,512519,0000000000000500,0000000000040150,0000000000000500,0000000000042747,100.00
06102026,512527,0000000000001135,0000000001206015,0000000000001135,0000000001206015,100.00
06102026,512529,0000000000070923,0000000016560521,0000000000108805,0000000025284889,065.18
06102026,512531,0000000000000648,0000000000069174,0000000000000677,0000000000072067,095.72
06102026,512553,0000000000000005,0000000000000971,0000000000000005,0000000000000970,100.00
06102026,512559,0000000000005374,0000000000155148,0000000000008173,0000000000236198,065.75
06102026,512573,0000000000009049,0000000006459629,0000000000015360,0000000010961479,058.91
06102026,512587,0000000000004862,0000000000158502,0000000000005669,0000000000184900,085.76
06102026,512589,0000000000000119,0000000000017077,0000000000000134,0000000000018045,088.81
06102026,512591,0000000001210546,0000000000472113,0000000002483336,0000000000967733,048.75
06102026,512595,0000000000012313,0000000000616020,0000000000013204,0000000000641874,093.25
06102026,512597,0000000000000001,0000000000000237,0000000000000001,0000000000000237,100.00
06102026,512599,0000000000054261,0000000154643850,0000000000094270,0000000269583634,057.56
06102026,512600,0000000000004327,0000000000301679,0000000000005104,0000000000356952,084.78
06102026,512604,0000000000000500,0000000000004560,0000000000000500,0000000000004560,100.00
06102026,512608,0000000000030251,0000000000086821,0000000000033122,0000000000092785,091.33
06102026,512618,0000000000000433,0000000000004114,0000000000000433,0000000000004113,100.00
06102026,512624,0000000000015223,0000000000080226,0000000000018010,0000000000095725,084.53
06102026,512626,0000000000001061,0000000000260635,0000000000001107,0000000000272760,095.84
06102026,512634,0000000000001780,0000000000289161,0000000000002417,0000000000394850,073.64
06102026,513005,0000000000000610,0000000000023961,0000000000000905,0000000000037093,067.40
06102026,513023,0000000000012538,0000000007206216,0000000000026158,0000000014972741,047.93
06102026,513043,0000000000004552,0000000000929519,0000000000005858,0000000001222807,077.71
06102026,513059,0000000000003373,0000000000061232,0000000000003373,0000000000061232,100.00
06102026,513063,0000000000001201,0000000000021991,0000000000001452,0000000000027146,082.71
06102026,513097,0000000000003255,0000000003576757,0000000000005599,0000000006135850,058.14
06102026,513108,0000000000000456,0000000000447040,0000000000000693,0000000000679937,065.80
06102026,513117,0000000000006336,0000000000037003,0000000000006682,0000000000037537,094.82
06102026,513119,0000000000032938,0000000011131398,0000000000040255,0000000013610578,081.82
06102026,513121,0000000000000489,0000000000025561,0000000000000902,0000000000047064,054.21
06102026,513149,0000000000000030,0000000000024000,0000000000000030,0000000000024000,100.00
06102026,513173,0000000000000400,0000000000008820,0000000000000401,0000000000009033,099.75
06102026,513228,0000000000007233,0000000001286751,0000000000013116,0000000002339282,055.15
06102026,513250,0000000000242697,0000000002167285,0000000000368994,0000000003269689,065.77
06102026,513252,0000000000000003,0000000000002370,0000000000000003,0000000000002307,100.00
06102026,513262,0000000000030768,0000000013045632,0000000000105850,0000000044838351,029.07
06102026,513269,0000000000019855,0000000018297376,0000000000061437,0000000055910226,032.32
06102026,513295,0000000000000154,0000000000014168,0000000000000214,0000000000019539,071.96
06102026,513303,0000000000000128,0000000000001807,0000000000000148,0000000000002121,086.49
06102026,513307,0000000000011116,0000000010272852,0000000000017234,0000000015676164,064.50
06102026,513337,0000000004755352,0000000001902141,0000000007785155,0000000003039603,061.08
06102026,513343,0000000000000750,0000000000026512,0000000000000750,0000000000026512,100.00
06102026,513349,0000000000005750,0000000000669013,0000000000010078,0000000001168306,057.05
06102026,513353,0000000000007426,0000000002180274,0000000000008863,0000000002619270,083.79
06102026,513361,0000000000466265,0000000013834083,0000000000677059,0000000019977954,068.87
06102026,513369,0000000000000215,0000000000029225,0000000000000215,0000000000029225,100.00
06102026,513375,0000000000005328,0000000006766560,0000000000013252,0000000016849805,040.21
06102026,513377,0000000000015932,0000000000908762,0000000000032257,0000000001838553,049.39
06102026,513397,0000000000000466,0000000000003797,0000000000000466,0000000000003797,100.00
06102026,513418,0000000000020065,0000000000177042,0000000000020065,0000000000177042,100.00
06102026,513422,0000000000000006,0000000000000186,0000000000000006,0000000000000185,100.00
06102026,513430,0000000000000302,0000000000011890,0000000000000302,0000000000010773,100.00
06102026,513436,0000000000000406,0000000000032579,0000000000000406,0000000000032579,100.00
06102026,513452,0000000000000500,0000000000006245,0000000000000500,0000000000006245,100.00
06102026,513456,0000000000000357,0000000000015826,0000000000000413,0000000000018237,086.44
06102026,513460,0000000000006578,0000000000072094,0000000000006578,0000000000072094,100.00
06102026,513472,0000000000103557,0000000014384068,0000000000144003,0000000020045351,071.91
06102026,513488,0000000000001800,0000000000042961,0000000000001800,0000000000042961,100.00
06102026,513496,0000000000001881,0000000000762485,0000000000001881,0000000000762485,100.00
06102026,513498,0000000000000437,0000000000034523,0000000000000457,0000000000037067,095.62
06102026,513502,0000000000044978,0000000000419645,0000000000068647,0000000000632515,065.52
06102026,513507,0000000000000200,0000000000033220,0000000000000200,0000000000033220,100.00
06102026,513509,0000000000000703,0000000000628161,0000000000000703,0000000000628161,100.00
06102026,513511,0000000000000076,0000000000021280,0000000000000076,0000000000021900,100.00
06102026,513513,0000000000002598,0000000000022733,0000000000002598,0000000000022862,100.00
06102026,513517,0000000000003514,0000000001296315,0000000000006279,0000000002302470,055.96
06102026,513519,0000000000002599,0000000002913739,0000000000004630,0000000005290254,056.13
06102026,513528,0000000000007266,0000000000566325,0000000000007266,0000000000566325,100.00
06102026,513532,0000000000009623,0000000005218553,0000000000016290,0000000008671400,059.07
06102026,513536,0000000000010769,0000000001062685,0000000000015520,0000000001509966,069.39
06102026,513540,0000000000000200,0000000000005900,0000000000000200,0000000000005900,100.00
06102026,513544,0000000000000242,0000000000012543,0000000000000242,0000000000012543,100.00
06102026,513548,0000000000000080,0000000000012080,0000000000000160,0000000000024186,050.00
06102026,513554,0000000000000012,0000000000013952,0000000000000012,0000000000013952,100.00
06102026,513566,0000000000001310,0000000000017274,0000000000001310,0000000000017274,100.00
06102026,513575,0000000000001935,0000000000044505,0000000000002195,0000000000050409,088.15
06102026,513599,0000000000252195,0000000122478502,0000000000485899,0000000234899518,051.90
06102026,513629,0000000000000410,0000000000012300,0000000000000412,0000000000012358,099.51
06102026,513642,0000000000001210,0000000000056762,0000000000001389,0000000000065104,087.11
06102026,513683,0000000000020747,0000000005282187,0000000000061483,0000000015812670,033.74
06102026,513687,0000000000001591,0000000000005824,0000000000001591,0000000000005824,100.00
06102026,513693,0000000000003105,0000000000092219,0000000000005519,0000000000165074,056.26
06102026,513699,0000000000000015,0000000000000405,0000000000000020,0000000000000531,075.00
06102026,513709,0000000000000046,0000000000006680,0000000000000047,0000000000006825,097.87
06102026,513713,0000000000007643,0000000000026445,0000000000009329,0000000000031820,081.93
06102026,513721,0000000000001286,0000000000016963,0000000000001286,0000000000016966,100.00
06102026,513729,0000000000000274,0000000000006297,0000000000000274,0000000000006299,100.00
06102026,514010,0000000000109889,0000000002344345,0000000000109889,0000000002344345,100.00
06102026,514028,0000000000001000,0000000000019900,0000000000001064,0000000000019394,093.98
06102026,514030,0000000000003665,0000000000526661,0000000000004102,0000000000584576,089.35
06102026,514043,0000000000013881,0000000000907818,0000000000024627,0000000001605141,056.36
06102026,514045,0000000000000065,0000000000007719,0000000000000065,0000000000007691,100.00
06102026,514060,0000000000055497,0000000000257664,0000000000055497,0000000000257664,100.00
06102026,514087,0000000000003130,0000000000190930,0000000000003131,0000000000184747,099.97
06102026,514138,0000000000000010,0000000000003750,0000000000000010,0000000000003750,100.00
06102026,514142,0000000000007377,0000000000055107,0000000000009087,0000000000069778,081.18
06102026,514162,0000000000324190,0000000077059963,0000000000641417,0000000151946997,050.54
06102026,514165,0000000000008094,0000000000045813,0000000000011123,0000000000063576,072.77
06102026,514167,0000000000000438,0000000000434518,0000000000000613,0000000000605796,071.45
06102026,514171,0000000000000403,0000000000014319,0000000000000506,0000000000019795,079.64
06102026,514175,0000000000014973,0000000000083700,0000000000015832,0000000000086451,094.57
06102026,514183,0000000000006173,0000000000672549,0000000000008455,0000000000919587,073.01
06102026,514197,0000000000000502,0000000000002074,0000000000000502,0000000000002078,100.00
06102026,514211,0000000000195058,0000000002245118,0000000000256113,0000000002947860,076.16
06102026,514223,0000000000002596,0000000000075039,0000000000002596,0000000000075039,100.00
06102026,514234,0000000000001268,0000000000815071,0000000000001538,0000000000982379,082.44
06102026,514238,0000000000001483,0000000001510807,0000000000001757,0000000001755949,084.41
06102026,514240,0000000000001159,0000000000006850,0000000000001179,0000000000007067,098.30
06102026,514248,0000000000000200,0000000000005500,0000000000000200,0000000000005500,100.00
06102026,514260,0000000000000830,0000000000068760,0000000000000830,0000000000068760,100.00
06102026,514266,0000000000003021,0000000000189991,0000000000003162,0000000000191172,095.54
06102026,514272,0000000000002449,0000000000306125,0000000000002768,0000000000339120,088.48
06102026,514274,0000000000004589,0000000000291723,0000000000007607,0000000000485443,060.33
06102026,514280,0000000000000385,0000000000062178,0000000000000445,0000000000071921,086.52
06102026,514286,0000000000002406,0000000000035489,0000000000002977,0000000000044047,080.82
06102026,514300,0000000000000110,0000000000002266,0000000000000110,0000000000002266,100.00
06102026,514302,0000000000000001,0000000000000174,0000000000000001,0000000000000173,100.00
06102026,514312,0000000000000608,0000000000026971,0000000000000722,0000000000031357,084.21
06102026,514316,0000000000001594,0000000000125289,0000000000001743,0000000000136639,091.45
06102026,514318,0000000000000617,0000000000399138,0000000000000692,0000000000449155,089.16
06102026,514322,0000000000000025,0000000000002625,0000000000000025,0000000000002625,100.00
06102026,514324,0000000000000570,0000000000415616,0000000000000713,0000000000520993,079.94
06102026,514326,0000000000003664,0000000000023157,0000000000003766,0000000000024091,097.29
06102026,514330,0000000000003491,0000000001968750,0000000000004407,0000000002427893,079.21
06102026,514332,0000000000001931,0000000000083033,0000000000002541,0000000000108504,075.99
06102026,514336,0000000000000716,0000000000026828,0000000000000716,0000000000026828,100.00
06102026,514354,0000000000043185,0000000004222630,0000000000074973,0000000007497342,057.60
06102026,514358,0000000000000129,0000000000014061,0000000000000129,0000000000014061,100.00
06102026,514360,0000000000091386,0000000001580064,0000000000123319,0000000002110427,074.11
06102026,514378,0000000000011096,0000000000148687,0000000000012740,0000000000167428,087.10
06102026,514386,0000000002124823,0000000005227065,0000000002136010,0000000005240855,099.48
06102026,514400,0000000000000150,0000000000002726,0000000000000150,0000000000002725,100.00
06102026,514402,0000000000012689,0000000000137549,0000000000019690,0000000000209398,064.44
06102026,514414,0000000000000225,0000000000002697,0000000000000225,0000000000002697,100.00
06102026,514418,0000000000000381,0000000000166840,0000000000000385,0000000000166608,098.96
06102026,514428,0000000000000059,0000000000022078,0000000000000062,0000000000023393,095.16
06102026,514440,0000000000023682,0000000000161038,0000000000028330,0000000000193248,083.59
06102026,514442,0000000000002780,0000000000075953,0000000000002780,0000000000075953,100.00
06102026,514448,0000000000000639,0000000000541872,0000000000000931,0000000000781190,068.64
06102026,514450,0000000000000233,0000000000040056,0000000000000233,0000000000040056,100.00
06102026,514454,0000000000000982,0000000000028704,0000000000000982,0000000000028704,100.00
06102026,514470,0000000000005443,0000000000430487,0000000000007744,0000000000613448,070.29
06102026,515008,0000000000027184,0000000012688132,0000000000027184,0000000012688132,100.00
06102026,515018,0000000000003533,0000000000118462,0000000000005195,0000000000172325,068.01
06102026,515030,0000000000000855,0000000000818064,0000000000001592,0000000001508975,053.71
06102026,515037,0000000000001307,0000000000036191,0000000000001407,0000000000039626,092.89
06102026,515043,0000000000002665,0000000000293417,0000000000005862,0000000000638804,045.46
06102026,515055,0000000000064361,0000000039182977,0000000000108962,0000000065257460,059.07
06102026,515059,0000000000001100,0000000000035937,0000000000001100,0000000000037949,100.00
06102026,515085,0000000000026503,0000000000208844,0000000000030125,0000000000232786,087.98
06102026,515093,0000000000000081,0000000000002738,0000000000000081,0000000000002759,100.00
06102026,515147,0000000000002054,0000000000293414,0000000000003238,0000000000459607,063.43
06102026,516003,0000000000001629,0000000000168683,0000000000003304,0000000000340728,049.30
06102026,516016,0000000000000460,0000000000058305,0000000000000460,0000000000058658,100.00
06102026,516020,0000000000000004,0000000000000014,0000000000000004,0000000000000014,100.00
06102026,516022,0000000000000001,0000000000000153,0000000000000001,0000000000000152,100.00
06102026,516030,0000000000018223,0000000001262672,0000000000034552,0000000002446065,052.74
06102026,516032,0000000000025381,0000000000104316,0000000000037259,0000000000151988,068.12
06102026,516038,0000000000004883,0000000000438885,0000000000008319,0000000000750845,058.70
06102026,516062,0000000000000004,0000000000000010,0000000000000004,0000000000000010,100.00
06102026,516064,0000000000001966,0000000001755835,0000000000003265,0000000002920376,060.21
06102026,516072,0000000000007917,0000000005498753,0000000000014216,0000000009730046,055.69
06102026,516078,0000000000004745,0000000000425073,0000000000004745,0000000000425073,100.00
06102026,516082,0000000000000663,0000000000436254,0000000000000761,0000000000506955,087.12
06102026,516092,0000000000000178,0000000000005346,0000000000000179,0000000000005375,099.44
06102026,516096,0000000000000248,0000000000048038,0000000000000252,0000000000048575,098.41
06102026,516098,0000000000000333,0000000000002515,0000000000000433,0000000000003359,076.91
06102026,516106,0000000000000680,0000000000005107,0000000000000699,0000000000005297,097.28
06102026,516108,0000000000005474,0000000000643195,0000000000007486,0000000000890700,073.12
06102026,516110,0000000000034910,0000000000064584,0000000000049780,0000000000093318,070.13
06102026,517015,0000000000004688,0000000013255086,0000000000009512,0000000026295886,049.29
06102026,517035,0000000000036335,0000000006658389,0000000000079493,0000000014308188,045.71
06102026,517041,0000000000001094,0000000001677485,0000000000001501,0000000002307593,072.88
06102026,517059,0000000000000848,0000000000444649,0000000000001232,0000000000646684,068.83
06102026,517063,0000000000000803,0000000000097123,0000000000001456,0000000000177498,055.15
06102026,517077,0000000000000060,0000000000002280,0000000000000060,0000000000002280,100.00
06102026,517096,0000000000002068,0000000000145277,0000000000002255,0000000000158780,091.71
06102026,517119,0000000000014175,0000000000324891,0000000000018249,0000000000433470,077.68
06102026,517146,0000000000034842,0000000017990667,0000000000074904,0000000038449304,046.52
06102026,517168,0000000000000502,0000000000342063,0000000000000675,0000000000457825,074.37
06102026,517170,0000000000004008,0000000000088698,0000000000004456,0000000000096914,089.95
06102026,517172,0000000000000025,0000000000000314,0000000000000025,0000000000000314,100.00
06102026,517174,0000000000000057,0000000001924574,0000000000000084,0000000002831097,067.86
06102026,517201,0000000000006062,0000000000997592,0000000000006062,0000000000997592,100.00
06102026,517206,0000000000000147,0000000000799313,0000000000000241,0000000001312173,061.00
06102026,517214,0000000000008007,0000000000120906,0000000000008049,0000000000122733,099.48
06102026,517230,0000000000000021,0000000000000906,0000000000000021,0000000000000906,100.00
06102026,517236,0000000000001126,0000000000071974,0000000000001635,0000000000103432,068.87
06102026,517238,0000000000000570,0000000000133950,0000000000000600,0000000000141000,095.00
06102026,517246,0000000000026878,0000000008170399,0000000000026878,0000000008170399,100.00
06102026,517258,0000000000000168,0000000000031912,0000000000000168,0000000000031912,100.00
06102026,517264,0000000000002055,0000000000129609,0000000000002371,0000000000147012,086.67
06102026,517271,0000000000018060,0000000013799646,0000000000032653,0000000024997134,055.31
06102026,517273,0000000000000215,0000000000062942,0000000000000252,0000000000073699,085.32
06102026,517286,0000000000109476,0000000012100601,0000000000109476,0000000012100601,100.00
06102026,517288,0000000000008597,0000000000547715,0000000000008900,0000000000556257,096.60
06102026,517300,0000000000010805,0000000001881151,0000000000015585,0000000002738091,069.33
06102026,517320,0000000000010743,0000000000308431,0000000000010743,0000000000308431,100.00
06102026,517334,0000000000184841,0000000029593045,0000000000350013,0000000055471219,052.81
06102026,517336,0000000000001100,0000000000037190,0000000000001100,0000000000037190,100.00
06102026,517344,0000000000014822,0000000002134368,0000000000018866,0000000002731118,078.56
06102026,517354,0000000000103251,0000000109033056,0000000000137962,0000000144451191,074.84
06102026,517356,0000000000239892,0000000000582937,0000000000239892,0000000000582937,100.00
06102026,517360,0000000000000424,0000000000008048,0000000000000643,0000000000012298,065.94
06102026,517370,0000000000000839,0000000000062112,0000000000001409,0000000000105237,059.55
06102026,517372,0000000000003090,0000000001319739,0000000000003895,0000000001665445,079.33
06102026,517380,0000000000004834,0000000001942785,0000000000006794,0000000002754094,071.15
06102026,517385,0000000000002789,0000000001555007,0000000000004730,0000000002655411,058.96
06102026,517393,0000000000196415,0000000000754848,0000000000196415,0000000000754848,100.00
06102026,517397,0000000000000064,0000000000001718,0000000000000092,0000000000002395,069.57
06102026,517399,0000000000015398,0000000000078998,0000000000015398,0000000000078998,100.00
06102026,517411,0000000000000095,0000000000001027,0000000000000095,0000000000000983,100.00
06102026,517415,0000000000001416,0000000000010394,0000000000001416,0000000000010394,100.00
06102026,517417,0000000000008497,0000000003210103,0000000000008497,0000000003210103,100.00
06102026,517421,0000000000001180,0000000000640032,0000000000001603,0000000000873904,073.61
06102026,517429,0000000000000044,0000000000002392,0000000000000044,0000000000002330,100.00
06102026,517431,0000000000019219,0000000000452031,0000000000025313,0000000000594906,075.93
06102026,517437,0000000000000090,0000000000009360,0000000000000090,0000000000009360,100.00
06102026,517447,0000000000001102,0000000000032961,0000000000001109,0000000000033307,099.37
06102026,517449,0000000000000669,0000000000867995,0000000000000681,0000000000885654,098.24
06102026,517467,0000000000055337,0000000006587870,0000000000113580,0000000013332495,048.72
06102026,517477,0000000000000119,0000000000035462,0000000000000119,0000000000035513,100.00
06102026,517494,0000000000005346,0000000000063511,0000000000007331,0000000000087793,072.92
06102026,517498,0000000000253535,0000000018021268,0000000000389833,0000000027081792,065.04
06102026,517500,0000000000020371,0000000001266466,0000000000032477,0000000002023634,062.72
06102026,517506,0000000000000381,0000000000198616,0000000000000624,0000000000323596,061.06
06102026,517514,0000000000000406,0000000000078135,0000000000000623,0000000000120508,065.17
06102026,517522,0000000000001473,0000000000687965,0000000000002646,0000000001222179,055.67
06102026,517530,0000000000003743,0000000000058129,0000000000004748,0000000000074516,078.83
06102026,517536,0000000000001384,0000000000408765,0000000000001560,0000000000457432,088.72
06102026,517544,0000000000002587,0000000011523016,0000000000004009,0000000017988993,064.53
06102026,517546,0000000000003056,0000000000117473,0000000000003760,0000000000141888,081.28
06102026,517554,0000000009770873,0000000016392732,0000000009770873,0000000016392732,100.00
06102026,517556,0000000000215047,0000000010842670,0000000000401049,0000000019097409,053.62
06102026,517562,0000000000001727,0000000000089217,0000000000001771,0000000000091178,097.52
06102026,517569,0000000000004098,0000000018738720,0000000000007439,0000000034229771,055.09
06102026,518011,0000000000000533,0000000000021853,0000000000000711,0000000000028461,074.96
06102026,518053,0000000000000212,0000000000007208,0000000000000252,0000000000008153,084.13
06102026,518075,0000000000004328,0000000001054518,0000000000005077,0000000001227999,085.25
06102026,518091,0000000000000350,0000000000032323,0000000000000350,0000000000032322,100.00
06102026,519003,0000000000000341,0000000000106017,0000000000000349,0000000000115110,097.71
06102026,519031,0000000000000331,0000000000114793,0000000000000331,0000000000114793,100.00
06102026,519091,0000000000000092,0000000000869396,0000000000000107,0000000001005333,085.98
06102026,519097,0000000000009055,0000000000763734,0000000000009055,0000000000763734,100.00
06102026,519105,0000000000011337,0000000001017496,0000000000018409,0000000001674127,061.58
06102026,519126,0000000000002339,0000000001369251,0000000000003524,0000000002056434,066.37
06102026,519136,0000000000000499,0000000000063398,0000000000000509,0000000000064851,098.04
06102026,519152,0000000000000002,0000000000019700,0000000000000002,0000000000019715,100.00
06102026,519156,0000000000000336,0000000002446786,0000000000000548,0000000003978218,061.31
06102026,519183,0000000000017015,0000000004979440,0000000000026729,0000000007799483,063.66
06102026,519191,0000000000016416,0000000000019602,0000000000016416,0000000000019602,100.00
06102026,519214,0000000000000005,0000000000000021,0000000000000005,0000000000000020,100.00
06102026,519216,0000000000031011,0000000000654643,0000000000039578,0000000000833818,078.35
06102026,519224,0000000000000504,0000000000010902,0000000000000504,0000000000010888,100.00
06102026,519230,0000000000010313,0000000000097561,0000000000013184,0000000000125299,078.22
06102026,519234,0000000000000026,0000000000000780,0000000000000026,0000000000000815,100.00
06102026,519238,0000000000001033,0000000000029937,0000000000001033,0000000000029937,100.00
06102026,519242,0000000000011798,0000000001525740,0000000000011798,0000000001525740,100.00
06102026,519260,0000000000006143,0000000000003010,0000000000006143,0000000000003010,100.00
06102026,519262,0000000000000250,0000000000003750,0000000000000250,0000000000003750,100.00
06102026,519279,0000000000001003,0000000000006701,0000000000001003,0000000000006700,100.00
06102026,519285,0000000000001796,0000000000008441,0000000000001796,0000000000008441,100.00
06102026,519287,0000000000097644,0000000004851822,0000000000097644,0000000004851822,100.00
06102026,519295,0000000000000409,0000000000099469,0000000000000409,0000000000099181,100.00
06102026,519299,0000000000006969,0000000000711813,0000000000006969,0000000000711813,100.00
06102026,519307,0000000000065223,0000000000057423,0000000000065223,0000000000057423,100.00
06102026,519331,0000000000005415,0000000000177504,0000000000005424,0000000000189488,099.83
06102026,519359,0000000000000658,0000000000038164,0000000000000809,0000000000047203,081.33
06102026,519367,0000000000000124,0000000000053072,0000000000000124,0000000000053072,100.00
06102026,519383,0000000000007047,0000000000325995,0000000000010603,0000000000493344,066.46
06102026,519397,0000000000001401,0000000000222619,0000000000001628,0000000000257652,086.06
06102026,519413,0000000000000100,0000000000005073,0000000000000100,0000000000005073,100.00
06102026,519421,0000000000002017,0000000000354488,0000000000002372,0000000000416591,085.03
06102026,519457,0000000000000032,0000000000001120,0000000000000064,0000000000002239,050.00
06102026,519463,0000000000002427,0000000000075140,0000000000002432,0000000000070927,099.79
06102026,519471,0000000000000166,0000000000032356,0000000000000166,0000000000032356,100.00
06102026,519477,0000000000015076,0000000015843369,0000000000031254,0000000032619614,048.24
06102026,519483,0000000000000329,0000000000008719,0000000000000472,0000000000011880,069.70
06102026,519494,0000000000000245,0000000000015141,0000000000000253,0000000000014324,096.84
06102026,519500,0000000000000062,0000000000000572,0000000000000070,0000000000000638,088.57
06102026,519528,0000000000000035,0000000000002254,0000000000000035,0000000000002276,100.00
06102026,519532,0000000000002614,0000000000023526,0000000000002674,0000000000024123,097.76
06102026,519552,0000000000007385,0000000002994987,0000000000017663,0000000007087821,041.81
06102026,519566,0000000000000266,0000000000044422,0000000000000267,0000000000045231,099.63
06102026,519574,0000000000000350,0000000000013174,0000000000000410,0000000000014967,085.37
06102026,519600,0000000000002151,0000000002277909,0000000000004761,0000000004992045,045.18
06102026,519602,0000000000099489,0000000001232669,0000000000154745,0000000001899834,064.29
06102026,519604,0000000000000004,0000000000000078,0000000000000007,0000000000000135,057.14
06102026,519606,0000000000014170,0000000000187222,0000000000014170,0000000000187222,100.00
06102026,519612,0000000000000328,0000000000019743,0000000000000389,0000000000023800,084.32
06102026,520008,0000000000031792,0000000003875445,0000000000051750,0000000006284291,061.43
06102026,520021,0000000000007700,0000000001611225,0000000000011505,0000000002407928,066.93
06102026,520043,0000000000000894,0000000000111348,0000000000001003,0000000000125263,089.13
06102026,520051,0000000000201255,0000000029020971,0000000000348966,0000000049698235,057.67
06102026,520056,0000000000000319,0000000003746305,0000000000000509,0000000005994643,062.67
06102026,520057,0000000000008708,0000000001003597,0000000000010690,0000000001226650,081.46
06102026,520059,0000000000011855,0000000001251296,0000000000015446,0000000001621747,076.75
06102026,520066,0000000000059259,0000000007958484,0000000000083003,0000000010875462,071.39
06102026,520073,0000000000001800,0000000002868480,0000000000002996,0000000004691711,060.08
06102026,520075,0000000000000369,0000000000040941,0000000000000369,0000000000040822,100.00
06102026,520086,0000000000001136,0000000000100583,0000000000001136,0000000000100583,100.00
06102026,520111,0000000000000167,0000000000433474,0000000000000465,0000000001203459,035.91
06102026,520113,0000000000009059,0000000003666178,0000000000024506,0000000010024569,036.97
06102026,520119,0000000000001302,0000000000553676,0000000000001361,0000000000579745,095.66
06102026,520121,0000000000006124,0000000000086655,0000000000006124,0000000000086629,100.00
06102026,520123,0000000000000183,0000000000011712,0000000000000241,0000000000015222,075.93
06102026,520127,0000000000001759,0000000000027775,0000000000004243,0000000000064684,041.46
06102026,520131,0000000000000100,0000000000001980,0000000000000100,0000000000001980,100.00
06102026,520141,0000000000014150,0000000000114615,0000000000014461,0000000000114651,097.85
06102026,520151,0000000000000027,0000000000004174,0000000000000027,0000000000004174,100.00
06102026,520155,0000000000002085,0000000000077562,0000000000002091,0000000000077184,099.71
06102026,521005,0000000001688184,0000000001603775,0000000002606935,0000000002481780,064.76
06102026,521016,0000000000026403,0000000012488619,0000000000088194,0000000041543243,029.94
06102026,521018,0000000000000082,0000000000004721,0000000000000082,0000000000004777,100.00
06102026,521034,0000000000000627,0000000000049621,0000000000000630,0000000000049855,099.52
06102026,521036,0000000000005220,0000000000380016,0000000000005220,0000000000380016,100.00
06102026,521054,0000000000000095,0000000000000755,0000000000000095,0000000000000754,100.00
06102026,521062,0000000000040048,0000000000126953,0000000000047648,0000000000151123,084.05
06102026,521064,0000000000442062,0000000009972919,0000000000699711,0000000015663274,063.18
06102026,521070,0000000001825701,0000000014295239,0000000002571587,0000000019621895,071.00
06102026,521080,0000000000000001,0000000000000007,0000000000000001,0000000000000006,100.00
06102026,521097,0000000000000058,0000000000008648,0000000000000096,0000000000014187,060.42
06102026,521105,0000000000000368,0000000000008880,0000000000000512,0000000000012318,071.88
06102026,521109,0000000000000026,0000000000000576,0000000000000028,0000000000000587,092.86
06102026,521113,0000000000008815,0000000000572975,0000000000015295,0000000001006008,057.63
06102026,521131,0000000000000337,0000000000007286,0000000000000363,0000000000007854,092.84
06102026,521133,0000000000000500,0000000000002075,0000000000000500,0000000000002075,100.00
06102026,521137,0000000000008926,0000000000056968,0000000000008926,0000000000056968,100.00
06102026,521141,0000000000000122,0000000000001708,0000000000000222,0000000000003037,054.95
06102026,521149,0000000000000324,0000000000002531,0000000000000325,0000000000002541,099.69
06102026,521161,0000000000000310,0000000000010850,0000000000000310,0000000000010850,100.00
06102026,521163,0000000000000556,0000000000038020,0000000000000560,0000000000037576,099.29
06102026,521167,0000000000015652,0000000002717196,0000000000015652,0000000002717196,100.00
06102026,521178,0000000000001498,0000000000094899,0000000000001646,0000000000103050,091.01
06102026,521180,0000000000000056,0000000000000405,0000000000000056,0000000000000405,100.00
06102026,521194,0000000000000099,0000000000045536,0000000000000123,0000000000056396,080.49
06102026,521206,0000000000014992,0000000000020989,0000000000019692,0000000000026462,076.13
06102026,521210,0000000000000040,0000000000000578,0000000000000040,0000000000000578,100.00
06102026,521216,0000000000000306,0000000000021420,0000000000000421,0000000000029123,072.68
06102026,521226,0000000000000083,0000000000001992,0000000000000092,0000000000002135,090.22
06102026,521228,0000000000018501,0000000000037743,0000000000024880,0000000000050796,074.36
06102026,521234,0000000000000555,0000000000014430,0000000000000556,0000000000013507,099.82
06102026,521238,0000000000022366,0000000002424475,0000000000022366,0000000002424474,100.00
06102026,521244,0000000000000093,0000000000021056,0000000000000093,0000000000021056,100.00
06102026,521246,0000000000021407,0000000000043885,0000000000024827,0000000000050577,086.22
06102026,521248,0000000000026005,0000000003095896,0000000000034025,0000000004062216,076.43
06102026,522001,0000000000043238,0000000004376551,0000000000052940,0000000005205931,081.67
06102026,522004,0000000000015335,0000000001474461,0000000000022807,0000000002169435,067.24
06102026,522005,0000000000000608,0000000000101567,0000000000000797,0000000000130976,076.29
06102026,522014,0000000000001335,0000000000301644,0000000000002346,0000000000540856,056.91
06102026,522017,0000000000002604,0000000001839987,0000000000003261,0000000002313669,079.85
06102026,522027,0000000000000050,0000000000028313,0000000000000050,0000000000028342,100.00
06102026,522029,0000000000004348,0000000001285704,0000000000006220,0000000001802609,069.90
06102026,522034,0000000000001983,0000000001193271,0000000000003303,0000000001968360,060.04
06102026,522036,0000000000000027,0000000000002093,0000000000000032,0000000000002515,084.38
06102026,522064,0000000000000078,0000000000147764,0000000000000088,0000000000166052,088.64
06102026,522073,0000000000000120,0000000000070955,0000000000000120,0000000000070955,100.00
06102026,522074,0000000000008820,0000000005295087,0000000000016114,0000000009586003,054.74
06102026,522091,0000000000001225,0000000000040719,0000000000001255,0000000000041886,097.61
06102026,522101,0000000000002477,0000000001307609,0000000000005937,0000000003144810,041.72
06102026,522105,0000000000010953,0000000000634070,0000000000010953,0000000000634070,100.00
06102026,522108,0000000000006419,0000000007956030,0000000000014216,0000000017969663,045.15
06102026,522113,0000000000000328,0000000001035693,0000000000000494,0000000001554289,066.40
06102026,522122,0000000000000014,0000000000019958,0000000000000014,0000000000019958,100.00
06102026,522134,0000000000012859,0000000002032365,0000000000015650,0000000002479149,082.17
06102026,522150,0000000000012779,0000000000487391,0000000000012779,0000000000487391,100.00
06102026,522152,0000000000000268,0000000000024174,0000000000000328,0000000000029342,081.71
06102026,522163,0000000000088375,0000000032441303,0000000000088375,0000000032441303,100.00
06102026,522165,0000000000002088,0000000000081432,0000000000003021,0000000000117125,069.12
06102026,522183,0000000000000030,0000000000010586,0000000000000040,0000000000014278,075.00
06102026,522195,0000000000000767,0000000001069697,0000000000001532,0000000002144175,050.07
06102026,522205,0000000000012366,0000000003895909,0000000000039795,0000000012401992,031.07
06102026,522207,0000000000000027,0000000000001600,0000000000000054,0000000000003225,050.00
06102026,522209,0000000000002114,0000000000013530,0000000000002125,0000000000013550,099.48
06102026,522215,0000000000008486,0000000003791970,0000000000013261,0000000005855528,063.99
06102026,522217,0000000000000051,0000000000017208,0000000000000061,0000000000020718,083.61
06102026,522229,0000000000003847,0000000001191801,0000000000005337,0000000001675168,072.08
06102026,522231,0000000000001887,0000000000159527,0000000000002470,0000000000210507,076.40
06102026,522235,0000000000000069,0000000000000289,0000000000000069,0000000000000289,100.00
06102026,522237,0000000000002668,0000000000050692,0000000000002769,0000000000051357,096.35
06102026,522241,0000000000001041,0000000000602896,0000000000001467,0000000000840350,070.96
06102026,522249,0000000000006712,0000000005112866,0000000000008006,0000000005948192,083.84
06102026,522251,0000000000005041,0000000000854450,0000000000007468,0000000001271949,067.50
06102026,522257,0000000000070297,0000000003998494,0000000000110063,0000000006094404,063.87
06102026,522261,0000000000001165,0000000000746649,0000000000002044,0000000001308625,057.00
06102026,522267,0000000000000728,0000000000029841,0000000000000728,0000000000029923,100.00
06102026,522273,0000000000000194,0000000000031826,0000000000000291,0000000000047552,066.67
06102026,522275,0000000000004286,0000000018258360,0000000000010976,0000000046740420,039.05
06102026,522281,0000000000015477,0000000009916888,0000000000028751,0000000018449502,053.83
06102026,522285,0000000000088615,0000000008383866,0000000000199374,0000000018554357,044.45
06102026,522287,0000000000050964,0000000074030307,0000000000070315,0000000102221139,072.48
06102026,522289,0000000000023646,0000000000907061,0000000000028288,0000000001083715,083.59
06102026,522292,0000000000001789,0000000000121758,0000000000001789,0000000000121758,100.00
06102026,522294,0000000000000554,0000000000107449,0000000000000574,0000000000111298,096.52
06102026,522295,0000000000004801,0000000002983102,0000000000004961,0000000003068300,096.77
06102026,522650,0000000000004788,0000000000454334,0000000000006540,0000000000616354,073.21
06102026,523007,0000000000000185,0000000000015725,0000000000000185,0000000000015865,100.00
06102026,523011,0000000000001864,0000000000131599,0000000000002090,0000000000147204,089.19
06102026,523019,0000000000031503,0000000000519485,0000000000045501,0000000000754524,069.24
06102026,523021,0000000000010189,0000000000462275,0000000000014246,0000000000643180,071.52
06102026,523023,0000000000001383,0000000000104445,0000000000001765,0000000000134584,078.36
06102026,523025,0000000000001477,0000000001946908,0000000000003305,0000000004379192,044.69
06102026,523062,0000000000000001,0000000000000053,0000000000000001,0000000000000053,100.00
06102026,523100,0000000000006650,0000000001114208,0000000000008190,0000000001350344,081.20
06102026,523105,0000000003662739,0000000008460927,0000000003662739,0000000008460927,100.00
06102026,523120,0000000000000302,0000000000024866,0000000000000302,0000000000024866,100.00
06102026,523127,0000000000001434,0000000000425970,0000000000001662,0000000000492405,086.28
06102026,523144,0000000000004360,0000000000106255,0000000000004360,0000000000106255,100.00
06102026,523160,0000000000000903,0000000001742881,0000000000001187,0000000002290860,076.07
06102026,523186,0000000000000198,0000000000040551,0000000000000198,0000000000040189,100.00
06102026,523204,0000000000003490,0000000000058876,0000000000003490,0000000000058876,100.00
06102026,523207,0000000000001278,0000000000095774,0000000000002285,0000000000170529,055.93
06102026,523222,0000000000009108,0000000000263039,0000000000009108,0000000000263039,100.00
06102026,523229,0000000000002562,0000000000529566,0000000000004437,0000000000911430,057.74
06102026,523232,0000000000000067,0000000000004958,0000000000000067,0000000000004832,100.00
06102026,523242,0000000000042800,0000000000162714,0000000000042800,0000000000162714,100.00
06102026,523248,0000000000000402,0000000000112339,0000000000000622,0000000000174072,064.63
06102026,523260,0000000000000040,0000000000000704,0000000000000040,0000000000000699,100.00
06102026,523261,0000000000001850,0000000003134178,0000000000002895,0000000004873300,063.90
06102026,523269,0000000000001159,0000000000055146,0000000000001349,0000000000064584,085.92
06102026,523277,0000000001679241,0000000000638112,0000000002447722,0000000000947358,068.60
06102026,523283,0000000000000100,0000000000015340,0000000000000100,0000000000015340,100.00
06102026,523289,0000000000001134,0000000000201909,0000000000001499,0000000000265420,075.65
06102026,523301,0000000000000261,0000000001041077,0000000000000342,0000000001364524,076.32
06102026,523309,0000000000011595,0000000000578823,0000000000021409,0000000001074354,054.16
06102026,523319,0000000000011842,0000000001875181,0000000000021804,0000000003418514,054.31
06102026,523323,0000000000000266,0000000001576343,0000000000000306,0000000001816890,086.93
06102026,523329,0000000000000151,0000000000118988,0000000000000151,0000000000118545,100.00
06102026,523367,0000000000008938,0000000008839682,0000000000024466,0000000024400779,036.53
06102026,523369,0000000000042772,0000000001701471,0000000000078462,0000000003129930,054.51
06102026,523371,0000000000009279,0000000001374220,0000000000020471,0000000003051218,045.33
06102026,523373,0000000000127484,0000000000509936,0000000000276697,0000000001116804,046.07
06102026,523384,0000000000000010,0000000000000500,0000000000000010,0000000000000500,100.00
06102026,523385,0000000000001926,0000000003493090,0000000000002581,0000000004684898,074.62
06102026,523387,0000000000275601,0000000000485058,0000000000325424,0000000000571152,084.69
06102026,523391,0000000000001638,0000000000364210,0000000000001729,0000000000383536,094.74
06102026,523395,0000000000000047,0000000001451346,0000000000000101,0000000003097642,046.53
06102026,523398,0000000000001939,0000000003835246,0000000000003508,0000000007011740,055.27
06102026,523405,0000000000074735,0000000009282087,0000000000129792,0000000016057628,057.58
06102026,523411,0000000000002603,0000000006299391,0000000000003615,0000000008838257,072.01
06102026,523419,0000000000000409,0000000000004290,0000000000000409,0000000000004290,100.00
06102026,523445,0000000000001453,0000000000988840,0000000000002518,0000000001700060,057.70
06102026,523457,0000000000000547,0000000003366321,0000000000000876,0000000005356624,062.44
06102026,523465,0000000000000110,0000000000005714,0000000000000115,0000000000005659,095.65
06102026,523467,0000000000020259,0000000000056789,0000000000020259,0000000000056789,100.00
06102026,523475,0000000000001030,0000000000598224,0000000000001408,0000000000795703,073.15
06102026,523489,0000000000001318,0000000000049452,0000000000001532,0000000000056482,086.03
06102026,523519,0000000000002001,0000000000013987,0000000000002022,0000000000013846,098.96
06102026,523537,0000000000001076,0000000000061505,0000000000001124,0000000000062094,095.73
06102026,523539,0000000000008952,0000000004605357,0000000000021662,0000000011104725,041.33
06102026,523550,0000000000009760,0000000000278160,0000000000010117,0000000000290979,096.47
06102026,523558,0000000000021313,0000000000301238,0000000000021313,0000000000301238,100.00
06102026,523566,0000000000000310,0000000000013399,0000000000000310,0000000000013398,100.00
06102026,523574,0000000000010638,0000000000005212,0000000000010638,0000000000005212,100.00
06102026,523586,0000000000005227,0000000000239240,0000000000006070,0000000000278208,086.11
06102026,523594,0000000000000010,0000000000000280,0000000000000010,0000000000000267,100.00
06102026,523598,0000000000108267,0000000031240443,0000000000305969,0000000088001937,035.38
06102026,523606,0000000000001928,0000000001985262,0000000000002903,0000000002985305,066.41
06102026,523610,0000000000032856,0000000008143360,0000000000059068,0000000014646356,055.62
06102026,523618,0000000000002224,0000000002025731,0000000000003944,0000000003583087,056.39
06102026,523630,0000000000031701,0000000002055810,0000000000053161,0000000003424057,059.63
06102026,523642,0000000000016437,0000000036983250,0000000000022920,0000000051040785,071.71
06102026,523648,0000000000002006,0000000000407018,0000000000002956,0000000000599545,067.86
06102026,523650,0000000000048167,0000000002010973,0000000000049112,0000000002052453,098.08
06102026,523660,0000000000003252,0000000000146568,0000000000003886,0000000000176120,083.68
06102026,523672,0000000000010265,0000000000533267,0000000000010882,0000000000563554,094.33
06102026,523676,0000000000002363,0000000000743991,0000000000003398,0000000001074723,069.54
06102026,523694,0000000000003274,0000000002005325,0000000000004844,0000000002936421,067.59
06102026,523696,0000000000004284,0000000000174059,0000000000005941,0000000000242941,072.11
06102026,523704,0000000000002103,0000000003398554,0000000000003286,0000000005295317,064.00
06102026,523708,0000000000003828,0000000009065470,0000000000006028,0000000014068344,063.50
06102026,523710,0000000000000120,0000000000036930,0000000000000120,0000000000037127,100.00
06102026,523716,0000000000001802,0000000000693230,0000000000002518,0000000000960926,071.56
06102026,523722,0000000000007671,0000000000057331,0000000000007671,0000000000057331,100.00
06102026,523732,0000000000002347,0000000000140234,0000000000002358,0000000000137668,099.53
06102026,523736,0000000000000100,0000000000028000,0000000000000115,0000000000032083,086.96
06102026,523752,0000000000039346,0000000000110169,0000000000042768,0000000000117810,092.00
06102026,523754,0000000000001427,0000000000139875,0000000000001444,0000000000140089,098.82
06102026,523782,0000000000006894,0000000000093828,0000000000008245,0000000000111316,083.61
06102026,523792,0000000000005566,0000000001573978,0000000000005566,0000000001573978,100.00
06102026,523796,0000000000008046,0000000001049239,0000000000008046,0000000001049239,100.00
06102026,523826,0000000000001865,0000000000052407,0000000000002006,0000000000056745,092.97
06102026,523828,0000000000015330,0000000004663386,0000000000025889,0000000007829929,059.21
06102026,523832,0000000000000900,0000000000012627,0000000000000995,0000000000013237,090.45
06102026,523836,0000000000001578,0000000000066198,0000000000002009,0000000000082794,078.55
06102026,523838,0000000000006052,0000000001568074,0000000000008751,0000000002252183,069.16
06102026,523840,0000000000000828,0000000000011957,0000000000000840,0000000000011766,098.57
06102026,523842,0000000000043829,0000000000349816,0000000000043829,0000000000349816,100.00
06102026,523844,0000000000020061,0000000001001044,0000000000023304,0000000001098959,086.08
06102026,523850,0000000000002089,0000000000935664,0000000000002583,0000000001146008,080.87
06102026,523862,0000000000000184,0000000000006532,0000000000000614,0000000000022029,029.97
06102026,523874,0000000000011656,0000000001122343,0000000000011656,0000000001122343,100.00
06102026,523888,0000000000000057,0000000000010950,0000000000008057,0000000001560025,000.71
06102026,524000,0000000000009265,0000000004267459,0000000000025500,0000000011615086,036.33
06102026,524019,0000000000000646,0000000004478589,0000000000000971,0000000006653537,066.53
06102026,524031,0000000000000065,0000000000000348,0000000000000065,0000000000000357,100.00
06102026,524037,0000000000002994,0000000000352993,0000000000006040,0000000000724627,049.57
06102026,524038,0000000000010004,0000000000037415,0000000000012600,0000000000050189,079.40
06102026,524051,0000000000610677,0000000635089189,0000000000613630,0000000638020854,099.52
06102026,524075,0000000000000498,0000000000413838,0000000000000507,0000000000420987,098.22
06102026,524080,0000000000000020,0000000000001130,0000000000000021,0000000000001149,095.24
06102026,524091,0000000000002079,0000000002150414,0000000000003475,0000000003587778,059.83
06102026,524109,0000000000005907,0000000004752482,0000000000005907,0000000004752482,100.00
06102026,524129,0000000000000091,0000000000019511,0000000000000138,0000000000029580,065.94
06102026,524136,0000000000000701,0000000000321765,0000000000000701,0000000000321765,100.00
06102026,524156,0000000000008505,0000000000399735,0000000000008556,0000000000399921,099.40
06102026,524164,0000000000106045,0000000022746653,0000000000225047,0000000047728315,047.12
06102026,524174,0000000000019278,0000000000228252,0000000000026871,0000000000316980,071.74
06102026,524200,0000000000025050,0000000029572778,0000000000027118,0000000032316322,092.37
06102026,524202,0000000000003917,0000000000408544,0000000000005083,0000000000520580,077.06
06102026,524204,0000000000000332,0000000000037301,0000000000000335,0000000000037146,099.10
06102026,524208,0000000000017456,0000000008388481,0000000000033590,0000000016209198,051.97
06102026,524210,0000000000000440,0000000000015576,0000000000000465,0000000000015542,094.62
06102026,524212,0000000000025712,0000000005071692,0000000000043618,0000000008723881,058.95
06102026,524218,0000000000005763,0000000001092900,0000000000005763,0000000001092900,100.00
06102026,524226,0000000000029229,0000000004758482,0000000000054198,0000000008727199,053.93
06102026,524230,0000000000045791,0000000004982061,0000000000089510,0000000009657514,051.16
06102026,524238,0000000000122704,0000000001144811,0000000000122704,0000000001144811,100.00
06102026,524280,0000000000015791,0000000004262781,0000000000024771,0000000006677308,063.75
06102026,524288,0000000000001130,0000000000045370,0000000000001717,0000000000070381,065.81
06102026,524314,0000000000001011,0000000000038418,0000000000001011,0000000000037000,100.00
06102026,524322,0000000000037108,0000000000663863,0000000000063703,0000000001148637,058.25
06102026,524324,0000000000000554,0000000000007085,0000000000000554,0000000000007085,100.00
06102026,524330,0000000000000388,0000000000084584,0000000000000389,0000000000083848,099.74
06102026,524332,0000000000016268,0000000000521065,0000000000024984,0000000000794594,065.11
06102026,524336,0000000000022503,0000000007013037,0000000000022503,0000000007013037,100.00
06102026,524342,0000000000008481,0000000004165444,0000000000013253,0000000006429623,063.99
06102026,524348,0000000000009919,0000000004249796,0000000000015138,0000000006416850,065.52
06102026,524370,0000000000059812,0000000010744160,0000000000059812,0000000010744160,100.00
06102026,524372,0000000000002839,0000000002858022,0000000000006195,0000000006159596,045.83
06102026,524394,0000000000002999,0000000001734172,0000000000007074,0000000004079708,042.39
06102026,524396,0000000000000593,0000000000018016,0000000000000728,0000000000022339,081.46
06102026,524400,0000000000000684,0000000000052326,0000000000000684,0000000000054666,100.00
06102026,524404,0000000000052963,0000000017178550,0000000000124248,0000000041346250,042.63
06102026,524408,0000000000002110,0000000000428330,0000000000002111,0000000000425022,099.95
06102026,524412,0000000000007923,0000000000856081,0000000000010139,0000000001086755,078.14
06102026,524414,0000000000000573,0000000000009312,0000000000000623,0000000000009634,091.97
06102026,524434,0000000000005080,0000000000047498,0000000000005097,0000000000047241,099.67
06102026,524440,0000000000004275,0000000000227943,0000000000005916,0000000000324566,072.26
06102026,524444,0000000017387116,0000000034600361,0000000019193932,0000000038314776,090.59
06102026,524458,0000000000002808,0000000000022886,0000000000002808,0000000000022910,100.00
06102026,524470,0000000000569199,0000000013228185,0000000001108709,0000000025725251,051.34
06102026,524480,0000000000000222,0000000000159186,0000000000000289,0000000000201921,076.82
06102026,524488,0000000000038895,0000000000116568,0000000000038895,0000000000116568,100.00
06102026,524494,0000000000003517,0000000006844610,0000000000006124,0000000011909826,057.43
06102026,524500,0000000000023651,0000000006180007,0000000000059828,0000000015325908,039.53
06102026,524502,0000000000004954,0000000000510308,0000000000004954,0000000000510308,100.00
06102026,524506,0000000000001048,0000000000578496,0000000000001238,0000000000693076,084.65
06102026,524516,0000000000008735,0000000000234044,0000000000008735,0000000000234044,100.00
06102026,524518,0000000000009296,0000000000546977,0000000000011695,0000000000695933,079.49
06102026,524520,0000000000014574,0000000002478309,0000000000039565,0000000006663045,036.84
06102026,524522,0000000000000040,0000000000001160,0000000000000040,0000000000001161,100.00
06102026,524534,0000000000000304,0000000000032361,0000000000000607,0000000000065309,050.08
06102026,524542,0000000000001042,0000000000153748,0000000000001083,0000000000162235,096.21
06102026,524548,0000000000000100,0000000000008757,0000000000000125,0000000000010868,080.00
06102026,524558,0000000000001638,0000000035858523,0000000000003380,0000000073113256,048.46
06102026,524564,0000000000000922,0000000000007114,0000000000000922,0000000000007114,100.00
06102026,524570,0000000000000209,0000000000053400,0000000000000210,0000000000053659,099.52
06102026,524572,0000000000000450,0000000000013595,0000000000000482,0000000000014584,093.36
06102026,524576,0000000000005653,0000000000102772,0000000000006435,0000000000118733,087.85
06102026,524582,0000000000000010,0000000000001214,0000000000000015,0000000000001806,066.67
06102026,524592,0000000000013519,0000000000212211,0000000000013519,0000000000212211,100.00
06102026,524594,0000000000001529,0000000000175377,0000000000001630,0000000000184403,093.80
06102026,524598,0000000000000635,0000000000236152,0000000000000635,0000000000236152,100.00
06102026,524602,0000000000001422,0000000000026592,0000000000001479,0000000000028104,096.15
06102026,524606,0000000000000592,0000000000015310,0000000000000772,0000000000019821,076.68
06102026,524614,0000000000046867,0000000000249802,0000000000059744,0000000000305968,078.45
06102026,524622,0000000000011932,0000000000523935,0000000000015723,0000000000692215,075.89
06102026,524624,0000000000000293,0000000000005658,0000000000000386,0000000000007282,075.91
06102026,524628,0000000000000368,0000000000007176,0000000000000368,0000000000007176,100.00
06102026,524632,0000000000934859,0000000067758581,0000000001958186,0000000142328463,047.74
06102026,524634,0000000000004611,0000000002829310,0000000000004768,0000000002953552,096.71
06102026,524636,0000000000012208,0000000000577594,0000000000012208,0000000000577594,100.00
06102026,524640,0000000000005197,0000000000326632,0000000000008096,0000000000502164,064.19
06102026,524648,0000000000157781,0000000025481632,0000000000479728,0000000077297185,032.89
06102026,524654,0000000000000091,0000000000014995,0000000000000091,0000000000014995,100.00
06102026,524661,0000000002480587,0000000000496118,0000000003664828,0000000000743351,067.69
06102026,524663,0000000000131119,0000000001085666,0000000000144536,0000000001140952,090.72
06102026,524667,0000000000029595,0000000022968680,0000000000046945,0000000035490582,063.04
06102026,524669,0000000000000321,0000000000702236,0000000000000497,0000000001073588,064.59
06102026,524675,0000000000005042,0000000000100941,0000000000005081,0000000000102930,099.23
06102026,524687,0000000000010190,0000000000111479,0000000000016619,0000000000183064,061.32
06102026,524703,0000000000000589,0000000000021299,0000000000000625,0000000000022490,094.24
06102026,524709,0000000000014643,0000000001999502,0000000000025968,0000000003507540,056.39
06102026,524711,0000000000009254,0000000000058208,0000000000010253,0000000000063307,090.26
06102026,524715,0000000000013562,0000000024425162,0000000000023216,0000000041426975,058.42
06102026,524717,0000000000007878,0000000003010184,0000000000011448,0000000004396023,068.82
06102026,524723,0000000000001308,0000000000150747,0000000000001308,0000000000150747,100.00
06102026,524727,0000000000000061,0000000000001387,0000000000000062,0000000000001362,098.39
06102026,524731,0000000000000454,0000000000410870,0000000000000454,0000000000407528,100.00
06102026,524735,0000000000037062,0000000008392690,0000000000071256,0000000015781551,052.01
06102026,524742,0000000000002445,0000000006550522,0000000000006298,0000000016635173,038.82
06102026,524743,0000000000007690,0000000000254463,0000000000014561,0000000000481478,052.81
06102026,524748,0000000000002360,0000000000062281,0000000000002495,0000000000064929,094.59
06102026,524752,0000000000004482,0000000000025100,0000000000005032,0000000000027999,089.07
06102026,524768,0000000000000410,0000000000009652,0000000000000447,0000000000010492,091.72
06102026,524774,0000000000000726,0000000002250492,0000000000001282,0000000003965983,056.63
06102026,524790,0000000000001069,0000000000266128,0000000000001710,0000000000423801,062.51
06102026,524804,0000000000001791,0000000003026790,0000000000006344,0000000010682351,028.23
06102026,524808,0000000000000618,0000000000010506,0000000000000618,0000000000010758,100.00
06102026,524816,0000000000018894,0000000015562988,0000000000027933,0000000022929483,067.64
06102026,524818,0000000000000394,0000000000047064,0000000000000506,0000000000060530,077.87
06102026,524820,0000000000024645,0000000012427242,0000000000036965,0000000018428219,066.67
06102026,524824,0000000000001738,0000000000178866,0000000000001738,0000000000178866,100.00
06102026,524828,0000000000003830,0000000001881871,0000000000004289,0000000002043509,089.30
06102026,526001,0000000000001347,0000000000035831,0000000000001635,0000000000043505,082.39
06102026,526025,0000000000007341,0000000000121127,0000000000009058,0000000000148232,081.04
06102026,526027,0000000000024880,0000000003726348,0000000000024880,0000000003726348,100.00
06102026,526043,0000000000002577,0000000000121119,0000000000002827,0000000000131992,091.16
06102026,526071,0000000000002122,0000000001922176,0000000000002122,0000000001922176,100.00
06102026,526073,0000000000001445,0000000001399078,0000000000001445,0000000001399078,100.00
06102026,526075,0000000000000207,0000000000010662,0000000000000207,0000000000010662,100.00
06102026,526081,0000000000002021,0000000000075456,0000000000002021,0000000000075456,100.00
06102026,526095,0000000000000018,0000000000001070,0000000000000018,0000000000001010,100.00
06102026,526113,0000000000000013,0000000000000199,0000000000000013,0000000000000199,100.00
06102026,526115,0000000000000100,0000000000000710,0000000000000100,0000000000000710,100.00
06102026,526125,0000000000000812,0000000000179899,0000000000000990,0000000000227892,082.02
06102026,526133,0000000000000171,0000000000000857,0000000000000171,0000000000000873,100.00
06102026,526137,0000000000001001,0000000000100601,0000000000001058,0000000000106337,094.61
06102026,526139,0000000000043471,0000000000098680,0000000000047191,0000000000107915,092.12
06102026,526143,0000000000000336,0000000000002215,0000000000000336,0000000000002175,100.00
06102026,526159,0000000000007601,0000000000615453,0000000000009212,0000000000742417,082.51
06102026,526161,0000000000000200,0000000000026575,0000000000000200,0000000000026575,100.00
06102026,526169,0000000000001152,0000000000195380,0000000000002260,0000000000380389,050.97
06102026,526173,0000000000025272,0000000000628010,0000000000048382,0000000001202322,052.23
06102026,526179,0000000000000329,0000000000105330,0000000000000350,0000000000111906,094.00
06102026,526187,0000000000000742,0000000000004022,0000000000000742,0000000000004021,100.00
06102026,526193,0000000000000340,0000000000004349,0000000000000366,0000000000004534,092.90
06102026,526211,0000000000004139,0000000000228556,0000000000004197,0000000000228363,098.62
06102026,526217,0000000000000345,0000000000117398,0000000000000345,0000000000117398,100.00
06102026,526227,0000000000128319,0000000014243409,0000000000258484,0000000028161759,049.64
06102026,526231,0000000000000305,0000000000061183,0000000000000305,0000000000061183,100.00
06102026,526237,0000000000000297,0000000000012994,0000000000000307,0000000000013402,096.74
06102026,526241,0000000000004367,0000000000147901,0000000000004367,0000000000147901,100.00
06102026,526247,0000000000024159,0000000016547708,0000000000025703,0000000017606857,093.99
06102026,526251,0000000000003761,0000000000123888,0000000000004672,0000000000150149,080.50
06102026,526263,0000000000007890,0000000001712446,0000000000007890,0000000001712446,100.00
06102026,526269,0000000000001652,0000000000208152,0000000000002215,0000000000283159,074.58
06102026,526299,0000000000018375,0000000042087019,0000000000020203,0000000045988538,090.95
06102026,526315,0000000000000644,0000000000040874,0000000000000644,0000000000040874,100.00
06102026,526331,0000000000000030,0000000000004600,0000000000000030,0000000000004600,100.00
06102026,526335,0000000000019398,0000000000149365,0000000000021633,0000000000177577,089.67
06102026,526345,0000000000001724,0000000000036567,0000000000001785,0000000000037394,096.58
06102026,526355,0000000000000459,0000000000026393,0000000000000459,0000000000026189,100.00
06102026,526365,0000000000008358,0000000000344350,0000000000008358,0000000000343582,100.00
06102026,526367,0000000000003083,0000000002178448,0000000000003291,0000000002328714,093.68
06102026,526371,0000000000383836,0000000028519015,0000000000644345,0000000047772747,059.57
06102026,526373,0000000000000020,0000000000000948,0000000000000020,0000000000000947,100.00
06102026,526381,0000000000008234,0000000000110171,0000000000008684,0000000000113365,094.82
06102026,526397,0000000000000568,0000000000141793,0000000000000568,0000000000141793,100.00
06102026,526407,0000000000001052,0000000000008459,0000000000001167,0000000000009318,090.15
06102026,526409,0000000000005886,0000000000039025,0000000000009058,0000000000060278,064.98
06102026,526415,0000000000146434,0000000000452482,0000000000155952,0000000000470448,093.90
06102026,526423,0000000000001077,0000000000063565,0000000000001316,0000000000081930,081.84
06102026,526431,0000000000000010,0000000000000211,0000000000000010,0000000000000211,100.00
06102026,526433,0000000000007810,0000000053462184,0000000000017780,0000000120324535,043.93
06102026,526435,0000000000000256,0000000000020224,0000000000000273,0000000000021885,093.77
06102026,526439,0000000000000460,0000000000003818,0000000000000460,0000000000003818,100.00
06102026,526441,0000000000003412,0000000000003685,0000000000003412,0000000000003699,100.00
06102026,526443,0000000000056935,0000000002958343,0000000000056935,0000000002958342,100.00
06102026,526445,0000000000065603,0000000000660582,0000000000065603,0000000000660582,100.00
06102026,526468,0000000000000922,0000000000023394,0000000000000922,0000000000023394,100.00
06102026,526471,0000000000001500,0000000000028380,0000000000001795,0000000000033766,083.57
06102026,526473,0000000000003160,0000000000015168,0000000000003281,0000000000015262,096.31
06102026,526479,0000000000000887,0000000000083733,0000000000001151,0000000000108827,077.06
06102026,526481,0000000000000351,0000000000010032,0000000000000351,0000000000009831,100.00
06102026,526488,0000000000005433,0000000000429479,0000000000008238,0000000000650914,065.95
06102026,526490,0000000000028046,0000000000099283,0000000000040592,0000000000144805,069.09
06102026,526492,0000000000001177,0000000000142241,0000000000001526,0000000000185043,077.13
06102026,526494,0000000000000474,0000000000007356,0000000000000474,0000000000007356,100.00
06102026,526500,0000000000000220,0000000000004180,0000000000000220,0000000000004180,100.00
06102026,526506,0000000000002299,0000000000168317,0000000000002299,0000000000168317,100.00
06102026,526508,0000000000000788,0000000000008550,0000000000000918,0000000000010072,085.84
06102026,526519,0000000000001515,0000000000148474,0000000000001515,0000000000148474,100.00
06102026,526525,0000000000000033,0000000000000570,0000000000000034,0000000000000613,097.06
06102026,526530,0000000000003539,0000000000423796,0000000000005724,0000000000691775,061.83
06102026,526532,0000000000000202,0000000000001707,0000000000000202,0000000000001706,100.00
06102026,526544,0000000000008453,0000000000019104,0000000000014990,0000000000033624,056.39
06102026,526546,0000000000001813,0000000000325653,0000000000001813,0000000000325653,100.00
06102026,526550,0000000000001450,0000000000019010,0000000000001834,0000000000023448,079.06
06102026,526570,0000000000658308,0000000224581775,0000000000672512,0000000229487321,097.89
06102026,526574,0000000000000019,0000000000000434,0000000000000019,0000000000000433,100.00
06102026,526582,0000000000001204,0000000000083221,0000000000001370,0000000000093670,087.88
06102026,526588,0000000000000248,0000000000002864,0000000000000248,0000000000002864,100.00
06102026,526596,0000000000000503,0000000000110157,0000000000000615,0000000000133055,081.79
06102026,526604,0000000000004899,0000000001150658,0000000000004899,0000000001150658,100.00
06102026,526608,0000000000001106,0000000000812523,0000000000001190,0000000000870180,092.94
06102026,526612,0000000000000131,0000000000597439,0000000000000261,0000000001181692,050.19
06102026,526614,0000000000001065,0000000000095573,0000000000001065,0000000000095573,100.00
06102026,526616,0000000000000373,0000000000014376,0000000000000603,0000000000023309,061.86
06102026,526622,0000000000161218,0000000000067712,0000000000222218,0000000000092446,072.55
06102026,526628,0000000000000900,0000000000036585,0000000000000900,0000000000036585,100.00
06102026,526638,0000000000007158,0000000000450668,0000000000009582,0000000000600932,074.70
06102026,526640,0000000000000864,0000000000022525,0000000000000885,0000000000022166,097.63
06102026,526642,0000000000004471,0000000000125591,0000000000004690,0000000000130159,095.33
06102026,526650,0000000000049455,0000000006955846,0000000000133328,0000000018718026,037.09
06102026,526666,0000000000000886,0000000000969595,0000000000001463,0000000001588631,060.56
06102026,526668,0000000000010404,0000000002697237,0000000000020802,0000000005399147,050.01
06102026,526675,0000000000030323,0000000000908174,0000000000031283,0000000000921674,096.93
06102026,526677,0000000000000809,0000000000001530,0000000000000812,0000000000001476,099.63
06102026,526703,0000000000002245,0000000001122164,0000000000002469,0000000001233496,090.93
06102026,526705,0000000000000130,0000000000022159,0000000000000157,0000000000026610,082.80
06102026,526709,0000000000045137,0000000000289780,0000000000053082,0000000000340147,085.03
06102026,526711,0000000000000663,0000000000015714,0000000000000663,0000000000016168,100.00
06102026,526717,0000000000010723,0000000003411723,0000000000010723,0000000003411723,100.00
06102026,526721,0000000000000005,0000000000000400,0000000000000006,0000000000000479,083.33
06102026,526723,0000000000000108,0000000000014688,0000000000000110,0000000000014995,098.18
06102026,526727,0000000000000627,0000000000030059,0000000000000627,0000000000029917,100.00
06102026,526729,0000000000020217,0000000006421931,0000000000028662,0000000009108106,070.54
06102026,526731,0000000000000357,0000000000084252,0000000000000358,0000000000083773,099.72
06102026,526739,0000000000002549,0000000001140423,0000000000003588,0000000001591026,071.04
06102026,526747,0000000000002390,0000000000485529,0000000000003187,0000000000643072,074.99
06102026,526751,0000000000000297,0000000000006235,0000000000000297,0000000000006234,100.00
06102026,526755,0000000000021341,0000000000153869,0000000000023567,0000000000170825,090.55
06102026,526761,0000000000002615,0000000000049685,0000000000002715,0000000000050186,096.32
06102026,526775,0000000000039600,0000000071608680,0000000000062447,0000000111538048,063.41
06102026,526783,0000000000000043,0000000000223704,0000000000000084,0000000000439092,051.19
06102026,526797,0000000000105682,0000000033295115,0000000000111761,0000000035173112,094.56
06102026,526807,0000000000001048,0000000001661342,0000000000001714,0000000002722394,061.14
06102026,526813,0000000000003318,0000000000034010,0000000000003707,0000000000037775,089.51
06102026,526817,0000000000000320,0000000000366400,0000000000000345,0000000000395473,092.75
06102026,526821,0000000000000001,0000000000000322,0000000000000001,0000000000000322,100.00
06102026,526827,0000000000031611,0000000003272371,0000000000036477,0000000003758620,086.66
06102026,526829,0000000000028274,0000000002444853,0000000000057844,0000000005000541,048.88
06102026,526839,0000000000000280,0000000000003976,0000000000000978,0000000000013987,028.63
06102026,526841,0000000000100534,0000000000908828,0000000000112998,0000000001022916,088.97
06102026,526847,0000000000001013,0000000000023289,0000000000001013,0000000000022807,100.00
06102026,526849,0000000000000047,0000000000005608,0000000000000047,0000000000005583,100.00
06102026,526853,0000000000003832,0000000000357169,0000000000003832,0000000000357169,100.00
06102026,526859,0000000000022773,0000000000015942,0000000000044273,0000000000030691,051.44
06102026,526861,0000000000001259,0000000000183311,0000000000001780,0000000000256285,070.73
06102026,526865,0000000000001057,0000000000004345,0000000000001057,0000000000004342,100.00
06102026,526869,0000000000001100,0000000000022407,0000000000001100,0000000000022475,100.00
06102026,526871,0000000000003293,0000000000048408,0000000000003296,0000000000047567,099.91
06102026,526873,0000000000001305,0000000000077517,0000000000001305,0000000000077443,100.00
06102026,526877,0000000000000006,0000000000000135,0000000000000006,0000000000000135,100.00
06102026,526881,0000000000005241,0000000004155589,0000000000009064,0000000007156509,057.82
06102026,526885,0000000000000953,0000000000091736,0000000000000978,0000000000092926,097.44
06102026,526887,0000000000000003,0000000000000017,0000000000000003,0000000000000017,100.00
06102026,526891,0000000000000052,0000000000000814,0000000000000053,0000000000000834,098.11
06102026,526899,0000000000046354,0000000000370832,0000000000049604,0000000000399475,093.45
06102026,526901,0000000000001511,0000000000071093,0000000000001915,0000000000085508,078.90
06102026,526905,0000000000000065,0000000000000501,0000000000000065,0000000000000500,100.00
06102026,526921,0000000000000354,0000000000013368,0000000000000380,0000000000014371,093.16
06102026,526931,0000000000000050,0000000000004709,0000000000000076,0000000000007205,065.79
06102026,526935,0000000003908876,0000000015518238,0000000006842064,0000000027416163,057.13
06102026,526945,0000000000000001,0000000000000085,0000000000000002,0000000000000169,050.00
06102026,526947,0000000000018940,0000000003010513,0000000000022544,0000000003558478,084.01
06102026,526951,0000000000000867,0000000002865956,0000000000001636,0000000005430184,053.00
06102026,526953,0000000000001120,0000000001960489,0000000000001120,0000000001960489,100.00
06102026,526961,0000000000009105,0000000000048075,0000000000015621,0000000000081331,058.29
06102026,526965,0000000000000126,0000000000011552,0000000000000134,0000000000012089,094.03
06102026,526967,0000000000001002,0000000000006002,0000000000001002,0000000000006001,100.00
06102026,526971,0000000000009888,0000000002230825,0000000000009888,0000000002230825,100.00
06102026,526981,0000000000001182,0000000000192430,0000000000001188,0000000000195084,099.49
06102026,526987,0000000000055238,0000000000475600,0000000000065976,0000000000568810,083.72
06102026,527001,0000000000009745,0000000004908070,0000000000015490,0000000007742731,062.91
06102026,527005,0000000000001231,0000000000232844,0000000000002001,0000000000377426,061.52
06102026,530001,0000000000001360,0000000000838236,0000000000004870,0000000002978894,027.93
06102026,530005,0000000000008336,0000000002461204,0000000000014606,0000000004354223,057.07
06102026,530007,0000000000016570,0000000005624687,0000000000028744,0000000009774068,057.65
06102026,530017,0000000000004024,0000000000065149,0000000000004448,0000000000071721,090.47
06102026,530019,0000000000004834,0000000004776234,0000000000011146,0000000010994898,043.37
06102026,530023,0000000000000032,0000000000002889,0000000000000057,0000000000005122,056.14
06102026,530025,0000000000007211,0000000000159580,0000000000007962,0000000000169645,090.57
06102026,530027,0000000000000240,0000000000001764,0000000000000240,0000000000001764,100.00
06102026,530037,0000000000002447,0000000000176062,0000000000003527,0000000000252366,069.38
06102026,530043,0000000000000074,0000000000022200,0000000000000098,0000000000029028,075.51
06102026,530045,0000000000005132,0000000000199481,0000000000022550,0000000000900160,022.76
06102026,530053,0000000000221104,0000000000966225,0000000000221112,0000000000981374,100.00
06102026,530057,0000000000013311,0000000000023029,0000000000015111,0000000000026074,088.09
06102026,530063,0000000000000171,0000000000000733,0000000000000171,0000000000000733,100.00
06102026,530065,0000000000000001,0000000000000015,0000000000000001,0000000000000014,100.00
06102026,530067,0000000000000356,0000000000074084,0000000000000366,0000000000075760,097.27
06102026,530073,0000000000013086,0000000005471257,0000000000023733,0000000010034413,055.14
06102026,530075,0000000000003312,0000000003645353,0000000000008488,0000000009417343,039.02
06102026,530077,0000000000003048,0000000000567386,0000000000004073,0000000000750117,074.83
06102026,530079,0000000000000850,0000000000377953,0000000000001237,0000000000542906,068.71
06102026,530109,0000000000236013,0000000000375261,0000000000308144,0000000000493617,076.59
06102026,530111,0000000000000019,0000000000000611,0000000000000019,0000000000000609,100.00
06102026,530117,0000000000005934,0000000020787693,0000000000011763,0000000041163577,050.45
06102026,530119,0000000000000352,0000000000013736,0000000000000353,0000000000013865,099.72
06102026,530125,0000000000000586,0000000000140054,0000000000000702,0000000000167555,083.48
06102026,530127,0000000000004890,0000000000110664,0000000000004890,0000000000110664,100.00
06102026,530129,0000000000001351,0000000001674970,0000000000001652,0000000002046220,081.78
06102026,530133,0000000000000199,0000000000013333,0000000000000219,0000000000014843,090.87
06102026,530135,0000000000312707,0000000278277960,0000000000844480,0000000749020527,037.03
06102026,530139,0000000000000038,0000000000003280,0000000000000038,0000000000003280,100.00
06102026,530145,0000000000044724,0000000000949184,0000000000044724,0000000000949184,100.00
06102026,530163,0000000000004657,0000000000692729,0000000000006422,0000000000944744,072.52
06102026,530167,0000000000000311,0000000000006212,0000000000000311,0000000000006212,100.00
06102026,530169,0000000000001030,0000000000024875,0000000000001040,0000000000025802,099.04
06102026,530175,0000000000081875,0000000003750694,0000000000099432,0000000004457926,082.34
06102026,530179,0000000000006680,0000000000721998,0000000000006680,0000000000721998,100.00
06102026,530185,0000000000058045,0000000000262364,0000000000081509,0000000000367868,071.21
06102026,530187,0000000000001754,0000000000008419,0000000000001754,0000000000008419,100.00
06102026,530197,0000000000000115,0000000000050048,0000000000000115,0000000000050045,100.00
06102026,530199,0000000000003716,0000000000424553,0000000000004337,0000000000493816,085.68
06102026,530201,0000000000014036,0000000000028701,0000000000014036,0000000000028701,100.00
06102026,530207,0000000000000155,0000000000003953,0000000000000155,0000000000003982,100.00
06102026,530213,0000000000000120,0000000000010071,0000000000000231,0000000000018599,051.95
06102026,530215,0000000000005203,0000000000361401,0000000000007687,0000000000533908,067.69
06102026,530217,0000000000002201,0000000000016112,0000000000002201,0000000000016147,100.00
06102026,530233,0000000000001636,0000000000372763,0000000000002749,0000000000626748,059.51
06102026,530235,0000000000000595,0000000000034891,0000000000000908,0000000000052765,065.53
06102026,530239,0000000000018235,0000000005640998,0000000000034619,0000000010670423,052.67
06102026,530245,0000000000000013,0000000000007989,0000000000000029,0000000000017727,044.83
06102026,530249,0000000000269104,0000000001980606,0000000000378995,0000000002820178,071.00
06102026,530251,0000000000061388,0000000000025783,0000000000062288,0000000000026774,098.56
06102026,530253,0000000000060708,0000000000492342,0000000000069812,0000000000572500,086.96
06102026,530255,0000000000021862,0000000000214904,0000000000022462,0000000000224301,097.33
06102026,530259,0000000000003915,0000000000202790,0000000000003915,0000000000202790,100.00
06102026,530263,0000000000034544,0000000000016236,0000000000034682,0000000000016254,099.60
06102026,530265,0000000000002011,0000000000075514,0000000000002995,0000000000112363,067.15
06102026,530267,0000000000000150,0000000000005801,0000000000000150,0000000000005799,100.00
06102026,530271,0000000000000152,0000000000001593,0000000000000152,0000000000001596,100.00
06102026,530281,0000000000001166,0000000000052585,0000000000001166,0000000000052585,100.00
06102026,530289,0000000000000284,0000000000014876,0000000000000353,0000000000018932,080.45
06102026,530291,0000000000000026,0000000000001300,0000000000000026,0000000000001300,100.00
06102026,530299,0000000000000610,0000000000039931,0000000000000657,0000000000042656,092.85
06102026,530305,0000000000003480,0000000002068686,0000000000006144,0000000003655975,056.64
06102026,530307,0000000000003556,0000000001039064,0000000000006752,0000000001964293,052.67
06102026,530309,0000000000010628,0000000000104367,0000000000016069,0000000000156226,066.14
06102026,530313,0000000000005360,0000000000177952,0000000000005460,0000000000178509,098.17
06102026,530315,0000000000002804,0000000000305917,0000000000004023,0000000000441189,069.70
06102026,530317,0000000000001245,0000000000145665,0000000000001740,0000000000203147,071.55
06102026,530331,0000000000000007,0000000000002758,0000000000000007,0000000000002757,100.00
06102026,530343,0000000000047562,0000000014608669,0000000000105557,0000000031512204,045.06
06102026,530355,0000000000006819,0000000003165039,0000000000011503,0000000005314138,059.28
06102026,530357,0000000000025627,0000000000033572,0000000000036812,0000000000048578,069.62
06102026,530361,0000000000003623,0000000000226292,0000000000003623,0000000000226292,100.00
06102026,530363,0000000000035537,0000000002154294,0000000000035537,0000000002154294,100.00
06102026,530365,0000000000001064,0000000000442624,0000000000001485,0000000000616148,071.65
06102026,530367,0000000000010299,0000000005522839,0000000000021999,0000000011830386,046.82
06102026,530369,0000000000001121,0000000000041489,0000000000001193,0000000000046179,093.96
06102026,530377,0000000000008075,0000000000054184,0000000000009541,0000000000064028,084.63
06102026,530393,0000000000007461,0000000000247853,0000000000007461,0000000000247853,100.00
06102026,530401,0000000000000515,0000000000025606,0000000000000555,0000000000028005,092.79
06102026,530405,0000000000008362,0000000000270678,0000000000009542,0000000000308811,087.63
06102026,530407,0000000000025524,0000000000927032,0000000000040663,0000000001450582,062.77
06102026,530419,0000000000000781,0000000000034161,0000000000000881,0000000000037156,088.65
06102026,530421,0000000000005014,0000000000051895,0000000000005527,0000000000057724,090.72
06102026,530427,0000000000003026,0000000000664359,0000000000003290,0000000000708233,091.98
06102026,530429,0000000000000029,0000000000000850,0000000000000029,0000000000000847,100.00
06102026,530433,0000000000000048,0000000000002037,0000000000000091,0000000000003666,052.75
06102026,530439,0000000000001714,0000000000008536,0000000000001714,0000000000007150,100.00
06102026,530443,0000000000000101,0000000000001458,0000000000000101,0000000000001392,100.00
06102026,530445,0000000000013943,0000000000020636,0000000000017362,0000000000026645,080.31
06102026,530449,0000000000000512,0000000000025595,0000000000000513,0000000000024650,099.80
06102026,530457,0000000000029326,0000000000968638,0000000000038850,0000000001298621,075.49
06102026,530459,0000000000000419,0000000000017193,0000000000000419,0000000000017193,100.00
06102026,530461,0000000000005315,0000000000064843,0000000000010215,0000000000123543,052.03
06102026,530475,0000000000002703,0000000002559066,0000000000003557,0000000003352494,075.99
06102026,530477,0000000000010218,0000000004094353,0000000000016750,0000000006762296,061.00
06102026,530495,0000000000001079,0000000000060047,0000000000001405,0000000000074076,076.80
06102026,530499,0000000000000797,0000000001374825,0000000000000859,0000000001484546,092.78
06102026,530517,0000000000002666,0000000000773407,0000000000005245,0000000001511817,050.83
06102026,530521,0000000000000541,0000000000187186,0000000000000558,0000000000193080,096.95
06102026,530525,0000000000162516,0000000000331965,0000000000162516,0000000000331965,100.00
06102026,530533,0000000000000097,0000000000011107,0000000000000098,0000000000011229,098.98
06102026,530545,0000000000000134,0000000000024616,0000000000000134,0000000000024647,100.00
06102026,530547,0000000000000058,0000000000000949,0000000000000058,0000000000000946,100.00
06102026,530549,0000000000091122,0000000097723789,0000000000111128,0000000116961226,082.00
06102026,530555,0000000000070356,0000000004094016,0000000000102632,0000000005906544,068.55
06102026,530557,0000000007435053,0000000005504146,0000000007435053,0000000005504146,100.00
06102026,530577,0000000000000238,0000000000011995,0000000000000238,0000000000011995,100.00
06102026,530579,0000000000015679,0000000000368681,0000000000015679,0000000000368681,100.00
06102026,530581,0000000000000450,0000000000002983,0000000000000450,0000000000002983,100.00
06102026,530585,0000000000011849,0000000001640906,0000000000011849,0000000001640906,100.00
06102026,530589,0000000000012331,0000000001599948,0000000000014399,0000000001856294,085.64
06102026,530595,0000000000004262,0000000000058034,0000000000004262,0000000000058034,100.00
06102026,530615,0000000000009771,0000000002102914,0000000000009771,0000000002102914,100.00
06102026,530617,0000000000238503,0000000001433404,0000000000309128,0000000001877811,077.15
06102026,530621,0000000000002522,0000000000214287,0000000000002522,0000000000214287,100.00
06102026,530627,0000000000001121,0000000000289331,0000000000001865,0000000000482674,060.11
06102026,530643,0000000000005754,0000000002523129,0000000000008481,0000000003677663,067.85
06102026,530655,0000000000009132,0000000004485182,0000000000016011,0000000007858291,057.04
06102026,530663,0000000000334447,0000000000444815,0000000000334447,0000000000431368,100.00
06102026,530665,0000000000010876,0000000000034260,0000000000014976,0000000000047371,072.62
06102026,530675,0000000000000008,0000000000000483,0000000000000008,0000000000000462,100.00
06102026,530677,0000000000000559,0000000000017452,0000000000000559,0000000000016979,100.00
06102026,530689,0000000000002507,0000000000121866,0000000000002939,0000000000142968,085.30
06102026,530695,0000000000000050,0000000000001349,0000000000000080,0000000000002089,062.50
06102026,530697,0000000000000613,0000000000016901,0000000000000621,0000000000017573,098.71
06102026,530699,0000000000005583,0000000000112928,0000000000005583,0000000000112928,100.00
06102026,530705,0000000000000340,0000000000012971,0000000000000340,0000000000012971,100.00
06102026,530709,0000000000000233,0000000000020831,0000000000000233,0000000000020132,100.00
06102026,530711,0000000000000596,0000000000032572,0000000000000597,0000000000032451,099.83
06102026,530723,0000000000001215,0000000000137174,0000000000001395,0000000000151451,087.10
06102026,530735,0000000000001200,0000000000037200,0000000000001201,0000000000036972,099.92
06102026,530741,0000000000002601,0000000000702755,0000000000002601,0000000000702755,100.00
06102026,530745,0000000000189531,0000000014214910,0000000000189531,0000000014214910,100.00
06102026,530747,0000000000003079,0000000000055422,0000000000003456,0000000000061585,089.09
06102026,530755,0000000000001430,0000000000013614,0000000000001960,0000000000018621,072.96
06102026,530757,0000000000000518,0000000000074222,0000000000000518,0000000000074222,100.00
06102026,530759,0000000000003064,0000000000665042,0000000000003685,0000000000805540,083.15
06102026,530779,0000000000000002,0000000000000032,0000000000000002,0000000000000032,100.00
06102026,530789,0000000000000019,0000000000002900,0000000000000019,0000000000002899,100.00
06102026,530795,0000000000000139,0000000000001827,0000000000000139,0000000000001827,100.00
06102026,530799,0000000000000232,0000000000006438,0000000000000332,0000000000009266,069.88
06102026,530803,0000000000027553,0000000010824197,0000000000046479,0000000018349380,059.28
06102026,530805,0000000000005357,0000000000020786,0000000000007271,0000000000027882,073.68
06102026,530813,0000000000008035,0000000003129633,0000000000017363,0000000006806307,046.28
06102026,530821,0000000000000318,0000000000004596,0000000000000364,0000000000005300,087.36
06102026,530825,0000000000004609,0000000000211771,0000000000004609,0000000000211771,100.00
06102026,530829,0000000000000051,0000000000001973,0000000000000119,0000000000004602,042.86
06102026,530839,0000000000010917,0000000000143595,0000000000010917,0000000000143595,100.00
06102026,530843,0000000000626747,0000000203128703,0000000001315414,0000000419520856,047.65
06102026,530845,0000000000000309,0000000000326181,0000000000000331,0000000000353472,093.35
06102026,530853,0000000000000120,0000000000010540,0000000000000120,0000000000010540,100.00
06102026,530855,0000000000002253,0000000000168908,0000000000002754,0000000000206467,081.81
06102026,530871,0000000000002846,0000000000547571,0000000000003281,0000000000622463,086.74
06102026,530879,0000000000049750,0000000001029825,0000000000061415,0000000001285733,081.01
06102026,530881,0000000000079236,0000000000329622,0000000000116235,0000000000486928,068.17
06102026,530883,0000000000017717,0000000000234916,0000000000017717,0000000000234916,100.00
06102026,530889,0000000000000274,0000000000006452,0000000000000274,0000000000006452,100.00
06102026,530897,0000000000000936,0000000000094583,0000000000001110,0000000000115436,084.32
06102026,530899,0000000000000010,0000000000000559,0000000000000010,0000000000000558,100.00
06102026,530907,0000000000059263,0000000000737530,0000000000059263,0000000000737530,100.00
06102026,530917,0000000000001000,0000000000014970,0000000000001000,0000000000014970,100.00
06102026,530919,0000000000011394,0000000001241377,0000000000022912,0000000002442482,049.73
06102026,530921,0000000000001300,0000000000010525,0000000000001300,0000000000010525,100.00
06102026,530925,0000000000000618,0000000000051294,0000000000000728,0000000000059892,084.89
06102026,530927,0000000000000100,0000000000005725,0000000000000100,0000000000005725,100.00
06102026,530931,0000000000000100,0000000000001298,0000000000000100,0000000000001298,100.00
06102026,530943,0000000000130295,0000000002018270,0000000000156083,0000000002438514,083.48
06102026,530951,0000000000002387,0000000000103286,0000000000003191,0000000000140760,074.80
06102026,530953,0000000000000428,0000000000030816,0000000000000580,0000000000041642,073.79
06102026,530959,0000000000054557,0000000001480677,0000000000057515,0000000001575016,094.86
06102026,530961,0000000000336811,0000000000343548,0000000000598178,0000000000610382,056.31
06102026,530965,0000000000280382,0000000036856214,0000000000490116,0000000063994610,057.21
06102026,530977,0000000000000032,0000000000003158,0000000000000033,0000000000003056,096.97
06102026,530979,0000000000010773,0000000000334287,0000000000015476,0000000000496531,069.61
06102026,530991,0000000000000034,0000000000001734,0000000000000034,0000000000001734,100.00
06102026,530993,0000000000001241,0000000000051375,0000000000001241,0000000000051375,100.00
06102026,530997,0000000000000509,0000000000044217,0000000000000589,0000000000050626,086.42
06102026,530999,0000000000075705,0000000173235752,0000000000183445,0000000415589383,041.27
06102026,531003,0000000000000001,0000000000000093,0000000000000001,0000000000000092,100.00
06102026,531015,0000000000000167,0000000000002420,0000000000000336,0000000000004919,049.70
06102026,531017,0000000000004216,0000000000084025,0000000000004218,0000000000083688,099.95
06102026,531025,0000000000408849,0000000000118567,0000000000719650,0000000000207664,056.81
06102026,531033,0000000000145740,0000000002321639,0000000000146231,0000000002327573,099.66
06102026,531035,0000000000006374,0000000000108714,0000000000006374,0000000000108714,100.00
06102026,531039,0000000000000100,0000000000000867,0000000000000100,0000000000000867,100.00
06102026,531041,0000000000000319,0000000000114027,0000000000000441,0000000000156606,072.34
06102026,531043,0000000000000048,0000000000001035,0000000000000048,0000000000001034,100.00
06102026,531049,0000000000007893,0000000000540318,0000000000007893,0000000000540318,100.00
06102026,531051,0000000000000001,0000000000000013,0000000000000001,0000000000000012,100.00
06102026,531067,0000000000005896,0000000000113204,0000000000006446,0000000000130828,091.47
06102026,531069,0000000000000098,0000000000060858,0000000000000111,0000000000068473,088.29
06102026,531082,0000000000012992,0000000000098610,0000000000013000,0000000000099045,099.94
06102026,531083,0000000000003000,0000000000013350,0000000000004500,0000000000019005,066.67
06102026,531091,0000000000000021,0000000000000464,0000000000000031,0000000000000672,067.74
06102026,531092,0000000000007038,0000000000517012,0000000000009321,0000000000695770,075.51
06102026,531099,0000000000001976,0000000000061710,0000000000001976,0000000000061710,100.00
06102026,531109,0000000000001033,0000000000049574,0000000000001057,0000000000050729,097.73
06102026,531111,0000000000000200,0000000000008200,0000000000000200,0000000000008200,100.00
06102026,531112,0000000000014284,0000000007522669,0000000000039606,0000000020538917,036.07
06102026,531119,0000000000000824,0000000000174208,0000000000000824,0000000000174208,100.00
06102026,531120,0000000000074528,0000000001933257,0000000000124612,0000000003239256,059.81
06102026,531126,0000000000028589,0000000000379377,0000000000032431,0000000000428031,088.15
06102026,531127,0000000000089759,0000000001267397,0000000000089759,0000000001267397,100.00
06102026,531129,0000000000065998,0000000000964891,0000000000096076,0000000001451112,068.69
06102026,531137,0000000000061447,0000000000084183,0000000000077115,0000000000105732,079.68
06102026,531144,0000000000044608,0000000001060165,0000000000044608,0000000001060165,100.00
06102026,531146,0000000000002509,0000000000779621,0000000000002509,0000000000779621,100.00
06102026,531147,0000000000001729,0000000001501291,0000000000004199,0000000003589497,041.18
06102026,531153,0000000000624175,0000000001485537,0000000000749539,0000000001764066,083.27
06102026,531155,0000000000000008,0000000000000068,0000000000000008,0000000000000067,100.00
06102026,531156,0000000000019811,0000000000238102,0000000000019811,0000000000238102,100.00
06102026,531157,0000000000003625,0000000000078047,0000000000003625,0000000000078033,100.00
06102026,531158,0000000000002650,0000000000051622,0000000000002681,0000000000052644,098.84
06102026,531161,0000000000000032,0000000000005704,0000000000000032,0000000000005447,100.00
06102026,531162,0000000000979714,0000000374152777,0000000001037147,0000000393779796,094.46
06102026,531163,0000000000004370,0000000000205478,0000000000004453,0000000000206222,098.14
06102026,531168,0000000000000022,0000000000003454,0000000000000023,0000000000003611,095.65
06102026,531169,0000000000000584,0000000000057086,0000000000000755,0000000000071956,077.35
06102026,531173,0000000000043429,0000000001624679,0000000000061327,0000000002199546,070.82
06102026,531176,0000000000003231,0000000000037254,0000000000003310,0000000000038097,097.61
06102026,531178,0000000000001782,0000000000016431,0000000000002389,0000000000021768,074.59
06102026,531179,0000000000001163,0000000002024667,0000000000001894,0000000003305904,061.40
06102026,531191,0000000000001105,0000000000077461,0000000000001105,0000000000077292,100.00
06102026,531201,0000000000000835,0000000003414107,0000000000001020,0000000004144115,081.86
06102026,531205,0000000004052782,0000000001742697,0000000008968766,0000000003828271,045.19
06102026,531209,0000000000001253,0000000000803299,0000000000001514,0000000000963606,082.76
06102026,531210,0000000000000142,0000000000010196,0000000000000142,0000000000010315,100.00
06102026,531212,0000000000000286,0000000000010497,0000000000000343,0000000000012729,083.38
06102026,531213,0000000000134990,0000000041833401,0000000000201884,0000000062270466,066.87
06102026,531215,0000000000003717,0000000000389355,0000000000003717,0000000000389355,100.00
06102026,531216,0000000000017133,0000000000106568,0000000000041131,0000000000260283,041.65
06102026,531221,0000000000000060,0000000000001080,0000000000000060,0000000000001080,100.00
06102026,531223,0000000000000231,0000000000006459,0000000000000249,0000000000006917,092.77
06102026,531225,0000000000001162,0000000000032513,0000000000001202,0000000000034040,096.67
06102026,531227,0000000000000027,0000000000001534,0000000000000027,0000000000001538,100.00
06102026,531228,0000000000000101,0000000000001294,0000000000000101,0000000000001294,100.00
06102026,531233,0000000000005307,0000000000068461,0000000000006329,0000000000081442,083.85
06102026,531234,0000000000000021,0000000000001447,0000000000000022,0000000000001515,095.45
06102026,531235,0000000000000039,0000000000001560,0000000000000039,0000000000001560,100.00
06102026,531237,0000000000025151,0000000002012080,0000000000025151,0000000001986954,100.00
06102026,531241,0000000000000153,0000000000013469,0000000000000209,0000000000018425,073.21
06102026,531246,0000000000002679,0000000000045490,0000000000002687,0000000000042852,099.70
06102026,531253,0000000000000323,0000000000118574,0000000000000434,0000000000159778,074.42
06102026,531254,0000000000001541,0000000000022052,0000000000001557,0000000000022904,098.97
06102026,531255,0000000000000041,0000000000002200,0000000000000041,0000000000002192,100.00
06102026,531257,0000000000013153,0000000000195717,0000000000020168,0000000000302213,065.22
06102026,531259,0000000000000143,0000000000005435,0000000000000143,0000000000005435,100.00
06102026,531266,0000000000005405,0000000023936854,0000000000006156,0000000026449920,087.80
06102026,531268,0000000000003024,0000000000067708,0000000000004991,0000000000111845,060.59
06102026,531272,0000000000000230,0000000000004796,0000000000000230,0000000000004795,100.00
06102026,531273,0000000000074126,0000000000096364,0000000000100965,0000000000130479,073.42
06102026,531274,0000000000000013,0000000000000671,0000000000000013,0000000000000671,100.00
06102026,531278,0000000000000471,0000000000046954,0000000000000471,0000000000046835,100.00
06102026,531279,0000000000018504,0000000004766781,0000000000018504,0000000004766781,100.00
06102026,531280,0000000000001309,0000000000182540,0000000000001309,0000000000182540,100.00
06102026,531281,0000000000018481,0000000003026288,0000000000018481,0000000003026288,100.00
06102026,531283,0000000000000504,0000000000005040,0000000000000504,0000000000005040,100.00
06102026,531287,0000000000000432,0000000000098518,0000000000000893,0000000000206895,048.38
06102026,531288,0000000000000015,0000000000000255,0000000000000015,0000000000000255,100.00
06102026,531289,0000000000053204,0000000017845246,0000000000053204,0000000017845246,100.00
06102026,531297,0000000000003392,0000000000170177,0000000000003508,0000000000177794,096.69
06102026,531301,0000000000002886,0000000000551226,0000000000003324,0000000000637776,086.82
06102026,531304,0000000000000880,0000000000026964,0000000000000880,0000000000026963,100.00
06102026,531306,0000000000000324,0000000000161871,0000000000000333,0000000000166013,097.30
06102026,531307,0000000000027295,0000000000444363,0000000000029914,0000000000481072,091.24
06102026,531310,0000000000001249,0000000000173611,0000000000001301,0000000000180855,096.00
06102026,531319,0000000000001173,0000000000048680,0000000000001284,0000000000051269,091.36
06102026,531322,0000000000010767,0000000000015074,0000000000010773,0000000000014477,099.94
06102026,531323,0000000000000101,0000000000001313,0000000000000101,0000000000001268,100.00
06102026,531324,0000000000000644,0000000000012262,0000000000000644,0000000000012262,100.00
06102026,531328,0000000001497699,0000000000614057,0000000002356363,0000000000954854,063.56
06102026,531335,0000000000005449,0000000002746296,0000000000011153,0000000005532075,048.86
06102026,531338,0000000000000004,0000000000000082,0000000000000004,0000000000000082,100.00
06102026,531344,0000000000110169,0000000049052748,0000000000141406,0000000062898049,077.91
06102026,531346,0000000000000048,0000000000001378,0000000000000049,0000000000001442,097.96
06102026,531349,0000000000003606,0000000001311863,0000000000005548,0000000002001698,065.00
06102026,531352,0000000000000001,0000000000000022,0000000000000001,0000000000000021,100.00
06102026,531357,0000000000012724,0000000000471425,0000000000014623,0000000000543969,087.01
06102026,531358,0000000000213740,0000000155346232,0000000000217668,0000000158909329,098.20
06102026,531359,0000000000001443,0000000000373449,0000000000001669,0000000000421478,086.46
06102026,531360,0000000000000020,0000000000000463,0000000000000020,0000000000000463,100.00
06102026,531364,0000000000006509,0000000001270232,0000000000006959,0000000001355613,093.53
06102026,531370,0000000000028868,0000000000122689,0000000000029592,0000000000126353,097.55
06102026,531373,0000000000002521,0000000000073916,0000000000003302,0000000000096967,076.35
06102026,531380,0000000000000100,0000000000009900,0000000000000100,0000000000009900,100.00
06102026,531381,0000000000000067,0000000000062739,0000000000000068,0000000000061806,098.53
06102026,531387,0000000000000100,0000000000000810,0000000000000100,0000000000000810,100.00
06102026,531390,0000000000001341,0000000000079321,0000000000002220,0000000000131836,060.41
06102026,531395,0000000000405878,0000000000386660,0000000000405878,0000000000386660,100.00
06102026,531396,0000000000000001,0000000000000008,0000000000000001,0000000000000007,100.00
06102026,531398,0000000000001303,0000000000143265,0000000000001719,0000000000187204,075.80
06102026,531399,0000000000009705,0000000001988555,0000000000015491,0000000003222349,062.65
06102026,531400,0000000000010784,0000000000212238,0000000000010784,0000000000212238,100.00
06102026,531402,0000000000008390,0000000000133737,0000000000009231,0000000000143145,090.89
06102026,531406,0000000000000032,0000000000000611,0000000000000032,0000000000000611,100.00
06102026,531411,0000000001706021,0000000003787366,0000000001706021,0000000003787366,100.00
06102026,531412,0000000000000019,0000000000002472,0000000000000019,0000000000002472,100.00
06102026,531416,0000000000000032,0000000000001171,0000000000000071,0000000000002450,045.07
06102026,531417,0000000000017403,0000000000041768,0000000000020230,0000000000048379,086.03
06102026,531420,0000000000001351,0000000000008363,0000000000001351,0000000000008363,100.00
06102026,531426,0000000000007094,0000000001035015,0000000000008620,0000000001263350,082.30
06102026,531431,0000000000037164,0000000016701502,0000000000075010,0000000033561499,049.55
06102026,531432,0000000000000001,0000000000000013,0000000000000001,0000000000000013,100.00
06102026,531433,0000000000003436,0000000000010618,0000000000003436,0000000000010651,100.00
06102026,531436,0000000000003923,0000000000101057,0000000000004925,0000000000114020,079.65
06102026,531437,0000000000002076,0000000000047624,0000000000003091,0000000000070004,067.16
06102026,531439,0000000000000602,0000000000025661,0000000000000602,0000000000025661,100.00
06102026,531441,0000000000000026,0000000000000541,0000000000000026,0000000000000540,100.00
06102026,531449,0000000000088796,0000000007009557,0000000000349234,0000000027661235,025.43
06102026,531453,0000000000000200,0000000000004458,0000000000000200,0000000000004458,100.00
06102026,531454,0000000000005896,0000000000121340,0000000000006452,0000000000135053,091.38
06102026,531456,0000000000004574,0000000000006038,0000000000004574,0000000000005946,100.00
06102026,531458,0000000000086680,0000000000886992,0000000000086680,0000000000886992,100.00
06102026,531460,0000000000007875,0000000000136214,0000000000007875,0000000000136214,100.00
06102026,531465,0000000000067581,0000000000021682,0000000000067581,0000000000021682,100.00
06102026,531471,0000000000009823,0000000000911770,0000000000009823,0000000000911770,100.00
06102026,531472,0000000000000529,0000000000020013,0000000000000530,0000000000019073,099.81
06102026,531486,0000000000010366,0000000000016656,0000000000010366,0000000000016656,100.00
06102026,531489,0000000000001774,0000000000260335,0000000000002168,0000000000313793,081.83
06102026,531494,0000000000059962,0000000000051568,0000000000062449,0000000000053065,096.02
06102026,531497,0000000000003914,0000000000015422,0000000000004208,0000000000016909,093.01
06102026,531500,0000000000020607,0000000001273817,0000000000020607,0000000001273817,100.00
06102026,531502,0000000000049479,0000000000535858,0000000000058930,0000000000647667,083.96
06102026,531503,0000000000000771,0000000000028813,0000000000000772,0000000000028908,099.87
06102026,531506,0000000000002605,0000000000087737,0000000000004631,0000000000153660,056.25
06102026,531508,0000000000000459,0000000000146880,0000000000000892,0000000000284509,051.46
06102026,531509,0000000000000377,0000000000007955,0000000000000377,0000000000007955,100.00
06102026,531512,0000000000192944,0000000000773706,0000000000212714,0000000000845799,090.71
06102026,531515,0000000000001824,0000000000056051,0000000000001824,0000000000056051,100.00
06102026,531518,0000000000196478,0000000000050789,0000000000196478,0000000000050789,100.00
06102026,531525,0000000000070947,0000000013648293,0000000000070947,0000000013648293,100.00
06102026,531529,0000000000009501,0000000000014689,0000000000009501,0000000000014689,100.00
06102026,531530,0000000000003579,0000000000112632,0000000000003579,0000000000112631,100.00
06102026,531531,0000000000000937,0000000001080268,0000000000001342,0000000001549744,069.82
06102026,531533,0000000000002943,0000000000126962,0000000000004329,0000000000186480,067.98
06102026,531537,0000000000000921,0000000000029402,0000000000000921,0000000000029402,100.00
06102026,531539,0000000000001149,0000000000047155,0000000000001152,0000000000047322,099.74
06102026,531540,0000000000007687,0000000000083404,0000000000010164,0000000000108046,075.63
06102026,531541,0000000000007372,0000000000029414,0000000000007372,0000000000029414,100.00
06102026,531543,0000000000067643,0000000003078433,0000000000114480,0000000005196109,059.09
06102026,531548,0000000000002814,0000000001757625,0000000000004628,0000000002876310,060.80
06102026,531550,0000000000024703,0000000004904781,0000000000024832,0000000004762299,099.48
06102026,531553,0000000000003122,0000000000104634,0000000000003122,0000000000104634,100.00
06102026,531556,0000000000086864,0000000002742297,0000000000162550,0000000005253405,053.44
06102026,531557,0000000000000020,0000000000000700,0000000000000020,0000000000000699,100.00
06102026,531569,0000000000002262,0000000000395964,0000000000002690,0000000000466922,084.09
06102026,531574,0000000000000235,0000000000001497,0000000000000235,0000000000001497,100.00
06102026,531578,0000000000002828,0000000000018524,0000000000002828,0000000000018557,100.00
06102026,531582,0000000000000004,0000000000000126,0000000000000004,0000000000000124,100.00
06102026,531583,0000000000000647,0000000000020899,0000000000000797,0000000000025468,081.18
06102026,531591,0000000000001099,0000000000020222,0000000000001101,0000000000019988,099.82
06102026,531592,0000000000115025,0000000000126528,0000000000167031,0000000000183104,068.86
06102026,531594,0000000000000050,0000000000001025,0000000000000050,0000000000001025,100.00
06102026,531595,0000000000034380,0000000008488422,0000000000059623,0000000014669094,057.66
06102026,531599,0000000000002117,0000000000707608,0000000000003379,0000000001132001,062.65
06102026,531608,0000000000001794,0000000000077376,0000000000001794,0000000000072532,100.00
06102026,531609,0000000000000050,0000000000009550,0000000000000050,0000000000008839,100.00
06102026,531613,0000000000003541,0000000000007117,0000000000003541,0000000000007117,100.00
06102026,531624,0000000000005331,0000000000033938,0000000000005331,0000000000033938,100.00
06102026,531626,0000000000025339,0000000000164957,0000000000050267,0000000000324544,050.41
06102026,531628,0000000000000557,0000000000035556,0000000000000557,0000000000035556,100.00
06102026,531633,0000000000000913,0000000000527897,0000000000001139,0000000000654566,080.16
06102026,531635,0000000000000158,0000000000011850,0000000000000199,0000000000014495,079.40
06102026,531637,0000000000015858,0000000003932784,0000000000018616,0000000004454141,085.18
06102026,531638,0000000000000251,0000000000047188,0000000000000431,0000000000080710,058.24
06102026,531642,0000000000011667,0000000009315517,0000000000025187,0000000019896425,046.32
06102026,531644,0000000000000803,0000000000014487,0000000000000953,0000000000018358,084.26
06102026,531651,0000000000000027,0000000000001431,0000000000000031,0000000000001676,087.10
06102026,531652,0000000000002428,0000000000186641,0000000000002614,0000000000201149,092.88
06102026,531658,0000000000068268,0000000000544096,0000000000083548,0000000000656742,081.71
06102026,531661,0000000000044217,0000000000557563,0000000000044217,0000000000557563,100.00
06102026,531663,0000000000013428,0000000000121792,0000000000015306,0000000000138238,087.73
06102026,531667,0000000000006047,0000000000270244,0000000000006047,0000000000270244,100.00
06102026,531668,0000000000003250,0000000000006803,0000000000003250,0000000000006803,100.00
06102026,531671,0000000000045987,0000000000055185,0000000000055470,0000000000066868,082.90
06102026,531673,0000000000001080,0000000000019980,0000000000001222,0000000000022316,088.38
06102026,531676,0000000000000215,0000000000052191,0000000000000215,0000000000052191,100.00
06102026,531680,0000000000012096,0000000000493197,0000000000012096,0000000000493197,100.00
06102026,531681,0000000000008930,0000000000007117,0000000000008930,0000000000007117,100.00
06102026,531688,0000000000001782,0000000000183368,0000000000001976,0000000000198907,090.18
06102026,531692,0000000000000955,0000000000002827,0000000000000955,0000000000002891,100.00
06102026,531694,0000000000009222,0000000000275369,0000000000010829,0000000000326560,085.16
06102026,531716,0000000000009392,0000000000012431,0000000000009392,0000000000012431,100.00
06102026,531717,0000000000001217,0000000000430453,0000000000001343,0000000000475302,090.62
06102026,531719,0000000000001038,0000000000249588,0000000000002114,0000000000500813,049.10
06102026,531723,0000000002138218,0000000001448292,0000000002138218,0000000001448292,100.00
06102026,531726,0000000000002144,0000000000224477,0000000000003103,0000000000331061,069.09
06102026,531727,0000000000007429,0000000000521776,0000000000007429,0000000000521776,100.00
06102026,531735,0000000000000200,0000000000005100,0000000000000200,0000000000005100,100.00
06102026,531737,0000000000025482,0000000000014780,0000000000029076,0000000000016901,087.64
06102026,531739,0000000000158995,0000000001575641,0000000000217040,0000000002161980,073.26
06102026,531744,0000000000001364,0000000000080504,0000000000001367,0000000000080885,099.78
06102026,531746,0000000000014008,0000000000277219,0000000000018585,0000000000353680,075.37
06102026,531752,0000000002222524,0000000000600082,0000000004874947,0000000001328468,045.59
06102026,531758,0000000000000265,0000000000002783,0000000000000265,0000000000002819,100.00
06102026,531761,0000000000003073,0000000001631149,0000000000005969,0000000003207507,051.48
06102026,531762,0000000000000325,0000000000010120,0000000000000325,0000000000010120,100.00
06102026,531768,0000000000001051,0000000001715495,0000000000002201,0000000003583911,047.75
06102026,531769,0000000000003102,0000000000012408,0000000000003102,0000000000012423,100.00
06102026,531771,0000000000004099,0000000000682074,0000000000005054,0000000000842186,081.10
06102026,531778,0000000000000107,0000000000002843,0000000000000110,0000000000002835,097.27
06102026,531780,0000000000763810,0000000004323165,0000000000772655,0000000004369397,098.86
06102026,531784,0000000000145351,0000000000181689,0000000000148255,0000000000185652,098.04
06102026,531795,0000000000001571,0000000000672624,0000000000002213,0000000000946700,070.99
06102026,531797,0000000000000325,0000000000034288,0000000000000626,0000000000066899,051.92
06102026,531802,0000000000001782,0000000000042038,0000000000003033,0000000000072007,058.75
06102026,531810,0000000000001374,0000000000069800,0000000000001375,0000000000069406,099.93
06102026,531812,0000000000003668,0000000000001981,0000000000003668,0000000000002196,100.00
06102026,531814,0000000000003754,0000000000029507,0000000000003857,0000000000030729,097.33
06102026,531822,0000000000000027,0000000000003749,0000000000000028,0000000000003872,096.43
06102026,531832,0000000000001403,0000000000051519,0000000000001403,0000000000051518,100.00
06102026,531834,0000000000012735,0000000000460111,0000000000012735,0000000000460111,100.00
06102026,531840,0000000000001167,0000000000028720,0000000000001686,0000000000042413,069.22
06102026,531841,0000000000000770,0000000000243155,0000000000000770,0000000000243155,100.00
06102026,531842,0000000000000002,0000000000000083,0000000000000002,0000000000000082,100.00
06102026,531845,0000000000021251,0000000000111993,0000000000025586,0000000000133039,083.06
06102026,531846,0000000000000001,0000000000000011,0000000000000001,0000000000000010,100.00
06102026,531847,0000000000000614,0000000000394342,0000000000000752,0000000000481070,081.65
06102026,531859,0000000000003730,0000000000455247,0000000000005784,0000000000708207,064.49
06102026,531861,0000000000002125,0000000000101682,0000000000002128,0000000000100836,099.86
06102026,531862,0000000000007034,0000000000148488,0000000000008597,0000000000181714,081.82
06102026,531867,0000000000003572,0000000000010477,0000000000003572,0000000000010477,100.00
06102026,531869,0000000000040803,0000000000141587,0000000000043803,0000000000152382,093.15
06102026,531870,0000000000000027,0000000000000405,0000000000000027,0000000000000405,100.00
06102026,531878,0000000000000232,0000000000001815,0000000000000232,0000000000001845,100.00
06102026,531888,0000000000021203,0000000002261300,0000000000036771,0000000003744171,057.66
06102026,531889,0000000000286150,0000000005642878,0000000000350892,0000000006977576,081.55
06102026,531892,0000000000000008,0000000000000136,0000000000000008,0000000000000135,100.00
06102026,531893,0000000000514320,0000000000144010,0000000001075086,0000000000303157,047.84
06102026,531900,0000000000002711,0000000000058395,0000000000002737,0000000000058059,099.05
06102026,531909,0000000000192527,0000000000183395,0000000000192527,0000000000183395,100.00
06102026,531910,0000000000025463,0000000005591786,0000000000025463,0000000005591786,100.00
06102026,531911,0000000000028023,0000000002563404,0000000000028023,0000000002563404,100.00
06102026,531913,0000000000002205,0000000000026064,0000000000004780,0000000000055406,046.13
06102026,531918,0000000000000367,0000000000026791,0000000000000367,0000000000026683,100.00
06102026,531921,0000000000000935,0000000000370634,0000000000001463,0000000000572194,063.91
06102026,531923,0000000000016567,0000000002416297,0000000000022698,0000000003304982,072.99
06102026,531925,0000000000001242,0000000000001603,0000000000001242,0000000000001602,100.00
06102026,531928,0000000000000001,0000000000000011,0000000000000001,0000000000000010,100.00
06102026,531929,0000000000000050,0000000000000211,0000000000000050,0000000000000211,100.00
06102026,531930,0000000000000052,0000000000001352,0000000000000052,0000000000001349,100.00
06102026,531931,0000000000000005,0000000000000784,0000000000000006,0000000000000940,083.33
06102026,531944,0000000000000300,0000000000005217,0000000000000300,0000000000005217,100.00
06102026,531950,0000000000009854,0000000000030548,0000000000015795,0000000000048711,062.39
06102026,531952,0000000000002064,0000000000133995,0000000000002597,0000000000169657,079.48
06102026,531959,0000000000008836,0000000000016082,0000000000010004,0000000000018197,088.32
06102026,531962,0000000000002433,0000000000088927,0000000000002975,0000000000108935,081.78
06102026,531977,0000000000233843,0000000001933237,0000000000233843,0000000001933237,100.00
06102026,531978,0000000000000142,0000000000216827,0000000000000193,0000000000296040,073.58
06102026,531979,0000000000001019,0000000000091048,0000000000001037,0000000000092944,098.26
06102026,531982,0000000000082090,0000000001568509,0000000000082090,0000000001568509,100.00
06102026,531991,0000000000144701,0000000000075245,0000000000150383,0000000000078078,096.22
06102026,531996,0000000000002246,0000000000015094,0000000000002311,0000000000016041,097.19
06102026,531997,0000000000125282,0000000006633682,0000000000149319,0000000007643689,083.90
06102026,532001,0000000000000017,0000000000001020,0000000000000017,0000000000001020,100.00
06102026,532007,0000000000000102,0000000000002811,0000000000000102,0000000000002822,100.00
06102026,532011,0000000000000674,0000000000044538,0000000000000735,0000000000048294,091.70
06102026,532015,0000000000021775,0000000000293745,0000000000030045,0000000000404798,072.47
06102026,532016,0000000000001428,0000000000201920,0000000000002903,0000000000434947,049.19
06102026,532019,0000000000007920,0000000000029095,0000000000007920,0000000000029095,100.00
06102026,532022,0000000000560164,0000000000106432,0000000000560164,0000000000106431,100.00
06102026,532029,0000000000007807,0000000000172457,0000000000011412,0000000000255749,068.41
06102026,532039,0000000000015633,0000000000653460,0000000000022279,0000000000941635,070.17
06102026,532041,0000000000003434,0000000000024011,0000000000003434,0000000000024011,100.00
06102026,532042,0000000000000100,0000000000003371,0000000000000100,0000000000003371,100.00
06102026,532051,0000000000001491,0000000000912642,0000000000002359,0000000001442267,063.20
06102026,532053,0000000000000021,0000000000001764,0000000000000021,0000000000001763,100.00
06102026,532054,0000000000000458,0000000001836054,0000000000001003,0000000004042305,045.66
06102026,532056,0000000000001510,0000000000204379,0000000000001610,0000000000223664,093.79
06102026,532057,0000000000000155,0000000000021472,0000000000000155,0000000000021472,100.00
06102026,532067,0000000000001895,0000000002986899,0000000000003283,0000000005249388,057.72
06102026,532070,0000000000028228,0000000003380303,0000000000038871,0000000004541450,072.62
06102026,532090,0000000000017937,0000000000681427,0000000000022973,0000000000864469,078.08
06102026,532092,0000000000045998,0000000000044619,0000000000077399,0000000000074916,059.43
06102026,532100,0000000000007808,0000000000093696,0000000000007808,0000000000093635,100.00
06102026,532102,0000000000003689,0000000000275901,0000000000005276,0000000000387243,069.92
06102026,532113,0000000000000204,0000000000001857,0000000000000204,0000000000001856,100.00
06102026,532123,0000000000016655,0000000000063456,0000000000021010,0000000000080196,079.27
06102026,532124,0000000000080829,0000000002918736,0000000000093045,0000000003347561,086.87
06102026,532131,0000000000002040,0000000000034538,0000000000002097,0000000000034811,097.28
06102026,532134,0000000000070294,0000000016364444,0000000000143144,0000000033364602,049.11
06102026,532140,0000000000032900,0000000000083566,0000000000034976,0000000000082712,094.06
06102026,532141,0000000000000934,0000000000036922,0000000000001074,0000000000042914,086.96
06102026,532143,0000000000017389,0000000003652560,0000000000023497,0000000004875340,074.01
06102026,532144,0000000000033068,0000000087868290,0000000000095871,0000000249840324,034.49
06102026,532145,0000000000000665,0000000000007448,0000000000000665,0000000000007441,100.00
06102026,532149,0000000000098200,0000000013016410,0000000000190039,0000000025196362,051.67
06102026,532150,0000000000013559,0000000004543621,0000000000019578,0000000006501671,069.26
06102026,532154,0000000000320911,0000000000144410,0000000000602245,0000000000274860,053.29
06102026,532155,0000000000103580,0000000017763970,0000000000199232,0000000033897853,051.99
06102026,532156,0000000000015641,0000000003168085,0000000000021087,0000000004273135,074.17
06102026,532159,0000000000003574,0000000000023768,0000000000004726,0000000000031562,075.62
06102026,532160,0000000000004177,0000000000040058,0000000000005580,0000000000054895,074.86
06102026,532162,0000000000005389,0000000002117877,0000000000013425,0000000005295078,040.14
06102026,532163,0000000000004070,0000000002050873,0000000000010039,0000000005027989,040.54
06102026,532172,0000000000017912,0000000000225744,0000000000017912,0000000000225744,100.00
06102026,532173,0000000000001382,0000000000196659,0000000000001897,0000000000266790,072.85
06102026,532174,0000000000560963,0000000752587961,0000000000641501,0000000859894632,087.45
06102026,532175,0000000000010346,0000000011579244,0000000000027386,0000000030592467,037.78
06102026,532178,0000000000078470,0000000024565034,0000000000196986,0000000061835500,039.84
06102026,532180,0000000000739568,0000000021329142,0000000001005012,0000000027945373,073.59
06102026,532181,0000000000017664,0000000008688039,0000000000035083,0000000017282819,050.35
06102026,532183,0000000000041711,0000000000303239,0000000000063743,0000000000464372,065.44
06102026,532187,0000000000047221,0000000042827086,0000000000074081,0000000066758978,063.74
06102026,532189,0000000000002476,0000000001672291,0000000000004059,0000000002726277,061.00
06102026,532209,0000000000047838,0000000006678185,0000000000080867,0000000011364061,059.16
06102026,532210,0000000000041543,0000000009293170,0000000000065826,0000000014864268,063.11
06102026,532212,0000000000000558,0000000000006920,0000000000000670,0000000000008317,083.28
06102026,532215,0000000000249461,0000000311452059,0000000000355760,0000000442812115,070.12
06102026,532216,0000000000000825,0000000000047850,0000000000000825,0000000000047965,100.00
06102026,532217,0000000000004527,0000000000087685,0000000000004527,0000000000087685,100.00
06102026,532218,0000000000366876,0000000017353235,0000000000739944,0000000035505563,049.58
06102026,532219,0000000000000853,0000000000012088,0000000000000862,0000000000012291,098.96
06102026,532221,0000000000023619,0000000005956712,0000000000044164,0000000011147925,053.48
06102026,532230,0000000000000203,0000000000028086,0000000000000204,0000000000027960,099.51
06102026,532234,0000000000047531,0000000016008441,0000000000128829,0000000043782841,036.89
06102026,532240,0000000000001494,0000000001853382,0000000000002840,0000000003484911,052.61
06102026,532256,0000000000000027,0000000000142776,0000000000000032,0000000000168446,084.38
06102026,532259,0000000000002708,0000000048778392,0000000000005181,0000000094365888,052.27
06102026,532262,0000000000000007,0000000000008183,0000000000000007,0000000000008169,100.00
06102026,532268,0000000000004061,0000000004462024,0000000000006633,0000000007324520,061.22
06102026,532271,0000000000031196,0000000000039307,0000000000031231,0000000000040188,099.89
06102026,532275,0000000000056143,0000000000113409,0000000000083600,0000000000168448,067.16
06102026,532281,0000000000028155,0000000033845126,0000000000064503,0000000077207289,043.65
06102026,532284,0000000000009107,0000000000231227,0000000000009758,0000000000234014,093.33
06102026,532285,0000000000011439,0000000000900021,0000000000017542,0000000001367604,065.21
06102026,532286,0000000000087091,0000000094493735,0000000000164006,0000000175958364,053.10
06102026,532290,0000000000002464,0000000000039375,0000000000004227,0000000000067691,058.29
06102026,532296,0000000000006783,0000000015525948,0000000000013398,0000000030737182,050.63
06102026,532300,0000000000016021,0000000034831257,0000000000035729,0000000076037766,044.84
06102026,532304,0000000000000038,0000000000002147,0000000000000038,0000000000002148,100.00
06102026,532305,0000000000007932,0000000003172800,0000000000015978,0000000006294370,049.64
06102026,532309,0000000000013542,0000000009961496,0000000000027147,0000000019538063,049.88
06102026,532310,0000000000003853,0000000000167683,0000000000005614,0000000000242817,068.63
06102026,532313,0000000000002369,0000000000833415,0000000000003582,0000000001250782,066.14
06102026,532315,0000000000007780,0000000000049792,0000000000008478,0000000000053961,091.77
06102026,532320,0000000000000148,0000000000001319,0000000000000148,0000000000001330,100.00
06102026,532321,0000000000080247,0000000093086520,0000000000114115,0000000131487238,070.32
06102026,532323,0000000000041108,0000000000541393,0000000000054932,0000000000727153,074.83
06102026,532324,0000000000000026,0000000000000371,0000000000000026,0000000000000370,100.00
06102026,532326,0000000000000171,0000000000014238,0000000000000212,0000000000017561,080.66
06102026,532329,0000000000002094,0000000003023698,0000000000002094,0000000003023698,100.00
06102026,532331,0000000000002893,0000000010347104,0000000000005102,0000000018150235,056.70
06102026,532333,0000000000000030,0000000000001786,0000000000000047,0000000000002817,063.83
06102026,532334,0000000000018477,0000000001380417,0000000000023501,0000000001810184,078.62
06102026,532335,0000000000000148,0000000000003647,0000000000000148,0000000000003647,100.00
06102026,532339,0000000000002228,0000000000029633,0000000000002379,0000000000031152,093.65
06102026,532340,0000000000001110,0000000000003441,0000000000001610,0000000000004991,068.94
06102026,532341,0000000000002471,0000000002135439,0000000000004022,0000000003477827,061.44
06102026,532343,0000000000010229,0000000040793252,0000000000014743,0000000058644137,069.38
06102026,532344,0000000000002344,0000000000356054,0000000000003229,0000000000489112,072.59
06102026,532348,0000000000125305,0000000002454725,0000000000519642,0000000010206685,024.11
06102026,532349,0000000000002904,0000000002575848,0000000000004393,0000000003873238,066.11
06102026,532350,0000000000001311,0000000000004887,0000000000001311,0000000000004887,100.00
06102026,532351,0000000000190073,0000000001388183,0000000000190073,0000000001388183,100.00
06102026,532354,0000000000021435,0000000000057231,0000000000021435,0000000000057231,100.00
06102026,532355,0000000000000267,0000000000002048,0000000000000267,0000000000002080,100.00
06102026,532356,0000000000027143,0000000006571321,0000000000061770,0000000014985297,043.94
06102026,532359,0000000000082337,0000000000195963,0000000000100625,0000000000239264,081.83
06102026,532362,0000000000000356,0000000000058562,0000000000000407,0000000000067602,087.47
06102026,532365,0000000000001860,0000000001879437,0000000000002860,0000000002874651,065.03
06102026,532366,0000000000008602,0000000000612549,0000000000016676,0000000001199288,051.58
06102026,532368,0000000000204476,0000000001858687,0000000000294247,0000000002684696,069.49
06102026,532369,0000000000006100,0000000001816885,0000000000008253,0000000002441179,073.91
06102026,532370,0000000000002873,0000000001619798,0000000000003469,0000000001928714,082.82
06102026,532371,0000000000055241,0000000001884823,0000000000103166,0000000003523647,053.55
06102026,532372,0000000000008244,0000000000108079,0000000000008597,0000000000112908,095.89
06102026,532373,0000000000001870,0000000000062141,0000000000001897,0000000000063389,098.58
06102026,532374,0000000000171563,0000000177241463,0000000000171563,0000000177241463,100.00
06102026,532375,0000000000011226,0000000007327211,0000000000014385,0000000009273532,078.04
06102026,532376,0000000000000140,0000000000012901,0000000000000193,0000000000017890,072.54
06102026,532378,0000000000002790,0000000000014229,0000000000004615,0000000000022670,060.46
06102026,532379,0000000000024051,0000000000356671,0000000000024051,0000000000356671,100.00
06102026,532380,0000000000020423,0000000000291028,0000000000030968,0000000000440538,065.95
06102026,532382,0000000000004299,0000000000391295,0000000000006091,0000000000552934,070.58
06102026,532384,0000000000001897,0000000000197573,0000000000002492,0000000000260069,076.12
06102026,532386,0000000000032700,0000000001107759,0000000000032700,0000000001107759,100.00
06102026,532387,0000000000000034,0000000000000614,0000000000000034,0000000000000602,100.00
06102026,532388,0000000000127281,0000000004002988,0000000000210956,0000000006581433,060.34
06102026,532390,0000000000001043,0000000000333552,0000000000001477,0000000000470501,070.62
06102026,532392,0000000000000814,0000000000004803,0000000000000885,0000000000005246,091.98
06102026,532395,0000000000003193,0000000007319793,0000000000007661,0000000017458161,041.68
06102026,532397,0000000000000245,0000000000004400,0000000000000245,0000000000004400,100.00
06102026,532398,0000000000001405,0000000000006393,0000000000001705,0000000000007443,082.40
06102026,532400,0000000000032703,0000000009138854,0000000000064541,0000000017863673,050.67
06102026,532402,0000000000022927,0000000000167138,0000000000028810,0000000000213027,079.58
06102026,532404,0000000000011713,0000000000398242,0000000000012569,0000000000426696,093.19
06102026,532406,0000000000018928,0000000002860021,0000000000054099,0000000008150074,034.99
06102026,532407,0000000000049068,0000000009705651,0000000000125789,0000000024848256,039.01
06102026,532408,0000000000030476,0000000034338583,0000000000030476,0000000034338583,100.00
06102026,532410,0000000000000411,0000000000009852,0000000000000411,0000000000010238,100.00
06102026,532416,0000000000000001,0000000000000004,0000000000000001,0000000000000003,100.00
06102026,532419,0000000000000700,0000000000159116,0000000000000700,0000000000159116,100.00
06102026,532424,0000000000049341,0000000043025352,0000000000108194,0000000092697887,045.60
06102026,532425,0000000000028302,0000000000675568,0000000000028302,0000000000675568,100.00
06102026,532430,0000000000000760,0000000000378594,0000000000001407,0000000000702324,054.02
06102026,532432,0000000000494300,0000000673211885,0000000000505296,0000000688554568,097.82
06102026,532435,0000000000006126,0000000000311018,0000000000006572,0000000000328235,093.21
06102026,532439,0000000000014043,0000000015489429,0000000000025119,0000000027498771,055.91
06102026,532440,0000000000000228,0000000000608669,0000000000000519,0000000001389242,043.93
06102026,532443,0000000000000095,0000000000487783,0000000000000127,0000000000648523,074.80
06102026,532444,0000000000007099,0000000000014553,0000000000007099,0000000000014212,100.00
06102026,532454,0000000000498690,0000000902130210,0000000000554246,0000000990575762,089.98
06102026,532455,0000000000005172,0000000000107061,0000000000006062,0000000000125122,085.32
06102026,532456,0000000000001268,0000000000001344,0000000000001268,0000000000001344,100.00
06102026,532457,0000000000003754,0000000000631611,0000000000013483,0000000002224213,027.84
06102026,532460,0000000000001802,0000000000676021,0000000000003753,0000000001426466,048.01
06102026,532461,0000000000178685,0000000020012720,0000000000307057,0000000034398156,058.19
06102026,532466,0000000000001289,0000000013598950,0000000000002808,0000000029377029,045.90
06102026,532467,0000000000057235,0000000001031375,0000000000100709,0000000001797321,056.83
06102026,532468,0000000000000516,0000000001161000,0000000000000535,0000000001201753,096.45
06102026,532470,0000000000000004,0000000000000039,0000000000000004,0000000000000039,100.00
06102026,532475,0000000000005481,0000000000483644,0000000000006487,0000000000573625,084.49
06102026,532477,0000000000147866,0000000024900635,0000000000255603,0000000043081252,057.85
06102026,532478,0000000000002959,0000000003487330,0000000000004708,0000000005567196,062.85
06102026,532481,0000000000012635,0000000000046371,0000000000015083,0000000000055086,083.77
06102026,532482,0000000000009748,0000000008150791,0000000000017943,0000000014875314,054.33
06102026,532483,0000000000605096,0000000071189545,0000000001024273,0000000121344270,059.08
06102026,532485,0000000000013463,0000000000875634,0000000000014235,0000000000923686,094.58
06102026,532486,0000000000003140,0000000002231441,0000000000004236,0000000002989741,074.13
06102026,532488,0000000000036222,0000000345738990,0000000000042006,0000000395903397,086.23
06102026,532493,0000000000006327,0000000010794179,0000000000013248,0000000022488992,047.76
06102026,532497,0000000000007700,0000000034573000,0000000000016985,0000000075520745,045.33
06102026,532500,0000000000020816,0000000241528048,0000000000028146,0000000324938293,073.96
06102026,532503,0000000000000005,0000000000003750,0000000000000005,0000000000003744,100.00
06102026,532504,0000000000009411,0000000080371823,0000000000013034,0000000109561941,072.20
06102026,532505,0000000000332413,0000000007741899,0000000000508295,0000000011884104,065.40
06102026,532507,0000000000000521,0000000000002137,0000000000000593,0000000000002466,087.86
06102026,532508,0000000000011330,0000000008500899,0000000000017127,0000000012904882,066.15
06102026,532509,0000000000003205,0000000001512921,0000000000004664,0000000002184861,068.72
06102026,532513,0000000000005038,0000000002035604,0000000000006516,0000000002623404,077.32
06102026,532514,0000000000035956,0000000005082381,0000000000075521,0000000010675354,047.61
06102026,532515,0000000000000177,0000000000017877,0000000000000179,0000000000018166,098.88
06102026,532521,0000000000000211,0000000000008791,0000000000000211,0000000000008881,100.00
06102026,532522,0000000000812355,0000000241350671,0000000000906854,0000000268455893,089.58
06102026,532523,0000000000016580,0000000006111388,0000000000036482,0000000013448937,045.45
06102026,532524,0000000000112990,0000000017756379,0000000000186009,0000000029240141,060.74
06102026,532525,0000000000153240,0000000012351144,0000000000295159,0000000023771079,051.92
06102026,532527,0000000000023194,0000000016994244,0000000000053026,0000000038400069,043.74
06102026,532528,0000000000001341,0000000001032503,0000000000002642,0000000002037776,050.76
06102026,532529,0000000000002043,0000000000137617,0000000000002970,0000000000201316,068.79
06102026,532531,0000000000003537,0000000003847372,0000000000011069,0000000012026838,031.95
06102026,532538,0000000000002249,0000000024282116,0000000000003367,0000000036378704,066.80
06102026,532539,0000000000016068,0000000017970452,0000000000025031,0000000027972009,064.19
06102026,532540,0000000000046728,0000000098035344,0000000000086312,0000000180847536,054.14
06102026,532541,0000000000080001,0000000147341842,0000000000109925,0000000202216747,072.78
06102026,532543,0000000000005924,0000000000368216,0000000000005924,0000000000368216,100.00
06102026,532548,0000000000001052,0000000000716307,0000000000001401,0000000000955583,075.09
06102026,532553,0000000000008924,0000000006412787,0000000000012430,0000000008990720,071.79
06102026,532555,0000000000091495,0000000029397344,0000000000141980,0000000045714120,064.44
06102026,532604,0000000000182189,0000000016287697,0000000000269828,0000000024092940,067.52
06102026,532605,0000000000013160,0000000007278138,0000000000021303,0000000011764424,061.78
06102026,532610,0000000000099380,0000000004663904,0000000000303380,0000000014133964,032.76
06102026,532612,0000000000003807,0000000000943375,0000000000009593,0000000002372746,039.69
06102026,532613,0000000000003434,0000000000069161,0000000000003750,0000000000075952,091.57
06102026,532616,0000000000012740,0000000000785931,0000000000016709,0000000001023898,076.25
06102026,532624,0000000000000035,0000000000035700,0000000000000035,0000000000035858,100.00
06102026,532626,0000000000022342,0000000009995811,0000000000029381,0000000013128259,076.04
06102026,532627,0000000001504123,0000000022591928,0000000003586902,0000000054129306,041.93
06102026,532628,0000000000008600,0000000000196273,0000000000008600,0000000000196273,100.00
06102026,532629,0000000000003627,0000000001814822,0000000000003627,0000000001814822,100.00
06102026,532630,0000000000153836,0000000105223824,0000000000158963,0000000108746426,096.77
06102026,532633,0000000000000558,0000000000429465,0000000000000652,0000000000496407,085.58
06102026,532636,0000000000016531,0000000009933478,0000000000044145,0000000026384499,037.45
06102026,532637,0000000000016709,0000000000529175,0000000000018548,0000000000561076,090.09
06102026,532638,0000000000001298,0000000000518681,0000000000001558,0000000000622807,083.31
06102026,532640,0000000000000538,0000000000009593,0000000000000538,0000000000009593,100.00
06102026,532641,0000000000073489,0000000000190337,0000000000127447,0000000000334394,057.66
06102026,532642,0000000000000031,0000000000351012,0000000000000087,0000000000986010,035.63
06102026,532644,0000000000000297,0000000001472066,0000000000000543,0000000002698002,054.70
06102026,532645,0000000000002718,0000000000006931,0000000000002718,0000000000006884,100.00
06102026,532648,0000000002323777,0000000048520464,0000000003878877,0000000081176271,059.91
06102026,532649,0000000000033672,0000000000371403,0000000000037266,0000000000407681,090.36
06102026,532650,0000000000019227,0000000000616034,0000000000032556,0000000001047122,059.06
06102026,532652,0000000000016282,0000000005281881,0000000000029784,0000000009697421,054.67
06102026,532654,0000000000005443,0000000000231655,0000000000009466,0000000000404916,057.50
06102026,532656,0000000000208247,0000000000720535,0000000000368851,0000000001268852,056.46
06102026,532660,0000000000001201,0000000000007422,0000000000001201,0000000000007422,100.00
06102026,532661,0000000000003546,0000000004976634,0000000000008342,0000000011731203,042.51
06102026,532662,0000000000002227,0000000000050242,0000000000003168,0000000000071933,070.30
06102026,532663,0000000000000300,0000000000503205,0000000000000612,0000000001042694,049.02
06102026,532666,0000000000373467,0000000000522854,0000000000611524,0000000000850879,061.07
06102026,532667,0000000002752760,0000000107743027,0000000004932830,0000000193209419,055.80
06102026,532668,0000000000005135,0000000003162904,0000000000012416,0000000007630604,041.36
06102026,532670,0000000000552308,0000000012498731,0000000001382294,0000000031188319,039.96
06102026,532673,0000000000007176,0000000000193102,0000000000007176,0000000000193102,100.00
06102026,532674,0000000000000302,0000000000006946,0000000000000302,0000000000006884,100.00
06102026,532676,0000000000009443,0000000000054674,0000000000009443,0000000000054674,100.00
06102026,532683,0000000000000456,0000000001786449,0000000000000765,0000000002977527,059.61
06102026,532684,0000000000003117,0000000000331182,0000000000004929,0000000000522742,063.24
06102026,532686,0000000000007361,0000000012918924,0000000000012132,0000000020897494,060.67
06102026,532687,0000000000000957,0000000000284421,0000000000001299,0000000000388738,073.67
06102026,532689,0000000000003913,0000000004896533,0000000000008825,0000000010998214,044.34
06102026,532694,0000000000017628,0000000000105240,0000000000020860,0000000000121460,084.51
06102026,532695,0000000000001496,0000000000009560,0000000000001496,0000000000009679,100.00
06102026,532698,0000000000001999,0000000001232384,0000000000003209,0000000001975841,062.29
06102026,532699,0000000000002142,0000000000643457,0000000000002291,0000000000688046,093.50
06102026,532700,0000000000000206,0000000000019338,0000000000000208,0000000000019525,099.04
06102026,532701,0000000000024986,0000000000905455,0000000000024986,0000000000905455,100.00
06102026,532705,0000000000003522,0000000000217519,0000000000005018,0000000000310068,070.19
06102026,532707,0000000000000010,0000000000002239,0000000000000012,0000000000002695,083.33
06102026,532708,0000000000110779,0000000000266977,0000000000110779,0000000000266977,100.00
06102026,532710,0000000000012952,0000000000088592,0000000000013404,0000000000092149,096.63
06102026,532712,0000000000445263,0000000000382751,0000000000445263,0000000000382751,100.00
06102026,532713,0000000000181095,0000000000275265,0000000000226544,0000000000346908,079.94
06102026,532714,0000000000019202,0000000007202671,0000000000038878,0000000014548327,049.39
06102026,532716,0000000000000428,0000000000048450,0000000000000430,0000000000048898,099.53
06102026,532717,0000000000000803,0000000002687682,0000000000001868,0000000006263169,042.99
06102026,532719,0000000000034892,0000000001910337,0000000000053962,0000000002944004,064.66
06102026,532720,0000000000061331,0000000020107369,0000000000117176,0000000038068250,052.34
06102026,532721,0000000000003240,0000000000113109,0000000000003267,0000000000114001,099.17
06102026,532722,0000000000003401,0000000000285106,0000000000004572,0000000000382329,074.39
06102026,532723,0000000000000042,0000000000001167,0000000000000042,0000000000001167,100.00
06102026,532725,0000000000002843,0000000057143874,0000000000006719,0000000133448636,042.31
06102026,532726,0000000000008116,0000000004317307,0000000000010561,0000000005617109,076.85
06102026,532728,0000000000000031,0000000000000997,0000000000000031,0000000000000995,100.00
06102026,532729,0000000000015578,0000000004713124,0000000000027700,0000000008432915,056.24
06102026,532730,0000000000000504,0000000000004390,0000000000000536,0000000000004669,094.03
06102026,532732,0000000000000472,0000000000222501,0000000000000812,0000000000379820,058.13
06102026,532733,0000000000039790,0000000025161207,0000000000102878,0000000064731184,038.68
06102026,532734,0000000000033098,0000000007263357,0000000000077989,0000000016866731,042.44
06102026,532735,0000000000034050,0000000008376300,0000000000073498,0000000018129631,046.33
06102026,532737,0000000000000481,0000000000137687,0000000000001205,0000000000342771,039.92
06102026,532738,0000000000006957,0000000000059954,0000000000006957,0000000000059954,100.00
06102026,532740,0000000000025083,0000000011405241,0000000000047536,0000000021311934,052.77
06102026,532741,0000000000014002,0000000000523955,0000000000025232,0000000000936294,055.49
06102026,532742,0000000000002638,0000000001857680,0000000000004463,0000000003085994,059.11
06102026,532744,0000000000000944,0000000000007552,0000000000001003,0000000000007994,094.12
06102026,532748,0000000000036113,0000000010588332,0000000000179944,0000000051765960,020.07
06102026,532749,0000000000304618,0000000003192397,0000000000451736,0000000004676281,067.43
06102026,532754,0000000000185756,0000000017275308,0000000000355879,0000000033184055,052.20
06102026,532755,0000000000081443,0000000122408829,0000000000123488,0000000185592781,065.95
06102026,532756,0000000000004380,0000000001659582,0000000000007031,0000000002655306,062.30
06102026,532757,0000000000000155,0000000001633778,0000000000000276,0000000002911481,056.16
06102026,532759,0000000000001255,0000000000044189,0000000000001677,0000000000059161,074.84
06102026,532761,0000000000001055,0000000000042380,0000000000001055,0000000000042281,100.00
06102026,532762,0000000000006875,0000000008595813,0000000000011131,0000000013831997,061.76
06102026,532764,0000000000000016,0000000000005852,0000000000000017,0000000000006219,094.12
06102026,532767,0000000000061650,0000000001325475,0000000000119619,0000000002543190,051.54
06102026,532768,0000000000001873,0000000003332255,0000000000002779,0000000004957139,067.40
06102026,532771,0000000000079375,0000000000805560,0000000000079375,0000000000805560,100.00
06102026,532772,0000000000022790,0000000004560279,0000000000058673,0000000011508249,038.84
06102026,532773,0000000000000365,0000000000047268,0000000000000375,0000000000049616,097.33
06102026,532774,0000000000000240,0000000000020196,0000000000000250,0000000000021608,096.00
06102026,532775,0000000002674101,0000000002914771,0000000004961861,0000000005325990,053.89
06102026,532776,0000000000014661,0000000000245132,0000000000015674,0000000000265803,093.54
06102026,532777,0000000000012653,0000000015677067,0000000000040516,0000000049348069,031.23
06102026,532779,0000000000006343,0000000007829165,0000000000011232,0000000013796123,056.47
06102026,532780,0000000000014488,0000000000032163,0000000000014488,0000000000032163,100.00
06102026,532782,0000000000000411,0000000000015516,0000000000000496,0000000000018727,082.86
06102026,532783,0000000000007296,0000000002978592,0000000000014477,0000000005947264,050.40
06102026,532784,0000000000001340,0000000001594198,0000000000003351,0000000004005581,039.99
06102026,532785,0000000000000809,0000000000083085,0000000000000937,0000000000096613,086.34
06102026,532790,0000000000008123,0000000003994892,0000000000014007,0000000006866409,057.99
06102026,532794,0000000000053809,0000000000389040,0000000000065201,0000000000469708,082.53
06102026,532795,0000000000001117,0000000000000547,0000000000001117,0000000000000547,100.00
06102026,532796,0000000000004912,0000000009130917,0000000000011177,0000000021114550,043.95
06102026,532797,0000000000003613,0000000000310682,0000000000006005,0000000000503263,060.17
06102026,532798,0000000000101783,0000000002673840,0000000000176952,0000000004603786,057.52
06102026,532799,0000000000011906,0000000002026402,0000000000021802,0000000003753716,054.61
06102026,532801,0000000000001221,0000000000045229,0000000000001221,0000000000045229,100.00
06102026,532804,0000000000000390,0000000001096739,0000000000000809,0000000002272040,048.21
06102026,532805,0000000000039732,0000000016119273,0000000000118759,0000000048556043,033.46
06102026,532806,0000000000000403,0000000000007657,0000000000000433,0000000000008375,093.07
06102026,532807,0000000000000651,0000000000057497,0000000000000654,0000000000056659,099.54
06102026,532808,0000000000017852,0000000022620270,0000000000024119,0000000030379148,074.02
06102026,532809,0000000000009765,0000000002538412,0000000000021269,0000000005516536,045.91
06102026,532810,0000000000366077,0000000118242871,0000000000607409,0000000197287921,060.27
06102026,532811,0000000000003591,0000000002068416,0000000000004381,0000000002518711,081.97
06102026,532812,0000000000000200,0000000000002376,0000000000000200,0000000000002376,100.00
06102026,532814,0000000000008320,0000000006734208,0000000000024550,0000000019951818,033.89
06102026,532815,0000000000004417,0000000002087475,0000000000007686,0000000003653776,057.47
06102026,532817,0000000000007629,0000000000037077,0000000000008431,0000000000041211,090.49
06102026,532820,0000000000006117,0000000000066309,0000000000009784,0000000000103168,062.52
06102026,532822,0000000009780089,0000000129097175,0000000019640790,0000000256917174,049.79
06102026,532825,0000000000050037,0000000000346636,0000000000050037,0000000000346636,100.00
06102026,532826,0000000000000863,0000000000009147,0000000000000863,0000000000009147,100.00
06102026,532827,0000000000000697,0000000026433969,0000000000001304,0000000049618573,053.45
06102026,532828,0000000000000689,0000000000036146,0000000000000689,0000000000036146,100.00
06102026,532829,0000000000000899,0000000000180699,0000000000010178,0000000002050669,008.83
06102026,532830,0000000000004642,0000000006512726,0000000000007523,0000000010370682,061.70
06102026,532832,0000000000234591,0000000013460832,0000000000276791,0000000015842395,084.75
06102026,532834,0000000000059829,0000000005678371,0000000000084718,0000000007969118,070.62
06102026,532835,0000000000000464,0000000002021463,0000000000000652,0000000002840667,071.17
06102026,532839,0000000000096705,0000000000205982,0000000000117103,0000000000247931,082.58
06102026,532841,0000000000001188,0000000000425245,0000000000001516,0000000000544360,078.36
06102026,532842,0000000000002383,0000000001307672,0000000000002643,0000000001451393,090.16
06102026,532843,0000000000215832,0000000164679816,0000000000243060,0000000185061176,088.80
06102026,532845,0000000000000061,0000000000000585,0000000000000061,0000000000000562,100.00
06102026,532847,0000000000018069,0000000000303379,0000000000020357,0000000000340843,088.76
06102026,532848,0000000001177702,0000000099492265,0000000003602080,0000000307153813,032.70
06102026,532850,0000000000033923,0000000001179109,0000000000033923,0000000001179109,100.00
06102026,532851,0000000000000399,0000000000233515,0000000000000432,0000000000252214,092.36
06102026,532853,0000000000000171,0000000000062752,0000000000000171,0000000000062752,100.00
06102026,532855,0000000000000007,0000000000001014,0000000000000007,0000000000001013,100.00
06102026,532856,0000000000026809,0000000004912750,0000000000046333,0000000008433562,057.86
06102026,532859,0000000000000700,0000000000252910,0000000000000825,0000000000299182,084.85
06102026,532864,0000000000013758,0000000001713559,0000000000017112,0000000002121624,080.40
06102026,532866,0000000000002466,0000000000003872,0000000000002723,0000000000004275,090.56
06102026,532867,0000000000121439,0000000020930012,0000000000468122,0000000080051903,025.94
06102026,532868,0000000000046261,0000000030789009,0000000000088912,0000000059481959,052.03
06102026,532869,0000000000011718,0000000000659841,0000000000033752,0000000001978132,034.72
06102026,532870,0000000000023429,0000000000054355,0000000000023429,0000000000054355,100.00
06102026,532872,0000000000025462,0000000005009649,0000000000042544,0000000008309089,059.85
06102026,532873,0000000000039040,0000000000056453,0000000000039040,0000000000056453,100.00
06102026,532875,0000000000009655,0000000001004120,0000000000019350,0000000002022260,049.90
06102026,532878,0000000000000274,0000000000016166,0000000000000287,0000000000016882,095.47
06102026,532880,0000000000007702,0000000000830661,0000000000011273,0000000001216686,068.32
06102026,532884,0000000000059692,0000000015836288,0000000000070960,0000000018912328,084.12
06102026,532885,0000000000069441,0000000002098508,0000000000106698,0000000003244155,065.08
06102026,532887,0000000000002518,0000000000035180,0000000000002518,0000000000035180,100.00
06102026,532888,0000000000013605,0000000000654537,0000000000034839,0000000001659709,039.05
06102026,532889,0000000000001375,0000000001510232,0000000000002992,0000000003253945,045.96
06102026,532890,0000000000151008,0000000001753203,0000000000180823,0000000002160443,083.51
06102026,532891,0000000000004891,0000000001028089,0000000000008073,0000000001685631,060.58
06102026,532892,0000000000043638,0000000046915214,0000000000096658,0000000101961128,045.15
06102026,532893,0000000000028851,0000000001043541,0000000000033992,0000000001257532,084.88
06102026,532894,0000000000014715,0000000000125078,0000000000018590,0000000000161039,079.16
06102026,532895,0000000000001179,0000000000032447,0000000000001263,0000000000033943,093.35
06102026,532896,0000000000000606,0000000000011315,0000000000000606,0000000000011321,100.00
06102026,532898,0000000000075344,0000000019363408,0000000000137731,0000000035429904,054.70
06102026,532899,0000000000005500,0000000003945425,0000000000009153,0000000006516811,060.09
06102026,532900,0000000000179174,0000000014891152,0000000000415810,0000000034315798,043.09
06102026,532902,0000000000014940,0000000000195714,0000000000016547,0000000000217684,090.29
06102026,532904,0000000000004665,0000000000283866,0000000000008210,0000000000490595,056.82
06102026,532906,0000000000003008,0000000000315991,0000000000004066,0000000000424727,073.98
06102026,532907,0000000000001100,0000000000043350,0000000000001100,0000000000043350,100.00
06102026,532911,0000000000088523,0000000000501926,0000000000108644,0000000000614252,081.48
06102026,532915,0000000000014491,0000000003301050,0000000000025228,0000000005706847,057.44
06102026,532916,0000000000002180,0000000000089816,0000000000002376,0000000000098395,091.75
06102026,532918,0000000000002633,0000000000039969,0000000000003209,0000000000049758,082.05
06102026,532921,0000000000023849,0000000042498918,0000000000048656,0000000086506855,049.02
06102026,532922,0000000000079498,0000000010779929,0000000000179774,0000000024407722,044.22
06102026,532923,0000000000022509,0000000003684724,0000000000035589,0000000005789903,063.25
06102026,532924,0000000000002697,0000000001171038,0000000000004689,0000000002027275,057.52
06102026,532925,0000000000000010,0000000000008208,0000000000000010,0000000000008208,100.00
06102026,532926,0000000000021277,0000000003902202,0000000000041486,0000000007576121,051.29
06102026,532927,0000000000017589,0000000033653034,0000000000025154,0000000047871541,069.93
06102026,532928,0000000000062219,0000000017642198,0000000000237110,0000000067096868,026.24
06102026,532929,0000000000004096,0000000002331853,0000000000007524,0000000004294139,054.44
06102026,532930,0000000000004908,0000000001191907,0000000000004908,0000000001191907,100.00
06102026,532931,0000000000011163,0000000000155947,0000000000011163,0000000000155947,100.00
06102026,532932,0000000000001121,0000000000065355,0000000000001567,0000000000091528,071.54
06102026,532933,0000000000002799,0000000000164414,0000000000003213,0000000000186215,087.11
06102026,532934,0000000000002113,0000000000496548,0000000000002113,0000000000496548,100.00
06102026,532935,0000000000001784,0000000000891458,0000000000001784,0000000000891458,100.00
06102026,532937,0000000000003736,0000000000281247,0000000000006253,0000000000474788,059.75
06102026,532939,0000000001487191,0000000030457672,0000000003505547,0000000072464062,042.42
06102026,532940,0000000000001705,0000000000763499,0000000000002270,0000000001015356,075.11
06102026,532941,0000000000006153,0000000001928196,0000000000006153,0000000001928196,100.00
06102026,532942,0000000000124252,0000000014338681,0000000000192495,0000000022127544,064.55
06102026,532944,0000000000003036,0000000000148888,0000000000003036,0000000000148888,100.00
06102026,532945,0000000000422513,0000000002137916,0000000000555864,0000000002814295,076.01
06102026,532946,0000000000000487,0000000000016437,0000000000000599,0000000000020351,081.30
06102026,532947,0000000000999814,0000000017866677,0000000001595035,0000000027954364,062.68
06102026,532951,0000000000006786,0000000000068743,0000000000007462,0000000000075647,090.94
06102026,532952,0000000000000051,0000000000012036,0000000000000051,0000000000011761,100.00
06102026,532953,0000000000008712,0000000002668922,0000000000017524,0000000005266682,049.71
06102026,532955,0000000000201164,0000000060449782,0000000000335074,0000000099959211,060.04
06102026,532957,0000000000000993,0000000000058647,0000000000001131,0000000000069630,087.80
06102026,532966,0000000000010836,0000000008721355,0000000000019833,0000000015994362,054.64
06102026,532967,0000000000019125,0000000010799888,0000000000033209,0000000018589153,057.59
06102026,532974,0000000000003106,0000000000365111,0000000000003976,0000000000458719,078.12
06102026,532975,0000000000000643,0000000000005102,0000000000000643,0000000000005102,100.00
06102026,532976,0000000000006502,0000000000416519,0000000000007583,0000000000482874,085.74
06102026,532977,0000000000042541,0000000426260820,0000000000048895,0000000489019869,087.00
06102026,532978,0000000000096588,0000000169362229,0000000000104946,0000000182969780,092.04
06102026,532980,0000000000016623,0000000000641648,0000000000019164,0000000000739807,086.74
06102026,532983,0000000000000597,0000000001753449,0000000000000757,0000000002241236,078.86
06102026,532985,0000000000000458,0000000000036746,0000000000000964,0000000000076858,047.51
06102026,532986,0000000000000054,0000000000001531,0000000000000062,0000000000001700,087.10
06102026,532989,0000000000005386,0000000002157362,0000000000005386,0000000002157362,100.00
06102026,532992,0000000000000001,0000000000000029,0000000000000001,0000000000000028,100.00
06102026,532993,0000000000000525,0000000000353063,0000000000000527,0000000000343181,099.62
06102026,532994,0000000000002500,0000000000253750,0000000000002501,0000000000253739,099.96
06102026,532998,0000000000000516,0000000000059650,0000000000000551,0000000000063178,093.65
06102026,533001,0000000000002303,0000000000193222,0000000000002560,0000000000213519,089.96
06102026,533006,0000000000048627,0000000000749342,0000000000048627,0000000000749342,100.00
06102026,533007,0000000000207498,0000000000974841,0000000000207498,0000000000974841,100.00
06102026,533012,0000000000003335,0000000000021211,0000000000003335,0000000000021048,100.00
06102026,533014,0000000000001984,0000000000106125,0000000000002003,0000000000102442,099.05
06102026,533019,0000000000000005,0000000000006125,0000000000000005,0000000000006125,100.00
06102026,533022,0000000000002263,0000000000470818,0000000000004014,0000000000829834,056.38
06102026,533023,0000000000036078,0000000078834038,0000000000039366,0000000086203313,091.65
06102026,533029,0000000000000638,0000000000054884,0000000000000638,0000000000054884,100.00
06102026,533033,0000000000002801,0000000002536866,0000000000004132,0000000003746858,067.79
06102026,533047,0000000000002693,0000000003205344,0000000000005188,0000000006147493,051.91
06102026,533048,0000000000240056,0000000000116376,0000000000240056,0000000000116376,100.00
06102026,533056,0000000000008292,0000000000193950,0000000000010832,0000000000247393,076.55
06102026,533080,0000000000003926,0000000002664773,0000000000006445,0000000004408218,060.92
06102026,533088,0000000000002433,0000000000479058,0000000000003001,0000000000586918,081.07
06102026,533090,0000000001704872,0000000001602580,0000000003308228,0000000003177895,051.53
06102026,533093,0000000000000125,0000000000005439,0000000000000125,0000000000005441,100.00
06102026,533095,0000000000000282,0000000001724346,0000000000000317,0000000001907707,088.96
06102026,533096,0000000001381419,0000000278632213,0000000001992536,0000000405795339,069.33
06102026,533098,0000000000074263,0000000005436052,0000000000179532,0000000012966847,041.36
06102026,533100,0000000000028057,0000000000216039,0000000000034684,0000000000271077,080.89
06102026,533104,0000000000003509,0000000002854572,0000000000005274,0000000004250775,066.53
06102026,533106,0000000000013441,0000000005983934,0000000000024870,0000000011124780,054.04
06102026,533107,0000000000002675,0000000007236045,0000000000002675,0000000007236045,100.00
06102026,533108,0000000000000358,0000000000014105,0000000000000358,0000000000014105,100.00
06102026,533110,0000000000000035,0000000000000384,0000000000000035,0000000000000383,100.00
06102026,533121,0000000000001262,0000000001108415,0000000000002328,0000000002043695,054.21
06102026,533122,0000000000558515,0000000003775562,0000000000861187,0000000005839891,064.85
06102026,533137,0000000000012850,0000000000331145,0000000000015941,0000000000411715,080.61
06102026,533138,0000000000003001,0000000002115405,0000000000004329,0000000003037339,069.32
06102026,533146,0000000000002552,0000000001073372,0000000000003537,0000000001472864,072.15
06102026,533148,0000000000030925,0000000015280043,0000000000068612,0000000034204590,045.07
06102026,533149,0000000000004419,0000000000022095,0000000000004463,0000000000022295,099.01
06102026,533150,0000000000008626,0000000013845593,0000000000024745,0000000039727736,034.86
06102026,533151,0000000000011396,0000000001964101,0000000000015121,0000000002605755,075.37
06102026,533152,0000000000019314,0000000000486906,0000000000026293,0000000000654694,073.46
06102026,533155,0000000000011601,0000000005223931,0000000000022081,0000000010073532,052.54
06102026,533156,0000000000014796,0000000000478059,0000000000021237,0000000000688373,069.67
06102026,533158,0000000000002616,0000000012450722,0000000000004969,0000000023691929,052.65
06102026,533160,0000000000023302,0000000002102074,0000000000048128,0000000004372184,048.42
06102026,533162,0000000000148166,0000000001450546,0000000000315184,0000000003031394,047.01
06102026,533164,0000000000010933,0000000000588305,0000000000016263,0000000000860812,067.23
06102026,533166,0000000000031592,0000000000034752,0000000000032124,0000000000035138,098.34
06102026,533167,0000000000029603,0000000001660729,0000000000030007,0000000001628001,098.65
06102026,533168,0000000000000906,0000000000046306,0000000000000927,0000000000047177,097.73
06102026,533169,0000000000017890,0000000002209415,0000000000037167,0000000004608472,048.13
06102026,533170,0000000000000213,0000000000064895,0000000000000213,0000000000064895,100.00
06102026,533172,0000000000000307,0000000000039094,0000000000000327,0000000000041689,093.88
06102026,533177,0000000000010043,0000000000019400,0000000000010043,0000000000019400,100.00
06102026,533179,0000000000004892,0000000026994056,0000000000012855,0000000070777474,038.06
06102026,533192,0000000000122592,0000000003137723,0000000000122592,0000000003137723,100.00
06102026,533193,0000000000008044,0000000001029632,0000000000013611,0000000001726639,059.10
06102026,533202,0000000000088659,0000000000294348,0000000000107719,0000000000361292,082.31
06102026,533203,0000000000004254,0000000000048794,0000000000005452,0000000000063559,078.03
06102026,533206,0000000000176052,0000000010086020,0000000000300702,0000000017189884,058.55
06102026,533208,0000000000003010,0000000000350195,0000000000003010,0000000000350195,100.00
06102026,533210,0000000000001691,0000000000123190,0000000000002448,0000000000175161,069.08
06102026,533217,0000000000001494,0000000000112007,0000000000001494,0000000000112007,100.00
06102026,533218,0000000000000626,0000000000042600,0000000000000729,0000000000050159,085.87
06102026,533221,0000000000000003,0000000000001733,0000000000000003,0000000000001733,100.00
06102026,533227,0000000000000001,0000000000000135,0000000000000001,0000000000000134,100.00
06102026,533229,0000000000022273,0000000010993953,0000000000030686,0000000015139873,072.58
06102026,533230,0000000000036458,0000000004576573,0000000000076190,0000000009529639,047.85
06102026,533239,0000000000013725,0000000000048587,0000000000015022,0000000000053328,091.37
06102026,533244,0000000000150256,0000000018905210,0000000000225900,0000000028338995,066.51
06102026,533248,0000000000046156,0000000007756516,0000000000068141,0000000011469194,067.74
06102026,533252,0000000000000006,0000000000014442,0000000000000006,0000000000014442,100.00
06102026,533257,0000000000002969,0000000000618592,0000000000005146,0000000001068738,057.70
06102026,533259,0000000000000001,0000000000000280,0000000000000004,0000000000001108,025.00
06102026,533260,0000000000021735,0000000003345017,0000000000034048,0000000005391268,063.84
06102026,533262,0000000000003857,0000000001108502,0000000000004788,0000000001362443,080.56
06102026,533263,0000000000130953,0000000001148458,0000000000172768,0000000001510069,075.80
06102026,533267,0000000000006888,0000000001582518,0000000000008173,0000000001865519,084.28
06102026,533268,0000000000000002,0000000000000006,0000000000000002,0000000000000006,100.00
06102026,533269,0000000000009507,0000000019066764,0000000000020731,0000000041850725,045.86
06102026,533270,0000000000005758,0000000000618985,0000000000005996,0000000000639979,096.03
06102026,533271,0000000000017495,0000000001861468,0000000000029113,0000000003096287,060.09
06102026,533272,0000000000020668,0000000004646167,0000000000054932,0000000012339945,037.62
06102026,533273,0000000000009370,0000000016528680,0000000000012927,0000000022638506,072.48
06102026,533274,0000000000005159,0000000007532656,0000000000012183,0000000017726662,042.35
06102026,533275,0000000000026784,0000000000083031,0000000000029814,0000000000092025,089.84
06102026,533278,0000000000099727,0000000041072565,0000000000164276,0000000068407519,060.71
06102026,533282,0000000000031063,0000000046617798,0000000000066226,0000000098808757,046.90
06102026,533284,0000000000003111,0000000000159968,0000000000003540,0000000000182822,087.88
06102026,533285,0000000000066666,0000000000996657,0000000000117252,0000000001748254,056.86
06102026,533286,0000000000009078,0000000002172366,0000000000015569,0000000003714250,058.31
06102026,533287,0000000000044370,0000000000282637,0000000000059406,0000000000370935,074.69
06102026,533289,0000000000002155,0000000000131262,0000000000002157,0000000000131145,099.91
06102026,533292,0000000000030358,0000000000426227,0000000000043718,0000000000601254,069.44
06102026,533293,0000000000033371,0000000075833929,0000000000045080,0000000101951490,074.03
06102026,533294,0000000000000020,0000000000000352,0000000000000020,0000000000000352,100.00
06102026,533295,0000000000056399,0000000001186635,0000000000081434,0000000001713022,069.26
06102026,533296,0000000000007002,0000000000056367,0000000000007548,0000000000059439,092.77
06102026,533298,0000000000004329,0000000000103767,0000000000004607,0000000000109315,093.97
06102026,533301,0000000000001184,0000000000032749,0000000000001184,0000000000032749,100.00
06102026,533302,0000000000000064,0000000000306052,0000000000000077,0000000000368545,083.12
06102026,533303,0000000000000094,0000000000041483,0000000000000138,0000000000060572,068.12
06102026,533306,0000000000000339,0000000000444023,0000000000000341,0000000000449552,099.41
06102026,533315,0000000000516976,0000000082974648,0000000000564106,0000000089759277,091.65
06102026,533316,0000000000000042,0000000000023856,0000000000000042,0000000000023936,100.00
06102026,533326,0000000000059775,0000000007017585,0000000000129411,0000000015316476,046.19
06102026,533329,0000000000001035,0000000000030243,0000000000001045,0000000000030532,099.04
06102026,533333,0000000001951411,0000000115504018,0000000003824991,0000000223696211,051.02
06102026,533336,0000000000000013,0000000000012482,0000000000000013,0000000000012660,100.00
06102026,533339,0000000000004165,0000000006722935,0000000000008087,0000000013011312,051.50
06102026,533343,0000000000000115,0000000000007934,0000000000000117,0000000000007991,098.29
06102026,533344,0000000000038081,0000000001042658,0000000000046473,0000000001284798,081.94
06102026,533385,0000000000060737,0000000020076008,0000000000078887,0000000025925386,076.99
06102026,533398,0000000000013235,0000000035582960,0000000000025364,0000000068391677,052.18
06102026,533407,0000000000009400,0000000001544420,0000000000010216,0000000001681798,092.01
06102026,533408,0000000000007422,0000000000959591,0000000000010435,0000000001342461,071.13
06102026,533427,0000000000011014,0000000000197041,0000000000013800,0000000000246461,079.81
06102026,533451,0000000000000551,0000000000019930,0000000000000610,0000000000022153,090.33
06102026,533452,0000000000000001,0000000000000007,0000000000000001,0000000000000007,100.00
06102026,533470,0000000000010716,0000000000168349,0000000000011113,0000000000173182,096.43
06102026,533477,0000000000000724,0000000000280876,0000000000000776,0000000000301284,093.30
06102026,533482,0000000000006504,0000000000012098,0000000000008150,0000000000015275,079.80
06102026,533506,0000000000122493,0000000000104120,0000000000131503,0000000000111512,093.15
06102026,533519,0000000000088548,0000000023420946,0000000000181455,0000000047804205,048.80
06102026,533520,0000000001095533,0000000033884836,0000000001578849,0000000048368906,069.39
06102026,533540,0000000000006420,0000000000038328,0000000000007420,0000000000043987,086.52
06102026,533543,0000000000042182,0000000002536826,0000000000042478,0000000002547352,099.30
06102026,533552,0000000000007735,0000000000998202,0000000000010150,0000000001312379,076.21
06102026,533553,0000000000045037,0000000036761452,0000000000134610,0000000109825618,033.46
06102026,533570,0000000000010247,0000000001253721,0000000000012813,0000000001561058,079.97
06102026,533573,0000000000001090,0000000000908951,0000000000002291,0000000001907275,047.58
06102026,533576,0000000000000824,0000000000035803,0000000000000839,0000000000036375,098.21
06102026,533581,0000000000121776,0000000064182041,0000000000286974,0000000148220092,042.43
06102026,533602,0000000000020669,0000000000016949,0000000000030858,0000000000024909,066.98
06102026,533608,0000000000003314,0000000000530240,0000000000006103,0000000000980252,054.30
06102026,533629,0000000000004339,0000000000027388,0000000000004339,0000000000027388,100.00
06102026,533632,0000000000012606,0000000000563236,0000000000012606,0000000000563236,100.00
06102026,533638,0000000000004800,0000000000015120,0000000000004800,0000000000015120,100.00
06102026,533644,0000000000001501,0000000000266278,0000000000001855,0000000000330785,080.92
06102026,533655,0000000001177062,0000000630964086,0000000001210028,0000000632382900,097.28
06102026,533676,0000000000113922,0000000004423592,0000000000131961,0000000005094095,086.33
06102026,533704,0000000000032310,0000000000538285,0000000000048628,0000000000827985,066.44
06102026,533719,0000000000006128,0000000000806874,0000000000008788,0000000001156514,069.73
06102026,533758,0000000000009685,0000000020774325,0000000000013622,0000000029127407,071.10
06102026,533761,0000000000012598,0000000001533177,0000000000017605,0000000002142326,071.56
06102026,533896,0000000000000105,0000000000001615,0000000000000105,0000000000001614,100.00
06102026,533941,0000000000008041,0000000002253089,0000000000009496,0000000002663975,084.68
06102026,533982,0000000000003633,0000000000859568,0000000000005441,0000000001289759,066.77
06102026,534060,0000000000418637,0000000000770293,0000000000685097,0000000001281057,061.11
06102026,534063,0000000000000003,0000000000000138,0000000000000003,0000000000000137,100.00
06102026,534064,0000000000086927,0000000000258652,0000000000086927,0000000000258652,100.00
06102026,534076,0000000000003905,0000000001458518,0000000000008361,0000000003124863,046.70
06102026,534091,0000000000128517,0000000426033855,0000000000181156,0000000589025089,070.94
06102026,534139,0000000000005250,0000000006676950,0000000000015705,0000000020025173,033.43
06102026,534190,0000000000000025,0000000000000070,0000000000000025,0000000000000070,100.00
06102026,534309,0000000000223117,0000000017224633,0000000000445777,0000000034197737,050.05
06102026,534312,0000000000001558,0000000000002529,0000000000001558,0000000000002529,100.00
06102026,534328,0000000000000064,0000000000009920,0000000000000064,0000000000009920,100.00
06102026,534338,0000000000002863,0000000000030978,0000000000003232,0000000000034278,088.58
06102026,534369,0000000000052955,0000000030325894,0000000000052955,0000000030325894,100.00
06102026,534392,0000000000002094,0000000000810378,0000000000002648,0000000001027900,079.08
06102026,534422,0000000000008858,0000000000084594,0000000000009766,0000000000090073,090.70
06102026,534425,0000000000002823,0000000000445301,0000000000002823,0000000000445301,100.00
06102026,534532,0000000000000519,0000000000002258,0000000000000520,0000000000002169,099.81
06102026,534535,0000000000954021,0000000006784739,0000000000954021,0000000006784739,100.00
06102026,534597,0000000000061922,0000000001616784,0000000000096679,0000000002509118,064.05
06102026,534598,0000000000000907,0000000000021768,0000000000000997,0000000000024279,090.97
06102026,534600,0000000000028499,0000000002409021,0000000000065093,0000000005503174,043.78
06102026,534612,0000000000000398,0000000000006906,0000000000000411,0000000000007161,096.84
06102026,534615,0000000000019200,0000000000373440,0000000000023129,0000000000456173,083.01
06102026,534618,0000000000006225,0000000005143095,0000000000011485,0000000009427996,054.20
06102026,534623,0000000000004573,0000000000163074,0000000000005646,0000000000203911,081.00
06102026,534639,0000000000000046,0000000000000966,0000000000000046,0000000000000966,100.00
06102026,534674,0000000000200876,0000000000289262,0000000000200876,0000000000289261,100.00
06102026,534675,0000000000017073,0000000000892918,0000000000021902,0000000001151747,077.95
06102026,534680,0000000000002526,0000000000310572,0000000000002526,0000000000317521,100.00
06102026,534691,0000000000002460,0000000000032472,0000000000002469,0000000000032291,099.64
06102026,534708,0000000000006000,0000000000050520,0000000000006000,0000000000050520,100.00
06102026,534732,0000000000005745,0000000000197916,0000000000005893,0000000000202354,097.49
06102026,534733,0000000000244093,0000000009044546,0000000000244093,0000000009044546,100.00
06102026,534741,0000000000076084,0000000000032618,0000000000076084,0000000000032618,100.00
06102026,534742,0000000000004911,0000000001071581,0000000000009251,0000000001992849,053.09
06102026,534748,0000000000211512,0000000002428158,0000000000314173,0000000003566103,067.32
06102026,534755,0000000000053616,0000000000120510,0000000000053616,0000000000120510,100.00
06102026,534796,0000000000001100,0000000000230890,0000000000001109,0000000000222183,099.19
06102026,534804,0000000000002569,0000000004077389,0000000000003366,0000000005375298,076.32
06102026,534809,0000000002610727,0000000033782808,0000000005745362,0000000074703735,045.44
06102026,534816,0000000000171400,0000000066640320,0000000000290805,0000000113378420,058.94
06102026,534920,0000000000001000,0000000000143900,0000000000001000,0000000000143900,100.00
06102026,534976,0000000000001497,0000000001189666,0000000000002285,0000000001797739,065.51
06102026,535136,0000000000007234,0000000008971607,0000000000008821,0000000010900224,082.01
06102026,535204,0000000000004037,0000000000018852,0000000000004037,0000000000018852,100.00
06102026,535205,0000000000005132,0000000000020939,0000000000007451,0000000000029847,068.88
06102026,535267,0000000000003321,0000000000024908,0000000000003323,0000000000024993,099.94
06102026,535276,0000000000002371,0000000001931844,0000000000003621,0000000002937273,065.48
06102026,535322,0000000000002735,0000000000891747,0000000000004485,0000000001472912,060.98
06102026,535387,0000000000000141,0000000000008094,0000000000000142,0000000000008206,099.30
06102026,535431,0000000000154101,0000000000095543,0000000000185290,0000000000114626,083.17
06102026,535458,0000000000000316,0000000000009812,0000000000000316,0000000000009941,100.00
06102026,535566,0000000000000049,0000000000005219,0000000000000097,0000000000010333,050.52
06102026,535601,0000000000000356,0000000000104031,0000000000000356,0000000000104031,100.00
06102026,535602,0000000000001660,0000000001541144,0000000000002614,0000000002423390,063.50
06102026,535621,0000000000000092,0000000000013064,0000000000000094,0000000000013268,097.87
06102026,535648,0000000000003069,0000000002024159,0000000000004902,0000000003202668,062.61
06102026,535657,0000000000000032,0000000000000209,0000000000000032,0000000000000222,100.00
06102026,535667,0000000000004822,0000000001229610,0000000000004892,0000000001222969,098.57
06102026,535693,0000000000007309,0000000001061998,0000000000007598,0000000001100004,096.20
06102026,535719,0000000000006523,0000000000157205,0000000000011576,0000000000280562,056.35
06102026,535730,0000000000279278,0000000000120090,0000000000358119,0000000000150073,077.98
06102026,535754,0000000000017241,0000000001993060,0000000000020258,0000000002356271,085.11
06102026,535755,0000000000242914,0000000011110887,0000000000689267,0000000032018382,035.24
06102026,535789,0000000000142120,0000000019100928,0000000000239337,0000000032070725,059.38
06102026,535910,0000000000020431,0000000000013689,0000000000025023,0000000000016143,081.65
06102026,535916,0000000000034416,0000000001550097,0000000000036173,0000000001631493,095.14
06102026,535958,0000000000103330,0000000000104364,0000000000118144,0000000000120313,087.46
06102026,536073,0000000000039947,0000000000046339,0000000000064315,0000000000073909,062.11
06102026,536264,0000000000011833,0000000000312273,0000000000017359,0000000000448005,068.17
06102026,536493,0000000000000233,0000000000067431,0000000000000247,0000000000071582,094.33
06102026,536507,0000000000066258,0000000000066773,0000000000066258,0000000000066773,100.00
06102026,536565,0000000000002060,0000000000142264,0000000000002653,0000000000185853,077.65
06102026,536659,0000000000381655,0000000000797659,0000000000601507,0000000001276466,063.45
06102026,536672,0000000000003010,0000000000019626,0000000000004407,0000000000029017,068.30
06102026,536709,0000000000012862,0000000000180012,0000000000012862,0000000000180012,100.00
06102026,536737,0000000000001200,0000000000096120,0000000000001200,0000000000096120,100.00
06102026,536738,0000000000006000,0000000000026580,0000000000018000,0000000000079800,033.33
06102026,536773,0000000000000127,0000000000116796,0000000000000183,0000000000167269,069.40
06102026,536846,0000000000000820,0000000000089385,0000000000000820,0000000000089385,100.00
06102026,536960,0000000000011284,0000000000729060,0000000000025869,0000000001663891,043.62
06102026,536974,0000000000009320,0000000000577188,0000000000009538,0000000000591754,097.71
06102026,537007,0000000000013833,0000000003565180,0000000000018098,0000000004655517,076.43
06102026,537008,0000000000004724,0000000000125942,0000000000023196,0000000000617251,020.37
06102026,537069,0000000000004780,0000000000080862,0000000000004780,0000000000080862,100.00
06102026,537253,0000000000000002,0000000000000144,0000000000000006,0000000000000432,033.33
06102026,537254,0000000000000788,0000000000540331,0000000000000788,0000000000540331,100.00
06102026,537259,0000000000000230,0000000000154836,0000000000000271,0000000000179458,084.87
06102026,537291,0000000000001399,0000000000194392,0000000000001684,0000000000233522,083.08
06102026,537292,0000000000000733,0000000000065164,0000000000000739,0000000000066681,099.19
06102026,537326,0000000000067497,0000000003864204,0000000000067749,0000000003892572,099.63
06102026,537392,0000000000011619,0000000002642884,0000000000011619,0000000002642884,100.00
06102026,537483,0000000000001905,0000000000482023,0000000000003514,0000000000887882,054.21
06102026,537536,0000000000001473,0000000000100886,0000000000001493,0000000000102244,098.66
06102026,537707,0000000000393110,0000000000161176,0000000000508471,0000000000215568,077.31
06102026,537708,0000000000002979,0000000000752466,0000000000005834,0000000001471123,051.06
06102026,537709,0000000000004997,0000000000017706,0000000000004997,0000000000017706,100.00
06102026,537766,0000000000046692,0000000000075642,0000000000058826,0000000000095703,079.37
06102026,537785,0000000000000218,0000000000023817,0000000000000238,0000000000025906,091.60
06102026,537800,0000000001215750,0000000000618686,0000000001215750,0000000000618686,100.00
06102026,537820,0000000000029781,0000000000407404,0000000000029781,0000000000407404,100.00
06102026,537839,0000000000002682,0000000000192675,0000000000003224,0000000000231528,083.19
06102026,537985,0000000000000026,0000000000000520,0000000000000046,0000000000000925,056.52
06102026,538057,0000000000018581,0000000001673220,0000000000029202,0000000002632289,063.63
06102026,538081,0000000000001630,0000000000008134,0000000000001630,0000000000007809,100.00
06102026,538119,0000000000035109,0000000000315593,0000000000035109,0000000000315593,100.00
06102026,538212,0000000000001348,0000000000000431,0000000000001348,0000000000000431,100.00
06102026,538268,0000000000001335,0000000000682586,0000000000001896,0000000000954260,070.41
06102026,538273,0000000000000303,0000000000005697,0000000000000387,0000000000007270,078.29
06102026,538351,0000000000017760,0000000000030197,0000000000017760,0000000000030197,100.00
06102026,538365,0000000000000035,0000000000001135,0000000000000035,0000000000001066,100.00
06102026,538395,0000000000000011,0000000000000871,0000000000000011,0000000000000871,100.00
06102026,538401,0000000000007873,0000000000863274,0000000000007873,0000000000863274,100.00
06102026,538422,0000000000105817,0000000000037036,0000000000157991,0000000000056188,066.98
06102026,538446,0000000000004377,0000000000227489,0000000000004377,0000000000227489,100.00
06102026,538451,0000000000858247,0000000002437422,0000000001023516,0000000002900235,083.85
06102026,538464,0000000000000081,0000000000000263,0000000000000081,0000000000000263,100.00
06102026,538476,0000000000009750,0000000000251569,0000000000009750,0000000000251569,100.00
06102026,538520,0000000000007019,0000000000012424,0000000000007019,0000000000012424,100.00
06102026,538521,0000000000000275,0000000000044019,0000000000000275,0000000000044019,100.00
06102026,538539,0000000000534824,0000000005021998,0000000000555153,0000000005215385,096.34
06102026,538540,0000000000052124,0000000000742246,0000000000061118,0000000000868637,085.28
06102026,538542,0000000000004604,0000000000154188,0000000000004635,0000000000148521,099.33
06102026,538546,0000000000004445,0000000000733648,0000000000006686,0000000001111279,066.48
06102026,538556,0000000000000337,0000000000045158,0000000000000501,0000000000067672,067.27
06102026,538562,0000000000022706,0000000012521224,0000000000032018,0000000017554235,070.92
06102026,538563,0000000000000019,0000000000006478,0000000000000020,0000000000006850,095.00
06102026,538564,0000000000000565,0000000000141024,0000000000000569,0000000000141429,099.30
06102026,538565,0000000000003117,0000000000518669,0000000000003758,0000000000617467,082.94
06102026,538567,0000000000001042,0000000001133280,0000000000001946,0000000002110116,053.55
06102026,538568,0000000000000246,0000000000006735,0000000000000246,0000000000006735,100.00
06102026,538569,0000000000003706,0000000000003336,0000000000003706,0000000000003375,100.00
06102026,538596,0000000000000006,0000000000000032,0000000000000006,0000000000000031,100.00
06102026,538597,0000000000018610,0000000000122454,0000000000020574,0000000000139871,090.45
06102026,538598,0000000000011302,0000000000198238,0000000000013663,0000000000244505,082.72
06102026,538607,0000000000214379,0000000000147922,0000000000265451,0000000000178044,080.76
06102026,538609,0000000000000174,0000000000008888,0000000000000213,0000000000011072,081.69
06102026,538610,0000000000487083,0000000000375712,0000000000487083,0000000000375712,100.00
06102026,538611,0000000000000001,0000000000000036,0000000000000001,0000000000000036,100.00
06102026,538634,0000000000001354,0000000000204996,0000000000001374,0000000000204430,098.54
06102026,538635,0000000000680796,0000000023296840,0000000000692506,0000000023497103,098.31
06102026,538646,0000000000007140,0000000000304521,0000000000009616,0000000000405095,074.25
06102026,538647,0000000000000066,0000000000002317,0000000000000066,0000000000002361,100.00
06102026,538666,0000000000008596,0000000006368777,0000000000010523,0000000007741550,081.69
06102026,538668,0000000000007474,0000000005056909,0000000000021918,0000000014880992,034.10
06102026,538683,0000000000009200,0000000007732416,0000000000012074,0000000010109210,076.20
06102026,538685,0000000000000435,0000000000048111,0000000000000436,0000000000048344,099.77
06102026,538706,0000000000095813,0000000000766504,0000000000123385,0000000000985117,077.65
06102026,538707,0000000000000215,0000000000006128,0000000000000227,0000000000006318,094.71
06102026,538708,0000000000001325,0000000000008268,0000000000001330,0000000000008306,099.62
06102026,538713,0000000000001230,0000000000172323,0000000000001239,0000000000173216,099.27
06102026,538714,0000000000001199,0000000000039532,0000000000001201,0000000000039538,099.83
06102026,538715,0000000000002247,0000000001007367,0000000000002247,0000000001007367,100.00
06102026,538730,0000000000001787,0000000000619732,0000000000002506,0000000000862886,071.31
06102026,538732,0000000000000639,0000000000030922,0000000000000671,0000000000031291,095.23
06102026,538734,0000000000012598,0000000009057962,0000000000028199,0000000019968304,044.68
06102026,538742,0000000000005893,0000000000104514,0000000000005893,0000000000104514,100.00
06102026,538743,0000000000021175,0000000000125779,0000000000021175,0000000000125779,100.00
06102026,538770,0000000000001013,0000000000011954,0000000000001014,0000000000011641,099.90
06102026,538772,0000000000032198,0000000001578024,0000000000046203,0000000002241408,069.69
06102026,538777,0000000000000405,0000000000041836,0000000000000405,0000000000041836,100.00
06102026,538778,0000000000008559,0000000000055120,0000000000010464,0000000000067432,081.79
06102026,538786,0000000000001418,0000000000236239,0000000000002085,0000000000333663,068.01
06102026,538787,0000000000010338,0000000000135117,0000000000010338,0000000000135117,100.00
06102026,538788,0000000000000796,0000000000009298,0000000000001437,0000000000016925,055.39
06102026,538794,0000000000004000,0000000000026800,0000000000004000,0000000000026800,100.00
06102026,538795,0000000000000776,0000000000243315,0000000000000839,0000000000264505,092.49
06102026,538812,0000000000007084,0000000000424858,0000000000007084,0000000000424858,100.00
06102026,538817,0000000000054086,0000000000447833,0000000000078268,0000000000639686,069.10
06102026,538833,0000000000001075,0000000000009782,0000000000001075,0000000000009782,100.00
06102026,538834,0000000000015923,0000000000152384,0000000000026997,0000000000258771,058.98
06102026,538835,0000000000007019,0000000004226140,0000000000013871,0000000008314346,050.60
06102026,538836,0000000000000640,0000000000335936,0000000000000952,0000000000498576,067.23
06102026,538837,0000000000128017,0000000011179725,0000000000138135,0000000011769264,092.68
06102026,538857,0000000000010117,0000000000082454,0000000000010141,0000000000080068,099.76
06102026,538860,0000000000013636,0000000000029999,0000000000013636,0000000000029999,100.00
06102026,538862,0000000000000354,0000000000012284,0000000000000354,0000000000012150,100.00
06102026,538868,0000000000108093,0000000002309984,0000000000108093,0000000002309984,100.00
06102026,538874,0000000000002710,0000000000087993,0000000000002710,0000000000087993,100.00
06102026,538881,0000000000000337,0000000000010208,0000000000000337,0000000000010043,100.00
06102026,538882,0000000000012917,0000000000739886,0000000000016757,0000000000929384,077.08
06102026,538890,0000000000003091,0000000000199865,0000000000003148,0000000000203118,098.19
06102026,538891,0000000000024055,0000000000597527,0000000000038949,0000000000968331,061.76
06102026,538895,0000000000008819,0000000000102329,0000000000008819,0000000000102329,100.00
06102026,538896,0000000000000396,0000000000150421,0000000000000511,0000000000192477,077.50
06102026,538897,0000000000000586,0000000000010122,0000000000000586,0000000000010122,100.00
06102026,538918,0000000000014777,0000000000127378,0000000000030151,0000000000259698,049.01
06102026,538920,0000000000045785,0000000008580109,0000000000063184,0000000011728461,072.46
06102026,538922,0000000000003151,0000000000062201,0000000000003648,0000000000073179,086.38
06102026,538923,0000000000106444,0000000002158685,0000000000131029,0000000002617346,081.24
06102026,538926,0000000000049504,0000000003765275,0000000000092178,0000000006851543,053.70
06102026,538928,0000000000034893,0000000000048502,0000000000036800,0000000000050875,094.82
06102026,538935,0000000000000015,0000000000001070,0000000000000016,0000000000001140,093.75
06102026,538942,0000000000000104,0000000000002308,0000000000000202,0000000000004578,051.49
06102026,538943,0000000000001749,0000000000144555,0000000000003073,0000000000245952,056.92
06102026,538952,0000000000004332,0000000000004766,0000000000006374,0000000000007129,067.96
06102026,538961,0000000000005474,0000000000057259,0000000000006180,0000000000065025,088.58
06102026,538962,0000000000003710,0000000002446374,0000000000008386,0000000005510338,044.24
06102026,538965,0000000000016359,0000000001194698,0000000000018706,0000000001374799,087.45
06102026,538970,0000000000149498,0000000000763920,0000000000149498,0000000000763920,100.00
06102026,538975,0000000000123849,0000000000023531,0000000000123849,0000000000023531,100.00
06102026,538979,0000000000000696,0000000000148248,0000000000000928,0000000000197340,075.00
06102026,538987,0000000000000773,0000000000506161,0000000000001007,0000000000661155,076.76
06102026,538992,0000000000000030,0000000000220638,0000000000000030,0000000000220638,100.00
06102026,539006,0000000000000696,0000000016094374,0000000000001329,0000000030519123,052.37
06102026,539011,0000000000000400,0000000000027760,0000000000000420,0000000000029300,095.24
06102026,539012,0000000000000007,0000000000000560,0000000000000007,0000000000000559,100.00
06102026,539013,0000000000000069,0000000000004383,0000000000000134,0000000000008467,051.49
06102026,539014,0000000000001113,0000000000008782,0000000000001113,0000000000008801,100.00
06102026,539016,0000000000000598,0000000000003876,0000000000000864,0000000000005478,069.21
06102026,539017,0000000000037819,0000000000154680,0000000000041223,0000000000167850,091.74
06102026,539018,0000000000000023,0000000000010091,0000000000000036,0000000000015615,063.89
06102026,539031,0000000000000123,0000000000033313,0000000000000135,0000000000036382,091.11
06102026,539032,0000000000003589,0000000000032481,0000000000007144,0000000000063276,050.24
06102026,539040,0000000000040951,0000000000265363,0000000000055484,0000000000359578,073.81
06102026,539041,0000000000065000,0000000001473550,0000000000075000,0000000001749712,086.67
06102026,539042,0000000000004205,0000000001089095,0000000000006895,0000000001796725,060.99
06102026,539044,0000000000002286,0000000000240038,0000000000002286,0000000000240038,100.00
06102026,539045,0000000000002504,0000000000083158,0000000000002928,0000000000097712,085.52
06102026,539046,0000000000005535,0000000000719274,0000000000007112,0000000000918124,077.83
06102026,539056,0000000000041279,0000000002059410,0000000000056893,0000000002838409,072.56
06102026,539083,0000000000994225,0000000068362911,0000000001426290,0000000098551796,069.71
06102026,539090,0000000000001297,0000000000037964,0000000000001599,0000000000047429,081.11
06102026,539091,0000000004946583,0000000005688571,0000000005622479,0000000006221495,087.98
06102026,539097,0000000000057565,0000000000161026,0000000000057565,0000000000161026,100.00
06102026,539110,0000000000000002,0000000000000068,0000000000000002,0000000000000068,100.00
06102026,539113,0000000000000067,0000000000031882,0000000000000070,0000000000033079,095.71
06102026,539115,0000000000001793,0000000000540791,0000000000001793,0000000000540791,100.00
06102026,539117,0000000000018145,0000000000221551,0000000000056329,0000000000657917,032.21
06102026,539118,0000000000008648,0000000002468572,0000000000010633,0000000003030403,081.33
06102026,539120,0000000000001558,0000000000112441,0000000000001919,0000000000141090,081.19
06102026,539121,0000000000002037,0000000000376540,0000000000002645,0000000000487605,077.01
06102026,539122,0000000000003781,0000000000046961,0000000000003891,0000000000048697,097.17
06102026,539123,0000000000004010,0000000000033805,0000000000004010,0000000000033806,100.00
06102026,539124,0000000000000109,0000000000001904,0000000000000115,0000000000001902,094.78
06102026,539126,0000000000089027,0000000000060802,0000000000089027,0000000000060802,100.00
06102026,539132,0000000000435912,0000000003404473,0000000000626536,0000000004942796,069.57
06102026,539141,0000000000001922,0000000000110439,0000000000002216,0000000000126983,086.73
06102026,539143,0000000000013456,0000000000139001,0000000000016589,0000000000173231,081.11
06102026,539148,0000000000002525,0000000000979827,0000000000004130,0000000001534373,061.14
06102026,539149,0000000000003739,0000000000015480,0000000000003739,0000000000015059,100.00
06102026,539150,0000000000011897,0000000001650114,0000000000021475,0000000002961629,055.40
06102026,539151,0000000000186004,0000000017966127,0000000000402094,0000000038419719,046.26
06102026,539167,0000000000000001,0000000000000058,0000000000000001,0000000000000057,100.00
06102026,539174,0000000000000262,0000000000006286,0000000000000283,0000000000006539,092.58
06102026,539176,0000000000000345,0000000000028070,0000000000000351,0000000000028191,098.29
06102026,539177,0000000000006516,0000000003582823,0000000000009562,0000000005257198,068.14
06102026,539189,0000000000000599,0000000000007692,0000000000000674,0000000000008610,088.87
06102026,539190,0000000000000995,0000000000040905,0000000000000996,0000000000044062,099.90
06102026,539195,0000000000007690,0000000001024308,0000000000014501,0000000001972090,053.03
06102026,539196,0000000000005055,0000000000592446,0000000000007898,0000000000932913,064.00
06102026,539199,0000000000015398,0000000010201175,0000000000025918,0000000017204133,059.41
06102026,539200,0000000000251133,0000000004595733,0000000000251133,0000000004595733,100.00
06102026,539201,0000000000003114,0000000000215676,0000000000003591,0000000000248156,086.72
06102026,539206,0000000000001121,0000000000034426,0000000000001121,0000000000033956,100.00
06102026,539216,0000000005947571,0000000006007047,0000000007009866,0000000006867560,084.85
06102026,539217,0000000001343216,0000000000322372,0000000002843427,0000000000683383,047.24
06102026,539219,0000000000009356,0000000000068767,0000000000009869,0000000000072026,094.80
06102026,539220,0000000000001630,0000000000070090,0000000000001635,0000000000070297,099.69
06102026,539221,0000000000027561,0000000005592127,0000000000052791,0000000010785344,052.21
06102026,539222,0000000006239720,0000000004929379,0000000009155501,0000000007160483,068.15
06102026,539224,0000000000000003,0000000000000099,0000000000000003,0000000000000099,100.00
06102026,539225,0000000000000001,0000000000000014,0000000000000001,0000000000000014,100.00
06102026,539226,0000000000002114,0000000000038539,0000000000002180,0000000000039631,096.97
06102026,539227,0000000000001788,0000000000251840,0000000000002359,0000000000331269,075.79
06102026,539228,0000000000031416,0000000000038129,0000000000031416,0000000000038129,100.00
06102026,539251,0000000000000036,0000000000000601,0000000000000036,0000000000000583,100.00
06102026,539252,0000000000023273,0000000000118693,0000000000024435,0000000000121028,095.24
06102026,539254,0000000000009080,0000000012267080,0000000000027873,0000000037743460,032.58
06102026,539255,0000000000001278,0000000000558550,0000000000001485,0000000000644895,086.06
06102026,539267,0000000000001429,0000000000016263,0000000000001684,0000000000018684,084.86
06102026,539268,0000000000012374,0000000004493000,0000000000019343,0000000006966263,063.97
06102026,539275,0000000000000141,0000000000019614,0000000000000144,0000000000020179,097.92
06102026,539276,0000000000000003,0000000000000923,0000000000000003,0000000000000923,100.00
06102026,539278,0000000000016880,0000000000028359,0000000000019940,0000000000035484,084.65
06102026,539287,0000000000003008,0000000000043616,0000000000003260,0000000000046123,092.27
06102026,539289,0000000000001696,0000000000392455,0000000000003392,0000000000780426,050.00
06102026,539290,0000000000002116,0000000000041220,0000000000002712,0000000000052358,078.02
06102026,539300,0000000000001575,0000000000564795,0000000000001967,0000000000699766,080.07
06102026,539301,0000000000001396,0000000000842417,0000000000002368,0000000001411213,058.95
06102026,539302,0000000000000570,0000000001385271,0000000000001273,0000000003096938,044.78
06102026,539309,0000000000269538,0000000001171974,0000000000269538,0000000001171974,100.00
06102026,539310,0000000000192631,0000000000036600,0000000000192631,0000000000036599,100.00
06102026,539312,0000000000000067,0000000000054136,0000000000000067,0000000000054142,100.00
06102026,539313,0000000000000222,0000000000056082,0000000000000242,0000000000060935,091.74
06102026,539314,0000000000002380,0000000000120167,0000000000002380,0000000000119240,100.00
06102026,539331,0000000000006005,0000000000833194,0000000000007370,0000000001019979,081.48
06102026,539332,0000000000006853,0000000000589290,0000000000011097,0000000000947552,061.76
06102026,539334,0000000000001759,0000000000897266,0000000000003649,0000000001814278,048.20
06102026,539336,0000000000071920,0000000016541600,0000000000124634,0000000028786899,057.70
06102026,539337,0000000000003850,0000000000758450,0000000000006125,0000000001210737,062.86
06102026,539346,0000000000026321,0000000000067382,0000000000028397,0000000000073129,092.69
06102026,539353,0000000000002651,0000000000530731,0000000000002652,0000000000532111,099.96
06102026,539354,0000000000000004,0000000000000113,0000000000000004,0000000000000113,100.00
06102026,539359,0000000000010221,0000000000165070,0000000000013050,0000000000208938,078.32
06102026,539383,0000000000000161,0000000000001894,0000000000000161,0000000000001894,100.00
06102026,539391,0000000000000019,0000000000000552,0000000000000019,0000000000000552,100.00
06102026,539398,0000000000001022,0000000000053022,0000000000001296,0000000000068220,078.86
06102026,539399,0000000000001362,0000000000325450,0000000000001373,0000000000330181,099.20
06102026,539400,0000000000000125,0000000000113588,0000000000000169,0000000000154348,073.96
06102026,539402,0000000000004274,0000000000015405,0000000000004274,0000000000015405,100.00
06102026,539404,0000000000120677,0000000027574695,0000000000198736,0000000041678029,060.72
06102026,539405,0000000000002610,0000000000033930,0000000000002610,0000000000034338,100.00
06102026,539407,0000000000016564,0000000000631089,0000000000020270,0000000000771246,081.72
06102026,539408,0000000000017677,0000000001221536,0000000000017677,0000000001221536,100.00
06102026,539428,0000000000009063,0000000000111747,0000000000009222,0000000000114609,098.28
06102026,539435,0000000000000100,0000000000001790,0000000000000100,0000000000001790,100.00
06102026,539436,0000000000012241,0000000000368455,0000000000026014,0000000000778958,047.06
06102026,539437,0000000000428596,0000000034724848,0000000001017058,0000000081814500,042.14
06102026,539448,0000000000011307,0000000057043815,0000000000020820,0000000104077809,054.31
06102026,539449,0000000000022156,0000000000041211,0000000000022286,0000000000041581,099.42
06102026,539450,0000000000004767,0000000000676438,0000000000011899,0000000001677400,040.06
06102026,539455,0000000000000211,0000000000015328,0000000000000221,0000000000016058,095.48
06102026,539469,0000000000205621,0000000012978798,0000000000372198,0000000024671850,055.24
06102026,539470,0000000000089685,0000000000042152,0000000000178614,0000000000084754,050.21
06102026,539479,0000000000202953,0000000013315747,0000000000249704,0000000016742181,081.28
06102026,539480,0000000000000104,0000000000026607,0000000000000104,0000000000026604,100.00
06102026,539486,0000000000002048,0000000000022180,0000000000002048,0000000000022179,100.00
06102026,539487,0000000000000001,0000000000000827,0000000000000001,0000000000000826,100.00
06102026,539492,0000000000000538,0000000000004676,0000000000000564,0000000000004926,095.39
06102026,539494,0000000000005501,0000000000044008,0000000000007143,0000000000057221,077.01
06102026,539495,0000000000000843,0000000000036797,0000000000001344,0000000000061923,062.72
06102026,539506,0000000000112907,0000000000059841,0000000000152008,0000000000077499,074.28
06102026,539515,0000000000002949,0000000000182556,0000000000002949,0000000000182556,100.00
06102026,539516,0000000000002053,0000000000526965,0000000000002382,0000000000608976,086.19
06102026,539517,0000000000003278,0000000000271353,0000000000003405,0000000000281773,096.27
06102026,539518,0000000000001264,0000000000203315,0000000000001804,0000000000294439,070.07
06102026,539519,0000000000218467,0000000000258727,0000000000218467,0000000000258727,100.00
06102026,539522,0000000000000334,0000000000019557,0000000000000334,0000000000019557,100.00
06102026,539523,0000000000003931,0000000020688460,0000000000005660,0000000029659715,069.45
06102026,539524,0000000000001831,0000000003590500,0000000000005140,0000000010225007,035.62
06102026,539526,0000000000242225,0000000000099313,0000000000292426,0000000000121337,082.83
06102026,539527,0000000000000036,0000000000023159,0000000000000061,0000000000038692,059.02
06102026,539528,0000000000046726,0000000001081707,0000000000060860,0000000001412542,076.78
06102026,539533,0000000000505205,0000000003672841,0000000000855552,0000000006251177,059.05
06102026,539542,0000000000001049,0000000001234883,0000000000001667,0000000001962377,062.93
06102026,539545,0000000000000001,0000000000000033,0000000000000001,0000000000000033,100.00
06102026,539546,0000000000001736,0000000000533473,0000000000007690,0000000002394253,022.57
06102026,539551,0000000000004449,0000000007682311,0000000000008645,0000000014919075,051.46
06102026,539552,0000000000021229,0000000000226726,0000000000030259,0000000000318934,070.16
06102026,539559,0000000000449333,0000000000732413,0000000000632108,0000000001029046,071.08
06102026,539561,0000000001303617,0000000000331078,0000000001303617,0000000000331078,100.00
06102026,539562,0000000000003426,0000000000127326,0000000000003426,0000000000127326,100.00
06102026,539593,0000000000027645,0000000000296293,0000000000027645,0000000000296293,100.00
06102026,539594,0000000000581731,0000000001855722,0000000000749734,0000000002396586,077.59
06102026,539596,0000000000007829,0000000000081422,0000000000007829,0000000000081368,100.00
06102026,539598,0000000000058974,0000000001973271,0000000000075545,0000000002532784,078.06
06102026,539599,0000000000000101,0000000000002592,0000000000000101,0000000000002591,100.00
06102026,539607,0000000000156837,0000000003135172,0000000000272234,0000000005381509,057.61
06102026,539620,0000000000002180,0000000000036079,0000000000003152,0000000000053003,069.16
06102026,539621,0000000000018405,0000000000007932,0000000000018405,0000000000007932,100.00
06102026,539636,0000000000004573,0000000000519493,0000000000006258,0000000000703540,073.07
06102026,539658,0000000000000692,0000000000782272,0000000000000899,0000000001016672,076.97
06102026,539659,0000000000001014,0000000000029630,0000000000001679,0000000000050240,060.39
06102026,539660,0000000000052621,0000000000941390,0000000000082389,0000000001473722,063.87
06102026,539661,0000000000019841,0000000002318421,0000000000048308,0000000005662695,041.07
06102026,539662,0000000000004150,0000000000024942,0000000000004850,0000000000030096,085.57
06102026,539669,0000000004127800,0000000009535218,0000000004901470,0000000011253425,084.22
06102026,539673,0000000000000030,0000000000000052,0000000000000030,0000000000000052,100.00
06102026,539678,0000000000006033,0000000000847637,0000000000008516,0000000001191005,070.84
06102026,539679,0000000000482917,0000000001498336,0000000000482917,0000000001498336,100.00
06102026,539682,0000000000009108,0000000002767011,0000000000061583,0000000018257928,014.79
06102026,539686,0000000000011463,0000000002469131,0000000000021312,0000000004566623,053.79
06102026,539692,0000000000006738,0000000000077016,0000000000007221,0000000000083848,093.31
06102026,539697,0000000000000662,0000000000041025,0000000000000662,0000000000041024,100.00
06102026,539724,0000000000008562,0000000001624569,0000000000008562,0000000001624569,100.00
06102026,539725,0000000000008749,0000000001849102,0000000000018094,0000000003793957,048.35
06102026,539730,0000000000009499,0000000013375542,0000000000016424,0000000022774148,057.84
06102026,539742,0000000000025954,0000000000194040,0000000000025954,0000000000194040,100.00
06102026,539760,0000000000001530,0000000000052709,0000000000002003,0000000000068863,076.39
06102026,539761,0000000000122425,0000000000090595,0000000000149916,0000000000111073,081.66
06102026,539762,0000000000025291,0000000000577141,0000000000032195,0000000000732980,078.56
06102026,539767,0000000000000347,0000000000019311,0000000000000347,0000000000019311,100.00
06102026,539770,0000000000001538,0000000000036097,0000000000001538,0000000000036096,100.00
06102026,539773,0000000000213002,0000000000210872,0000000000301613,0000000000299146,070.62
06102026,539784,0000000000000001,0000000000000262,0000000000000001,0000000000000261,100.00
06102026,539785,0000000000007711,0000000000739485,0000000000011244,0000000001090252,068.58
06102026,539787,0000000000001849,0000000001258430,0000000000003070,0000000002056100,060.23
06102026,539798,0000000000003920,0000000000101881,0000000000004020,0000000000104075,097.51
06102026,539799,0000000000001683,0000000000278958,0000000000002525,0000000000418858,066.65
06102026,539800,0000000000012864,0000000000086189,0000000000021099,0000000000131378,060.97
06102026,539807,0000000000483494,0000000007431303,0000000000701232,0000000010720184,068.95
06102026,539814,0000000000003409,0000000000231540,0000000000003854,0000000000262544,088.45
06102026,539834,0000000000000509,0000000000083578,0000000000001361,0000000000216243,037.40
06102026,539835,0000000000003750,0000000000006000,0000000000006000,0000000000009315,062.50
06102026,539837,0000000000005353,0000000009852732,0000000000006861,0000000012565286,078.02
06102026,539841,0000000000024575,0000000000276469,0000000000030116,0000000000340289,081.60
06102026,539843,0000000000000735,0000000000604023,0000000000000954,0000000000796239,077.04
06102026,539854,0000000000000220,0000000000056815,0000000000000301,0000000000077911,073.09
06102026,539871,0000000000044262,0000000023456647,0000000000048219,0000000026106794,091.79
06102026,539872,0000000000003402,0000000001099017,0000000000004305,0000000001383982,079.02
06102026,539875,0000000000000088,0000000000007832,0000000000000088,0000000000007832,100.00
06102026,539876,0000000000040322,0000000008560361,0000000000080180,0000000016987125,050.29
06102026,539883,0000000000000061,0000000000248453,0000000000000062,0000000000250304,098.39
06102026,539884,0000000000009899,0000000000020689,0000000000010003,0000000000020975,098.96
06102026,539889,0000000000149148,0000000046049445,0000000000320540,0000000096793659,046.53
06102026,539894,0000000000006613,0000000000048672,0000000000007003,0000000000050728,094.43
06102026,539895,0000000000053862,0000000001356784,0000000000053863,0000000001356808,100.00
06102026,539900,0000000000002713,0000000000024065,0000000000003040,0000000000028955,089.24
06102026,539921,0000000000006896,0000000001284725,0000000000010745,0000000001995254,064.18
06102026,539922,0000000000004136,0000000000167831,0000000000004136,0000000000167831,100.00
06102026,539938,0000000000002211,0000000000058260,0000000000002331,0000000000060499,094.85
06102026,539939,0000000000001527,0000000000078412,0000000000001980,0000000000101657,077.12
06102026,539945,0000000000022863,0000000000294019,0000000000032213,0000000000415054,070.97
06102026,539946,0000000000000580,0000000000011566,0000000000000580,0000000000011566,100.00
06102026,539947,0000000000003407,0000000000200999,0000000000003407,0000000000200999,100.00
06102026,539956,0000000000019486,0000000021294301,0000000000039015,0000000040550867,049.94
06102026,539957,0000000000004506,0000000004685790,0000000000007700,0000000007989043,058.52
06102026,539963,0000000000034554,0000000000356252,0000000000039079,0000000000405025,088.42
06102026,539978,0000000000006882,0000000002300309,0000000000014666,0000000004915561,046.92
06102026,539979,0000000000000003,0000000000000135,0000000000000003,0000000000000135,100.00
06102026,539980,0000000000007561,0000000000141089,0000000000008178,0000000000152091,092.46
06102026,539984,0000000000000233,0000000000125133,0000000000000233,0000000000125132,100.00
06102026,539985,0000000000012000,0000000000264600,0000000000013000,0000000000280290,092.31
06102026,539986,0000000000051524,0000000013555965,0000000000059626,0000000015626320,086.41
06102026,539991,0000000000000943,0000000000042435,0000000000000943,0000000000042435,100.00
06102026,539992,0000000000253751,0000000025646614,0000000000763515,0000000077337057,033.23
06102026,539997,0000000000001359,0000000005097881,0000000000002286,0000000008467276,059.45
06102026,540005,0000000000004129,0000000016412569,0000000000006806,0000000027128679,060.67
06102026,540006,0000000000030612,0000000000067959,0000000000033042,0000000000074763,092.65
06102026,540008,0000000000000000,0000000000000000,0000000000000002,0000000000000147,000.00
06102026,540023,0000000000000515,0000000000005547,0000000000000556,0000000000005927,092.63
06102026,540025,0000000000005103,0000000001395926,0000000000007539,0000000002073034,067.69
06102026,540026,0000000000000425,0000000000002716,0000000000000499,0000000000003049,085.17
06102026,540047,0000000000002551,0000000001022569,0000000000003547,0000000001410257,071.92
06102026,540048,0000000000000538,0000000000511235,0000000000000775,0000000000737037,069.42
06102026,540061,0000000000004931,0000000000183187,0000000000005708,0000000000212862,086.39
06102026,540065,0000000000053320,0000000022074480,0000000000107936,0000000044745081,049.40
06102026,540072,0000000000080000,0000000000925600,0000000000080000,0000000000925600,100.00
06102026,540073,0000000000054855,0000000012282035,0000000000100626,0000000022324136,054.51
06102026,540078,0000000000021081,0000000003893661,0000000000026463,0000000004875547,079.66
06102026,540079,0000000000064498,0000000000074818,0000000000123133,0000000000142678,052.38
06102026,540080,0000000000006786,0000000000026669,0000000000006786,0000000000026896,100.00
06102026,540082,0000000000000900,0000000000242887,0000000000000900,0000000000242887,100.00
06102026,540083,0000000000002579,0000000000006657,0000000000002579,0000000000006657,100.00
06102026,540097,0000000000001146,0000000000051697,0000000000001456,0000000000066046,078.71
06102026,540115,0000000000002585,0000000008393625,0000000000006264,0000000020170642,041.27
06102026,540124,0000000000024951,0000000015369816,0000000000045958,0000000027831971,054.29
06102026,540125,0000000000006074,0000000000410971,0000000000006074,0000000000410971,100.00
06102026,540132,0000000000008614,0000000000170901,0000000000008614,0000000000170901,100.00
06102026,540133,0000000000006338,0000000002909142,0000000000018560,0000000008492111,034.15
06102026,540135,0000000001735228,0000000000815558,0000000003651014,0000000001722629,047.53
06102026,540136,0000000000003270,0000000000890585,0000000000005287,0000000001420511,061.85
06102026,540143,0000000000001235,0000000000113620,0000000000001235,0000000000110447,100.00
06102026,540144,0000000000027500,0000000000539000,0000000000027500,0000000000517850,100.00
06102026,540145,0000000000011055,0000000005444588,0000000000022747,0000000011061386,048.60
06102026,540147,0000000000004154,0000000000009596,0000000000005277,0000000000012175,078.72
06102026,540153,0000000000012827,0000000032272091,0000000000017458,0000000044211431,073.47
06102026,540159,0000000000000400,0000000000002652,0000000000000400,0000000000002652,100.00
06102026,540168,0000000000048565,0000000001600217,0000000000062906,0000000002044619,077.20
06102026,540173,0000000000004590,0000000005062770,0000000000014237,0000000015709014,032.24
06102026,540174,0000000000000262,0000000000005214,0000000000000264,0000000000005275,099.24
06102026,540175,0000000000341332,0000000018547981,0000000000439499,0000000023585220,077.66
06102026,540180,0000000000614596,0000000270268591,0000000000714323,0000000312984176,086.04
06102026,540181,0000000000008245,0000000000183039,0000000000009844,0000000000221763,083.76
06102026,540190,0000000000958618,0000000000287586,0000000001551614,0000000000470174,061.78
06102026,540192,0000000000017282,0000000000241776,0000000000022760,0000000000319373,075.93
06102026,540198,0000000000001204,0000000000276198,0000000000001432,0000000000328164,084.08
06102026,540199,0000000000000006,0000000000000299,0000000000000007,0000000000000350,085.71
06102026,540203,0000000000003323,0000000002073220,0000000000004855,0000000003018458,068.44
06102026,540204,0000000000003492,0000000000169362,0000000000003642,0000000000176958,095.88
06102026,540205,0000000000003168,0000000001886228,0000000000006154,0000000003660189,051.48
06102026,540210,0000000000000020,0000000000000127,0000000000000020,0000000000000127,100.00
06102026,540212,0000000000001207,0000000000605854,0000000000001746,0000000000869723,069.13
06102026,540222,0000000000024812,0000000050963848,0000000000056117,0000000112868498,044.21
06102026,540243,0000000000077221,0000000000102573,0000000000077221,0000000000102573,100.00
06102026,540252,0000000000092740,0000000000869902,0000000000121387,0000000001134725,076.40
06102026,540254,0000000003249366,0000000025578500,0000000003249366,0000000025578500,100.00
06102026,540259,0000000001876589,0000000000412850,0000000002719273,0000000000585954,069.01
06102026,540266,0000000000052887,0000000000946149,0000000000087616,0000000001601514,060.36
06102026,540268,0000000000028110,0000000000119187,0000000000028545,0000000000117841,098.48
06102026,540269,0000000000030000,0000000000492000,0000000000030000,0000000000492000,100.00
06102026,540293,0000000000063473,0000000042971221,0000000000126507,0000000086399073,050.17
06102026,540310,0000000000018973,0000000001883465,0000000000018973,0000000001883465,100.00
06102026,540311,0000000000002940,0000000000805119,0000000000003506,0000000000948119,083.86
06102026,540332,0000000000001000,0000000000044200,0000000000001000,0000000000044200,100.00
06102026,540358,0000000000012830,0000000002540982,0000000000014848,0000000002926265,086.41
06102026,540360,0000000000515159,0000000000499704,0000000000515159,0000000000499704,100.00
06102026,540361,0000000000009414,0000000000047070,0000000000009490,0000000000047238,099.20
06102026,540366,0000000000000807,0000000000004705,0000000000000807,0000000000004693,100.00
06102026,540376,0000000000034384,0000000122823087,0000000000067548,0000000240267675,050.90
06102026,540377,0000000001933139,0000000000599274,0000000004845304,0000000001517636,039.90
06102026,540386,0000000000018070,0000000000023529,0000000000018070,0000000000023529,100.00
06102026,540393,0000000000007372,0000000000543391,0000000000011014,0000000000825034,066.93
06102026,540395,0000000000009010,0000000000712872,0000000000009596,0000000000750156,093.89
06102026,540396,0000000000004043,0000000000972544,0000000000011925,0000000002869282,033.90
06102026,540401,0000000000032427,0000000000482514,0000000000056414,0000000000831263,057.48
06102026,540403,0000000000000600,0000000000031818,0000000000000683,0000000000036757,087.85
06102026,540404,0000000000002919,0000000000454343,0000000000004847,0000000000738520,060.22
06102026,540405,0000000000004777,0000000000230968,0000000000006084,0000000000295168,078.52
06102026,540425,0000000000004729,0000000000593017,0000000000007253,0000000000892139,065.20
06102026,540455,0000000000000015,0000000000001566,0000000000000019,0000000000002039,078.95
06102026,540467,0000000000000001,0000000000000328,0000000000000001,0000000000000328,100.00
06102026,540481,0000000000000446,0000000000021217,0000000000000447,0000000000021329,099.78
06102026,540492,0000000000183918,0000000001408812,0000000000243731,0000000001869082,075.46
06102026,540497,0000000000000325,0000000000046898,0000000000000450,0000000000064129,072.22
06102026,540515,0000000000002200,0000000000028996,0000000000002200,0000000000028996,100.00
06102026,540519,0000000000001745,0000000000050204,0000000000002466,0000000000071258,070.76
06102026,540526,0000000000038888,0000000002484555,0000000000051478,0000000003286878,075.54
06102026,540530,0000000001134163,0000000182770368,0000000001597538,0000000253686598,070.99
06102026,540544,0000000000001019,0000000000777192,0000000000002034,0000000001552751,050.10
06102026,540545,0000000000019426,0000000000710484,0000000000019426,0000000000710484,100.00
06102026,540565,0000000000028793,0000000004880126,0000000000035135,0000000005956227,081.95
06102026,540570,0000000000032349,0000000000153982,0000000000045203,0000000000214599,071.56
06102026,540575,0000000000002394,0000000000421943,0000000000005311,0000000000936198,045.08
06102026,540590,0000000000000116,0000000000006612,0000000000000119,0000000000006519,097.48
06102026,540595,0000000000063556,0000000030252656,0000000000181211,0000000086777965,035.07
06102026,540596,0000000000001157,0000000001374112,0000000000002663,0000000003159734,043.45
06102026,540597,0000000000003427,0000000000059253,0000000000003532,0000000000057498,097.03
06102026,540602,0000000000000795,0000000000043566,0000000000000946,0000000000051705,084.04
06102026,540611,0000000000013689,0000000014112675,0000000000031199,0000000032047157,043.88
06102026,540612,0000000000007354,0000000000152522,0000000000008482,0000000000175770,086.70
06102026,540615,0000000000006358,0000000000043998,0000000000006358,0000000000043998,100.00
06102026,540642,0000000000621671,0000000002635886,0000000000831728,0000000003468674,074.74
06102026,540647,0000000000000002,0000000000000230,0000000000000004,0000000000000457,050.00
06102026,540648,0000000000000001,0000000000000087,0000000000000001,0000000000000087,100.00
06102026,540649,0000000000013041,0000000011379577,0000000000034775,0000000030468221,037.50
06102026,540650,0000000000001532,0000000000847120,0000000000002026,0000000001122415,075.62
06102026,540654,0000000000019726,0000000000651156,0000000000031423,0000000001026445,062.78
06102026,540669,0000000000003021,0000000000228781,0000000000003429,0000000000258843,088.10
06102026,540673,0000000000009447,0000000003936565,0000000000011504,0000000004813418,082.12
06102026,540678,0000000000034884,0000000044686404,0000000000072286,0000000092585201,048.26
06102026,540679,0000000000000055,0000000000087230,0000000000000055,0000000000086612,100.00
06102026,540680,0000000000005313,0000000001834048,0000000000008208,0000000002786208,064.73
06102026,540686,0000000000001854,0000000000292191,0000000000002058,0000000000325468,090.09
06102026,540691,0000000000025718,0000000009738121,0000000000076059,0000000028662636,033.81
06102026,540692,0000000000004925,0000000001670068,0000000000007077,0000000002371608,069.59
06102026,540693,0000000000268618,0000000003247592,0000000000377531,0000000004548185,071.15
06102026,540694,0000000000001576,0000000000060833,0000000000001576,0000000000060833,100.00
06102026,540696,0000000000004331,0000000000015436,0000000000004331,0000000000015436,100.00
06102026,540699,0000000000005390,0000000070070539,0000000000012891,0000000165789657,041.81
06102026,540700,0000000000003333,0000000000053562,0000000000004030,0000000000065633,082.70
06102026,540701,0000000000010880,0000000001668448,0000000000015135,0000000002327262,071.89
06102026,540703,0000000000024360,0000000001214815,0000000000024360,0000000001214815,100.00
06102026,540704,0000000000000159,0000000000080256,0000000000000244,0000000000124489,065.16
06102026,540709,0000000000098740,0000000000154066,0000000000098740,0000000000154066,100.00
06102026,540710,0000000000022836,0000000004215526,0000000000040984,0000000007495882,055.72
06102026,540716,0000000000052889,0000000084156977,0000000000059739,0000000094763001,088.53
06102026,540717,0000000000058557,0000000000450889,0000000000076449,0000000000585608,076.60
06102026,540718,0000000000068625,0000000087280707,0000000000095000,0000000120383562,072.24
06102026,540719,0000000000177103,0000000310638662,0000000000190268,0000000331681177,093.08
06102026,540724,0000000000000202,0000000000220009,0000000000000243,0000000000259850,083.13
06102026,540725,0000000000019107,0000000004044952,0000000000046361,0000000009730086,041.21
06102026,540726,0000000000011108,0000000000230491,0000000000013637,0000000000278156,081.45
06102026,540727,0000000000001241,0000000000019447,0000000000003826,0000000000060226,032.44
06102026,540728,0000000000000002,0000000000000240,0000000000000002,0000000000000239,100.00
06102026,540729,0000000000002250,0000000000045945,0000000000002250,0000000000045945,100.00
06102026,540730,0000000000190837,0000000000225188,0000000000253937,0000000000297382,075.15
06102026,540735,0000000000000881,0000000000193380,0000000000000902,0000000000199231,097.67
06102026,540737,0000000000006248,0000000004481378,0000000000009294,0000000006682216,067.23
06102026,540738,0000000000019898,0000000000175899,0000000000021425,0000000000188886,092.87
06102026,540743,0000000000003736,0000000002420181,0000000000007604,0000000004900107,049.13
06102026,540749,0000000000003408,0000000000910107,0000000000006087,0000000001629910,055.99
06102026,540750,0000000000094363,0000000009884525,0000000000168804,0000000017745007,055.90
06102026,540755,0000000000026388,0000000008289791,0000000000041919,0000000013255685,062.95
06102026,540757,0000000000000776,0000000000477556,0000000000000776,0000000000477556,100.00
06102026,540762,0000000000018096,0000000044613879,0000000000037137,0000000089447820,048.73
06102026,540767,0000000000026073,0000000027898110,0000000000032891,0000000035018400,079.27
06102026,540768,0000000000004475,0000000001856454,0000000000007279,0000000003006469,061.48
06102026,540769,0000000000024630,0000000003956810,0000000000141349,0000000022867437,017.42
06102026,540774,0000000000004942,0000000000889808,0000000000005558,0000000001009513,088.92
06102026,540775,0000000000000541,0000000000061907,0000000000000541,0000000000061907,100.00
06102026,540776,0000000000005509,0000000001928701,0000000000009974,0000000003502937,055.23
06102026,540777,0000000000376741,0000000204664549,0000000000594904,0000000323563927,063.33
06102026,540782,0000000000029000,0000000000355250,0000000000030000,0000000000364750,096.67
06102026,540786,0000000000132730,0000000002786003,0000000000179620,0000000003801180,073.89
06102026,540787,0000000000015035,0000000001657609,0000000000017695,0000000001943803,084.97
06102026,540788,0000000000000992,0000000000119672,0000000000000992,0000000000119672,100.00
06102026,540789,0000000000007083,0000000000018062,0000000000007351,0000000000018731,096.35
06102026,540795,0000000000012416,0000000005553056,0000000000019081,0000000008442491,065.07
06102026,540797,0000000000002817,0000000000385789,0000000000003492,0000000000473627,080.67
06102026,540809,0000000000120546,0000000004172098,0000000000183721,0000000006378847,065.61
06102026,540811,0000000000035000,0000000000434000,0000000000035000,0000000000428250,100.00
06102026,540821,0000000000021032,0000000000039961,0000000000022733,0000000000043360,092.52
06102026,540824,0000000000000915,0000000000002563,0000000000000915,0000000000002563,100.00
06102026,540829,0000000000004936,0000000000054690,0000000000004936,0000000000054690,100.00
06102026,540850,0000000000022000,0000000000487520,0000000000025000,0000000000563340,088.00
06102026,540874,0000000000033423,0000000003427195,0000000000037411,0000000003831787,089.34
06102026,540879,0000000000096998,0000000039570335,0000000000181404,0000000073707580,053.47
06102026,540900,0000000000024133,0000000011029988,0000000000052406,0000000023978540,046.05
06102026,540901,0000000000033688,0000000000149575,0000000000037589,0000000000165961,089.62
06102026,540902,0000000000002136,0000000014653174,0000000000004252,0000000028587169,050.24
06102026,540904,0000000000001763,0000000000128856,0000000000001763,0000000000128856,100.00
06102026,540914,0000000000041699,0000000000058796,0000000000046850,0000000000067032,089.01
06102026,540923,0000000000002428,0000000000035134,0000000000002929,0000000000042824,082.90
06102026,540935,0000000000001329,0000000003244754,0000000000002388,0000000005785436,055.65
06102026,540936,0000000000006258,0000000000019025,0000000000007688,0000000000023329,081.40
06102026,540937,0000000000023993,0000000000531206,0000000000032040,0000000000699555,074.88
06102026,540952,0000000000000127,0000000000001114,0000000000000173,0000000000001489,073.41
06102026,540953,0000000000039498,0000000000077022,0000000000043753,0000000000085580,090.27
06102026,540954,0000000000000108,0000000000004113,0000000000000175,0000000000006661,061.71
06102026,540955,0000000000000229,0000000000000893,0000000000000229,0000000000000893,100.00
06102026,540956,0000000000092974,0000000003651089,0000000000128793,0000000004969199,072.19
06102026,540961,0000000000000002,0000000000000117,0000000000000004,0000000000000231,050.00
06102026,540975,0000000000026498,0000000018128607,0000000000048769,0000000033325508,054.33
06102026,540980,0000000000000003,0000000000078006,0000000000000003,0000000000078006,100.00
06102026,541005,0000000000000001,0000000000000053,0000000000000001,0000000000000052,100.00
06102026,541019,0000000000014032,0000000005854151,0000000000031054,0000000012761400,045.19
06102026,541083,0000000000007500,0000000001769250,0000000000011250,0000000002632862,066.67
06102026,541096,0000000000001272,0000000002343470,0000000000002284,0000000004120454,055.69
06102026,541097,0000000000006867,0000000006867000,0000000000007659,0000000007658994,089.66
06102026,541143,0000000000013758,0000000015147558,0000000000031210,0000000034399183,044.08
06102026,541144,0000000000002290,0000000000227558,0000000000002739,0000000000271917,083.61
06102026,541152,0000000000005007,0000000000030042,0000000000005007,0000000000030107,100.00
06102026,541153,0000000000316881,0000000052031861,0000000000662417,0000000110171175,047.84
06102026,541154,0000000000243538,0000001173366084,0000000000279147,0000001331232072,087.24
06102026,541161,0000000000708747,0000000000134661,0000000000708747,0000000000134661,100.00
06102026,541163,0000000000003287,0000000001838420,0000000000007061,0000000003946675,046.55
06102026,541167,0000000000001707,0000000007313130,0000000000002266,0000000009509824,075.33
06102026,541178,0000000000004000,0000000000032460,0000000000004000,0000000000032460,100.00
06102026,541195,0000000000045021,0000000020828966,0000000000103484,0000000047384624,043.51
06102026,541228,0000000000004992,0000000000280259,0000000000004992,0000000000280259,100.00
06102026,541233,0000000000127297,0000000014028130,0000000000216011,0000000023527383,058.93
06102026,541269,0000000000000695,0000000000234667,0000000000000789,0000000000261450,088.09
06102026,541276,0000000000042535,0000000000393024,0000000000061389,0000000000570801,069.29
06102026,541301,0000000000011968,0000000001923258,0000000000023865,0000000003837227,050.15
06102026,541302,0000000000000504,0000000000010091,0000000000000504,0000000000009932,100.00
06102026,541303,0000000000051319,0000000000022068,0000000000060007,0000000000024791,085.52
06102026,541304,0000000000000866,0000000000064950,0000000000000905,0000000000067210,095.69
06102026,541313,0000000000001772,0000000000066663,0000000000002011,0000000000075293,088.12
06102026,541336,0000000000001148,0000000000228739,0000000000002356,0000000000476902,048.73
06102026,541338,0000000000011888,0000000000073349,0000000000019110,0000000000118850,062.21
06102026,541347,0000000000026576,0000000000191631,0000000000026576,0000000000191631,100.00
06102026,541352,0000000000000167,0000000000046886,0000000000000230,0000000000063767,072.61
06102026,541353,0000000000008000,0000000000906000,0000000000012800,0000000001446760,062.50
06102026,541358,0000000000003237,0000000000333022,0000000000003237,0000000000333022,100.00
06102026,541400,0000000000004285,0000000000593473,0000000000005844,0000000000809783,073.32
06102026,541402,0000000000001264,0000000000208560,0000000000001472,0000000000240324,085.87
06102026,541403,0000000000005186,0000000001445339,0000000000009549,0000000002658429,054.31
06102026,541418,0000000000000452,0000000000017167,0000000000000686,0000000000024912,065.89
06102026,541444,0000000000075712,0000000001600552,0000000000123724,0000000002631647,061.19
06102026,541445,0000000000002400,0000000000108000,0000000000002400,0000000000108792,100.00
06102026,541450,0000000000039068,0000000051202521,0000000000091183,0000000119717208,042.85
06102026,541540,0000000000003733,0000000002545533,0000000000007975,0000000005404381,046.81
06102026,541546,0000000000021822,0000000000039062,0000000000026907,0000000000047430,081.10
06102026,541556,0000000000032031,0000000006519911,0000000000065034,0000000013314731,049.25
06102026,541557,0000000000001982,0000000010964623,0000000000004355,0000000023776286,045.51
06102026,541578,0000000000008794,0000000007166671,0000000000018719,0000000015090242,046.98
06102026,541601,0000000002005057,0000000000721821,0000000003069580,0000000001104550,065.32
06102026,541627,0000000000006193,0000000000058833,0000000000006193,0000000000058833,100.00
06102026,541634,0000000000002672,0000000000037115,0000000000004972,0000000000069890,053.74
06102026,541702,0000000000296432,0000000000698938,0000000000296432,0000000000698938,100.00
06102026,541729,0000000000006198,0000000014571498,0000000000013916,0000000032756648,044.54
06102026,541735,0000000000046767,0000000000077634,0000000000056049,0000000000093345,083.44
06102026,541741,0000000000006166,0000000000799616,0000000000006166,0000000000799616,100.00
06102026,541770,0000000000006468,0000000008183637,0000000000009864,0000000012549639,065.57
06102026,541771,0000000000060921,0000000000112094,0000000000060921,0000000000112094,100.00
06102026,541778,0000000000000425,0000000000018408,0000000000000425,0000000000018408,100.00
06102026,541809,0000000000017320,0000000001284798,0000000000028906,0000000002130667,059.92
06102026,541865,0000000000012067,0000000000065886,0000000000018490,0000000000101961,065.26
06102026,541890,0000000000070773,0000000000012739,0000000000070773,0000000000012739,100.00
06102026,541929,0000000000000303,0000000000184255,0000000000000312,0000000000188545,097.12
06102026,541946,0000000000071892,0000000071892000,0000000000071892,0000000071892013,100.00
06102026,541956,0000000000100413,0000000010834563,0000000000213450,0000000023061372,047.04
06102026,541967,0000000000059702,0000000051272078,0000000000183392,0000000156717340,032.55
06102026,541972,0000000000000951,0000000000858316,0000000000000974,0000000000879112,097.64
06102026,541973,0000000000001500,0000000000093000,0000000000001500,0000000000093000,100.00
06102026,541974,0000000000002173,0000000004309929,0000000000004849,0000000009623391,044.81
06102026,541983,0000000000001000,0000000000017450,0000000000001000,0000000000017450,100.00
06102026,541988,0000000000001265,0000000001536469,0000000000002833,0000000003429317,044.65
06102026,542011,0000000000019419,0000000041509084,0000000000037763,0000000080381202,051.42
06102026,542012,0000000000708061,0000000003963738,0000000000708061,0000000003963738,100.00
06102026,542013,0000000000000408,0000000000069544,0000000000000510,0000000000086965,080.00
06102026,542019,0000000000010205,0000000000332888,0000000000012426,0000000000406632,082.13
06102026,542020,0000000000024481,0000000000144477,0000000000024481,0000000000144477,100.00
06102026,542025,0000000000096000,0000000000041760,0000000000096000,0000000000041760,100.00
06102026,542034,0000000000003905,0000000000051625,0000000000004745,0000000000063500,082.30
06102026,542046,0000000000300529,0000000001746074,0000000000340305,0000000001986157,088.31
06102026,542057,0000000000004076,0000000000272685,0000000000005080,0000000000337787,080.24
06102026,542066,0000000000011811,0000000006947821,0000000000026890,0000000015821433,043.92
06102026,542131,0000000000008179,0000000002024794,0000000000009839,0000000002429002,083.13
06102026,542141,0000000000007603,0000000007563465,0000000000013991,0000000013853439,054.34
06102026,542146,0000000000012500,0000000000113000,0000000000012500,0000000000113000,100.00
06102026,542155,0000000000014000,0000000000015120,0000000000014000,0000000000015120,100.00
06102026,542176,0000000000000019,0000000000000376,0000000000000019,0000000000000375,100.00
06102026,542206,0000000000002430,0000000000001846,0000000000002430,0000000000001846,100.00
06102026,542216,0000000000001319,0000000002221262,0000000000001747,0000000002942567,075.50
06102026,542230,0000000000001124,0000000000084626,0000000000001135,0000000000083788,099.03
06102026,542231,0000000000050307,0000000000562433,0000000000091039,0000000001015875,055.26
06102026,542232,0000000000002198,0000000000083568,0000000000002211,0000000000085069,099.41
06102026,542233,0000000000001001,0000000000131382,0000000000001285,0000000000167765,077.90
06102026,542248,0000000000020483,0000000000242110,0000000000024444,0000000000296079,083.80
06102026,542285,0000000000035733,0000000000267998,0000000000050189,0000000000375567,071.20
06102026,542323,0000000000031750,0000000010360025,0000000000079276,0000000025885288,040.05
06102026,542332,0000000000004000,0000000000359250,0000000000004000,0000000000359250,100.00
06102026,542333,0000000000003511,0000000002934319,0000000000003674,0000000003205771,095.56
06102026,542337,0000000000004858,0000000000136753,0000000000007257,0000000000194905,066.94
06102026,542351,0000000000000181,0000000000097740,0000000000000182,0000000000099769,099.45
06102026,542367,0000000000004311,0000000000369108,0000000000004606,0000000000398652,093.60
06102026,542383,0000000000008280,0000000002367252,0000000000008464,0000000002446493,097.83
06102026,542399,0000000000003555,0000000002905146,0000000000005438,0000000004474337,065.37
06102026,542437,0000000000002980,0000000000038871,0000000000002980,0000000000038871,100.00
06102026,542446,0000000000186810,0000000000549222,0000000000217945,0000000000649725,085.71
06102026,542459,0000000000004466,0000000000232143,0000000000008117,0000000000408353,055.02
06102026,542460,0000000000001172,0000000001847365,0000000000001700,0000000002646097,068.94
06102026,542484,0000000000003085,0000000001253127,0000000000008082,0000000003219599,038.17
06102026,542513,0000000000000270,0000000000024411,0000000000000958,0000000000086189,028.18
06102026,542524,0000000000000174,0000000000005220,0000000000000174,0000000000005252,100.00
06102026,542543,0000000000250000,0000000018445000,0000000000300000,0000000022206000,083.33
06102026,542579,0000000000221822,0000000000960490,0000000000365940,0000000001579896,060.62
06102026,542580,0000000000003220,0000000000151587,0000000000003220,0000000000151587,100.00
06102026,542597,0000000000008869,0000000006323597,0000000000013816,0000000009846273,064.19
06102026,542602,0000000000018020,0000000007776171,0000000000023167,0000000009927154,077.78
06102026,542627,0000000000017534,0000000001769454,0000000000017534,0000000001769454,100.00
06102026,542628,0000000000003878,0000000000470014,0000000000004476,0000000000545513,086.64
06102026,542649,0000000000087761,0000000017446887,0000000000221943,0000000044212575,039.54
06102026,542650,0000000000004487,0000000002476151,0000000000009941,0000000005439354,045.14
06102026,542651,0000000000046428,0000000022889004,0000000000094785,0000000046766232,048.98
06102026,542652,0000000000005791,0000000047080830,0000000000010092,0000000081908619,057.38
06102026,542654,0000000000008195,0000000000087277,0000000000009067,0000000000090500,090.38
06102026,542655,0000000000172216,0000000000204938,0000000000414140,0000000000498173,041.58
06102026,542665,0000000000005162,0000000012541079,0000000000008431,0000000020202360,061.23
06102026,542666,0000000000019837,0000000000131520,0000000000027254,0000000000179641,072.79
06102026,542668,0000000000003000,0000000000250530,0000000000003000,0000000000251400,100.00
06102026,542669,0000000000197425,0000000010951165,0000000000305218,0000000017175063,064.68
06102026,542670,0000000000002364,0000000000035957,0000000000004563,0000000000069862,051.81
06102026,542677,0000000000000010,0000000000000165,0000000000000010,0000000000000165,100.00
06102026,542679,0000000000000059,0000000000007611,0000000000000063,0000000000008341,093.65
06102026,542682,0000000000001147,0000000000074934,0000000000001183,0000000000079875,096.96
06102026,542684,0000000000000702,0000000000177080,0000000000001240,0000000000311007,056.61
06102026,542685,0000000000000102,0000000000002476,0000000000000205,0000000000004873,049.76
06102026,542721,0000000000041941,0000000001455728,0000000000041941,0000000001455728,100.00
06102026,542725,0000000001130261,0000000069624078,0000000002194373,0000000135957039,051.51
06102026,542726,0000000000003694,0000000005886944,0000000000006182,0000000009873310,059.75
06102026,542727,0000000000050300,0000000004507886,0000000000056500,0000000005092488,089.03
06102026,542729,0000000000000023,0000000000003852,0000000000000023,0000000000003852,100.00
06102026,542730,0000000000006789,0000000000383783,0000000000013842,0000000000783416,049.05
06102026,542747,0000000000001522,0000000000134241,0000000000001550,0000000000136300,098.19
06102026,542752,0000000000038854,0000000056314988,0000000000041806,0000000060595541,092.94
06102026,542758,0000000000141883,0000000003889014,0000000000149482,0000000004103838,094.92
06102026,542759,0000000000002508,0000000000546744,0000000000003768,0000000000820168,066.56
06102026,542760,0000000000075646,0000000013048935,0000000000118788,0000000020193190,063.68
06102026,542770,0000000000000657,0000000000025880,0000000000000680,0000000000026788,096.62
06102026,542772,0000000000011483,0000000012286810,0000000000018345,0000000019570192,062.59
06102026,542773,0000000000062229,0000000021472117,0000000000065571,0000000022601434,094.90
06102026,542774,0000000000019423,0000000002625019,0000000000036830,0000000004975077,052.74
06102026,542802,0000000000055096,0000000000108540,0000000000082864,0000000000161318,066.49
06102026,542803,0000000000008688,0000000000562635,0000000000009744,0000000000632777,089.16
06102026,542812,0000000000002009,0000000009223922,0000000000004671,0000000021348787,043.01
06102026,542830,0000000000016234,0000000007387282,0000000000032414,0000000014755937,050.08
06102026,542850,0000000000004000,0000000000051400,0000000000004000,0000000000051400,100.00
06102026,542851,0000000000040446,0000000000509663,0000000000040446,0000000000509663,100.00
06102026,542852,0000000000132081,0000000000751541,0000000000180470,0000000001043583,073.19
06102026,542857,0000000000004833,0000000000773280,0000000000007802,0000000001245519,061.95
06102026,542862,0000000000003287,0000000000078856,0000000000003621,0000000000085133,090.78
06102026,542863,0000000000003334,0000000000188438,0000000000003407,0000000000192202,097.86
06102026,542865,0000000000011183,0000000000103108,0000000000014904,0000000000138429,075.03
06102026,542867,0000000000005763,0000000001764343,0000000000013663,0000000004221003,042.18
06102026,542904,0000000000407958,0000000026655976,0000000000781475,0000000051863712,052.20
06102026,542905,0000000000001312,0000000000223631,0000000000002145,0000000000365422,061.17
06102026,542907,0000000000003155,0000000000814464,0000000000005302,0000000001349869,059.51
06102026,542909,0000000000000057,0000000000091470,0000000000000085,0000000000136719,067.06
06102026,542918,0000000000000545,0000000000002563,0000000000000545,0000000000002563,100.00
06102026,542919,0000000000012221,0000000003893000,0000000000027848,0000000008847279,043.88
06102026,542920,0000000000009251,0000000003871544,0000000000020027,0000000008446186,046.19
06102026,542921,0000000000017108,0000000000388694,0000000000020185,0000000000458010,084.76
06102026,542922,0000000000001369,0000000000990842,0000000000001496,0000000001078593,091.51
06102026,542933,0000000000000116,0000000000058829,0000000000000116,0000000000058829,100.00
06102026,542934,0000000000004000,0000000000178360,0000000000004000,0000000000178360,100.00
06102026,543064,0000000000006793,0000000003104741,0000000000014058,0000000006370363,048.32
06102026,543066,0000000000032045,0000000018328138,0000000000056565,0000000032059834,056.65
06102026,543071,0000000000000305,0000000000003172,0000000000000360,0000000000004094,084.72
06102026,543079,0000000000000611,0000000000002726,0000000000000711,0000000000003249,085.94
06102026,543083,0000000000000001,0000000000000013,0000000000000001,0000000000000012,100.00
06102026,543092,0000000000000001,0000000000000006,0000000000000004,0000000000000022,025.00
06102026,543110,0000000000000002,0000000000000017,0000000000000004,0000000000000033,050.00
06102026,543144,0000000000000107,0000000000000513,0000000000000107,0000000000000479,100.00
06102026,543150,0000000000004049,0000000000008018,0000000000007016,0000000000014096,057.71
06102026,543153,0000000000000403,0000000000011663,0000000000000406,0000000000011774,099.26
06102026,543161,0000000000000340,0000000000033994,0000000000000422,0000000000040109,080.57
06102026,543165,0000000000000004,0000000000000372,0000000000000004,0000000000000372,100.00
06102026,543167,0000000000000060,0000000000000119,0000000000000090,0000000000000178,066.67
06102026,543171,0000000000024857,0000000000031072,0000000000024857,0000000000032867,100.00
06102026,543172,0000000000001250,0000000004039618,0000000000001250,0000000004039618,100.00
06102026,543173,0000000000000387,0000000000005426,0000000000000392,0000000000005470,098.72
06102026,543174,0000000000004130,0000000000006526,0000000000004180,0000000000006552,098.80
06102026,543175,0000000000002172,0000000000005865,0000000000002172,0000000000005900,100.00
06102026,543176,0000000000000108,0000000000005633,0000000000000113,0000000000005939,095.58
06102026,543177,0000000000006313,0000000000022033,0000000000006685,0000000000023773,094.44
06102026,543178,0000000000000541,0000000000019915,0000000000000541,0000000000021453,100.00
06102026,543181,0000000000000256,0000000000006759,0000000000000263,0000000000006524,097.34
06102026,543182,0000000000000010,0000000000000208,0000000000000019,0000000000000439,052.63
06102026,543184,0000000000000427,0000000000011192,0000000000000430,0000000000011230,099.30
06102026,543186,0000000000000259,0000000000001158,0000000000000265,0000000000001192,097.74
06102026,543187,0000000000000624,0000000019874400,0000000000001693,0000000053742662,036.86
06102026,543193,0000000000000744,0000000000055056,0000000000000744,0000000000055043,100.00
06102026,543207,0000000000033932,0000000000083134,0000000000043472,0000000000105038,078.05
06102026,543208,0000000000015540,0000000000031702,0000000000021505,0000000000043488,072.26
06102026,543209,0000000000030000,0000000001403460,0000000000030000,0000000001403460,100.00
06102026,543210,0000000000000378,0000000000192681,0000000000000378,0000000000192681,100.00
06102026,543211,0000000000000302,0000000000011724,0000000000000302,0000000000011938,100.00
06102026,543212,0000000000009258,0000000002659824,0000000000014461,0000000004098266,064.02
06102026,543213,0000000000001926,0000000000822788,0000000000002972,0000000001276672,064.80
06102026,543214,0000000000000534,0000000000375723,0000000000000999,0000000000703383,053.45
06102026,543216,0000000000000017,0000000000024375,0000000000000017,0000000000024374,100.00
06102026,543217,0000000000005988,0000000002975617,0000000000006940,0000000003455228,086.28
06102026,543218,0000000000004938,0000000000111105,0000000000004954,0000000000111957,099.68
06102026,543219,0000000000009309,0000000000241755,0000000000015938,0000000000413244,058.41
06102026,543220,0000000000653102,0000000590404208,0000000000732181,0000000659846799,089.20
06102026,543221,0000000000005209,0000000000163094,0000000000007374,0000000000230408,070.64
06102026,543223,0000000000003985,0000000000660116,0000000000005629,0000000000910567,070.79
06102026,543224,0000000000001210,0000000000068462,0000000000001438,0000000000081565,084.14
06102026,543225,0000000001400000,0000000240800000,0000000001425000,0000000245752500,098.25
06102026,543226,0000000000000118,0000000000006723,0000000000000124,0000000000007066,095.16
06102026,543227,0000000000016010,0000000004856634,0000000000023474,0000000007127916,068.20
06102026,543228,0000000000006000,0000000002588700,0000000000009612,0000000004153415,062.42
06102026,543229,0000000000000018,0000000000003780,0000000000000021,0000000000004437,085.71
06102026,543230,0000000000002047,0000000003987454,0000000000004134,0000000007888688,049.52
06102026,543232,0000000000032547,0000000022613656,0000000000067905,0000000046614881,047.93
06102026,543233,0000000000001770,0000000000385595,0000000000002648,0000000000575154,066.84
06102026,543235,0000000000611342,0000000179703981,0000000000816807,0000000239438950,074.85
06102026,543236,0000000000000653,0000000000035302,0000000000001109,0000000000060341,058.88
06102026,543237,0000000000011168,0000000023495797,0000000000029996,0000000062897364,037.23
06102026,543238,0000000000002870,0000000002548560,0000000000004481,0000000003983085,064.05
06102026,543240,0000000000005045,0000000001144206,0000000000006901,0000000001555896,073.11
06102026,543241,0000000000000747,0000000000107195,0000000000000747,0000000000107045,100.00
06102026,543242,0000000000007154,0000000000809833,0000000000012051,0000000001363411,059.36
06102026,543243,0000000000009861,0000000000669957,0000000000019897,0000000001364599,049.56
06102026,543245,0000000000025130,0000000075563397,0000000000038746,0000000115379169,064.86
06102026,543246,0000000000000641,0000000000024987,0000000000001270,0000000000049397,050.47
06102026,543248,0000000000069554,0000000006609717,0000000000094488,0000000008913495,073.61
06102026,543249,0000000000004483,0000000000557237,0000000000006852,0000000000844709,065.43
06102026,543250,0000000000000110,0000000000007168,0000000000000238,0000000000015466,046.22
06102026,543251,0000000000003000,0000000000111120,0000000000003263,0000000000120741,091.94
06102026,543252,0000000000017383,0000000011820440,0000000000035114,0000000024187458,049.50
06102026,543253,0000000000013865,0000000002942847,0000000000030857,0000000006561981,044.93
06102026,543254,0000000000001667,0000000000594619,0000000000002607,0000000000924700,063.94
06102026,543255,0000000000000127,0000000000115639,0000000000000174,0000000000157435,072.99
06102026,543256,0000000000000010,0000000000000128,0000000000000010,0000000000000127,100.00
06102026,543257,0000000000317468,0000000024492657,0000000000610594,0000000047119891,051.99
06102026,543258,0000000000001372,0000000001456378,0000000000002166,0000000002264126,063.34
06102026,543259,0000000000005237,0000000005834018,0000000000008318,0000000009201216,062.96
06102026,543260,0000000000003792,0000000003084224,0000000000007349,0000000005995930,051.60
06102026,543261,0000000000018410,0000000006083033,0000000000023919,0000000007907421,076.97
06102026,543262,0000000000004000,0000000000360000,0000000000006000,0000000000539760,066.67
06102026,543263,0000000000736741,0000000081549862,0000000001618517,0000000183806836,045.52
06102026,543264,0000000000000297,0000000000100188,0000000000000297,0000000000100188,100.00
06102026,543265,0000000000037319,0000000009620839,0000000000070855,0000000018177966,052.67
06102026,543266,0000000000000683,0000000000116896,0000000000001031,0000000000177166,066.25
06102026,543267,0000000000307488,0000000000701073,0000000000518975,0000000001177036,059.25
06102026,543268,0000000000002396,0000000000030909,0000000000002708,0000000000035689,088.48
06102026,543269,0000000000003200,0000000000197600,0000000000003200,0000000000197600,100.00
06102026,543270,0000000000005904,0000000045252091,0000000000005904,0000000045252091,100.00
06102026,543271,0000000000002277,0000000001466047,0000000000004083,0000000002624615,055.77
06102026,543272,0000000000282810,0000000001640298,0000000000423369,0000000002450315,066.80
06102026,543273,0000000000007624,0000000024407093,0000000000015876,0000000050328543,048.02
06102026,543275,0000000000000527,0000000000616696,0000000000001009,0000000001181974,052.23
06102026,543276,0000000000000395,0000000004090522,0000000000000906,0000000009333987,043.60
06102026,543277,0000000000185353,0000000034985379,0000000000282427,0000000052901647,065.63
06102026,543278,0000000000400868,0000000219675664,0000000000885692,0000000500803307,045.26
06102026,543279,0000000000010331,0000000001566180,0000000000019588,0000000002938306,052.74
06102026,543280,0000000000012415,0000000004709010,0000000000026605,0000000010167221,046.66
06102026,543281,0000000000020106,0000000000041419,0000000000030109,0000000000062111,066.78
06102026,543282,0000000000000300,0000000000095910,0000000000000300,0000000000095910,100.00
06102026,543283,0000000000001471,0000000001011952,0000000000001471,0000000001011952,100.00
06102026,543284,0000000000014691,0000000001288316,0000000000014691,0000000001288316,100.00
06102026,543285,0000000000004000,0000000000064720,0000000000005200,0000000000079384,076.92
06102026,543287,0000000000021286,0000000024241562,0000000000050322,0000000056996248,042.30
06102026,543288,0000000000006524,0000000004900503,0000000000010773,0000000008062702,060.56
06102026,543290,0000000000099437,0000000010173400,0000000000140086,0000000014278805,070.98
06102026,543291,0000000000063896,0000000017683218,0000000000103635,0000000028251348,061.65
06102026,543292,0000000000009629,0000000001590615,0000000000012935,0000000002126725,074.44
06102026,543298,0000000000001492,0000000000054265,0000000000001837,0000000000067157,081.22
06102026,543299,0000000000004249,0000000004475897,0000000000013113,0000000013519933,032.40
06102026,543300,0000000000023996,0000000019535144,0000000000099968,0000000080562577,024.00
06102026,543306,0000000000000143,0000000000145431,0000000000000156,0000000000158471,091.67
06102026,543308,0000000000236729,0000000164147889,0000000000258583,0000000180525484,091.55
06102026,543309,0000000000006000,0000000000097500,0000000000006000,0000000000097500,100.00
06102026,543311,0000000000016573,0000000002195923,0000000000023187,0000000003043562,071.48
06102026,543312,0000000000002133,0000000000618570,0000000000002133,0000000000618570,100.00
06102026,543317,0000000000001016,0000000000824840,0000000000001558,0000000001248452,065.21
06102026,543318,0000000000016867,0000000013892505,0000000000037317,0000000030624605,045.20
06102026,543319,0000000000160000,0000000000185600,0000000000160000,0000000000185600,100.00
06102026,543320,0000000000465912,0000000152842432,0000000000789951,0000000257106859,058.98
06102026,543321,0000000000003958,0000000007457466,0000000000006900,0000000012778777,057.36
06102026,543322,0000000000020649,0000000028565827,0000000000024274,0000000033381984,085.07
06102026,543323,0000000000012075,0000000000313105,0000000000013813,0000000000358743,087.42
06102026,543324,0000000000001723,0000000001193953,0000000000013775,0000000009549650,012.51
06102026,543325,0000000000142067,0000000026694390,0000000000209765,0000000039403060,067.73
06102026,543326,0000000000026144,0000000001265109,0000000000042897,0000000002063091,060.95
06102026,543327,0000000000077921,0000000000478435,0000000000143145,0000000000904920,054.44
06102026,543328,0000000000000796,0000000000438716,0000000000001050,0000000000582366,075.81
06102026,543329,0000000000001709,0000000001769157,0000000000003322,0000000003386621,051.44
06102026,543330,0000000000039456,0000000005117444,0000000000075018,0000000009743332,052.60
06102026,543331,0000000000043157,0000000002592441,0000000000121249,0000000007095555,035.59
06102026,543332,0000000000001073,0000000001113345,0000000000002402,0000000002496705,044.67
06102026,543333,0000000000005084,0000000014802575,0000000000009698,0000000028473612,052.42
06102026,543334,0000000000005656,0000000001844139,0000000000009334,0000000003037351,060.60
06102026,543335,0000000000031856,0000000007132559,0000000000054064,0000000012119636,058.92
06102026,543336,0000000000051422,0000000010839758,0000000000096040,0000000019887544,053.54
06102026,543341,0000000000010683,0000000000085464,0000000000010683,0000000000085464,100.00
06102026,543346,0000000000004000,0000000000419000,0000000000004000,0000000000417500,100.00
06102026,543347,0000000000000017,0000000000005256,0000000000000081,0000000000024960,020.99
06102026,543348,0000000000000021,0000000000003447,0000000000000023,0000000000003762,091.30
06102026,543349,0000000000003184,0000000010047908,0000000000008722,0000000027523359,036.51
06102026,543350,0000000000060870,0000000089271942,0000000000065873,0000000094291279,092.40
06102026,543351,0000000000015600,0000000002458560,0000000000018000,0000000002827680,086.67
06102026,543358,0000000000067161,0000000283973499,0000000000081637,0000000344212243,082.27
06102026,543363,0000000000012600,0000000005040000,0000000000015800,0000000006125460,079.75
06102026,543364,0000000000011246,0000000001917443,0000000000017264,0000000002933415,065.14
06102026,543365,0000000000203724,0000000022680593,0000000000303559,0000000034811175,067.11
06102026,543366,0000000000009600,0000000000398400,0000000000009600,0000000000395760,100.00
06102026,543367,0000000000013716,0000000018162728,0000000000037380,0000000048532262,036.69
06102026,543373,0000000000011587,0000000007964047,0000000000011587,0000000007964047,100.00
06102026,543374,0000000000129606,0000000130804856,0000000000135516,0000000136963796,095.64
06102026,543376,0000000000000502,0000000000045607,0000000000000546,0000000000051047,091.94
06102026,543377,0000000000060000,0000000000372000,0000000000070000,0000000000425000,085.71
06102026,543378,0000000000005000,0000000001450000,0000000000005500,0000000001603500,090.91
06102026,543383,0000000000000476,0000000000054336,0000000000002031,0000000000231902,023.44
06102026,543384,0000000000051426,0000000017381988,0000000000116811,0000000039850943,044.02
06102026,543386,0000000000004119,0000000000528880,0000000000006666,0000000000856288,061.79
06102026,543387,0000000000006266,0000000012424852,0000000000010188,0000000020412142,061.50
06102026,543388,0000000000001300,0000000000417261,0000000000002422,0000000000780548,053.67
06102026,543389,0000000000133763,0000000003980787,0000000000274176,0000000008291078,048.79
06102026,543390,0000000000300737,0000000311112427,0000000000821135,0000000837561734,036.62
06102026,543391,0000000000001500,0000000000121485,0000000000001500,0000000000120742,100.00
06102026,543396,0000000000055494,0000000094112275,0000000000121998,0000000205997026,045.49
06102026,543397,0000000000073076,0000000015722302,0000000000080602,0000000017094608,090.66
06102026,543398,0000000000007825,0000000001825182,0000000000012463,0000000002926898,062.79
06102026,543399,0000000000004221,0000000001402428,0000000000008627,0000000002916379,048.93
06102026,543400,0000000000030000,0000000000111600,0000000000030000,0000000000111600,100.00
06102026,543401,0000000000003266,0000000000999233,0000000000008397,0000000002559371,038.89
06102026,543411,0000000000136846,0000000010223765,0000000000340376,0000000025232011,040.20
06102026,543412,0000000000012787,0000000007040523,0000000000026348,0000000014366310,048.53
06102026,543413,0000000000004206,0000000008802317,0000000000012180,0000000025569285,034.53
06102026,543414,0000000000029235,0000000000649602,0000000000036987,0000000000821361,079.04
06102026,543415,0000000000004686,0000000010084038,0000000000009207,0000000019754628,050.90
06102026,543416,0000000000000651,0000000000139575,0000000000000667,0000000000143809,097.60
06102026,543417,0000000000003057,0000000002614958,0000000000005267,0000000004477113,058.04
06102026,543419,0000000000019755,0000000001350452,0000000000023787,0000000001616515,083.05
06102026,543420,0000000000001810,0000000000035838,0000000000002455,0000000000048809,073.73
06102026,543425,0000000000002114,0000000001897527,0000000000003372,0000000002973665,062.69
06102026,543426,0000000000002301,0000000001885900,0000000000003230,0000000002637150,071.24
06102026,543427,0000000000004429,0000000002879072,0000000000005157,0000000003342396,085.88
06102026,543428,0000000000005226,0000000022474413,0000000000013311,0000000056737713,039.26
06102026,543433,0000000000001107,0000000000038247,0000000000001377,0000000000046774,080.39
06102026,543434,0000000000005079,0000000004647539,0000000000012921,0000000011671667,039.31
06102026,543435,0000000000004150,0000000000128650,0000000000004150,0000000000128650,100.00
06102026,543437,0000000000143369,0000000031466629,0000000000253069,0000000055485843,056.65
06102026,543438,0000000000000080,0000000000001898,0000000000000080,0000000000001896,100.00
06102026,543440,0000000000000244,0000000000058480,0000000000000312,0000000000075167,078.21
06102026,543441,0000000000047410,0000000010451535,0000000000063489,0000000013956048,074.67
06102026,543442,0000000000002054,0000000000302863,0000000000002313,0000000000335457,088.80
06102026,543449,0000000000006512,0000000000485796,0000000000009521,0000000000711355,068.40
06102026,543450,0000000000020387,0000000000540052,0000000000028046,0000000000741221,072.69
06102026,543451,0000000000001500,0000000000003675,0000000000001500,0000000000003675,100.00
06102026,543452,0000000000030010,0000000006603701,0000000000089987,0000000019707291,033.35
06102026,543454,0000000000001880,0000000000294784,0000000000002079,0000000000324235,090.43
06102026,543458,0000000000093404,0000000017377815,0000000000234941,0000000043224730,039.76
06102026,543461,0000000000020000,0000000000371200,0000000000040000,0000000000731550,050.00
06102026,543462,0000000000004489,0000000000093865,0000000000005686,0000000000119128,078.95
06102026,543463,0000000000004879,0000000002458773,0000000000013311,0000000006820891,036.65
06102026,543464,0000000000019000,0000000000677160,0000000000021000,0000000000762140,090.48
06102026,543465,0000000000001826,0000000000110985,0000000000002151,0000000000129961,084.89
06102026,543470,0000000000000556,0000000000255288,0000000000000596,0000000000274094,093.29
06102026,543471,0000000000012809,0000000002819005,0000000000024101,0000000005276776,053.15
06102026,543472,0000000000001491,0000000000046147,0000000000001560,0000000000047911,095.58
06102026,543473,0000000000004935,0000000000082020,0000000000005679,0000000000093513,086.90
06102026,543474,0000000000015055,0000000000401668,0000000000025925,0000000000690152,058.07
06102026,543480,0000000000002000,0000000000132360,0000000000002000,0000000000132360,100.00
06102026,543481,0000000000034375,0000000000771375,0000000000059982,0000000001343375,057.31
06102026,543482,0000000000005385,0000000001905213,0000000000007255,0000000002551482,074.22
06102026,543489,0000000000513509,0000000026168419,0000000000536241,0000000027823509,095.76
06102026,543490,0000000000052171,0000000005342311,0000000000122864,0000000012708395,042.46
06102026,543497,0000000000008800,0000000000209000,0000000000010400,0000000000249408,084.62
06102026,543498,0000000000380470,0000000012662042,0000000000615671,0000000020365098,061.80
06102026,543499,0000000000066117,0000000000374223,0000000000074246,0000000000421991,089.05
06102026,543500,0000000000032000,0000000000048520,0000000000032000,0000000000048520,100.00
06102026,543501,0000000000000187,0000000000006409,0000000000000198,0000000000006780,094.44
06102026,543512,0000000000004517,0000000000030942,0000000000006104,0000000000042280,074.00
06102026,543513,0000000000001711,0000000000036630,0000000000001711,0000000000036630,100.00
06102026,543514,0000000000028503,0000000000837784,0000000000028503,0000000000837784,100.00
06102026,543515,0000000000024750,0000000000747203,0000000000027750,0000000000835597,089.19
06102026,543516,0000000000112000,0000000001029924,0000000000112000,0000000001029924,100.00
06102026,543517,0000000000004061,0000000001368761,0000000000006164,0000000002053006,065.88
06102026,543519,0000000000018000,0000000001170000,0000000000018000,0000000001170000,100.00
06102026,543520,0000000000221000,0000000002704330,0000000000221000,0000000002704330,100.00
06102026,543522,0000000000001500,0000000000122250,0000000000001500,0000000000122250,100.00
06102026,543523,0000000000013839,0000000002886124,0000000000022075,0000000004545403,062.69
06102026,543524,0000000000003734,0000000004633894,0000000000005751,0000000007175814,064.93
06102026,543525,0000000000012025,0000000001661254,0000000000019001,0000000002622908,063.29
06102026,543526,0000000000050891,0000000019847490,0000000000121661,0000000047438145,041.83
06102026,543527,0000000000000667,0000000002139503,0000000000001026,0000000003246452,065.01
06102026,543528,0000000000001706,0000000003823744,0000000000003624,0000000008141954,047.08
06102026,543529,0000000000147763,0000000060582830,0000000000219840,0000000089667630,067.21
06102026,543530,0000000000082030,0000000012854101,0000000000160494,0000000024965970,051.11
06102026,543531,0000000000008321,0000000000302386,0000000000011703,0000000000427336,071.10
06102026,543532,0000000000077498,0000000203164882,0000000000078627,0000000207164078,098.56
06102026,543533,0000000000003381,0000000002057339,0000000000009081,0000000005464472,037.23
06102026,543534,0000000000014413,0000000025943400,0000000000041722,0000000073995750,034.55
06102026,543535,0000000000000384,0000000000019442,0000000000000415,0000000000021737,092.53
06102026,543538,0000000000004000,0000000000041000,0000000000004000,0000000000041020,100.00
06102026,543539,0000000000000651,0000000000246729,0000000000001761,0000000000669042,036.97
06102026,543540,0000000000004800,0000000000541440,0000000000005400,0000000000610260,088.89
06102026,543542,0000000000000600,0000000000679890,0000000000016700,0000000018801460,003.59
06102026,543543,0000000000007200,0000000006584400,0000000000008000,0000000007247490,090.00
06102026,543544,0000000000025500,0000000002922045,0000000000025500,0000000002915857,100.00
06102026,543545,0000000000050100,0000000000022545,0000000000066800,0000000000030895,075.00
06102026,543546,0000000000014000,0000000000085540,0000000000018000,0000000000110020,077.78
06102026,543547,0000000000001169,0000000000291666,0000000000002339,0000000000577871,049.98
06102026,543563,0000000000011794,0000000000602792,0000000000012368,0000000000626639,095.36
06102026,543568,0000000000027741,0000000000845824,0000000000032664,0000000000989572,084.93
06102026,543569,0000000000000705,0000000000017442,0000000000000842,0000000000020787,083.73
06102026,543570,0000000000003331,0000000000238100,0000000000004256,0000000000303717,078.27
06102026,543571,0000000000004313,0000000000389508,0000000000007783,0000000000701815,055.42
06102026,543572,0000000000019173,0000000000407810,0000000000026813,0000000000566340,071.51
06102026,543573,0000000000019258,0000000032426621,0000000000053696,0000000090752270,035.86
06102026,543574,0000000000000935,0000000000018626,0000000000000940,0000000000018730,099.47
06102026,543575,0000000000000550,0000000000016632,0000000000000817,0000000000024634,067.32
06102026,543576,0000000000005284,0000000000565917,0000000000006644,0000000000711188,079.53
06102026,543577,0000000000000907,0000000000177029,0000000000000939,0000000000176727,096.59
06102026,543578,0000000000006475,0000000000368687,0000000000007400,0000000000423724,087.50
06102026,543590,0000000000951881,0000000015810744,0000000001784081,0000000028466315,053.35
06102026,543591,0000000000016013,0000000000975833,0000000000021976,0000000001338534,072.87
06102026,543592,0000000000061958,0000000013049594,0000000000120260,0000000025159042,051.52
06102026,543593,0000000000064771,0000000008928683,0000000000091940,0000000012178340,070.45
06102026,543594,0000000000021000,0000000000089040,0000000000021000,0000000000090570,100.00
06102026,543595,0000000000000500,0000000000046000,0000000000000500,0000000000046000,100.00
06102026,543596,0000000000002931,0000000002578694,0000000000004840,0000000004262540,060.56
06102026,543597,0000000000005499,0000000002812739,0000000000010908,0000000005513278,050.41
06102026,543599,0000000000001389,0000000000347389,0000000000001963,0000000000488404,070.76
06102026,543600,0000000000003310,0000000001536999,0000000000004257,0000000001974279,077.75
06102026,543605,0000000000000150,0000000000008367,0000000000000150,0000000000008293,100.00
06102026,543607,0000000000000183,0000000000020006,0000000000000214,0000000000023401,085.51
06102026,543608,0000000000000593,0000000000070941,0000000000000708,0000000000084469,083.76
06102026,543613,0000000000004000,0000000000020800,0000000000012000,0000000000066240,033.33
06102026,543614,0000000000004188,0000000001393767,0000000000007674,0000000002705005,054.57
06102026,543615,0000000000003200,0000000000221152,0000000000006400,0000000000442408,050.00
06102026,543616,0000000000015600,0000000006157320,0000000000021600,0000000008506260,072.22
06102026,543618,0000000000008250,0000000000660000,0000000000008250,0000000000658462,100.00
06102026,543619,0000000000004750,0000000011534425,0000000000006550,0000000015674640,072.52
06102026,543620,0000000000036946,0000000003096814,0000000000054568,0000000004589847,067.71
06102026,543623,0000000000003000,0000000000174150,0000000000003000,0000000000174150,100.00
06102026,543626,0000000000149191,0000000030069447,0000000000558334,0000000114775741,026.72
06102026,543627,0000000000000172,0000000000003379,0000000000000219,0000000000004194,078.54
06102026,543628,0000000000011473,0000000000345567,0000000000014930,0000000000449064,076.85
06102026,543635,0000000000093611,0000000018726881,0000000000172669,0000000034124075,054.21
06102026,543636,0000000000003513,0000000001212512,0000000000006432,0000000002182786,054.62
06102026,543637,0000000000052800,0000000000781440,0000000000057600,0000000000845628,091.67
06102026,543638,0000000000037572,0000000001283084,0000000000058367,0000000001981239,064.37
06102026,543643,0000000000040412,0000000000491006,0000000000049157,0000000000597124,082.21
06102026,543644,0000000000005613,0000000000838302,0000000000009370,0000000001393848,059.90
06102026,543645,0000000000000111,0000000000012987,0000000000000111,0000000000012217,100.00
06102026,543650,0000000000014448,0000000002318904,0000000000022869,0000000003655951,063.18
06102026,543651,0000000000004000,0000000000101600,0000000000004000,0000000000101600,100.00
06102026,543652,0000000000004646,0000000000785871,0000000000009033,0000000001535591,051.43
06102026,543653,0000000000020889,0000000010042387,0000000000052671,0000000025445166,039.66
06102026,543654,0000000000059057,0000000076782959,0000000000065233,0000000084804558,090.53
06102026,543655,0000000000600000,0000000077400000,0000000000600000,0000000077400000,100.00
06102026,543656,0000000000012000,0000000000159600,0000000000012000,0000000000160000,100.00
06102026,543657,0000000000003011,0000000001430075,0000000000006817,0000000003211590,044.17
06102026,543663,0000000000017420,0000000008961719,0000000000027553,0000000014293915,063.22
06102026,543664,0000000000029557,0000000100493800,0000000000068284,0000000231011612,043.29
06102026,543665,0000000000001457,0000000000043856,0000000000001461,0000000000043801,099.73
06102026,543666,0000000000013206,0000000000362637,0000000000013941,0000000000382773,094.73
06102026,543667,0000000000040620,0000000005952861,0000000000115579,0000000017149369,035.14
06102026,543668,0000000000000906,0000000000211098,0000000000001320,0000000000311792,068.64
06102026,543669,0000000000000122,0000000000044896,0000000000000194,0000000000070813,062.89
06102026,543670,0000000000268348,0000000000238830,0000000000273727,0000000000244001,098.03
06102026,543671,0000000000226007,0000000023360084,0000000000235002,0000000024226928,096.17
06102026,543677,0000000000013837,0000000000422721,0000000000020272,0000000000615691,068.26
06102026,543678,0000000000001000,0000000000010170,0000000000001000,0000000000010170,100.00
06102026,543686,0000000000003238,0000000001316086,0000000000003784,0000000001540999,085.57
06102026,543687,0000000000001706,0000000000457464,0000000000001767,0000000000470059,096.55
06102026,543688,0000000000156452,0000000000558534,0000000000197771,0000000000699702,079.11
06102026,543689,0000000000003157,0000000002609735,0000000000004772,0000000003966014,066.16
06102026,543699,0000000000000339,0000000000440700,0000000000000341,0000000000442725,099.41
06102026,543709,0000000000004375,0000000002555000,0000000000008375,0000000004799837,052.24
06102026,543710,0000000000000612,0000000000057681,0000000000002524,0000000000236539,024.25
06102026,543711,0000000000010653,0000000001429633,0000000000017830,0000000002381346,059.75
06102026,543712,0000000000000101,0000000000020301,0000000000000101,0000000000020302,100.00
06102026,543713,0000000000031000,0000000000985180,0000000000044000,0000000001411560,070.45
06102026,543714,0000000000002613,0000000001254110,0000000000003608,0000000001723426,072.42
06102026,543720,0000000000024010,0000000020679813,0000000000048864,0000000042553268,049.14
06102026,543725,0000000000006045,0000000000478462,0000000000008382,0000000000660043,072.12
06102026,543732,0000000000003946,0000000000137598,0000000000005806,0000000000202361,067.96
06102026,543737,0000000000000125,0000000000076000,0000000000000125,0000000000075987,100.00
06102026,543738,0000000000000124,0000000000007003,0000000000000125,0000000000007028,099.20
06102026,543743,0000000000000343,0000000000023863,0000000000000528,0000000000036993,064.96
06102026,543744,0000000000001000,0000000000144000,0000000000001000,0000000000144000,100.00
06102026,543745,0000000000024000,0000000000126000,0000000000030000,0000000000154800,080.00
06102026,543746,0000000000006600,0000000001194600,0000000000019800,0000000003548790,033.33
06102026,543747,0000000000029468,0000000000120525,0000000000033632,0000000000137771,087.62
06102026,543748,0000000000044066,0000000042948927,0000000000061360,0000000059487031,071.82
06102026,543754,0000000000000800,0000000000076760,0000000000000800,0000000000076760,100.00
06102026,543766,0000000000000041,0000000000015826,0000000000000041,0000000000015826,100.00
06102026,543767,0000000000104214,0000000000720119,0000000000126134,0000000000872891,082.62
06102026,543768,0000000000056944,0000000002329580,0000000000119550,0000000004869455,047.63
06102026,543769,0000000000004000,0000000000026080,0000000000004000,0000000000026080,100.00
06102026,543774,0000000000004846,0000000000173197,0000000000004850,0000000000173185,099.92
06102026,543775,0000000000011332,0000000002053699,0000000000019095,0000000003435486,059.35
06102026,543776,0000000000022118,0000000000489693,0000000000039786,0000000000882534,055.59
06102026,543781,0000000000019825,0000000002832795,0000000000027285,0000000003883788,072.66
06102026,543782,0000000000018000,0000000008244900,0000000000024480,0000000011113281,073.53
06102026,543787,0000000000004290,0000000004518872,0000000000006270,0000000006657312,068.42
06102026,543798,0000000000012000,0000000000021120,0000000000024000,0000000000041400,050.00
06102026,543805,0000000000016500,0000000000759000,0000000000017250,0000000000786045,095.65
06102026,543806,0000000000005800,0000000001443910,0000000000013000,0000000003224120,044.62
06102026,543811,0000000000008375,0000000000129478,0000000000011177,0000000000174969,074.93
06102026,543812,0000000000001786,0000000001995677,0000000000003453,0000000003870555,051.72
06102026,543813,0000000000000500,0000000000500005,0000000000000525,0000000000524995,095.24
06102026,543819,0000000000002817,0000000000230037,0000000000004417,0000000000359001,063.78
06102026,543828,0000000000084000,0000000003176880,0000000000092000,0000000003461680,091.30
06102026,543829,0000000000000670,0000000000019330,0000000000000753,0000000000021744,088.98
06102026,543830,0000000000002000,0000000000126000,0000000000002000,0000000000126000,100.00
06102026,543831,0000000000003750,0000000001284188,0000000000004875,0000000001677000,076.92
06102026,543848,0000000000140000,0000000003092600,0000000000148000,0000000003254240,094.59
06102026,543853,0000000000000600,0000000000045204,0000000000000611,0000000000046320,098.20
06102026,543858,0000000000000231,0000000000044667,0000000000000402,0000000000077893,057.46
06102026,543860,0000000000001512,0000000000229500,0000000000001512,0000000000229500,100.00
06102026,543861,0000000000004622,0000000000087957,0000000000004956,0000000000094035,093.26
06102026,543874,0000000000007000,0000000000674450,0000000000015000,0000000001449100,046.67
06102026,543875,0000000000000001,0000000000000030,0000000000000001,0000000000000029,100.00
06102026,543895,0000000000014500,0000000007542175,0000000000016250,0000000008458037,089.23
06102026,543896,0000000000011555,0000000027750488,0000000000044257,0000000104193282,026.11
06102026,543897,0000000000002000,0000000001700050,0000000000002000,0000000001700050,100.00
06102026,543898,0000000000000119,0000000000018951,0000000000000175,0000000000027794,068.00
06102026,543899,0000000000004467,0000000000692609,0000000000005103,0000000000795372,087.54
06102026,543900,0000000000002905,0000000000617923,0000000000005016,0000000001061535,057.91
06102026,543902,0000000000028000,0000000000881160,0000000000048000,0000000001478780,058.33
06102026,543903,0000000000002948,0000000000042127,0000000000003103,0000000000044233,095.00
06102026,543904,0000000000101286,0000000251715968,0000000000108837,0000000271024083,093.06
06102026,543910,0000000000000818,0000000000140696,0000000000000919,0000000000154881,089.01
06102026,543911,0000000000148115,0000000001829221,0000000000221515,0000000002736104,066.86
06102026,543912,0000000000001593,0000000000156114,0000000000001692,0000000000163614,094.15
06102026,543913,0000000000007422,0000000001222849,0000000000010122,0000000001670116,073.33
06102026,543914,0000000000004560,0000000000182074,0000000000004560,0000000000182074,100.00
06102026,543915,0000000000001524,0000000000024080,0000000000001563,0000000000024476,097.50
06102026,543916,0000000000014400,0000000009023780,0000000000014400,0000000009023780,100.00
06102026,543917,0000000000011620,0000000000526851,0000000000013265,0000000000598920,087.60
06102026,543918,0000000000011666,0000000001536996,0000000000018338,0000000002390555,063.62
06102026,543919,0000000000026256,0000000000104237,0000000000031781,0000000000128190,082.62
06102026,543920,0000000000023577,0000000025499705,0000000000046824,0000000051703015,050.35
06102026,543921,0000000000001000,0000000000027400,0000000000001000,0000000000027400,100.00
06102026,543922,0000000000004755,0000000001019996,0000000000005409,0000000001152548,087.91
06102026,543923,0000000000003024,0000000000591948,0000000000006516,0000000001266902,046.41
06102026,543924,0000000000090000,0000000003052800,0000000000154000,0000000005311080,058.44
06102026,543925,0000000000000000,0000000000000000,0000000000050000,0000000007250000,000.00
06102026,543926,0000000000014400,0000000001758240,0000000000024000,0000000002944800,060.00
06102026,543927,0000000000000063,0000000000002082,0000000000000063,0000000000002019,100.00
06102026,543928,0000000000006600,0000000008519610,0000000000008300,0000000010421205,079.52
06102026,543929,0000000000077188,0000000001898053,0000000000121512,0000000002942798,063.52
06102026,543930,0000000000000619,0000000000062724,0000000000000619,0000000000062724,100.00
06102026,543931,0000000000010000,0000000002417500,0000000000013200,0000000003227430,075.76
06102026,543932,0000000000008236,0000000005953805,0000000000014817,0000000010550597,055.58
06102026,543933,0000000000011613,0000000010913898,0000000000032306,0000000030594022,035.95
06102026,543934,0000000000000006,0000000000002157,0000000000000006,0000000000002157,100.00
06102026,543935,0000000000000311,0000000000009253,0000000000000311,0000000000009235,100.00
06102026,543936,0000000000017446,0000000005560041,0000000000035411,0000000011326453,049.27
06102026,543939,0000000000004500,0000000000963900,0000000000005500,0000000001185775,081.82
06102026,543940,0000000000804115,0000000174975424,0000000001304063,0000000282897358,061.66
06102026,543941,0000000000001600,0000000000104000,0000000000001600,0000000000102384,100.00
06102026,543942,0000000000086804,0000000001175327,0000000000123060,0000000001648271,070.54
06102026,543943,0000000000044000,0000000008254400,0000000000058000,0000000010981050,075.86
06102026,543944,0000000000000021,0000000000011767,0000000000000026,0000000000014570,080.77
06102026,543945,0000000000035206,0000000167179212,0000000000078796,0000000376902757,044.68
06102026,543946,0000000000003784,0000000003784000,0000000000003785,0000000003785000,099.97
06102026,543947,0000000000000056,0000000000004226,0000000000000056,0000000000004224,100.00
06102026,543948,0000000000000163,0000000000013164,0000000000000350,0000000000028340,046.57
06102026,543949,0000000000001277,0000000000036855,0000000000001482,0000000000041217,086.17
06102026,543950,0000000000013142,0000000013927235,0000000000027446,0000000028463082,047.88
06102026,543952,0000000000010792,0000000002215598,0000000000013359,0000000002717132,080.78
06102026,543953,0000000000002000,0000000001413500,0000000000018500,0000000013116700,010.81
06102026,543954,0000000000006273,0000000000154191,0000000000006658,0000000000162825,094.22
06102026,543955,0000000000001458,0000000000039512,0000000000001493,0000000000040301,097.66
06102026,543956,0000000000002112,0000000000043043,0000000000002377,0000000000047061,088.85
06102026,543957,0000000000009059,0000000001039974,0000000000014206,0000000001629312,063.77
06102026,543958,0000000000032029,0000000000306518,0000000000046341,0000000000442792,069.12
06102026,543959,0000000000046198,0000000003846908,0000000000090208,0000000007514396,051.21
06102026,543960,0000000000001894,0000000002590140,0000000000004365,0000000005945520,043.39
06102026,543962,0000000000049294,0000000010923551,0000000000135593,0000000029998961,036.35
06102026,543963,0000000000165000,0000000006182550,0000000000237000,0000000008937630,069.62
06102026,543965,0000000000020067,0000000002622757,0000000000035626,0000000004640973,056.33
06102026,543969,0000000000000538,0000000000084386,0000000000000559,0000000000087872,096.24
06102026,543971,0000000000080600,0000000022539790,0000000000218200,0000000060859290,036.94
06102026,543972,0000000000045805,0000000025726379,0000000000090934,0000000050125476,050.37
06102026,543973,0000000000002004,0000000002166124,0000000000002006,0000000002168325,099.90
06102026,543974,0000000000060492,0000000001744590,0000000000074602,0000000002143088,081.09
06102026,543976,0000000000007745,0000000000152035,0000000000012279,0000000000240238,063.08
06102026,543977,0000000000009703,0000000006684397,0000000000013974,0000000009697127,069.44
06102026,543978,0000000000036623,0000000012276030,0000000000070156,0000000023688983,052.20
06102026,543980,0000000000011012,0000000002796498,0000000000012337,0000000003123384,089.26
06102026,543981,0000000000015611,0000000043519566,0000000000034296,0000000093973312,045.52
06102026,543982,0000000000036200,0000000005645390,0000000000037600,0000000005722060,096.28
06102026,543983,0000000000006088,0000000002035828,0000000000009850,0000000003283188,061.81
06102026,543984,0000000000022735,0000000003409114,0000000000051256,0000000007648674,044.36
06102026,543985,0000000000018382,0000000003161704,0000000000046413,0000000007961735,039.61
06102026,543986,0000000000152048,0000000030348781,0000000000168677,0000000034085133,090.14
06102026,543988,0000000000032534,0000000059834907,0000000000055896,0000000103388513,058.20
06102026,543989,0000000000017042,0000000001316495,0000000000030564,0000000002340585,055.76
06102026,543990,0000000000002223,0000000001599338,0000000000020062,0000000014614145,011.08
06102026,543991,0000000000004400,0000000000601920,0000000000005600,0000000000758360,078.57
06102026,543992,0000000000022726,0000000002307826,0000000000039783,0000000004019702,057.12
06102026,543993,0000000000000215,0000000000048375,0000000000000226,0000000000052758,095.13
06102026,543994,0000000000283527,0000000102920301,0000000000378770,0000000137218217,074.85
06102026,543995,0000000000003524,0000000000716606,0000000000005940,0000000001213457,059.33
06102026,543996,0000000000008623,0000000001853945,0000000000013678,0000000002901401,063.04
06102026,543997,0000000000013500,0000000002764800,0000000000069300,0000000014389380,019.48
06102026,543998,0000000000005808,0000000000734585,0000000000005808,0000000000734585,100.00
06102026,543999,0000000000001505,0000000000113267,0000000000001808,0000000000135808,083.24
06102026,544000,0000000000006000,0000000000315840,0000000000006000,0000000000315840,100.00
06102026,544001,0000000000026500,0000000028318262,0000000000026500,0000000028318262,100.00
06102026,544003,0000000000007626,0000000000448791,0000000000008513,0000000000490888,089.58
06102026,544004,0000000000001976,0000000000517712,0000000000002813,0000000000734784,070.25
06102026,544006,0000000000002523,0000000000075035,0000000000004490,0000000000133578,056.19
06102026,544007,0000000000018889,0000000000483559,0000000000028814,0000000000736156,065.55
06102026,544008,0000000000001791,0000000001013438,0000000000003494,0000000001988229,051.26
06102026,544009,0000000000005658,0000000003046833,0000000000011326,0000000006095775,049.96
06102026,544010,0000000000002502,0000000002502026,0000000000002507,0000000002507024,099.80
06102026,544012,0000000000672636,0000000249312534,0000000001850899,0000000693362536,036.34
06102026,544013,0000000000003000,0000000000135000,0000000000003000,0000000000135000,100.00
06102026,544014,0000000000261248,0000000124902669,0000000000989717,0000000472277173,026.40
06102026,544015,0000000000000500,0000000000019375,0000000000001000,0000000000038625,050.00
06102026,544020,0000000000022041,0000000000943487,0000000000022041,0000000000943487,100.00
06102026,544021,0000000000041988,0000000028984317,0000000000099211,0000000067109643,042.32
06102026,544022,0000000000003708,0000000002264847,0000000000005874,0000000003572925,063.13
06102026,544023,0000000000012250,0000000013999375,0000000000012250,0000000013999375,100.00
06102026,544026,0000000000092771,0000000010102762,0000000000170734,0000000018675155,054.34
06102026,544027,0000000000021275,0000000003204015,0000000000027178,0000000004103462,078.28
06102026,544028,0000000000026455,0000000018587283,0000000000041121,0000000028767472,064.33
06102026,544029,0000000000027431,0000000007756116,0000000000038318,0000000010761501,071.59
06102026,544030,0000000000001310,0000000000299008,0000000000006972,0000000001577160,018.79
06102026,544035,0000000000003200,0000000000060800,0000000000003200,0000000000061200,100.00
06102026,544036,0000000000002400,0000000000191712,0000000000003200,0000000000254840,075.00
06102026,544037,0000000000009200,0000000023506920,0000000000016900,0000000043668280,054.44
06102026,544042,0000000000005465,0000000000899539,0000000000007678,0000000001264620,071.18
06102026,544043,0000000000000004,0000000000000568,0000000000000005,0000000000000712,080.00
06102026,544044,0000000000000822,0000000000524436,0000000000001377,0000000000881911,059.69
06102026,544045,0000000000000822,0000000001704500,0000000000001246,0000000002580285,065.97
06102026,544046,0000000000009622,0000000019991630,0000000000019712,0000000041455946,048.81
06102026,544047,0000000000021000,0000000000729960,0000000000027000,0000000000935790,077.78
06102026,544052,0000000000032000,0000000001456320,0000000000038000,0000000001881160,084.21
06102026,544053,0000000000386196,0000000006804774,0000000000743898,0000000013267535,051.92
06102026,544054,0000000000005548,0000000001132625,0000000000006559,0000000001347664,084.59
06102026,544055,0000000000009123,0000000001614315,0000000000016695,0000000002931458,054.65
06102026,544056,0000000000003200,0000000000068800,0000000000006400,0000000000132800,050.00
06102026,544057,0000000000003137,0000000006251257,0000000000004602,0000000009106849,068.17
06102026,544058,0000000000004644,0000000000324895,0000000000005650,0000000000392876,082.19
06102026,544059,0000000000006000,0000000000189000,0000000000006000,0000000000188140,100.00
06102026,544060,0000000000010381,0000000002000807,0000000000010381,0000000002000807,100.00
06102026,544061,0000000000064635,0000000197828345,0000000000135615,0000000411614440,047.66
06102026,544066,0000000000030208,0000000034861543,0000000000030242,0000000035050049,099.89
06102026,544067,0000000000002582,0000000002947870,0000000000007328,0000000008378936,035.23
06102026,544073,0000000000011000,0000000000792000,0000000000012000,0000000000842000,091.67
06102026,544074,0000000000007800,0000000000915690,0000000000007800,0000000000915690,100.00
06102026,544079,0000000000000439,0000000000007841,0000000000000439,0000000000007800,100.00
06102026,544080,0000000000000066,0000000000082830,0000000000000066,0000000000082954,100.00
06102026,544081,0000000000013096,0000000014053973,0000000000025666,0000000027173362,051.02
06102026,544082,0000000000030000,0000000001197000,0000000000040000,0000000001517420,075.00
06102026,544088,0000000000049293,0000000015095982,0000000000051098,0000000015285765,096.47
06102026,544089,0000000000508257,0000000059074712,0000000000690922,0000000080311877,073.56
06102026,544090,0000000000000047,0000000000038905,0000000000000063,0000000000052409,074.60
06102026,544091,0000000000014800,0000000008282400,0000000000014800,0000000008282400,100.00
06102026,544092,0000000000000010,0000000000002336,0000000000000015,0000000000003497,066.67
06102026,544093,0000000000000070,0000000000003916,0000000000000073,0000000000004101,095.89
06102026,544095,0000000000023999,0000000004173427,0000000000036202,0000000006200137,066.29
06102026,544100,0000000000006488,0000000000146629,0000000000007243,0000000000162702,089.58
06102026,544105,0000000000009000,0000000000873000,0000000000009000,0000000000856485,100.00
06102026,544106,0000000000001200,0000000000121200,0000000000001200,0000000000121200,100.00
06102026,544107,0000000000006277,0000000001010284,0000000000011268,0000000001827227,055.71
06102026,544108,0000000000000600,0000000000050934,0000000000000600,0000000000050934,100.00
06102026,544109,0000000000000575,0000000000009315,0000000000000587,0000000000009487,097.96
06102026,544110,0000000000000333,0000000000026987,0000000000000543,0000000000044077,061.33
06102026,544111,0000000000002993,0000000000309177,0000000000003958,0000000000409200,075.62
06102026,544112,0000000000000377,0000000000202035,0000000000000537,0000000000283350,070.20
06102026,544117,0000000000001577,0000000000413569,0000000000001925,0000000000501489,081.92
06102026,544118,0000000000011609,0000000005803920,0000000000014488,0000000007253462,080.13
06102026,544119,0000000000005180,0000000004962181,0000000000009749,0000000009286298,053.13
06102026,544120,0000000000004686,0000000001238042,0000000000007656,0000000002063184,061.21
06102026,544121,0000000000001000,0000000000070500,0000000000001000,0000000000070500,100.00
06102026,544122,0000000000001379,0000000002371743,0000000000002873,0000000004901104,048.00
06102026,544123,0000000000000500,0000000000029770,0000000000000500,0000000000029770,100.00
06102026,544124,0000000000000365,0000000000039201,0000000000000365,0000000000039258,100.00
06102026,544129,0000000000004643,0000000001013335,0000000000005898,0000000001278175,078.72
06102026,544130,0000000000021943,0000000001059189,0000000000030087,0000000001442356,072.93
06102026,544131,0000000000002096,0000000000310208,0000000000003583,0000000000531821,058.50
06102026,544132,0000000000289031,0000000006688178,0000000000459064,0000000010576934,062.96
06102026,544133,0000000000033214,0000000005188027,0000000000049543,0000000007643768,067.04
06102026,544134,0000000000001817,0000000000371214,0000000000002274,0000000000465789,079.90
06102026,544135,0000000000053039,0000000001422774,0000000000053039,0000000001422774,100.00
06102026,544136,0000000000000699,0000000000061296,0000000000000896,0000000000078403,078.01
06102026,544137,0000000000008495,0000000001105455,0000000000012703,0000000001639758,066.87
06102026,544138,0000000000018059,0000000011999303,0000000000028716,0000000018472435,062.89
06102026,544139,0000000000008000,0000000000426300,0000000000008000,0000000000426300,100.00
06102026,544140,0000000000002139,0000000000546943,0000000000008537,0000000002175153,025.06
06102026,544141,0000000000005600,0000000001434160,0000000000013600,0000000003489560,041.18
06102026,544142,0000000000018199,0000000000686285,0000000000021767,0000000000818240,083.61
06102026,544143,0000000000002000,0000000000170200,0000000000002500,0000000000216275,080.00
06102026,544144,0000000000000769,0000000000072733,0000000000000882,0000000000082236,087.19
06102026,544149,0000000000000611,0000000000400633,0000000000000782,0000000000518029,078.13
06102026,544150,0000000000032500,0000000008890375,0000000000047000,0000000012942550,069.15
06102026,544151,0000000000003000,0000000000308450,0000000000003000,0000000000308450,100.00
06102026,544156,0000000000030000,0000000000363600,0000000000030000,0000000000363600,100.00
06102026,544157,0000000000000500,0000000000080000,0000000000000500,0000000000080000,100.00
06102026,544158,0000000000004564,0000000001907752,0000000000007131,0000000002955311,064.00
06102026,544159,0000000000051787,0000000059444226,0000000000053785,0000000061737690,096.29
06102026,544160,0000000000016000,0000000000871680,0000000000016000,0000000000871680,100.00
06102026,544161,0000000000022434,0000000048735622,0000000000041082,0000000084391508,054.61
06102026,544162,0000000000165317,0000000229352540,0000000000169180,0000000232614339,097.72
06102026,544163,0000000000002000,0000000000071400,0000000000002000,0000000000071400,100.00
06102026,544165,0000000000013500,0000000001984500,0000000000015000,0000000002194500,090.00
06102026,544166,0000000000003600,0000000000649200,0000000000003600,0000000000649200,100.00
06102026,544167,0000000000003573,0000000001580160,0000000000005762,0000000002532921,062.01
06102026,544168,0000000000001000,0000000000027000,0000000000001000,0000000000027000,100.00
06102026,544169,0000000000002000,0000000000147980,0000000000002000,0000000000147980,100.00
06102026,544170,0000000000006000,0000000000045600,0000000000006000,0000000000045600,100.00
06102026,544171,0000000000002400,0000000000076192,0000000000002400,0000000000076192,100.00
06102026,544172,0000000000002666,0000000001589870,0000000000005890,0000000003498736,045.26
06102026,544173,0000000000011000,0000000000197350,0000000000011000,0000000000197350,100.00
06102026,544174,0000000000001467,0000000002483118,0000000000003214,0000000005317615,045.64
06102026,544175,0000000000002400,0000000000252000,0000000000002400,0000000000258600,100.00
06102026,544176,0000000000002846,0000000001289808,0000000000006020,0000000002738848,047.28
06102026,544179,0000000000001979,0000000000512166,0000000000003729,0000000000963419,053.07
06102026,544180,0000000000001455,0000000000073027,0000000000002096,0000000000105022,069.42
06102026,544181,0000000000013296,0000000003246219,0000000000025743,0000000006228806,051.65
06102026,544182,0000000000000298,0000000000328322,0000000000000298,0000000000328321,100.00
06102026,544184,0000000000004330,0000000000488641,0000000000004701,0000000000535430,092.11
06102026,544185,0000000000004412,0000000000174098,0000000000005273,0000000000210742,083.67
06102026,544186,0000000000039393,0000000005513051,0000000000041107,0000000005755789,095.83
06102026,544187,0000000000007607,0000000001566022,0000000000007607,0000000001566022,100.00
06102026,544189,0000000000003000,0000000000910800,0000000000004500,0000000001360550,066.67
06102026,544190,0000000000002000,0000000000030900,0000000000004000,0000000000061800,050.00
06102026,544191,0000000000022867,0000000001582397,0000000000025502,0000000001788034,089.67
06102026,544192,0000000000014523,0000000002325859,0000000000040744,0000000006502802,035.64
06102026,544193,0000000000058360,0000000000646629,0000000000081794,0000000000902536,071.35
06102026,544194,0000000000030885,0000000000310086,0000000000037392,0000000000373942,082.60
06102026,544195,0000000000002000,0000000000027000,0000000000002000,0000000000027000,100.00
06102026,544196,0000000000000009,0000000000000500,0000000000000009,0000000000000499,100.00
06102026,544197,0000000000001413,0000000000043835,0000000000001413,0000000000043835,100.00
06102026,544198,0000000000002390,0000000001559595,0000000000004635,0000000002991427,051.56
06102026,544199,0000000000012000,0000000000441960,0000000000014400,0000000000522680,083.33
06102026,544200,0000000000009902,0000000000078820,0000000000015303,0000000000117205,064.71
06102026,544201,0000000000224000,0000000007140620,0000000000224000,0000000007140620,100.00
06102026,544202,0000000000001818,0000000000248157,0000000000002234,0000000000302845,081.38
06102026,544203,0000000000047543,0000000033950457,0000000000068656,0000000049421861,069.25
06102026,544204,0000000000003633,0000000000441410,0000000000004654,0000000000576833,078.06
06102026,544205,0000000000001386,0000000000809296,0000000000001386,0000000000809296,100.00
06102026,544206,0000000000009496,0000000002052276,0000000000018396,0000000003951628,051.62
06102026,544207,0000000000000174,0000000000024421,0000000000000206,0000000000028868,084.47
06102026,544209,0000000000010686,0000000003479896,0000000000016100,0000000005254062,066.37
06102026,544210,0000000000002802,0000000005386565,0000000000005186,0000000009915939,054.03
06102026,544212,0000000000010463,0000000000317343,0000000000015573,0000000000471014,067.19
06102026,544213,0000000000031200,0000000004630080,0000000000035400,0000000005208540,088.14
06102026,544215,0000000000000711,0000000000022369,0000000000000714,0000000000022439,099.58
06102026,544216,0000000000006061,0000000000065520,0000000000008721,0000000000094044,069.50
06102026,544217,0000000000002142,0000000000223304,0000000000003500,0000000000366350,061.20
06102026,544218,0000000000004976,0000000000048616,0000000000005047,0000000000049285,098.59
06102026,544219,0000000000006000,0000000000829500,0000000000006600,0000000000923130,090.91
06102026,544222,0000000000002791,0000000002273828,0000000000004063,0000000003294429,068.69
06102026,544223,0000000000003595,0000000001353698,0000000000005008,0000000001902105,071.79
06102026,544224,0000000000078120,0000000117289368,0000000000099120,0000000148328316,078.81
06102026,544225,0000000002709600,0000000097437216,0000000005715497,0000000207065650,047.41
06102026,544226,0000000000103692,0000000018410515,0000000000200367,0000000035270257,051.75
06102026,544227,0000000000056754,0000000004653828,0000000000108387,0000000008868790,052.36
06102026,544229,0000000000247541,0000000003126443,0000000000304096,0000000003848136,081.40
06102026,544230,0000000000009282,0000000000639345,0000000000015307,0000000001061994,060.64
06102026,544232,0000000000002899,0000000004891193,0000000000004075,0000000006856809,071.14
06102026,544234,0000000000000732,0000000000007686,0000000000000732,0000000000007648,100.00
06102026,544235,0000000000007991,0000000001816754,0000000000012322,0000000002778371,064.85
06102026,544236,0000000000003600,0000000000179928,0000000000003600,0000000000179928,100.00
06102026,544237,0000000000000800,0000000000120200,0000000000000800,0000000000120200,100.00
06102026,544238,0000000000073247,0000000066240925,0000000000086454,0000000077627119,084.72
06102026,544239,0000000000015498,0000000001707880,0000000000020698,0000000002266115,074.88
06102026,544240,0000000000004061,0000000002637214,0000000000010849,0000000007053775,037.43
06102026,544241,0000000000007284,0000000000116763,0000000000012739,0000000000203427,057.18
06102026,544242,0000000000006000,0000000000049920,0000000000009000,0000000000077460,066.67
06102026,544243,0000000000021488,0000000008074116,0000000000039679,0000000014505463,054.15
06102026,544244,0000000000001365,0000000001577872,0000000000001708,0000000001975869,079.92
06102026,544246,0000000000000422,0000000000316437,0000000000000490,0000000000363086,086.12
06102026,544247,0000000000002718,0000000000227551,0000000000003630,0000000000302581,074.88
06102026,544248,0000000000114600,0000000025532880,0000000000148800,0000000032961750,077.02
06102026,544249,0000000000004094,0000000000099485,0000000000004698,0000000000114891,087.14
06102026,544250,0000000000000073,0000000000272298,0000000000000116,0000000000431323,062.93
06102026,544251,0000000000004800,0000000000204096,0000000000004800,0000000000204096,100.00
06102026,544252,0000000000057089,0000000004705847,0000000000099943,0000000008251787,057.12
06102026,544253,0000000000019189,0000000004855777,0000000000034077,0000000008555914,056.31
06102026,544254,0000000000005716,0000000000514612,0000000000010836,0000000000975724,052.75
06102026,544256,0000000000008040,0000000004733550,0000000000014249,0000000008347506,056.42
06102026,544257,0000000000001500,0000000000190500,0000000000002500,0000000000308150,060.00
06102026,544258,0000000000001238,0000000000108969,0000000000002159,0000000000191404,057.34
06102026,544259,0000000000003000,0000000000085200,0000000000003000,0000000000085200,100.00
06102026,544260,0000000000015095,0000000004496046,0000000000029427,0000000008647973,051.30
06102026,544261,0000000000004551,0000000000550444,0000000000005408,0000000000654143,084.15
06102026,544262,0000000000033866,0000000004780186,0000000000039497,0000000005522887,085.74
06102026,544263,0000000000016494,0000000024171133,0000000000022573,0000000032908076,073.07
06102026,544264,0000000000009416,0000000004264036,0000000000017805,0000000007894476,052.88
06102026,544265,0000000000003600,0000000000244188,0000000000004800,0000000000323988,075.00
06102026,544266,0000000000000102,0000000000008215,0000000000000149,0000000000012006,068.46
06102026,544267,0000000000044800,0000000010619840,0000000000062400,0000000014455520,071.79
06102026,544268,0000000000036915,0000000000469559,0000000000077556,0000000000986750,047.60
06102026,544269,0000000000006000,0000000000038220,0000000000006000,0000000000038220,100.00
06102026,544271,0000000000007410,0000000001285635,0000000000011965,0000000002068948,061.93
06102026,544272,0000000000002000,0000000000236000,0000000000002400,0000000000278860,083.33
06102026,544273,0000000000016002,0000000000254912,0000000000018410,0000000000291317,086.92
06102026,544274,0000000000006986,0000000013901791,0000000000014296,0000000028458597,048.87
06102026,544275,0000000000009239,0000000000132673,0000000000014446,0000000000207391,063.96
06102026,544276,0000000000055974,0000000000364391,0000000000062569,0000000000403780,089.46
06102026,544277,0000000000010876,0000000026091524,0000000000024254,0000000057590471,044.84
06102026,544278,0000000000009157,0000000001873203,0000000000009157,0000000001873203,100.00
06102026,544279,0000000000006016,0000000001380672,0000000000007719,0000000001769155,077.94
06102026,544280,0000000000024205,0000000005866082,0000000000033048,0000000008003290,073.24
06102026,544281,0000000000022829,0000000000281493,0000000000022829,0000000000281493,100.00
06102026,544282,0000000000412759,0000000018066462,0000000000705313,0000000030348122,058.52
06102026,544283,0000000000053989,0000000024157379,0000000000078975,0000000034857254,068.36
06102026,544284,0000000000007006,0000000007750948,0000000000009289,0000000010276587,075.42
06102026,544285,0000000005506378,0000001342730276,0000000006110922,0000001467766663,090.11
06102026,544286,0000000000009038,0000000000692311,0000000000041090,0000000003122806,022.00
06102026,544288,0000000000007634,0000000004549101,0000000000026432,0000000015749205,028.88
06102026,544289,0000000000102730,0000000009253919,0000000000163830,0000000014782309,062.71
06102026,544290,0000000000017682,0000000003280011,0000000000035346,0000000006515482,050.03
06102026,544291,0000000000007400,0000000005586260,0000000000010600,0000000007937180,069.81
06102026,544292,0000000000007602,0000000011680473,0000000000010860,0000000016420106,070.00
06102026,544293,0000000000002086,0000000000690884,0000000000004141,0000000001363994,050.37
06102026,544294,0000000000012434,0000000020111374,0000000000034112,0000000056251180,036.45
06102026,544296,0000000000021200,0000000003781020,0000000000029200,0000000005079120,072.60
06102026,544301,0000000000001208,0000000000025127,0000000000001359,0000000000028291,088.89
06102026,544302,0000000000000060,0000000000017850,0000000000010425,0000000003063965,000.58
06102026,544303,0000000000002100,0000000000343665,0000000000003900,0000000000613860,053.85
06102026,544304,0000000000009600,0000000000388800,0000000000011200,0000000000451264,085.71
06102026,544305,0000000001690500,0000000409270050,0000000003380733,0000000784402960,050.00
06102026,544306,0000000000016163,0000000025164175,0000000000024168,0000000037142462,066.88
06102026,544307,0000000000539865,0000000054553359,0000000000934534,0000000093805060,057.77
06102026,544308,0000000000049373,0000000001824827,0000000000049922,0000000001881451,098.90
06102026,544309,0000000000000911,0000000001603543,0000000000001879,0000000003307049,048.48
06102026,544310,0000000000070250,0000000085083288,0000000000115000,0000000138521212,061.09
06102026,544311,0000000000007303,0000000002335500,0000000000015049,0000000004773042,048.53
06102026,544313,0000000000004000,0000000000086840,0000000000004000,0000000000086840,100.00
06102026,544314,0000000000002392,0000000001260943,0000000000003645,0000000001928962,065.62
06102026,544315,0000000000003518,0000000000917671,0000000000004968,0000000001291392,070.81
06102026,544316,0000000000015817,0000000002408930,0000000000029767,0000000004493631,053.14
06102026,544317,0000000000049081,0000000023642318,0000000000141542,0000000068085487,034.68
06102026,544318,0000000000003433,0000000001365133,0000000000004364,0000000001743336,078.67
06102026,544319,0000000000006445,0000000008940504,0000000000013371,0000000018140858,048.20
06102026,544320,0000000000001330,0000000000699580,0000000000002380,0000000001247715,055.88
06102026,544321,0000000000001259,0000000000735256,0000000000001995,0000000001163839,063.11
06102026,544322,0000000000008441,0000000015753439,0000000000026020,0000000048341763,032.44
06102026,544323,0000000000012155,0000000000137960,0000000000017365,0000000000196109,070.00
06102026,544324,0000000000002000,0000000000032000,0000000000002000,0000000000032000,100.00
06102026,544325,0000000000060193,0000000009642919,0000000000107021,0000000017070902,056.24
06102026,544326,0000000000000989,0000000000022797,0000000000001271,0000000000029249,077.81
06102026,544327,0000000000008000,0000000000434000,0000000000008000,0000000000434000,100.00
06102026,544328,0000000000004802,0000000000646830,0000000000008124,0000000001081900,059.11
06102026,544329,0000000000022000,0000000001276220,0000000000028000,0000000001663040,078.57
06102026,544330,0000000000014000,0000000004130350,0000000000014000,0000000004130350,100.00
06102026,544331,0000000000004000,0000000000053640,0000000000006000,0000000000080460,066.67
06102026,544332,0000000000004800,0000000002351760,0000000000005200,0000000002542360,092.31
06102026,544333,0000000000020279,0000000008670287,0000000000037087,0000000015905672,054.68
06102026,544334,0000000000007500,0000000000432525,0000000000007500,0000000000432525,100.00
06102026,544335,0000000000008000,0000000001487000,0000000000008000,0000000001487000,100.00
06102026,544336,0000000000017332,0000000009440741,0000000000034526,0000000018751553,050.20
06102026,544337,0000000000001000,0000000000039480,0000000000001000,0000000000039480,100.00
06102026,544338,0000000000010504,0000000000811329,0000000000011095,0000000000856493,094.67
06102026,544339,0000000000001961,0000000000374748,0000000000002331,0000000000445990,084.13
06102026,544340,0000000000006400,0000000000322304,0000000000006400,0000000000322320,100.00
06102026,544341,0000000000036800,0000000000379776,0000000000051200,0000000000536304,071.88
06102026,544342,0000000000027111,0000000006054336,0000000000027111,0000000006054336,100.00
06102026,544343,0000000000012400,0000000000959388,0000000000012800,0000000000983408,096.88
06102026,544344,0000000000001335,0000000005879941,0000000000002668,0000000011656426,050.04
06102026,544345,0000000000001871,0000000000492354,0000000000002684,0000000000706366,069.71
06102026,544346,0000000000000094,0000000000011656,0000000000000094,0000000000012385,100.00
06102026,544348,0000000000006000,0000000000138000,0000000000008400,0000000000190260,071.43
06102026,544349,0000000000003200,0000000000154400,0000000000003200,0000000000154400,100.00
06102026,544350,0000000000054530,0000000026618820,0000000000056702,0000000027039570,096.17
06102026,544351,0000000000006400,0000000000384640,0000000000008000,0000000000480800,080.00
06102026,544353,0000000000010800,0000000000475200,0000000000012000,0000000000524316,090.00
06102026,544354,0000000000003600,0000000000446040,0000000000005100,0000000000626055,070.59
06102026,544355,0000000000000851,0000000001702128,0000000000000878,0000000001760910,096.92
06102026,544356,0000000000001687,0000000000988582,0000000000002934,0000000001732081,057.50
06102026,544361,0000000000004361,0000000000617082,0000000000007762,0000000001099955,056.18
06102026,544362,0000000000004880,0000000002442928,0000000000007464,0000000003727579,065.38
06102026,544363,0000000000000080,0000000000011390,0000000000000218,0000000000031172,036.70
06102026,544364,0000000000000940,0000000000195520,0000000000001041,0000000000215094,090.30
06102026,544365,0000000000004000,0000000000179000,0000000000006000,0000000000267420,066.67
06102026,544367,0000000000018403,0000000030281217,0000000000033967,0000000055670833,054.18
06102026,544368,0000000000002400,0000000000038424,0000000000002400,0000000000038004,100.00
06102026,544369,0000000000004800,0000000003620640,0000000000004800,0000000003620640,100.00
06102026,544371,0000000000002841,0000000000358301,0000000000002841,0000000000358301,100.00
06102026,544373,0000000000004800,0000000000303600,0000000000004800,0000000000303600,100.00
06102026,544375,0000000000001455,0000000000207483,0000000000001724,0000000000244065,084.40
06102026,544376,0000000000000095,0000000000004420,0000000000000103,0000000000004779,092.23
06102026,544377,0000000000000300,0000000000003942,0000000000000300,0000000000003937,100.00
06102026,544379,0000000000003513,0000000000774617,0000000000006230,0000000001381854,056.39
06102026,544380,0000000000000517,0000000000559684,0000000000000517,0000000000559683,100.00
06102026,544382,0000000000002795,0000000000086645,0000000000003308,0000000000102863,084.49
06102026,544383,0000000000008400,0000000002528820,0000000000008400,0000000002528820,100.00
06102026,544384,0000000000127710,0000000002850488,0000000000208818,0000000004644952,061.16
06102026,544385,0000000000001640,0000000000076441,0000000000001680,0000000000078492,097.62
06102026,544386,0000000000000168,0000000000645845,0000000000000168,0000000000645845,100.00
06102026,544387,0000000000009500,0000000001682450,0000000000014500,0000000002491600,065.52
06102026,544389,0000000000001629,0000000000353787,0000000000001856,0000000000399718,087.77
06102026,544390,0000000000009387,0000000031015118,0000000000017330,0000000057490584,054.17
06102026,544392,0000000000002000,0000000000074100,0000000000002000,0000000000074100,100.00
06102026,544394,0000000000011849,0000000000359618,0000000000015349,0000000000462045,077.20
06102026,544395,0000000000789593,0000000037205623,0000000001254745,0000000057952906,062.93
06102026,544396,0000000000000705,0000000001292970,0000000000001219,0000000002235852,057.83
06102026,544397,0000000000128118,0000000186027336,0000000000307371,0000000433311653,041.68
06102026,544398,0000000000006000,0000000000081780,0000000000006000,0000000000081780,100.00
06102026,544399,0000000000012000,0000000000919800,0000000000013200,0000000000998424,090.91
06102026,544400,0000000000036000,0000000000803160,0000000000036000,0000000000803160,100.00
06102026,544401,0000000000000222,0000000000069269,0000000000000369,0000000000115144,060.16
06102026,544402,0000000000006350,0000000003787140,0000000000013691,0000000008131279,046.38
06102026,544403,0000000000044982,0000000003290434,0000000000124626,0000000009273672,036.09
06102026,544404,0000000000001815,0000000000491865,0000000000001996,0000000000540660,090.93
06102026,544405,0000000000068485,0000000016217248,0000000000181250,0000000041861429,037.78
06102026,544406,0000000000042800,0000000021228800,0000000000051200,0000000025234920,083.59
06102026,544407,0000000000007811,0000000002289795,0000000000013977,0000000004103520,055.88
06102026,544408,0000000000007819,0000000004553786,0000000000014978,0000000008660432,052.20
06102026,544409,0000000000001000,0000000000334000,0000000000001000,0000000000334000,100.00
06102026,544410,0000000000011399,0000000001513788,0000000000016197,0000000002159872,070.38
06102026,544411,0000000000004353,0000000000545214,0000000000008604,0000000001072416,050.59
06102026,544412,0000000000003000,0000000000039990,0000000000003000,0000000000039990,100.00
06102026,544413,0000000000008529,0000000000630123,0000000000011945,0000000000882611,071.40
06102026,544414,0000000000005810,0000000000839836,0000000000013968,0000000002019871,041.60
06102026,544416,0000000000000338,0000000000136823,0000000000000437,0000000000177376,077.35
06102026,544417,0000000000006000,0000000000144000,0000000000007200,0000000000173796,083.33
06102026,544418,0000000000008204,0000000002172009,0000000000015466,0000000004114476,053.05
06102026,544419,0000000000025194,0000000003619119,0000000000066772,0000000009500030,037.73
06102026,544420,0000000000074805,0000000052902096,0000000000180822,0000000129369785,041.37
06102026,544421,0000000000036927,0000000012874599,0000000000067422,0000000023024330,054.77
06102026,544423,0000000000001200,0000000000323160,0000000000002133,0000000000580921,056.26
06102026,544424,0000000000001858,0000000000078687,0000000000002896,0000000000121947,064.16
06102026,544425,0000000000009600,0000000003759780,0000000000009600,0000000003759780,100.00
06102026,544426,0000000000003600,0000000000229680,0000000000003600,0000000000227976,100.00
06102026,544427,0000000000000980,0000000000009085,0000000000001383,0000000000012738,070.86
06102026,544428,0000000000031200,0000000001091688,0000000000042000,0000000001368804,074.29
06102026,544429,0000000000010458,0000000006431670,0000000000020930,0000000012968983,049.97
06102026,544430,0000000000056268,0000000009129483,0000000000125739,0000000020604831,044.75
06102026,544431,0000000000003000,0000000000450000,0000000000003000,0000000000436650,100.00
06102026,544432,0000000000009216,0000000000529828,0000000000015336,0000000000850026,060.09
06102026,544433,0000000000006000,0000000000106500,0000000000006000,0000000000106200,100.00
06102026,544434,0000000000040000,0000000009201600,0000000000040000,0000000009201600,100.00
06102026,544435,0000000000044000,0000000003331240,0000000000052800,0000000003988688,083.33
06102026,544436,0000000000002400,0000000000063600,0000000000002400,0000000000060000,100.00
06102026,544438,0000000000002406,0000000000033179,0000000000003460,0000000000047265,069.54
06102026,544439,0000000000004868,0000000000822692,0000000000006813,0000000001154628,071.45
06102026,544440,0000000000024000,0000000010423125,0000000000024000,0000000010423125,100.00
06102026,544441,0000000000004000,0000000000307520,0000000000005600,0000000000430544,071.43
06102026,544442,0000000000015600,0000000003868020,0000000000021600,0000000005313840,072.22
06102026,544443,0000000000001880,0000000002245566,0000000000002097,0000000002506340,089.65
06102026,544444,0000000000129600,0000000015006660,0000000000129600,0000000015006660,100.00
06102026,544445,0000000000031000,0000000002948900,0000000000031000,0000000002948900,100.00
06102026,544446,0000000000002332,0000000000285437,0000000000003333,0000000000410713,069.97
06102026,544447,0000000000001620,0000000000819315,0000000000002352,0000000001190652,068.88
06102026,544448,0000000000247285,0000000017285222,0000000000296377,0000000020808707,083.44
06102026,544449,0000000000140161,0000000124680218,0000000000166823,0000000146563130,084.02
06102026,544450,0000000000003718,0000000000861110,0000000000003718,0000000000861110,100.00
06102026,544451,0000000000075200,0000000012817840,0000000000117600,0000000020009540,063.95
06102026,544452,0000000000004000,0000000000434800,0000000000004000,0000000000434800,100.00
06102026,544453,0000000000007800,0000000001973400,0000000000007800,0000000001954230,100.00
06102026,544454,0000000000000161,0000000000031693,0000000000000224,0000000000044006,071.88
06102026,544455,0000000000027243,0000000018658731,0000000000054519,0000000037459289,049.97
06102026,544456,0000000000009903,0000000000230445,0000000000009903,0000000000230445,100.00
06102026,544457,0000000000002865,0000000000162790,0000000000003796,0000000000215852,075.47
06102026,544458,0000000000072500,0000000028090125,0000000000114500,0000000044398575,063.32
06102026,544459,0000000000152148,0000000051311913,0000000000326257,0000000107480534,046.63
06102026,544460,0000000000091200,0000000013529520,0000000000123200,0000000017842480,074.03
06102026,544461,0000000000000382,0000000000054531,0000000000000402,0000000000058122,095.02
06102026,544463,0000000000020400,0000000001734000,0000000000022800,0000000001918728,089.47
06102026,544464,0000000000008000,0000000000661500,0000000000008000,0000000000661500,100.00
06102026,544465,0000000000014373,0000000001606183,0000000000019304,0000000002168646,074.46
06102026,544466,0000000000011769,0000000046782952,0000000000023424,0000000095944670,050.24
06102026,544467,0000000000333788,0000000247687386,0000000000515778,0000000385635963,064.72
06102026,544468,0000000000003600,0000000000406800,0000000000004800,0000000000534000,075.00
06102026,544469,0000000000028147,0000000006689057,0000000000028147,0000000006689057,100.00
06102026,544470,0000000000002398,0000000000611371,0000000000005163,0000000001312304,046.45
06102026,544471,0000000000004000,0000000000068000,0000000000004000,0000000000067600,100.00
06102026,544472,0000000000003200,0000000000144096,0000000000006400,0000000000291280,050.00
06102026,544473,0000000000052883,0000000000582242,0000000000062993,0000000000691069,083.95
06102026,544475,0000000000002000,0000000000093000,0000000000002000,0000000000093000,100.00
06102026,544476,0000000000027216,0000000012030833,0000000000053868,0000000024096448,050.52
06102026,544477,0000000000017267,0000000000784268,0000000000023160,0000000001037783,074.56
06102026,544478,0000000000002001,0000000002118839,0000000000002201,0000000002330656,090.91
06102026,544479,0000000000003536,0000000000657520,0000000000004368,0000000000811745,080.95
06102026,544480,0000000000062929,0000000007120417,0000000000111506,0000000012530092,056.44
06102026,544481,0000000000012448,0000000001399529,0000000000015479,0000000001737726,080.42
06102026,544482,0000000000001000,0000000000075000,0000000000001000,0000000000075000,100.00
06102026,544483,0000000000004800,0000000000180000,0000000000006000,0000000000224760,080.00
06102026,544484,0000000000015853,0000000012898794,0000000000036130,0000000029089949,043.88
06102026,544485,0000000000004280,0000000000367781,0000000000006619,0000000000571861,064.66
06102026,544486,0000000000113917,0000000003427763,0000000000114299,0000000003436795,099.67
06102026,544487,0000000000001933,0000000000436762,0000000000003066,0000000000689576,063.05
06102026,544488,0000000000052401,0000000007946612,0000000000073487,0000000011182488,071.31
06102026,544489,0000000000018000,0000000000630000,0000000000019200,0000000000680892,093.75
06102026,544490,0000000000005154,0000000004109285,0000000000018871,0000000014867175,027.31
06102026,544491,0000000000001221,0000000000185654,0000000000002153,0000000000329118,056.71
06102026,544492,0000000000000707,0000000000186825,0000000000001490,0000000000392291,047.45
06102026,544493,0000000000000105,0000000000016269,0000000000000143,0000000000022109,073.43
06102026,544494,0000000000014400,0000000000220032,0000000000016000,0000000000247040,090.00
06102026,544495,0000000000034800,0000000001392000,0000000000034800,0000000001392000,100.00
06102026,544496,0000000000043708,0000000002545117,0000000000078888,0000000004573054,055.41
06102026,544497,0000000002251652,0000000066986647,0000000002444742,0000000072868728,092.10
06102026,544498,0000000000036800,0000000001653424,0000000000036800,0000000001660240,100.00
06102026,544499,0000000000000010,0000000000001804,0000000000000011,0000000000001985,090.91
06102026,544500,0000000000004000,0000000000120000,0000000000006000,0000000000172000,066.67
06102026,544501,0000000000029000,0000000008101550,0000000000029000,0000000008101550,100.00
06102026,544502,0000000000016541,0000000003294187,0000000000016541,0000000003294187,100.00
06102026,544503,0000000000003000,0000000000519150,0000000000003000,0000000000521100,100.00
06102026,544504,0000000000000800,0000000000345400,0000000000000800,0000000000345400,100.00
06102026,544506,0000000000006000,0000000000864000,0000000000006600,0000000000942150,090.91
06102026,544507,0000000000064942,0000000000715661,0000000000079112,0000000000868179,082.09
06102026,544508,0000000000006000,0000000000390000,0000000000006000,0000000000399540,100.00
06102026,544511,0000000000013600,0000000001632000,0000000000016000,0000000001974720,085.00
06102026,544512,0000000000012038,0000000002691095,0000000000018975,0000000004217409,063.44
06102026,544513,0000000000013517,0000000000534463,0000000000022137,0000000000870974,061.06
06102026,544515,0000000000555224,0000000096331364,0000000001160697,0000000197260789,047.84
06102026,544516,0000000000074500,0000000042211700,0000000000108000,0000000061584000,068.98
06102026,544517,0000000000004508,0000000005886321,0000000000007779,0000000010149683,057.95
06102026,544518,0000000000095200,0000000030318640,0000000000095200,0000000030318640,100.00
06102026,544519,0000000000003858,0000000000695598,0000000000008578,0000000001563283,044.98
06102026,544520,0000000000015600,0000000000471744,0000000000016800,0000000000502368,092.86
06102026,544521,0000000000005750,0000000000267490,0000000000006396,0000000000293960,089.90
06102026,544522,0000000000000115,0000000000022805,0000000000000117,0000000000022639,098.29
06102026,544523,0000000000004192,0000000000961016,0000000000007026,0000000001610636,059.66
06102026,544524,0000000000160000,0000000029112000,0000000000171200,0000000031129920,093.46
06102026,544525,0000000000024804,0000000002845019,0000000000037308,0000000004261240,066.48
06102026,544526,0000000000002010,0000000000808623,0000000000002433,0000000000976092,082.61
06102026,544527,0000000000014868,0000000027849995,0000000000032845,0000000062820056,045.27
06102026,544528,0000000000005921,0000000000861210,0000000000012531,0000000001836419,047.25
06102026,544529,0000000000007200,0000000002621760,0000000000007200,0000000002621760,100.00
06102026,544530,0000000000027909,0000000015387628,0000000000039381,0000000021565303,070.87
06102026,544531,0000000000008400,0000000001240260,0000000000012600,0000000001853670,066.67
06102026,544532,0000000000017668,0000000002295074,0000000000028931,0000000003728978,061.07
06102026,544533,0000000000002283,0000000000842199,0000000000004935,0000000001817183,046.26
06102026,544534,0000000000000880,0000000000364848,0000000000007281,0000000003000379,012.09
06102026,544535,0000000000065600,0000000007609600,0000000000090400,0000000010471440,072.57
06102026,544536,0000000000000026,0000000000022082,0000000000000026,0000000000022502,100.00
06102026,544537,0000000000044082,0000000012788189,0000000000064190,0000000018655554,068.67
06102026,544538,0000000000028000,0000000005037300,0000000000028000,0000000005037300,100.00
06102026,544539,0000000000008000,0000000000144000,0000000000008000,0000000000144000,100.00
06102026,544540,0000000000015248,0000000003770068,0000000000020981,0000000005231780,072.68
06102026,544541,0000000000011400,0000000003258120,0000000000013200,0000000003778020,086.36
06102026,544542,0000000000010000,0000000000850000,0000000000010000,0000000000832450,100.00
06102026,544543,0000000000005345,0000000000269068,0000000000006728,0000000000337926,079.44
06102026,544544,0000000000022800,0000000005994180,0000000000022800,0000000005994180,100.00
06102026,544545,0000000000007070,0000000003142969,0000000000009617,0000000004287966,073.52
06102026,544546,0000000000007200,0000000000238608,0000000000012000,0000000000389772,060.00
06102026,544547,0000000000000530,0000000000050382,0000000000000530,0000000000050506,100.00
06102026,544550,0000000000017106,0000000002843873,0000000000035526,0000000005944317,048.15
06102026,544551,0000000000051000,0000000007905000,0000000000051000,0000000007905500,100.00
06102026,544552,0000000000001200,0000000000160800,0000000000001200,0000000000160800,100.00
06102026,544553,0000000000008000,0000000000744000,0000000000008000,0000000000744000,100.00
06102026,544554,0000000000050000,0000000004064520,0000000000050000,0000000004064520,100.00
06102026,544555,0000000000014400,0000000004147260,0000000000014400,0000000004147260,100.00
06102026,544557,0000000000002378,0000000000138519,0000000000002433,0000000000141077,097.74
06102026,544558,0000000000007196,0000000001012837,0000000000012085,0000000001705149,059.54
06102026,544559,0000000000006400,0000000000181760,0000000000008000,0000000000222544,080.00
06102026,544562,0000000000003561,0000000000418062,0000000000003753,0000000000438582,094.88
06102026,544563,0000000000012500,0000000013469425,0000000000012500,0000000013469425,100.00
06102026,544564,0000000000020661,0000000002167959,0000000000025547,0000000002648131,080.87
06102026,544565,0000000000122000,0000000004697000,0000000000122000,0000000004697000,100.00
06102026,544567,0000000000001600,0000000000875200,0000000000001600,0000000000878800,100.00
06102026,544568,0000000000006000,0000000000345600,0000000000007200,0000000000422160,083.33
06102026,544569,0000000000355727,0000000154136510,0000000000582135,0000000250390261,061.11
06102026,544570,0000000000002211,0000000001470094,0000000000002832,0000000001874294,078.07
06102026,544572,0000000000000562,0000000001560787,0000000000000904,0000000002482370,062.17
06102026,544574,0000000000108720,0000000035002404,0000000000138054,0000000044120476,078.75
06102026,544575,0000000000006000,0000000000159120,0000000000006000,0000000000158920,100.00
06102026,544576,0000000000017828,0000000031339842,0000000000033319,0000000058894841,053.51
06102026,544577,0000000000000200,0000000000028200,0000000000000200,0000000000028200,100.00
06102026,544578,0000000000005652,0000000009027940,0000000000011386,0000000018203476,049.64
06102026,544579,0000000000000752,0000000000077456,0000000000000752,0000000000077510,100.00
06102026,544580,0000000000014053,0000000003154899,0000000000022864,0000000005117691,061.46
06102026,544581,0000000000001076,0000000000010233,0000000000001076,0000000000010211,100.00
06102026,544582,0000000000014400,0000000000433440,0000000000018000,0000000000536772,080.00
06102026,544583,0000000000021796,0000000003120098,0000000000056005,0000000007893078,038.92
06102026,544584,0000000000006000,0000000002716250,0000000000006000,0000000002716250,100.00
06102026,544586,0000000000040832,0000000000372797,0000000000042974,0000000000392196,095.02
06102026,544587,0000000000004918,0000000004953902,0000000000006880,0000000006739570,071.48
06102026,544594,0000000000003600,0000000000345600,0000000000004800,0000000000450300,075.00
06102026,544595,0000000000001355,0000000000737933,0000000000002525,0000000001377801,053.66
06102026,544596,0000000000007200,0000000000182952,0000000000007200,0000000000181788,100.00
06102026,544597,0000000000044152,0000000089169380,0000000000049156,0000000098068063,089.82
06102026,544598,0000000000004659,0000000000019522,0000000000004660,0000000000019300,099.98
06102026,544599,0000000000001582,0000000000643400,0000000000002044,0000000000831313,077.40
06102026,544600,0000000000051843,0000000035504679,0000000000100295,0000000068999212,051.69
06102026,544601,0000000000000087,0000000000012696,0000000000000092,0000000000013352,094.57
06102026,544602,0000000000130705,0000000001670410,0000000000225303,0000000002836601,058.01
06102026,544603,0000000002048685,0000000395703508,0000000002905105,0000000558215941,070.52
06102026,544604,0000000000005459,0000000000202584,0000000000009471,0000000000351713,057.64
06102026,544605,0000000000035097,0000000000629290,0000000000043867,0000000000783846,080.01
06102026,544606,0000000000470642,0000000081303406,0000000000938358,0000000161071021,050.16
06102026,544607,0000000000019200,0000000003058260,0000000000019200,0000000003058260,100.00
06102026,544608,0000000000048941,0000000014511007,0000000000098318,0000000029146597,049.78
06102026,544609,0000000003461437,0000000456563541,0000000004643126,0000000602907242,074.55
06102026,544610,0000000000021600,0000000008128080,0000000000030600,0000000011041440,070.59
06102026,544611,0000000000004800,0000000000840240,0000000000006000,0000000001053660,080.00
06102026,544612,0000000000010983,0000000005425602,0000000000018675,0000000009163812,058.81
06102026,544613,0000000000009960,0000000004181706,0000000000016528,0000000006937021,060.26
06102026,544614,0000000000007717,0000000004541069,0000000000016626,0000000009591991,046.42
06102026,544615,0000000000002518,0000000000093719,0000000000002518,0000000000093719,100.00
06102026,544616,0000000000006000,0000000000995700,0000000000008000,0000000001313750,075.00
06102026,544617,0000000000033426,0000000002742604,0000000000046263,0000000003765884,072.25
06102026,544618,0000000000000001,0000000000000074,0000000000000001,0000000000000073,100.00
06102026,544619,0000000000002527,0000000002926519,0000000000004000,0000000004727912,063.18
06102026,544621,0000000000003000,0000000000171150,0000000000004000,0000000000225050,075.00
06102026,544622,0000000000195226,0000000007483013,0000000000445325,0000000017127426,043.84
06102026,544623,0000000000010800,0000000001620000,0000000000010800,0000000001620120,100.00
06102026,544624,0000000000006000,0000000000057000,0000000000006000,0000000000056430,100.00
06102026,544625,0000000000001800,0000000000051300,0000000000001800,0000000000051630,100.00
06102026,544626,0000000000020500,0000000014122175,0000000000020500,0000000014122175,100.00
06102026,544627,0000000000012000,0000000004354800,0000000000012000,0000000004354800,100.00
06102026,544628,0000000000006000,0000000000106200,0000000000024000,0000000000418360,025.00
06102026,544629,0000000000003000,0000000000290550,0000000000004000,0000000000391550,075.00
06102026,544631,0000000000000326,0000000000348103,0000000000000438,0000000000469356,074.43
06102026,544632,0000000003963628,0000000944928916,0000000005222129,0000001249454707,075.90
06102026,544633,0000000000152099,0000000014619756,0000000000211776,0000000020195392,071.82
06102026,544634,0000000000222345,0000000063468381,0000000000530873,0000000153575801,041.88
06102026,544635,0000000000011200,0000000000800912,0000000000012800,0000000000932416,087.50
06102026,544637,0000000000009600,0000000000640992,0000000000032400,0000000002172252,029.63
06102026,544638,0000000000000156,0000000000023010,0000000000000271,0000000000039784,057.56
06102026,544639,0000000000000302,0000000000066440,0000000000000390,0000000000085672,077.44
06102026,544641,0000000000004800,0000000001286400,0000000000005400,0000000001442670,088.89
06102026,544642,0000000000014141,0000000001922469,0000000000023729,0000000003272479,059.59
06102026,544644,0000000000000706,0000000001438511,0000000000001211,0000000002457639,058.30
06102026,544645,0000000000005529,0000000001515223,0000000000011039,0000000003011455,050.09
06102026,544646,0000000000010000,0000000000035000,0000000000010000,0000000000035000,100.00
06102026,544647,0000000000010520,0000000006678622,0000000000018235,0000000011551839,057.69
06102026,544648,0000000000004000,0000000000189000,0000000000004000,0000000000189020,100.00
06102026,544654,0000000000001810,0000000000032526,0000000000001821,0000000000032804,099.40
06102026,544655,0000000000005535,0000000000121770,0000000000005675,0000000000124634,097.53
06102026,544656,0000000000000400,0000000000104800,0000000000000400,0000000000104800,100.00
06102026,544657,0000000000024600,0000000005944590,0000000000025800,0000000006028440,095.35
06102026,544658,0000000000013666,0000000041995618,0000000000017579,0000000053776735,077.74
06102026,544660,0000000000000917,0000000000007712,0000000000001007,0000000000008454,091.06
06102026,544661,0000000000000011,0000000000000371,0000000000000011,0000000000000371,100.00
06102026,544663,0000000000001000,0000000000032250,0000000000001000,0000000000032250,100.00
06102026,544664,0000000000003069,0000000003173653,0000000000008285,0000000008613116,037.04
06102026,544665,0000000000001600,0000000000166400,0000000000001600,0000000000166400,100.00
06102026,544666,0000000000056277,0000000010883972,0000000000106721,0000000020452644,052.73
06102026,544667,0000000000007200,0000000000698760,0000000000007200,0000000000702228,100.00
06102026,544668,0000000000046800,0000000014185080,0000000000061200,0000000018689850,076.47
06102026,544669,0000000000001800,0000000000840060,0000000000001800,0000000000840060,100.00
06102026,544670,0000000000009600,0000000002823840,0000000000009600,0000000002823840,100.00
06102026,544671,0000000000004000,0000000000343400,0000000000004000,0000000000344540,100.00
06102026,544672,0000000000000001,0000000000000146,0000000000000001,0000000000000145,100.00
06102026,544673,0000000000004800,0000000000327072,0000000000006400,0000000000435904,075.00
06102026,544674,0000000000000145,0000000000010227,0000000000000145,0000000000010200,100.00
06102026,544675,0000000000030400,0000000003790480,0000000000030400,0000000003790480,100.00
06102026,544676,0000000000007200,0000000000272160,0000000000009600,0000000000363720,075.00
06102026,544677,0000000000003200,0000000000223776,0000000000003200,0000000000223888,100.00
06102026,544678,0000000000116306,0000000003725282,0000000000263908,0000000008467970,044.07
06102026,544679,0000000000003056,0000000001724501,0000000000010497,0000000005929505,029.11
06102026,544680,0000000000000240,0000000000066120,0000000000000480,0000000000132240,050.00
06102026,544681,0000000000035000,0000000017465000,0000000000055000,0000000027866550,063.64
06102026,544682,0000000000002400,0000000000549600,0000000000002400,0000000000550920,100.00
06102026,544684,0000000000056400,0000000010863120,0000000000056400,0000000010863120,100.00
06102026,544685,0000000000084170,0000000024219918,0000000000148222,0000000042521993,056.79
06102026,544687,0000000000012000,0000000001254000,0000000000012000,0000000001212100,100.00
06102026,544688,0000000000042000,0000000002814000,0000000000054000,0000000003722580,077.78
06102026,544693,0000000000001600,0000000000041040,0000000000001600,0000000000041040,100.00
06102026,544695,0000000000076000,0000000021533600,0000000000076000,0000000021533600,100.00
06102026,544698,0000000000009600,0000000000431904,0000000000012800,0000000000548464,075.00
06102026,544699,0000000000012967,0000000002139555,0000000000023610,0000000003889045,054.92
06102026,544700,0000000000004779,0000000003548408,0000000000008819,0000000006500396,054.19
06102026,544701,0000000000005431,0000000000114486,0000000000009981,0000000000208484,054.41
06102026,544702,0000000000029012,0000000002308195,0000000000039021,0000000003053036,074.35
06102026,544703,0000000000009273,0000000000264668,0000000000009273,0000000000264668,100.00
06102026,544704,0000000000000266,0000000000003086,0000000000000296,0000000000003427,089.86
06102026,544705,0000000000032984,0000000002570773,0000000000038534,0000000002986369,085.60
06102026,544707,0000000000007200,0000000001540080,0000000000007200,0000000001544280,100.00
06102026,544708,0000000000007200,0000000000360000,0000000000008400,0000000000428340,085.71
06102026,544709,0000000000012607,0000000001377946,0000000000038736,0000000004158999,032.55
06102026,544710,0000000000159000,0000000013554750,0000000000255000,0000000021449670,062.35
06102026,544711,0000000000001000,0000000000029500,0000000000001000,0000000000029500,100.00
06102026,544716,0000000000000227,0000000000008399,0000000000000230,0000000000008398,098.70
06102026,544717,0000000000005602,0000000007796864,0000000000011358,0000000015369231,049.32
06102026,544718,0000000000009802,0000000005358264,0000000000020310,0000000011133249,048.26
06102026,544719,0000000000000350,0000000000056490,0000000000000350,0000000000056727,100.00
06102026,544720,0000000000035310,0000000023200436,0000000000078345,0000000051705902,045.07
06102026,544721,0000000000044211,0000000002069517,0000000000050048,0000000002327332,088.34
06102026,544722,0000000000003812,0000000000234286,0000000000003907,0000000000238775,097.57
06102026,544723,0000000000003637,0000000012367619,0000000000010157,0000000034286002,035.81
06102026,544724,0000000000006000,0000000000504000,0000000000006000,0000000000506700,100.00
06102026,544725,0000000000000745,0000000000012196,0000000000000760,0000000000012353,098.03
06102026,544726,0000000000061114,0000000001829143,0000000000085989,0000000002490508,071.07
06102026,544731,0000000000060546,0000000010692424,0000000000092618,0000000016578831,065.37
06102026,544732,0000000000000841,0000000000216558,0000000000001012,0000000000255754,083.10
06102026,544733,0000000000003674,0000000001748273,0000000000004993,0000000002325194,073.58
06102026,544734,0000000000000140,0000000000016907,0000000000000163,0000000000019736,085.89
06102026,544735,0000000000045000,0000000009954000,0000000000074000,0000000016403450,060.81
06102026,544736,0000000000000002,0000000000000256,0000000000000004,0000000000000512,050.00
06102026,544737,0000000000004601,0000000000070028,0000000000004907,0000000000074979,093.76
06102026,544738,0000000000021000,0000000003615150,0000000000023000,0000000003928150,091.30
06102026,544739,0000000000024045,0000000005055462,0000000000077880,0000000016316988,030.87
06102026,544740,0000000000177600,0000000057824960,0000000000177600,0000000057824960,100.00
06102026,544741,0000000000002400,0000000000628920,0000000000002400,0000000000628920,100.00
06102026,544742,0000000000018982,0000000009979787,0000000000037369,0000000019270393,050.80
06102026,544743,0000000000029277,0000000006110110,0000000000066447,0000000013927435,044.06
06102026,544744,0000000000004623,0000000002780735,0000000000008905,0000000005325985,051.91
06102026,544745,0000000000001111,0000000000024365,0000000000001136,0000000000024904,097.80
06102026,544746,0000000000017600,0000000001408000,0000000000020800,0000000001679072,084.62
06102026,544747,0000000000008400,0000000000736680,0000000000010800,0000000000931224,077.78
06102026,544748,0000000000149557,0000000011719287,0000000000239706,0000000018773021,062.39
06102026,544750,0000000000005980,0000000000922714,0000000000008202,0000000001272295,072.91
06102026,544751,0000000000028800,0000000003948480,0000000000037200,0000000004971360,077.42
06102026,544752,0000000000000004,0000000004009468,0000000000000004,0000000004012101,100.00
06102026,544753,0000000000029706,0000000003436391,0000000000034317,0000000003986028,086.56
06102026,544754,0000000000018757,0000000007185807,0000000000045878,0000000017427205,040.88
06102026,544755,0000000000008000,0000000003382680,0000000000008000,0000000003382680,100.00
06102026,544756,0000000000014481,0000000000707542,0000000000036721,0000000001794261,039.44
06102026,544757,0000000000000388,0000000000031044,0000000000000532,0000000000043065,072.93
06102026,544758,0000000000997645,0000000106129476,0000000001003296,0000000106855660,099.44
06102026,544759,0000000000048000,0000000001630080,0000000000060000,0000000001912980,080.00
06102026,544762,0000000000001061,0000000000014854,0000000000001261,0000000000017606,084.14
06102026,544763,0000000000018364,0000000000329083,0000000000019505,0000000000347857,094.15
06102026,544764,0000000000030987,0000000001289060,0000000000036626,0000000001516984,084.60
06102026,544765,0000000000011200,0000000002804960,0000000000011200,0000000002804960,100.00
06102026,544766,0000000000000258,0000000000002462,0000000000000277,0000000000002654,093.14
06102026,544767,0000000000006000,0000000000645720,0000000000006000,0000000000645720,100.00
06102026,544768,0000000000006000,0000000000149100,0000000000006000,0000000000149100,100.00
06102026,544769,0000000000063600,0000000004929000,0000000000087600,0000000006755004,072.60
06102026,544770,0000000000024000,0000000001806720,0000000000027200,0000000002062336,088.24
06102026,544771,0000000000012000,0000000000329880,0000000000020000,0000000000520980,060.00
06102026,544772,0000000000102000,0000000004743020,0000000000102000,0000000004743020,100.00
06102026,544773,0000000000044000,0000000018433800,0000000000083000,0000000035181750,053.01
06102026,544774,0000000000005000,0000000000455000,0000000000014000,0000000001306300,035.71
06102026,544777,0000000000013398,0000000003035317,0000000000017404,0000000003894972,076.98
06102026,544779,0000000000004000,0000000000133600,0000000000005600,0000000000181336,071.43
06102026,544780,0000000000164704,0000000066038069,0000000000307135,0000000123089693,053.63
06102026,544781,0000000000568640,0000000018492173,0000000001141999,0000000036797423,049.79
06102026,544782,0000000000872857,0000000027433896,0000000001568891,0000000049134835,055.64
06102026,544783,0000000000237913,0000000163096239,0000000000237913,0000000163096239,100.00
06102026,544784,0000000001069900,0000000032888726,0000000001714044,0000000052806468,062.42
06102026,544785,0000000000066514,0000000004767775,0000000000066514,0000000004767775,100.00
06102026,544786,0000000000009245,0000000018202481,0000000000014421,0000000027874281,064.11
06102026,544793,0000000000066000,0000000020131150,0000000000066000,0000000020131150,100.00
06102026,544794,0000000000021600,0000000002978640,0000000000030000,0000000004132320,072.00
06102026,544795,0000000000002113,0000000000038161,0000000000002168,0000000000038586,097.46
06102026,544796,0000000000000400,0000000000045600,0000000000000400,0000000000045600,100.00
06102026,544797,0000000000006000,0000000000131880,0000000000006000,0000000000131880,100.00
06102026,544798,0000000000028800,0000000005381400,0000000000028800,0000000005381400,100.00
06102026,544799,0000000000119760,0000000008246674,0000000000250750,0000000017393680,047.76
06102026,544801,0000000000009783,0000000001211624,0000000000009783,0000000001211624,100.00
06102026,544802,0000000000103109,0000000010749114,0000000000151043,0000000015591347,068.26
06102026,544803,0000000000078589,0000000025954018,0000000000133809,0000000042982498,058.73
06102026,544804,0000000000021600,0000000002099520,0000000000032400,0000000003121260,066.67
06102026,544806,0000000000006557,0000000000609211,0000000000007866,0000000000733438,083.36
06102026,544807,0000000000012000,0000000000635880,0000000000015000,0000000000771030,080.00
06102026,544808,0000000000110531,0000000003271718,0000000000192548,0000000005746470,057.40
06102026,544809,0000000000042000,0000000003717000,0000000000062000,0000000005639040,067.74
06102026,544810,0000000000236800,0000000028048960,0000000000281600,0000000031544720,084.09
06102026,544811,0000000000004000,0000000000687600,0000000000007000,0000000001188100,057.14
06102026,544812,0000000000054000,0000000006447300,0000000000054000,0000000006447300,100.00
06102026,544813,0000000000002000,0000000000118400,0000000000003000,0000000000177600,066.67
06102026,544814,0000000000188909,0000000037290637,0000000000302161,0000000059042605,062.52
06102026,544821,0000000000015468,0000000009454815,0000000000029107,0000000018056446,053.14
06102026,544822,0000000000032987,0000000009201724,0000000000057146,0000000015574240,057.72
06102026,544823,0000000000069600,0000000025859100,0000000000069600,0000000025859100,100.00
06102026,544825,0000000000013144,0000000000606728,0000000000017451,0000000000816351,075.32
06102026,544826,0000000000041200,0000000049143360,0000000000061600,0000000073633800,066.88
06102026,544827,0000000000001625,0000000000033069,0000000000003042,0000000000061435,053.42
06102026,544828,0000000000000026,0000000000026282,0000000000000026,0000000000026281,100.00
06102026,544829,0000000000046299,0000000023286083,0000000000073345,0000000036586744,063.12
06102026,544830,0000000000122869,0000000001548150,0000000000150436,0000000001889553,081.68
06102026,544831,0000000000005600,0000000002174480,0000000000005970,0000000002300544,093.80
06102026,544832,0000000000018600,0000000004810890,0000000000021000,0000000005415870,088.57
06102026,544833,0000000000008011,0000000004139685,0000000000016133,0000000008237836,049.66
06102026,544834,0000000000013200,0000000000434280,0000000000013200,0000000000427068,100.00
06102026,544835,0000000000010000,0000000000505000,0000000000012000,0000000000604920,083.33
06102026,544837,0000000000019195,0000000025907492,0000000000056210,0000000074894527,034.15
06102026,544838,0000000000113446,0000000034045145,0000000000130485,0000000038981363,086.94
06102026,544839,0000000000064410,0000000040443039,0000000000137850,0000000085038487,046.72
06102026,544840,0000000000011000,0000000001407450,0000000000016000,0000000002011150,068.75
06102026,544841,0000000000001815,0000000000017842,0000000000001917,0000000000018807,094.68
06102026,544842,0000000000000028,0000000000003524,0000000000000028,0000000000003544,100.00
06102026,544843,0000000000019200,0000000001401792,0000000000021600,0000000001599732,088.89
06102026,544844,0000000000035200,0000000028336000,0000000000061600,0000000048529380,057.14
06102026,544845,0000000000030735,0000000000451805,0000000000035052,0000000000511336,087.68
06102026,544846,0000000000000102,0000000000003468,0000000000000102,0000000000003525,100.00
06102026,544847,0000000000427476,0000000294915693,0000000000457696,0000000307305517,093.40
06102026,544848,0000000000006400,0000000000390400,0000000000008000,0000000000488176,080.00
06102026,544850,0000000000000020,0000000000002788,0000000000000043,0000000000005951,046.51
06102026,544851,0000000000125529,0000000117181322,0000000000310822,0000000293398879,040.39
06102026,544852,0000000000001200,0000000000153600,0000000000001200,0000000000153600,100.00
06102026,544853,0000000000035648,0000000009990352,0000000000064253,0000000017864724,055.48
06102026,544854,0000000000024000,0000000002896800,0000000000026400,0000000003201660,090.91
06102026,544855,0000000000001213,0000000000032230,0000000000001404,0000000000038415,086.40
06102026,544856,0000000000002400,0000000000389280,0000000000003200,0000000000520480,075.00
06102026,544857,0000000000000110,0000000000001821,0000000000000120,0000000000001990,091.67
06102026,544858,0000000000014400,0000000001788480,0000000000018000,0000000002277300,080.00
06102026,544859,0000000000015000,0000000001902000,0000000000026000,0000000003303250,057.69
06102026,544860,0000000000070051,0000000003518662,0000000000127802,0000000006359292,054.81
06102026,544861,0000000000005069,0000000001816144,0000000000005069,0000000001816144,100.00
06102026,544862,0000000000003946,0000000002723727,0000000000007825,0000000005351284,050.43
06102026,544863,0000000000010800,0000000001066500,0000000000010800,0000000001075020,100.00
06102026,544864,0000000000034185,0000000015949012,0000000000078701,0000000037003700,043.44
06102026,544865,0000000000049994,0000000007121646,0000000000113110,0000000016269189,044.20
06102026,544866,0000000000029330,0000000043943673,0000000000083468,0000000125844068,035.14
06102026,544867,0000000000035503,0000000052480535,0000000000064999,0000000097266388,054.62
06102026,544868,0000000000093713,0000000029183371,0000000000093713,0000000029183371,100.00
06102026,544869,0000000000005000,0000000000402100,0000000000006000,0000000000487450,083.33
06102026,544870,0000000000139892,0000000071330931,0000000000235247,0000000118827973,059.47
06102026,544871,0000000000478258,0000000062843102,0000000000680282,0000000087800546,070.30
06102026,544872,0000000000007200,0000000000234360,0000000000012000,0000000000391140,060.00
06102026,544873,0000000000001888,0000000000022033,0000000000002069,0000000000024078,091.25
06102026,544874,0000000000000005,0000000000000173,0000000000000006,0000000000000206,083.33
06102026,544876,0000000000006000,0000000000609000,0000000000008400,0000000000854940,071.43
06102026,544877,0000000000055000,0000000023960600,0000000000055000,0000000023960600,100.00
06102026,544878,0000000000000003,0000000000000224,0000000000000005,0000000000000371,060.00
06102026,544879,0000000000210723,0000000085374424,0000000000383659,0000000153289377,054.92
06102026,544880,0000000000098078,0000000004822496,0000000000241401,0000000011901451,040.63
06102026,544881,0000000000026558,0000000011868771,0000000000049181,0000000022619994,054.00
06102026,544882,0000000000199000,0000000018351780,0000000000305832,0000000027760608,065.07
06102026,544883,0000000000052000,0000000001708720,0000000000069000,0000000002274790,075.36
06102026,544884,0000000000008400,0000000000352800,0000000000009600,0000000000403956,087.50
06102026,544885,0000000000023639,0000000003352011,0000000000052777,0000000007361091,044.79
06102026,544886,0000000000028727,0000000014787224,0000000000068468,0000000034297294,041.96
06102026,544887,0000000000000027,0000000000000962,0000000000000028,0000000000000998,096.43
06102026,544888,0000000000040829,0000000047410635,0000000000079991,0000000093995597,051.04
06102026,544889,0000000000006933,0000000007972604,0000000000021004,0000000024546322,033.01
06102026,544890,0000000000049613,0000000005655882,0000000000094540,0000000010542643,052.48
06102026,544891,0000000000063515,0000000004688678,0000000000132064,0000000009739185,048.09
06102026,544892,0000000000001870,0000000000034670,0000000000002604,0000000000047992,071.81
06102026,544893,0000000000027667,0000000001226479,0000000000054019,0000000002396835,051.22
06102026,544894,0000000000094272,0000000009611031,0000000000236401,0000000023636705,039.88
06102026,544895,0000000000209600,0000000041270240,0000000000395200,0000000075327600,053.04
06102026,544897,0000000000198000,0000000008405100,0000000000237000,0000000010264860,083.54
06102026,544898,0000000000060844,0000000078619575,0000000000060844,0000000078619574,100.00
06102026,544899,0000000000059599,0000000018550189,0000000000088651,0000000026810830,067.23
06102026,544900,0000000000012000,0000000002289600,0000000000014000,0000000002687400,085.71
06102026,544901,0000000000006288,0000000003286738,0000000000009769,0000000005104941,064.37
06102026,544902,0000000000002000,0000000000095000,0000000000002000,0000000000095000,100.00
06102026,544903,0000000000342389,0000000073356844,0000000000552876,0000000115523054,061.93
06102026,544904,0000000000032400,0000000001247400,0000000000040800,0000000001503108,079.41
06102026,544905,0000000000242000,0000000009989760,0000000000326000,0000000012703860,074.23
06102026,544906,0000000000004534,0000000001055516,0000000000007809,0000000001785500,058.06
06102026,544907,0000000000000001,0000000000000055,0000000000000001,0000000000000055,100.00
06102026,544908,0000000000004936,0000000000187568,0000000000005970,0000000000222999,082.68
06102026,544909,0000000000136426,0000000012451602,0000000000262350,0000000024112870,052.00
06102026,544910,0000000000016000,0000000000378720,0000000000016000,0000000000378720,100.00
06102026,544911,0000000000393082,0000000369949125,0000000001175470,0000001171602821,033.44
06102026,544912,0000000000024759,0000000020322188,0000000000051274,0000000042433718,048.29
06102026,544913,0000000000320058,0000000088207985,0000000000867161,0000000232173117,036.91
06102026,544914,0000000001037046,0000000122838099,0000000001413693,0000000165084136,073.36
06102026,544915,0000000000154804,0000000084453323,0000000000453668,0000000245872798,034.12
06102026,544916,0000000000039526,0000000014502090,0000000000125343,0000000047161770,031.53
06102026,544917,0000000000076062,0000000033455871,0000000000195609,0000000083989917,038.88
06102026,544918,0000000000116626,0000000016916602,0000000000220397,0000000031512726,052.92
06102026,544919,0000000000034800,0000000004021140,0000000000045600,0000000005304960,076.32
06102026,544920,0000000000046400,0000000005377760,0000000000064000,0000000007318560,072.50
06102026,544921,0000000000114366,0000000016663127,0000000000175217,0000000025442161,065.27
06102026,544922,0000000000016000,0000000001423200,0000000000017600,0000000001547376,090.91
06102026,544923,0000000000130884,0000000019495172,0000000000266331,0000000039772604,049.14
06102026,544924,0000000000083200,0000000022846720,0000000000125600,0000000034498700,066.24
06102026,544925,0000000000064200,0000000016101360,0000000000093600,0000000023770140,068.59
06102026,544926,0000000000001000,0000000000093200,0000000000001000,0000000000093200,100.00
06102026,544927,0000000000000200,0000000000002800,0000000000000200,0000000000002800,100.00
06102026,544928,0000000000004800,0000000000340800,0000000000006400,0000000000452400,075.00
06102026,544929,0000000000338942,0000000017363999,0000000000760940,0000000035831908,044.54
06102026,544930,0000000000028800,0000000002820960,0000000000043200,0000000004249968,066.67
06102026,544931,0000000000001600,0000000000344160,0000000000001600,0000000000344160,100.00
06102026,544932,0000000000084000,0000000005416580,0000000000084000,0000000005416580,100.00
06102026,544933,0000000000094000,0000000004699100,0000000000094000,0000000004699100,100.00
06102026,544934,0000000000685626,0000000487480086,0000000002040603,0000001426305709,033.60
06102026,544935,0000000000053448,0000000010101672,0000000000053448,0000000010101672,100.00
06102026,544936,0000000001688540,0000000283337012,0000000003876948,0000000645014059,043.55
06102026,544937,0000000001834725,0000003210493542,0000000002858358,0000004993904939,064.19
06102026,544938,0000000000023572,0000000002193180,0000000000023572,0000000002193180,100.00
06102026,544939,0000000000048000,0000000002016450,0000000000048000,0000000002016450,100.00
06102026,544940,0000000000406800,0000000083516040,0000000000406800,0000000083516040,100.00
06102026,544941,0000000000054000,0000000006471540,0000000000054000,0000000006471540,100.00
06102026,544942,0000000000045274,0000000006012388,0000000000093304,0000000012379830,048.52
06102026,544943,0000000000182400,0000000024634200,0000000000182400,0000000024634200,100.00
06102026,544944,0000000000006400,0000000000427216,0000000000006400,0000000000427216,100.00
06102026,544945,0000000000059950,0000000020278088,0000000000145142,0000000048491656,041.30
06102026,544947,0000000000029000,0000000003146100,0000000000029000,0000000003146100,100.00
06102026,544948,0000000000112000,0000000010580256,0000000000112000,0000000010580256,100.00
06102026,544949,0000000000074562,0000000014940997,0000000000074562,0000000014940997,100.00
06102026,544950,0000000000008308,0000000001769604,0000000000008308,0000000001769604,100.00
06102026,544951,0000000000041259,0000000011212134,0000000000125890,0000000034143515,032.77
06102026,544952,0000000000018510,0000000007130052,0000000000050742,0000000019220712,036.48
06102026,544953,0000000005836059,0000000294487538,0000000014660460,0000000733915846,039.81
06102026,544954,0000000000406000,0000000043292840,0000000000406000,0000000043292840,100.00
06102026,544955,0000000000001200,0000000000108360,0000000000001200,0000000000108360,100.00
06102026,544957,0000000000169349,0000000020017052,0000000000361401,0000000044654986,046.86
06102026,544958,0000000000192000,0000000028002120,0000000000192000,0000000028002120,100.00
06102026,544959,0000000000034062,0000000009891605,0000000000077758,0000000022905967,043.81
06102026,544960,0000000001496336,0000000593895759,0000000003391720,0000001256475388,044.12
06102026,544961,0000000000008000,0000000000190000,0000000000008000,0000000000190000,100.00
06102026,544962,0000000000974732,0000000025255307,0000000001978063,0000000052835849,049.28
06102026,544963,0000000000315981,0000000055131617,0000000000315981,0000000055131617,100.00
06102026,544964,0000000002836800,0000000288725872,0000000002836800,0000000288725872,100.00
06102026,544965,0000000000359921,0000000053968544,0000000000359921,0000000053968544,100.00
06102026,544966,0000000000006000,0000000000456192,0000000000006000,0000000000456192,100.00
06102026,544967,0000000000276000,0000000017099600,0000000000276000,0000000017099600,100.00
06102026,555555,0000000000000693,0000000000580596,0000000000001314,0000000001099524,052.74
06102026,570002,0000000000002566,0000000000004902,0000000000002566,0000000000004902,100.00
06102026,570004,0000000000000141,0000000000002713,0000000000000179,0000000000003398,078.77
06102026,570005,0000000000075953,0000000000035683,0000000000075953,0000000000035683,100.00
06102026,590003,0000000000010801,0000000003513026,0000000000026506,0000000008637668,040.75
06102026,590005,0000000000001264,0000000001766377,0000000000001474,0000000002025741,085.75
06102026,590006,0000000000000826,0000000000432411,0000000000001220,0000000000636665,067.70
06102026,590013,0000000000000377,0000000000427782,0000000000000796,0000000000911649,047.36
06102026,590021,0000000000001459,0000000001455061,0000000000002205,0000000002201367,066.17
06102026,590024,0000000000002602,0000000001970885,0000000000007148,0000000005350901,036.40
06102026,590025,0000000000000657,0000000000026515,0000000000000657,0000000000026515,100.00
06102026,590030,0000000000009896,0000000000623350,0000000000014510,0000000000908782,068.20
06102026,590031,0000000000000037,0000000000027090,0000000000000046,0000000000033942,080.43
06102026,590041,0000000000018025,0000000001531043,0000000000018025,0000000001531043,100.00
06102026,590051,0000000000005108,0000000000725847,0000000000010009,0000000001419994,051.03
06102026,590056,0000000000000041,0000000000011314,0000000000000058,0000000000015756,070.69
06102026,590057,0000000000000019,0000000000000422,0000000000000019,0000000000000422,100.00
06102026,590062,0000000000008057,0000000000758889,0000000000017307,0000000001623358,046.55
06102026,590065,0000000000000003,0000000000003081,0000000000000003,0000000000003081,100.00
06102026,590066,0000000000003140,0000000000485601,0000000000005273,0000000000817665,059.55
06102026,590068,0000000000000025,0000000000003645,0000000000000025,0000000000003645,100.00
06102026,590070,0000000000000984,0000000000002952,0000000000000996,0000000000002984,098.80
06102026,590071,0000000000000670,0000000002917783,0000000000001150,0000000004958591,058.26
06102026,590073,0000000000003434,0000000007865062,0000000000007395,0000000016732943,046.44
06102026,590075,0000000000001850,0000000000253635,0000000000002757,0000000000380637,067.10
06102026,590078,0000000000002512,0000000002285669,0000000000002917,0000000002668636,086.12
06102026,590086,0000000000000147,0000000000531744,0000000000000272,0000000000980897,054.04
06102026,590095,0000000000493864,0000000059994599,0000000000932432,0000000112802485,052.97
06102026,590096,0000000000429030,0000000429025710,0000000000511424,0000000511419924,083.89
06102026,590097,0000000000024242,0000000002973767,0000000000046186,0000000005643993,052.49
06102026,590098,0000000000044219,0000000005542852,0000000000088435,0000000011045298,050.00
06102026,590099,0000000000003793,0000000000463315,0000000000046780,0000000005711672,008.11
06102026,590101,0000000000004792,0000000000593298,0000000000006706,0000000000826180,071.46
06102026,590103,0000000000527064,0000000136467411,0000000000635802,0000000164352618,082.90
06102026,590104,0000000000039272,0000000029825121,0000000000048985,0000000036929601,080.17
06102026,590106,0000000000014102,0000000008035038,0000000000021454,0000000012220027,065.73
06102026,590107,0000000000006509,0000000000522543,0000000000007104,0000000000568622,091.62
06102026,590108,0000000000028611,0000000002550099,0000000000053256,0000000004763814,053.72
06102026,590109,0000000000000207,0000000000088054,0000000000000302,0000000000127832,068.54
06102026,590110,0000000000000403,0000000000100912,0000000000000724,0000000000181116,055.66
06102026,590113,0000000000002127,0000000000981164,0000000000003480,0000000001603052,061.12
06102026,590115,0000000000000114,0000000000027207,0000000000000155,0000000000036861,073.55
06102026,590134,0000000000002471,0000000000146061,0000000000003417,0000000000200255,072.31
06102026,590136,0000000000028133,0000000001604707,0000000000030785,0000000001758292,091.39
06102026,590137,0000000000000412,0000000000232785,0000000000001647,0000000000930851,025.02
06102026,590138,0000000001316143,0000000322534004,0000000001322168,0000000323799292,099.54
06102026,590139,0000000000004602,0000000005180288,0000000000006903,0000000007770476,066.67
06102026,590140,0000000000680707,0000000009727304,0000000002146704,0000000030532714,031.71
06102026,590141,0000000000183252,0000000005710133,0000000000301522,0000000009407461,060.78
06102026,590142,0000000000015104,0000000000413246,0000000000025214,0000000000681664,059.90
06102026,590143,0000000000003128,0000000000092464,0000000000006276,0000000000185149,049.84
06102026,590144,0000000000038196,0000000008698376,0000000000046198,0000000010436733,082.68
06102026,590145,0000000000260325,0000000054837462,0000000000526182,0000000110362539,049.47
06102026,590146,0000000000000404,0000000000058758,0000000000001390,0000000000201623,029.06
06102026,590147,0000000000798208,0000000174272753,0000000000798219,0000000174273779,100.00
06102026,590148,0000000000080725,0000000001452243,0000000000089738,0000000001598803,089.96
06102026,590149,0000000000076311,0000000004036852,0000000000084230,0000000004396391,090.60
06102026,590150,0000000000007545,0000000000634384,0000000000009292,0000000000781361,081.20
06102026,590151,0000000000022679,0000000001205616,0000000000025823,0000000001366647,087.82
06102026,590152,0000000000014521,0000000001487096,0000000000023879,0000000002433869,060.81
06102026,590153,0000000000030656,0000000000693439,0000000000033590,0000000000760071,091.27
06102026,590154,0000000000042041,0000000002215141,0000000000054484,0000000002846792,077.16
06102026,590155,0000000000007688,0000000000166215,0000000000008650,0000000000186194,088.88
06102026,590156,0000000000035126,0000000000504059,0000000000046515,0000000000664647,075.52
06102026,590157,0000000000009170,0000000000858312,0000000000015407,0000000001431266,059.52
06102026,590158,0000000000004098,0000000000106876,0000000000018631,0000000000487206,022.00
06102026,590160,0000000000000114,0000000000028145,0000000000000151,0000000000037361,075.50
06102026,590161,0000000000333474,0000000007133009,0000000000556187,0000000011854484,059.96
06102026,710058,0000000000000378,0000000000015703,0000000000000378,0000000000015702,100.00
06102026,751142,0000000000133260,0000000000013539,0000000000133260,0000000000013539,100.00
06102026,751143,0000000000079395,0000000000206583,0000000000079395,0000000000206583,100.00
06102026,751144,0000000000296901,0000000000032659,0000000000296901,0000000000032659,100.00
06102026,800173,0000000000000010,0000000000001089,0000000000000010,0000000000001089,100.00
06102026,800177,0000000000021191,0000000002311939,0000000000021518,0000000002347166,098.48
06102026,800297,0000000000000050,0000000000738000,0000000000000068,0000000000997497,073.53
06102026,800303,0000000000000002,0000000000029340,0000000000000002,0000000000029340,100.00
06102026,800313,0000000000000010,0000000000146000,0000000000000010,0000000000146000,100.00
06102026,800314,0000000000000002,0000000000029540,0000000000000002,0000000000029540,100.00
06102026,800318,0000000000000001,0000000000014810,0000000000000001,0000000000014809,100.00
06102026,800322,0000000000000022,0000000000323620,0000000000000022,0000000000323490,100.00
06102026,800324,0000000000000052,0000000000763490,0000000000000062,0000000000909410,083.87
06102026,800325,0000000000000226,0000000003315814,0000000000000232,0000000003408671,097.41
06102026,800327,0000000000000010,0000000000146570,0000000000000010,0000000000146570,100.00
06102026,800329,0000000000000021,0000000000309428,0000000000000022,0000000000324075,095.45
06102026,800330,0000000000003000,0000000000274500,0000000000003000,0000000000274500,100.00
06102026,800331,0000000000000087,0000000001278900,0000000000000091,0000000001339652,095.60
06102026,800333,0000000000000009,0000000000131985,0000000000000009,0000000000132398,100.00
06102026,800334,0000000000000010,0000000000000888,0000000000000010,0000000000000887,100.00
06102026,800339,0000000000000028,0000000000411963,0000000000000032,0000000000470290,087.50
06102026,800340,0000000000000029,0000000000426011,0000000000000034,0000000000498804,085.29
06102026,800341,0000000000000068,0000000000999260,0000000000000068,0000000000999222,100.00
06102026,800342,0000000000000002,0000000000029483,0000000000000002,0000000000029482,100.00
06102026,800367,0000000000000130,0000000001903720,0000000000000133,0000000001949462,097.74
06102026,800385,0000000000000010,0000000000148400,0000000000000016,0000000000236174,062.50
06102026,800386,0000000000000009,0000000000132435,0000000000000009,0000000000132371,100.00
06102026,800435,0000000000000005,0000000000000482,0000000000000005,0000000000000481,100.00
06102026,800437,0000000000000012,0000000000176933,0000000000000012,0000000000177150,100.00
06102026,800438,0000000000000003,0000000000044425,0000000000000003,0000000000044424,100.00
06102026,800439,0000000000000027,0000000000398926,0000000000000027,0000000000397057,100.00
06102026,800441,0000000000005380,0000000000562748,0000000000007313,0000000000764955,073.57
06102026,800443,0000000000000040,0000000000599598,0000000000000041,0000000000613527,097.56
06102026,800488,0000000000000051,0000000000756613,0000000000000063,0000000000933603,080.95
06102026,800517,0000000000000005,0000000000000105,0000000000000005,0000000000000105,100.00
06102026,800573,0000000000000382,0000000005651389,0000000000000405,0000000005969140,094.32
06102026,800574,0000000000000010,0000000000001028,0000000000000010,0000000000001027,100.00
06102026,800575,0000000000000005,0000000000074926,0000000000000005,0000000000074776,100.00
06102026,800580,0000000000000037,0000000000555833,0000000000000054,0000000000810170,068.52
06102026,800584,0000000000003866,0000000000376935,0000000000004366,0000000000422887,088.55
06102026,800588,0000000000002930,0000000000282599,0000000000002930,0000000000282212,100.00
06102026,800596,0000000000000283,0000000004244947,0000000000000302,0000000004513589,093.71
06102026,800598,0000000000006001,0000000000606101,0000000000006502,0000000000656063,092.29
06102026,800603,0000000000000139,0000000002100751,0000000000000161,0000000002433219,086.34
06102026,800604,0000000000001400,0000000000144200,0000000000001400,0000000000143980,100.00
06102026,800605,0000000000000096,0000000001487568,0000000000000115,0000000001796314,083.48
06102026,800607,0000000000007664,0000000000756897,0000000000007884,0000000000778608,097.21
06102026,800807,0000000000000157,0000000000014878,0000000000000157,0000000000014879,100.00
06102026,800808,0000000000230200,0000000021300406,0000000000230200,0000000021310622,100.00
06102026,800809,0000000000012135,0000000001167266,0000000000014641,0000000001402137,082.88
06102026,800815,0000000000057600,0000000005625792,0000000000057901,0000000005655840,099.48
06102026,800816,0000000000050010,0000000005146029,0000000000050010,0000000005151029,100.00
06102026,805231,0000000000000100,0000000000009530,0000000000000200,0000000000019024,050.00
06102026,810727,0000000000000056,0000000000005009,0000000000000056,0000000000005008,100.00
06102026,811133,0000000000000100,0000000000009500,0000000000000100,0000000000009500,100.00
06102026,890217,0000000000000151,0000000000008154,0000000000000151,0000000000008286,100.00
06102026,890226,0000000000002490,0000000000060756,0000000000002501,0000000000060922,099.56
06102026,890228,0000000000000279,0000000000002414,0000000000000365,0000000000003179,076.44
06102026,890234,0000000000725050,0000000000543788,0000000000725050,0000000000545991,100.00
06102026,890238,0000000000002566,0000000000029133,0000000000002566,0000000000029133,100.00
06102026,890239,0000000000000846,0000000000205557,0000000000000846,0000000000205557,100.00
06102026,890240,0000000000011389,0000000002188966,0000000000015156,0000000002867562,075.15
06102026,935574,0000000000001114,0000000001193094,0000000000001114,0000000001193094,100.00
06102026,935584,0000000000000002,0000000000002225,0000000000000002,0000000000002226,100.00
06102026,935682,0000000000000100,0000000000108599,0000000000000100,0000000000108599,100.00
06102026,935690,0000000000000001,0000000000001124,0000000000000001,0000000000001124,100.00
06102026,936224,0000000000000643,0000000000668720,0000000000000643,0000000000669495,100.00
06102026,936254,0000000000000001,0000000000001013,0000000000000001,0000000000001012,100.00
06102026,936294,0000000000000012,0000000000012528,0000000000000012,0000000000012545,100.00
06102026,936320,0000000000000005,0000000000004550,0000000000000005,0000000000004550,100.00
06102026,936398,0000000000000005,0000000000005110,0000000000000005,0000000000005110,100.00
06102026,936412,0000000000000111,0000000000117033,0000000000000111,0000000000117032,100.00
06102026,936528,0000000000000001,0000000000001091,0000000000000001,0000000000001090,100.00
06102026,936578,0000000000000001,0000000000001025,0000000000000001,0000000000001025,100.00
06102026,936656,0000000000000149,0000000000293456,0000000000000149,0000000000293914,100.00
06102026,936744,0000000000000111,0000000000217504,0000000000000111,0000000000217525,100.00
06102026,936810,0000000000000012,0000000000012216,0000000000000022,0000000000022407,054.55
06102026,936975,0000000000000015,0000000000015180,0000000000000015,0000000000015180,100.00
06102026,936991,0000000000000010,0000000000009130,0000000000000010,0000000000009130,100.00
06102026,937017,0000000000000085,0000000000090704,0000000000000086,0000000000091779,098.84
06102026,937065,0000000000000100,0000000000101199,0000000000000110,0000000000109119,090.91
06102026,937169,0000000000000481,0000000000887421,0000000000000481,0000000000887420,100.00
06102026,937273,0000000000000001,0000000000001751,0000000000000001,0000000000001751,100.00
06102026,937373,0000000000001048,0000000001056594,0000000000001480,0000000001492078,070.81
06102026,937381,0000000000000040,0000000000038600,0000000000000040,0000000000038775,100.00
06102026,937455,0000000000000006,0000000000006011,0000000000000006,0000000000006010,100.00
06102026,937501,0000000000000029,0000000000028058,0000000000000029,0000000000028357,100.00
06102026,937529,0000000000000005,0000000000004851,0000000000000005,0000000000004850,100.00
06102026,937533,0000000000000010,0000000000009000,0000000000000010,0000000000009000,100.00
06102026,937537,0000000000000101,0000000000104562,0000000000000102,0000000000105822,099.02
06102026,937621,0000000000000040,0000000000040056,0000000000000040,0000000000040056,100.00
06102026,937637,0000000000000030,0000000000029070,0000000000000030,0000000000029001,100.00
06102026,937743,0000000000000276,0000000000275399,0000000000000276,0000000000275631,100.00
06102026,937799,0000000000000045,0000000000044910,0000000000000045,0000000000044915,100.00
06102026,937803,0000000000000001,0000000000001524,0000000000000001,0000000000001523,100.00
06102026,937985,0000000000000209,0000000000204820,0000000000000209,0000000000204820,100.00
06102026,938005,0000000000000199,0000000000193134,0000000000000199,0000000000194293,100.00
06102026,938105,0000000000000010,0000000000010035,0000000000000010,0000000000010035,100.00
06102026,938212,0000000000000040,0000000000039960,0000000000000040,0000000000039960,100.00
06102026,938214,0000000000000187,0000000000192610,0000000000000187,0000000000191815,100.00
06102026,938222,0000000000000170,0000000000052641,0000000000000170,0000000000052640,100.00
06102026,938256,0000000000000553,0000000000547470,0000000000000553,0000000000543070,100.00
06102026,938348,0000000000000025,0000000000024925,0000000000000025,0000000000024925,100.00
06102026,938370,0000000000000100,0000000000099500,0000000000000100,0000000000099500,100.00
06102026,938372,0000000000000010,0000000000010800,0000000000000100,0000000000105953,010.00
06102026,938384,0000000000000001,0000000000001044,0000000000000002,0000000000002108,050.00
06102026,938424,0000000000000012,0000000000011988,0000000000000012,0000000000011988,100.00
06102026,938486,0000000000000041,0000000000018450,0000000000000041,0000000000018449,100.00
06102026,938524,0000000000000001,0000000000001000,0000000000000001,0000000000001000,100.00
06102026,938526,0000000000000208,0000000000214864,0000000000000228,0000000000247213,091.23
06102026,938530,0000000000000240,0000000000238203,0000000000000240,0000000000237730,100.00
06102026,938544,0000000000000021,0000000000020979,0000000000000021,0000000000020979,100.00
06102026,938562,0000000000000050,0000000000065640,0000000000000050,0000000000065640,100.00
06102026,938618,0000000000000001,0000000000001003,0000000000000001,0000000000001002,100.00
06102026,938664,0000000000001020,0000000001011840,0000000000001020,0000000001013340,100.00
06102026,938760,0000000000000001,0000000000001080,0000000000000001,0000000000001080,100.00
06102026,938782,0000000000000050,0000000000049950,0000000000000050,0000000000049950,100.00
06102026,938870,0000000000000100,0000000000100000,0000000000000100,0000000000100000,100.00
06102026,938880,0000000000000451,0000000000575025,0000000000000451,0000000000575025,100.00
06102026,938886,0000000000000045,0000000000045450,0000000000000045,0000000000045449,100.00
06102026,938890,0000000000000002,0000000000001994,0000000000000002,0000000000001994,100.00
06102026,938892,0000000000000001,0000000000001075,0000000000000001,0000000000001074,100.00
06102026,938912,0000000000000750,0000000000811350,0000000000000750,0000000000811350,100.00
06102026,938952,0000000000000100,0000000000108000,0000000000000100,0000000000108000,100.00
06102026,938958,0000000000000049,0000000000052994,0000000000000049,0000000000052991,100.00
06102026,938978,0000000000000025,0000000000008125,0000000000000025,0000000000008124,100.00
06102026,939190,0000000000000010,0000000000009907,0000000000000010,0000000000009907,100.00
06102026,939194,0000000000000104,0000000000131872,0000000000000104,0000000000131871,100.00
06102026,939196,0000000000000050,0000000000050150,0000000000000050,0000000000050150,100.00
06102026,939198,0000000000000001,0000000000001041,0000000000000001,0000000000001040,100.00
06102026,939216,0000000000000100,0000000000124500,0000000000000100,0000000000125044,100.00
06102026,939218,0000000000000500,0000000000630000,0000000000000500,0000000000630000,100.00
06102026,939234,0000000000000100,0000000000099022,0000000000000100,0000000000099022,100.00
06102026,939262,0000000000000099,0000000000127928,0000000000000099,0000000000127927,100.00
06102026,939264,0000000000000117,0000000000117234,0000000000000117,0000000000117272,100.00
06102026,939276,0000000000000095,0000000000093575,0000000000000099,0000000000097990,095.96
06102026,939299,0000000000000200,0000000000209200,0000000000000200,0000000000209199,100.00
06102026,939337,0000000000001000,0000000001057000,0000000000001000,0000000001057000,100.00
06102026,939355,0000000000000301,0000000000300814,0000000000000301,0000000000300601,100.00
06102026,939357,0000000000000020,0000000000025400,0000000000000020,0000000000025400,100.00
06102026,939395,0000000000000015,0000000000019722,0000000000000015,0000000000019722,100.00
