TradDt,BizDt,Sgmt,Src,FinInstrmTp,FinInstrmId,ISIN,TckrSymb,SctySrs,XpryDt,FininstrmActlXpryDt,StrkPric,OptnTp,FinInstrmNm,OpnPric,HghPric,LwPric,ClsPric,LastPric,PrvsClsgPric,UndrlygPric,SttlmPric,OpnIntrst,ChngInOpnIntrst,TtlTradgVol,TtlTrfVal,TtlNbOfTxsExctd,SsnId,NewBrdLotQty,Rmks,Rsvd1,Rsvd2,Rsvd3,Rsvd4
2026-10-06,2026-10-06,CM,NSE,STK,19078,IN0020200104,SGBJUN28,GB,,,,,2.5%GOLDBONDS2028SR-III,14730.00,14730.00,14685.00,14685.31,14685.00,14737.03,,14685.31,,,93,1367950.85,38,F1,1,,,,,
2026-10-06,2026-10-06,CM,NSE,STK,1342,IN0020200286,SGBN28VIII,GB,,,,,2.5%GOLDBONDS2028SR-VIII,14725.00,14739.99,14667.00,14735.00,14735.00,14710.01,,14734.66,,,41,602967.99,16,F1,1,,,,,
2026-10-06,2026-10-06,CM,NSE,STK,3742,IN0020210053,SGBMAY29I,GB,,,,,2.5%GOLDBONDS2029SR-I,14740.00,14788.00,14625.00,14706.87,14738.00,14742.14,,14706.03,,,348,5115494.49,78,F1,1,,,,,
2026-10-06,2026-10-06,CM,NSE,STK,3743,IN0020210061,SGBJUN29II,GB,,,,,2.5%GOLDBONDS2029SR-II,14725.00,14759.99,14499.99,14703.64,14700.00,14725.66,,14703.64,,,375,5494162.34,83,F1,1,,,,,
2026-10-06,2026-10-06,CM,NSE,STK,3800,IN0020210087,SGBJU29III,GB,,,,,2.5%GOLDBONDS2029SR-III,14750.10,14774.99,14675.00,14680.00,14680.00,14750.10,,14680.00,,,71,1046404.55,21,F1,1,,,,,
2026-10-06,2026-10-06,CM,NSE,STK,5575,IN0020210145,SGBSEP29VI,GB,,,,,2.5%GOLDBONDS2029SR-VI,14690.83,14845.00,14650.01,14705.92,14702.00,14690.83,,14705.92,,,262,3852928.60,61,F1,1,,,,,
2026-10-06,2026-10-06,CM,NSE,STK,6518,IN0020210178,SGBNV29VII,GB,,,,,2.5%GOLDBONDS2029SR-VII,14750.00,14790.00,14711.00,14745.14,14725.00,14733.11,,14745.14,,,85,1254308.84,27,F1,1,,,,,
2026-10-06,2026-10-06,CM,NSE,STK,5960,IN0020180249,SGBOCT26,GB,,,,,2.50%GOLDBONDS2026SR-II,14779.00,14780.00,14779.00,14780.00,14780.00,14780.00,,14780.00,,,26,384265.00,3,F1,1,,,,,
2026-10-06,2026-10-06,CM,NSE,STK,6355,IN0020180314,SGBNOV26,GB,,,,,2.50%GOLDBONDS2026SR-III,14650.00,14770.00,14650.00,14770.00,14770.00,14870.00,,14770.00,,,10,146931.00,3,F1,1,,,,,
2026-10-06,2026-10-06,CM,NSE,STK,7654,IN0020180389,SGBDEC26,GB,,,,,2.50%GOLDBONDS2026SR-IV,14660.00,14660.00,14660.00,14660.00,14660.00,14660.00,,14660.00,,,3,43980.00,1,F1,1,,,,,
2026-10-06,2026-10-06,CM,NSE,STK,10261,IN0020190073,SGBJUN27,GB,,,,,2.50%GOLDBONDS2027SR-I,14739.98,14739.98,14685.00,14685.00,14685.00,14625.00,,14685.00,,,49,720299.94,14,F1,1,,,,,
2026-10-06,2026-10-06,CM,NSE,STK,12904,IN0020190107,SGBAUG27,GB,,,,,2.50%GOLDBONDS2027SR-III,14548.00,14750.00,14548.00,14616.00,14616.00,14695.25,,14688.00,,,29,424632.00,11,F1,1,,,,,
2026-10-06,2026-10-06,CM,NSE,STK,13981,IN0020190370,SGBOCT27,GB,,,,,2.50%GOLDBONDS2027SR-V,14700.00,14700.00,14699.00,14699.00,14699.00,14801.50,,14699.00,,,38,558567.00,4,F1,1,,,,,
2026-10-06,2026-10-06,CM,NSE,STK,8766,IN0020180561,SGBFEB27,GB,,,,,2.50%GOLDBONDS2027SR-VI,14708.17,14708.17,14708.17,14708.17,14708.17,14635.00,,14708.17,,,1,14708.17,1,F1,1,,,,,
2026-10-06,2026-10-06,CM,NSE,STK,14252,IN0020190388,SGBOCT27VI,GB,,,,,2.50%GOLDBONDS2027SR-VI,14700.00,14700.00,14650.00,14650.00,14650.00,14760.00,,14660.00,,,10,146600.00,3,F1,1,,,,,
2026-10-06,2026-10-06,CM,NSE,STK,18862,IN0020200062,SGBAPR28I,GB,,,,,2.50%GOLDBONDS2028SR-I,14799.99,14799.99,14725.02,14770.00,14770.00,14782.34,,14790.00,,,73,1077794.93,11,F1,1,,,,,
2026-10-06,2026-10-06,CM,NSE,STK,18972,IN0020200088,SGBMAY28,GB,,,,,2.50%GOLDBONDS2028SR-II,14714.73,14770.00,14667.01,14720.61,14770.00,14714.73,,14720.61,,,56,823645.70,15,F1,1,,,,,
2026-10-06,2026-10-06,CM,NSE,STK,22242,IN0020200146,SGBJUL28IV,GB,,,,,2.50%GOLDBONDS2028SR-IV,14688.00,14718.99,14621.03,14675.85,14685.00,14681.90,,14676.21,,,129,1892344.46,38,F1,1,,,,,
2026-10-06,2026-10-06,CM,NSE,STK,22385,IN0020200161,SGBAUG28V,GB,,,,,2.50%GOLDBONDS2028SR-V,14667.00,14725.00,14640.00,14672.89,14663.00,14701.90,,14672.73,,,721,10586275.84,140,F1,1,,,,,
2026-10-06,2026-10-06,CM,NSE,STK,149,IN0020200195,SGBSEP28VI,GB,,,,,2.50%GOLDBONDS2028SR-VI,14621.01,14700.00,14621.01,14651.15,14651.15,14667.31,,14654.08,,,83,1217008.02,23,F1,1,,,,,
2026-10-06,2026-10-06,CM,NSE,STK,834,IN0020200203,SGBOC28VII,GB,,,,,2.50%GOLDBONDS2028SR-VII,14735.01,14799.99,14701.00,14750.00,14750.00,14735.01,,14750.00,,,224,3303268.41,14,F1,1,,,,,
2026-10-06,2026-10-06,CM,NSE,STK,17110,IN0020190537,SGBJ28VIII,GB,,,,,2.50%GOLDBONDS2028SR-VIII,14750.00,14750.00,14750.00,14750.00,14750.00,14750.00,,14675.00,,,5,73750.00,1,F1,1,,,,,
2026-10-06,2026-10-06,CM,NSE,STK,18451,IN0020190552,SGBMAR28X,GB,,,,,2.50%GOLDBONDS2028SR-X,14663.67,14673.37,14663.67,14673.06,14673.00,14700.90,,14673.06,,,14,205404.08,6,F1,1,,,,,
2026-10-06,2026-10-06,CM,NSE,STK,5113,IN0020210111,SGBJUL29IV,GB,,,,,2.50%GOLDBONDS2029SR-IV,14774.00,14775.00,14443.41,14675.74,14675.00,14786.30,,14675.74,,,615,9006796.98,98,F1,1,,,,,
2026-10-06,2026-10-06,CM,NSE,STK,1920,IN0020200377,SGBJAN29IX,GB,,,,,2.50%GOLDBONDS2029SR-IX,14611.00,14749.00,14611.00,14699.10,14718.20,14697.89,,14699.55,,,178,2612862.50,40,F1,1,,,,,
2026-10-06,2026-10-06,CM,NSE,STK,5455,IN0020210129,SGBAUG29V,GB,,,,,2.50%GOLDBONDS2029SR-V,14729.12,14900.01,14680.00,14809.50,14809.50,14729.12,,14809.50,,,81,1197764.52,35,F1,1,,,,,
2026-10-06,2026-10-06,CM,NSE,STK,7098,IN0020210228,SGBD29VIII,GB,,,,,2.50%GOLDBONDS2029SR-VIII,14757.87,14869.97,14695.00,14708.91,14695.00,14757.87,,14719.35,,,80,1180955.01,41,F1,1,,,,,
2026-10-06,2026-10-06,CM,NSE,STK,2003,IN0020200385,SGBJAN29X,GB,,,,,2.50%GOLDBONDS2029SR-X,14681.20,14999.00,14675.50,14700.00,14700.00,14681.20,,14700.00,,,72,1066510.20,18,F1,1,,,,,
2026-10-06,2026-10-06,CM,NSE,STK,2200,IN0020200393,SGBFEB29XI,GB,,,,,2.50%GOLDBONDS2029SR-XI,14670.50,14705.00,14670.02,14693.18,14699.00,14728.43,,14693.18,,,34,499129.70,15,F1,1,,,,,
2026-10-06,2026-10-06,CM,NSE,STK,2810,IN0020200427,SGBMR29XII,GB,,,,,2.50%GOLDBONDS2029SR-XII,14662.00,14750.00,14637.05,14695.03,14687.26,14673.92,,14704.00,,,48,704384.51,26,F1,1,,,,,
2026-10-06,2026-10-06,CM,NSE,STK,10232,IN0020220045,SGBJUN30,GB,,,,,2.50%GOLDBONDS2030SR-I,14939.00,15100.00,14800.00,15010.21,15052.28,14839.99,,14998.95,,,131,1960132.99,64,F1,1,,,,,
2026-10-06,2026-10-06,CM,NSE,STK,11192,IN0020220078,SGBAUG30,GB,,,,,2.50%GOLDBONDS2030SR-II,14840.00,14989.99,14800.00,14889.91,14830.00,14846.59,,14870.81,,,270,4006820.91,74,F1,1,,,,,
2026-10-06,2026-10-06,CM,NSE,STK,13642,IN0020220110,SGBDE30III,GB,,,,,2.50%GOLDBONDS2030SR-III,14947.81,14949.99,14652.00,14813.69,14777.00,14947.81,,14807.52,,,409,6046880.80,178,F1,1,,,,,
2026-10-06,2026-10-06,CM,NSE,STK,7879,IN0020210236,SGBJAN30IX,GB,,,,,2.50%GOLDBONDS2030SR-IX,14829.00,14829.34,14735.01,14772.00,14772.00,14829.34,,14772.00,,,100,1480978.49,19,F1,1,,,,,
2026-10-06,2026-10-06,CM,NSE,STK,8401,IN0020210319,SGBMAR30X,GB,,,,,2.50%GOLDBONDS2030SR-X,14616.10,15049.00,14616.10,14764.39,14799.99,14839.80,,14764.39,,,121,1788606.83,42,F1,1,,,,,
2026-10-06,2026-10-06,CM,NSE,STK,17202,IN0020230069,SGBJUN31I,GB,,,,,2.50%GOLDBONDS2031SR-I,15015.00,15149.82,14900.00,15036.13,15079.87,15021.35,,15034.06,,,448,6716388.91,140,F1,1,,,,,
2026-10-06,2026-10-06,CM,NSE,STK,19456,IN0020230093,SGBSEP31II,GB,,,,,2.50%GOLDBONDS2031SR-II,15000.00,15025.00,14966.00,14997.32,14992.11,14979.66,,14997.50,,,1097,16448234.37,181,F1,1,,,,,
2026-10-06,2026-10-06,CM,NSE,STK,22476,IN0020230168,SGBDE31III,GB,,,,,2.50%GOLDBONDS2031SR-III,15136.04,15300.00,15065.01,15123.77,15120.00,15136.04,,15121.74,,,480,7257751.47,136,F1,1,,,,,
2026-10-06,2026-10-06,CM,NSE,STK,14598,IN0020220169,SGBMAR31IV,GB,,,,,2.50%GOLDBONDS2031SR-IV,14975.07,15098.26,14852.00,14941.01,14941.01,14975.07,,14941.01,,,56,838336.55,31,F1,1,,,,,
2026-10-06,2026-10-06,CM,NSE,STK,22886,IN0020230184,SGBFEB32IV,GB,,,,,2.50%GOLDBONDS2032SR-IV,15445.00,15507.99,15445.00,15481.95,15470.01,15508.46,,15482.98,,,984,15231419.38,264,F1,1,,,,,
2026-10-06,2026-10-06,CM,NSE,STK,16921,INE144J01027,20MICRONS,EQ,,,,,20 MICRONS LTD,204.61,208.80,204.13,207.87,208.80,204.61,,207.89,,,42040,8698052.30,1498,F1,1,,,,,
2026-10-06,2026-10-06,CM,NSE,STK,4,INE253B01015,21STCENMGM,EQ,,,,,21ST CENTURY MGMT SERVICE,37.98,38.36,37.24,38.36,38.36,37.61,,38.06,,,4200,160892.94,27,F1,1,,,,,
2026-10-06,2026-10-06,CM,NSE,STK,13061,INE466L01038,360ONE,EQ,,,,,360 ONE WAM LIMITED,1057.80,1074.50,1050.00,1069.50,1069.50,1050.00,,1069.50,,,734690,784493774.80,42184,F1,1,,,,,
2026-10-06,2026-10-06,CM,NSE,STK,30105,INF579M01BB5,GOLD360,EQ,,,,,360ONEAMC - GOLD360,143.40,143.65,142.15,143.25,142.80,143.45,,143.21,,,6085,869683.05,203,F1,1,,,,,
2026-10-06,2026-10-06,CM,NSE,STK,763602,INF579M01BP5,MSCI360,EQ,,,,,360ONEAMC - MSCI360,9.56,9.60,9.56,9.56,9.56,9.56,,9.56,,,1624,15547.54,29,F1,1,,,,,
2026-10-06,2026-10-06,CM,NSE,STK,756150,INF579M01BC3,SILVER360,EQ,,,,,360ONEAMC - SILVER360,217.38,217.38,215.00,216.58,216.01,217.71,,216.59,,,7580,1635967.41,341,F1,1,,,,,
2026-10-06,2026-10-06,CM,NSE,STK,762518,INE994E01018,3BBLACKBIO,EQ,,,,,3B BLACKBIO DX LTD.,1644.90,1656.40,1563.50,1575.10,1572.30,1624.70,,1575.17,,,13616,21634264.10,2025,F1,1,,,,,
2026-10-06,2026-10-06,CM,NSE,STK,6240,INE748C01038,3IINFOLTD,BE,,,,,3I INFOTECH LIMITED,22.95,23.10,22.51,22.81,22.85,22.62,,22.82,,,64288,1469387.50,450,F1,1,,,,,
2026-10-06,2026-10-06,CM,NSE,STK,474,INE470A01017,3MINDIA,EQ,,,,,3M INDIA LIMITED,30800.00,30950.00,30435.00,30840.00,30940.00,30400.00,,30841.06,,,1680,51548200.00,1139,F1,1,,,,,
2026-10-06,2026-10-06,CM,NSE,STK,2595,INE105C01023,3PLAND,EQ,,,,,3P LAND HOLDINGS LIMITED,30.78,31.00,30.11,30.75,30.95,30.48,,30.73,,,365,11051.50,34,F1,1,,,,,
2026-10-06,2026-10-06,CM,NSE,STK,445,INE618L01018,5PAISA,EQ,,,,,5PAISA CAPITAL LIMITED,358.10,358.10,346.65,349.70,349.95,360.90,,349.71,,,136027,47727471.00,5436,F1,1,,,,,
2026-10-06,2026-10-06,CM,NSE,STK,11868,INE111B01023,63MOONS,EQ,,,,,63 MOONS TECHNOLOGIES LTD,787.00,796.00,786.05,792.95,794.00,789.75,,792.95,,,87123,68905428.60,4288,F1,1,,,,,
2026-10-06,2026-10-06,CM,NSE,STK,29323,INE053F07579,734IRFC28,N4,,,,,7.34 NCD 19FEB28 TR1 SR2,1039.40,1039.40,1021.00,1021.00,1021.00,1020.25,,1021.00,,,67,68457.40,4,F1,1,,,,,
2026-10-06,2026-10-06,CM,NSE,STK,19972,INE134E07570,735PFCL35,N1,,,,,7.35% TAX FREE NCD,1170.00,1170.00,1169.89,1169.89,1169.89,1206.00,,1169.89,,,100,116994.50,2,F1,1,,,,,
2026-10-06,2026-10-06,CM,NSE,STK,20032,INE261F07057,735NABAR31,N1,,,,,7.35% TAX FREE TRI SRIIA,1111.05,1111.05,1111.05,1111.05,1111.05,1110.00,,1111.05,,,100,111105.00,1,F1,1,,,,,
2026-10-06,2026-10-06,CM,NSE,STK,20034,INE261F07032,764NABAR31,N2,,,,,7.64% TAX FREE TRI SRIIB,1123.88,1124.69,1116.20,1124.69,1124.69,1114.85,,1124.69,,,880,988497.90,8,F1,1,,,,,
2026-10-06,2026-10-06,CM,NSE,STK,19928,INE031A07AO5,764HUDCO31,N8,,,,,7.64% TAX FREETRI SR2B,1125.00,1125.00,1125.00,1125.00,1125.00,1129.00,,1125.00,,,10,11250.00,1,F1,1,,,,,
2026-10-06,2026-10-06,CM,NSE,STK,19930,INE031A07AT4,769HUDCO31,N9,,,,,7.69% TAX FREETRII SR2B,1138.90,1141.50,1138.90,1141.50,1141.50,1138.90,,1141.50,,,226,257701.85,12,F1,1,,,,,
2026-10-06,2026-10-06,CM,NSE,STK,20030,INE202E07229,774IREDA31,N7,,,,,7.74% TAX FREE NCD,1127.56,1135.00,1127.50,1135.00,1135.00,1127.50,,1135.00,,,267,301799.10,4,F1,1,,,,,
2026-10-06,2026-10-06,CM,NSE,STK,19924,INE020B07GH7,812REC27,NI,,,,,8.12/8.32% TAX FREE NCD,1026.50,1026.50,1026.50,1026.50,1026.50,1026.05,,1026.50,,,100,102650.00,1,F1,1,,,,,
2026-10-06,2026-10-06,CM,NSE,STK,31240,INE031A07840,82HUDCO27,N2,,,,,8.20 NCD05MAR27 FV 1000,1060.00,1060.00,1055.00,1055.00,1055.00,1055.00,,1055.13,,,750,793750.00,3,F1,1,,,,,
2026-10-06,2026-10-06,CM,NSE,STK,20022,INE134E07208,830PFCL27,N5,,,,,8.30% TAX FREE NCD,1003.61,1005.00,1003.60,1004.99,1004.99,1004.77,,1004.50,,,1119,1123514.99,14,F1,1,,,,,
2026-10-06,2026-10-06,CM,NSE,STK,186,INE906B07DE1,850NHAI29,N5,,,,,8.50% TAX FREE TR I S IIA,1324.00,1324.00,1110.50,1110.50,1110.50,1111.00,,1110.50,,,3,3758.50,2,F1,1,,,,,
2026-10-06,2026-10-06,CM,NSE,STK,31762,INE733E07JG5,866NTPC33,N3,,,,,8.66%S-R-NCD SERIES 3A,1250.00,1275.00,1250.00,1275.00,1275.00,1250.05,,1275.00,,,1025,1290998.50,14,F1,1,,,,,
2026-10-06,2026-10-06,CM,NSE,STK,192,INE906B07DF8,875NHAI29,N6,,,,,8.75% TAX FREE TR I S IIB,1119.97,1119.98,1118.05,1119.97,1119.97,1118.26,,1119.97,,,571,639467.51,8,F1,1,,,,,
2026-10-06,2026-10-06,CM,NSE,STK,19968,INE031A07949,876HUDCO28,ND,,,,,8.76% TAX FREETRI SR2B,1061.00,1063.90,1060.96,1063.62,1062.90,1061.00,,1063.62,,,3711,3941157.06,36,F1,1,,,,,
2026-10-06,2026-10-06,CM,NSE,STK,20058,INE787H07370,891IIFCL34,N4,,,,,8.91% TAX FREE NCD,1266.00,1266.00,1266.00,1266.00,1266.00,1261.00,,1264.00,,,340,430440.00,2,F1,1,,,,,
2026-10-06,2026-10-06,CM,NSE,STK,31768,INE733E07JJ9,891NTPC33,N6,,,,,8.91%S-R-NCD SERIES 3B,1285.00,1300.00,1285.00,1286.10,1286.10,1286.76,,1293.05,,,275,355488.20,7,F1,1,,,,,
2026-10-06,2026-10-06,CM,NSE,STK,31487,INE848E07567,892NHPC33,N6,,,,,8.92% SEC RED BOND S3B,1270.00,1275.00,1264.00,1275.00,1275.00,1266.00,,1275.00,,,211,267420.00,4,F1,1,,,,,
2026-10-06,2026-10-06,CM,NSE,STK,20028,INE134E07463,892PFCL33,N8,,,,,8.92% TAX FREE NCD,1287.00,1294.00,1287.00,1294.00,1294.00,1287.00,,1289.05,,,149,192439.00,6,F1,1,,,,,
2026-10-06,2026-10-06,CM,NSE,STK,19970,INE031A07AB2,901HUDCO34,NE,,,,,9.01% TAX FREETRII SR3B,1290.00,1290.00,1290.00,1290.00,1290.00,1285.00,,1290.00,,,50,64500.00,1,F1,1,,,,,
2026-10-06,2026-10-06,CM,NSE,STK,759130,INE08PH01015,ABCOTS,EQ,,,,,A B COTSPIN INDIA LIMITED,197.50,197.50,192.25,193.34,193.10,195.98,,193.34,,,2483,480083.75,84,F1,1,,,,,
2026-10-06,2026-10-06,CM,NSE,STK,27016,INE00YB01025,ABINFRA,BE,,,,,A B INFRABUILD LIMITED,12.60,12.80,12.10,12.25,12.25,12.35,,12.25,,,134357,1645286.14,223,F1,1,,,,,
2026-10-06,2026-10-06,CM,NSE,STK,762528,INE850B01026,ABMKNO,EQ,,,,,A B M KNOWLEDGEWARE LTD.,165.85,169.00,161.20,165.87,165.21,165.85,,168.19,,,1818,301643.53,44,F1,1,,,,,
2026-10-06,2026-10-06,CM,NSE,STK,762536,INE366C01021,ACSTECH,BE,,,,,A C S TECHNOLOGIES LTD.,75.11,75.11,74.78,74.78,74.78,76.30,,74.96,,,104743,7849467.65,120,F1,1,,,,,
2026-10-06,2026-10-06,CM,NSE,STK,762538,INE701G01012,AKCAPIT,EQ,,,,,A K CAPITAL SERVICES LTD.,1735.20,1735.20,1675.00,1709.10,1708.50,1746.70,,1716.94,,,1082,1866273.30,105,F1,1,,,,,
2026-10-06,2026-10-06,CM,NSE,STK,766314,INE0OTC01025,AONESTEELS,EQ,,,,,A-ONE STEELS INDIA LTD,385.65,389.40,366.45,384.80,387.00,389.40,,384.83,,,659243,248924941.85,18470,F1,1,,,,,
2026-10-06,2026-10-06,CM,NSE,STK,20906,INE619I01012,A2ZINFRA,EQ,,,,,A2Z INFRA ENGINEERING LTD,13.87,14.19,13.45,14.00,13.90,13.76,,14.00,,,316196,4359020.92,1596,F1,1,,,,,
2026-10-06,2026-10-06,CM,NSE,STK,12533,INE0D0U01013,AAATECH,EQ,,,,,AAA TECHNOLOGIES LIMITED,95.00,107.90,94.96,103.53,105.00,95.44,,103.45,,,424175,43784235.80,3428,F1,1,,,,,
2026-10-06,2026-10-06,CM,NSE,STK,23729,INE883F01010,AADHARHFC,EQ,,,,,AADHAR HOUSING FINANCE L,454.85,459.00,451.60,453.80,453.00,453.70,,453.78,,,259527,118125954.60,11376,F1,1,,,,,
2026-10-06,2026-10-06,CM,NSE,STK,757579,INE1GYP01013,AAKAAR,SM,,,,,AAKAAR MEDICAL TECHNO LTD,68.00,68.00,65.55,65.55,65.55,65.00,,65.55,,,3200,213680.00,2,F1,1600,,,,,
2026-10-06,2026-10-06,CM,NSE,STK,235,INE087Z01024,AAKASH,EQ,,,,,AAKASH EXPLORATION SER L,8.40,8.60,6.86,8.21,8.21,8.44,,8.21,,,248778,1985875.78,889,F1,1,,,,,
2026-10-06,2026-10-06,CM,NSE,STK,758216,INE124401014,AARADHYA,ST,,,,,AARADHYA DISPOSAL INDUS L,124.10,131.00,124.10,124.60,124.60,128.65,,124.60,,,48000,6097440.00,10,F1,1200,,,,,
2026-10-06,2026-10-06,CM,NSE,STK,5245,INE198H01019,AAREYDRUGS,EQ,,,,,AAREY DRUGS & PHARM LTD,104.00,108.98,101.01,107.85,108.05,104.07,,107.87,,,184313,19645403.36,1416,F1,1,,,,,
2026-10-06,2026-10-06,CM,NSE,STK,761824,INE750R01016,AARNAV,BE,,,,,AARNAV FASHIONS LIMITED,36.23,38.00,35.01,37.31,37.49,36.49,,37.31,,,47378,1755063.92,142,F1,1,,,,,
2026-10-06,2026-10-06,CM,NSE,STK,1030,INE721Z01010,AARON,EQ,,,,,AARON INDUSTRIES LIMITED,123.63,125.49,122.00,122.31,123.29,122.25,,122.31,,,5775,709542.93,210,F1,1,,,,,
2026-10-06,2026-10-06,CM,NSE,STK,17164,INE01C001026,AARTECH,BE,,,,,AARTECH SOLONICS LIMITED,47.49,47.85,46.00,47.33,47.20,47.30,,47.33,,,36404,1707496.99,261,F1,1,,,,,
2026-10-06,2026-10-06,CM,NSE,STK,4481,INE767A01016,AARTIDRUGS,EQ,,,,,AARTI DRUGS LTD.,421.15,430.25,414.10,428.80,428.00,415.00,,428.79,,,132855,56353248.00,5866,F1,1,,,,,
2026-10-06,2026-10-06,CM,NSE,STK,7,INE769A01020,AARTIIND,EQ,,,,,AARTI INDUSTRIES LTD,475.00,490.00,471.00,481.15,482.00,470.85,,481.12,,,755429,364852309.10,29481,F1,1,,,,,
2026-10-06,2026-10-06,CM,NSE,STK,13868,INE0LRU01027,AARTIPHARM,EQ,,,,,AARTI PHARMALABS LIMITED,954.00,987.00,954.00,975.00,980.00,946.60,,974.99,,,537274,522507943.80,35243,F1,1,,,,,
2026-10-06,2026-10-06,CM,NSE,STK,19263,INE09EO01013,AARTISURF,BE,,,,,AARTI SURFACTANTS LIMITED,493.00,509.90,488.00,505.45,505.00,493.00,,505.45,,,7452,3746950.75,205,F1,1,,,,,
2026-10-06,2026-10-06,CM,NSE,STK,19073,INE754X01016,AARVI,EQ,,,,,AARVI ENCON LIMITED,135.18,139.58,135.10,138.82,138.01,135.18,,138.83,,,1895,261042.81,73,F1,1,,,,,
2026-10-06,2026-10-06,CM,NSE,STK,763800,INE2FMX01012,AASTHA,EQ,,,,,AASTHA SPINTEX LIMITED,29.81,30.74,29.29,29.54,29.79,30.83,,29.55,,,961865,28689671.14,5155,F1,1,,,,,
2026-10-06,2026-10-06,CM,NSE,STK,16961,INE0OB201016,AATMAJ,SM,,,,,AATMAJ HEALTHCARE LIMITED,20.55,23.50,20.55,21.55,21.55,21.95,,21.55,,,12000,268900.00,6,F1,2000,,,,,
2026-10-06,2026-10-06,CM,NSE,STK,5385,INE216P01012,AAVAS,EQ,,,,,AAVAS FINANCIERS LIMITED,1209.00,1232.00,1174.00,1215.10,1214.00,1219.50,,1215.07,,,34464,41694800.70,7511,F1,1,,,,,
2026-10-06,2026-10-06,CM,NSE,STK,7759,INE421A01028,ABAN,BE,,,,,ABAN OFFSHORE LTD.,16.92,16.92,16.92,16.92,16.92,16.12,,16.92,,,17386,294171.12,70,F1,1,,,,,
2026-10-06,2026-10-06,CM,NSE,STK,762523,INE365O01028,ABANSENT,EQ,,,,,ABANS ENTERPRISES LTD.,27.87,28.30,26.65,27.51,27.22,27.11,,27.50,,,10512,290456.42,96,F1,1,,,,,
2026-10-06,2026-10-06,CM,NSE,STK,13288,INE00ZE01026,AFSL,EQ,,,,,ABANS FINANCIAL SRVCS LTD,201.00,201.90,201.00,201.00,201.00,201.00,,201.00,,,2674,537740.79,50,F1,1,,,,,
2026-10-06,2026-10-06,CM,NSE,STK,13,INE117A01022,ABB,EQ,,,,,ABB INDIA LIMITED,6899.00,7140.50,6873.00,7122.50,7122.50,6895.00,,7122.47,,,241531,1710699564.50,29620,F1,1,,,,,
2026-10-06,2026-10-06,CM,NSE,STK,17903,INE358A01014,ABBOTINDIA,EQ,,,,,ABBOTT INDIA LIMITED,26240.00,26550.00,25955.00,26115.00,26130.00,26240.00,,26115.59,,,12533,327339655.00,3688,F1,1,,,,,
2026-10-06,2026-10-06,CM,NSE,STK,765463,INE1R2M01019,ABH,SM,,,,,ABH HEALTHCARE LIMITED,45.55,45.65,45.40,45.65,45.65,43.50,,45.65,,,30000,1368060.00,25,F1,1200,,,,,
2026-10-06,2026-10-06,CM,NSE,STK,5551,INE251C01025,ABMINTLLTD,BE,,,,,ABM INTERNATIONAL LTD,42.80,43.32,42.80,43.31,43.31,45.00,,43.31,,,348,15005.71,15,F1,1,,,,,
2026-10-06,2026-10-06,CM,NSE,STK,23783,INE0QRV01016,ABSMARINE,SM,,,,,ABS MARINE SERVICES LTD,327.00,332.40,325.10,325.60,325.30,327.05,,325.60,,,19000,6244450.00,36,F1,500,,,,,
2026-10-06,2026-10-06,CM,NSE,STK,22,INE012A01025,ACC,EQ,,,,,ACC LIMITED,1186.10,1191.80,1174.00,1177.00,1177.00,1184.40,,1176.89,,,62747,74311992.30,7789,F1,1,,,,,
2026-10-06,2026-10-06,CM,NSE,STK,7053,INE793A01012,ACCELYA,EQ,,,,,ACCELYA SOLN INDIA LTD,1115.00,1125.00,1090.00,1097.50,1091.00,1105.30,,1097.69,,,64134,70877355.90,4475,F1,1,,,,,
2026-10-06,2026-10-06,CM,NSE,STK,20488,INE0Q5D01013,ACCENTMIC,SM,,,,,ACCENT MICROCELL LIMITED,661.00,667.60,660.55,662.80,663.00,662.90,,662.80,,,73000,48538375.00,117,F1,500,,,,,
2026-10-06,2026-10-06,CM,NSE,STK,757024,INE0T8T01010,ACCPL,ST,,,,,ACCRETION PHARMA LIMITED,190.80,194.00,184.40,193.95,193.95,194.05,,193.95,,,16800,3195960.00,13,F1,1200,,,,,
2026-10-06,2026-10-06,CM,NSE,STK,1465,INE648Z01023,ACCURACY,EQ,,,,,ACCURACY SHIPPING LIMITED,4.19,4.20,4.05,4.10,4.16,4.15,,4.12,,,24807,102908.44,170,F1,1,,,,,
2026-10-06,2026-10-06,CM,NSE,STK,11779,INE543V01017,ACEINTEG,EQ,,,,,ACE INTEGRATED SOLU. LTD.,17.40,17.40,16.50,17.03,16.95,16.53,,17.03,,,405,6899.70,25,F1,1,,,,,
2026-10-06,2026-10-06,CM,NSE,STK,766382,INE580P01029,ACEVECTOR,EQ,,,,,ACEVECTOR LIMITED,26.75,27.74,25.50,25.93,25.76,26.08,,25.93,,,16627205,441437762.70,31039,F1,1,,,,,
2026-10-06,2026-10-06,CM,NSE,STK,27061,INE622W01025,ACMESOLAR,EQ,,,,,ACME SOLAR HOLDINGS LTD,429.90,453.65,428.60,448.20,451.40,427.65,,448.12,,,887494,390941003.55,28630,F1,1,,,,,
2026-10-06,2026-10-06,CM,NSE,STK,13587,INE731H01025,ACE,EQ,,,,,ACTION CONST EQUIP LTD,1235.00,1260.00,1230.00,1252.20,1252.00,1227.50,,1252.09,,,197550,245603570.00,17318,F1,1,,,,,
2026-10-06,2026-10-06,CM,NSE,STK,5578,INE00FF01025,ACUTAAS,EQ,,,,,ACUTAAS CHEMICALS LIMITED,3140.00,3216.00,3120.00,3156.70,3154.90,3122.20,,3156.69,,,321664,1014623970.10,41306,F1,1,,,,,
2026-10-06,2026-10-06,CM,NSE,STK,10217,INE931S01010,ADANIENSOL,EQ,,,,,ADANI ENERGY SOLUTION LTD,1354.00,1369.10,1340.80,1350.10,1350.10,1353.40,,1350.10,,,1566344,2120436577.60,40731,F1,1,,,,,
2026-10-06,2026-10-06,CM,NSE,STK,25,INE423A01024,ADANIENT,EQ,,,,,ADANI ENTERPRISES LIMITED,2869.00,2888.00,2834.60,2849.90,2849.90,2864.00,,2849.90,,,1240051,3546355318.60,37311,F1,1,,,,,
2026-10-06,2026-10-06,CM,NSE,STK,3563,INE364U01010,ADANIGREEN,EQ,,,,,ADANI GREEN ENERGY LTD,1286.10,1329.40,1280.50,1313.00,1313.00,1284.00,,1312.98,,,2570708,3375277146.60,60986,F1,1,,,,,
2026-10-06,2026-10-06,CM,NSE,STK,15083,INE742F01042,ADANIPORTS,EQ,,,,,ADANI PORT & SEZ LTD,1773.10,1789.10,1761.10,1783.40,1783.40,1774.00,,1783.39,,,1684154,2995389521.50,42795,F1,1,,,,,
2026-10-06,2026-10-06,CM,NSE,STK,17388,INE814H01029,ADANIPOWER,EQ,,,,,ADANI POWER LTD,201.80,205.43,201.32,202.40,202.40,201.00,,202.39,,,23468966,4769365492.13,107447,F1,1,,,,,
2026-10-06,2026-10-06,CM,NSE,STK,6066,INE399L01023,ATGL,EQ,,,,,ADANI TOTAL GAS LIMITED,586.05,592.90,583.60,588.45,586.00,583.25,,588.44,,,365730,215212883.40,16779,F1,1,,,,,
2026-10-06,2026-10-06,CM,NSE,STK,764563,INE757C01021,ADDIND,EQ,,,,,ADDI INDUSTRIES LTD.,79.49,82.00,78.90,78.90,78.90,79.49,,79.06,,,422,33328.08,26,F1,1,,,,,
2026-10-06,2026-10-06,CM,NSE,STK,22471,INE0RDH01021,ADDICTIVE,ST,,,,,ADDICTIVE LEARNING TECH L,40.00,41.80,39.55,41.80,41.80,40.10,,41.80,,,3000,121775.00,6,F1,500,,,,,
2026-10-06,2026-10-06,CM,NSE,STK,19761,INE982B01027,ADFFOODS,EQ,,,,,ADF FOODS LIMITED,284.70,299.75,281.60,293.10,292.50,282.15,,293.09,,,487913,143153120.95,12972,F1,1,,,,,
2026-10-06,2026-10-06,CM,NSE,STK,763156,INE20PL01012,ADISOFT,SM,,,,,ADISOFT TECHNOLOGIES LTD,263.70,310.00,260.70,301.65,310.00,263.65,,301.65,,,245600,70907760.00,275,F1,800,,,,,
2026-10-06,2026-10-06,CM,NSE,STK,6018,INE404A01024,ABSLAMC,EQ,,,,,ADIT BIRL SUN LIF AMC LTD,1026.00,1034.00,1005.70,1009.65,1010.00,1028.55,,1009.63,,,213335,217068182.40,28102,F1,1,,,,,
2026-10-06,2026-10-06,CM,NSE,STK,21614,INE674K01013,ABCAPITAL,EQ,,,,,ADITYA BIRLA CAPITAL LTD.,377.80,378.90,372.30,378.90,378.90,377.40,,378.90,,,4873650,1834124852.50,42289,F1,1,,,,,
2026-10-06,2026-10-06,CM,NSE,STK,30108,INE647O01011,ABFRL,EQ,,,,,ADITYA BIRLA FASHION & RT,44.47,47.39,44.47,45.68,45.60,44.34,,45.68,,,10464192,485341491.21,43425,F1,1,,,,,
2026-10-06,2026-10-06,CM,NSE,STK,756843,INE14LE01019,ABLBL,EQ,,,,,ADITYA BIRLA LIFES BRAN L,73.25,75.90,72.66,73.16,73.57,73.37,,73.16,,,3207943,238217686.40,19269,F1,1,,,,,
2026-10-06,2026-10-06,CM,NSE,STK,15239,INE865C01022,BIRLAMONEY,EQ,,,,,ADITYA BIRLA MONEY LTD,112.20,118.00,110.88,116.45,116.10,112.15,,116.47,,,41987,4827444.73,1487,F1,1,,,,,
2026-10-06,2026-10-06,CM,NSE,STK,625,INE055A01016,ABREL,EQ,,,,,ADITYA BIRLA REAL EST LTD,1089.80,1104.00,1074.70,1078.00,1080.00,1082.60,,1078.08,,,178357,193677941.70,15746,F1,1,,,,,
2026-10-06,2026-10-06,CM,NSE,STK,758858,INE819V01029,CPPLUS,EQ,,,,,ADITYA INFOTECH LIMITED,4082.10,4188.90,3942.50,3976.00,3981.90,3989.50,,3975.97,,,432803,1762432651.00,46060,F1,1,,,,,
2026-10-06,2026-10-06,CM,NSE,STK,25248,INE01YQ01013,AUSL,SM,,,,,ADITYA ULTRA STEEL LTD,23.00,23.00,23.00,23.00,23.00,23.50,,23.00,,,2000,46000.00,1,F1,2000,,,,,
2026-10-06,2026-10-06,CM,NSE,STK,25984,INE679V01027,AVL,EQ,,,,,ADITYA VISION LIMITED,604.25,606.90,589.25,595.10,595.80,601.05,,595.11,,,85771,50943823.60,15045,F1,1,,,,,
2026-10-06,2026-10-06,CM,NSE,STK,23804,INF209KB18D3,BSLGOLDETF,EQ,,,,,ADITYBIRLA SL GOLD ETF-GR,129.22,129.50,128.32,129.39,129.35,129.43,,129.39,,,391297,50584002.90,2165,F1,1,,,,,
2026-10-06,2026-10-06,CM,NSE,STK,24781,INF209KB19D1,BSLNIFTY,EQ,,,,,ADITYBIRLA SL NIF ETF-GR,26.52,26.71,26.48,26.69,26.70,26.52,,26.69,,,730654,19482554.54,5511,F1,1,,,,,
2026-10-06,2026-10-06,CM,NSE,STK,34,INE045A01017,ADOR,EQ,,,,,ADOR WELDING LTD,1511.00,1552.70,1508.10,1535.00,1542.00,1512.00,,1534.87,,,14756,22715549.60,2601,F1,1,,,,,
2026-10-06,2026-10-06,CM,NSE,STK,766274,INE505M01015,ADROITIND,BE,,,,,ADROIT INDUSTRIES (I) LTD,212.99,212.99,212.99,212.99,212.99,224.19,,212.99,,,135487,28857376.13,923,F1,1,,,,,
2026-10-06,2026-10-06,CM,NSE,STK,8644,INE737B01033,ADROITINFO,BE,,,,,ADROIT INFOTECH LIMITED,12.59,12.68,12.59,12.59,12.59,13.25,,12.59,,,110445,1391764.67,183,F1,1,,,,,
2026-10-06,2026-10-06,CM,NSE,STK,760657,INE0ALI01010,ADVAIT,EQ,,,,,ADVAIT ENRGY TRANSITION L,1845.00,1960.00,1836.10,1946.90,1960.00,1832.10,,1946.92,,,63179,120463694.20,9840,F1,1,,,,,
2026-10-06,2026-10-06,CM,NSE,STK,759402,INE1B0W01010,ADVANCE,EQ,,,,,ADVANCE AGROLIFE LIMITED,115.85,118.59,115.75,117.76,118.12,115.85,,117.74,,,66008,7743245.97,1089,F1,1,,,,,
2026-10-06,2026-10-06,CM,NSE,STK,18039,INE837H01020,ADVENZYMES,EQ,,,,,ADVANCED ENZYME TECH LTD,273.40,278.35,270.80,273.10,272.60,272.40,,273.11,,,171582,47130420.90,4730,F1,1,,,,,
2026-10-06,2026-10-06,CM,NSE,STK,14745,INE199C01026,ADVANIHOTR,EQ,,,,,ADVANI HOT.& RES.(I) LTD,47.90,48.50,47.01,47.51,47.50,47.26,,47.51,,,31548,1500100.09,443,F1,1,,,,,
2026-10-06,2026-10-06,CM,NSE,STK,759769,INE28GN01010,ADVENTHTL,EQ,,,,,ADVENT HOTELS INTERNATI L,123.60,124.82,121.15,122.21,121.99,123.12,,122.22,,,106585,13133715.80,2348,F1,1,,,,,
2026-10-06,2026-10-06,CM,NSE,STK,765015,INE178T01024,ADVIKCA,EQ,,,,,ADVIK CAPITAL LTD.,1.00,1.02,0.98,0.99,0.99,0.99,,0.99,,,362238,361510.68,253,F1,1,,,,,
2026-10-06,2026-10-06,CM,NSE,STK,762227,INE1SJO01012,RAMBHAJO,EQ,,,,,ADVIT JEWELS LIMITED,309.95,332.00,307.85,330.35,329.00,305.10,,330.34,,,880575,283733690.05,22956,F1,1,,,,,
2026-10-06,2026-10-06,CM,NSE,STK,40,INE208C01025,AEGISLOG,EQ,,,,,AEGIS LOGISTICS LIMITED,1365.30,1400.00,1348.30,1395.90,1396.30,1359.50,,1395.91,,,861628,1187511393.10,48617,F1,1,,,,,
2026-10-06,2026-10-06,CM,NSE,STK,757336,INE0INX01018,AEGISVOPAK,EQ,,,,,AEGIS VOPAK TERMINALS LTD,298.10,299.10,291.50,293.35,293.00,297.55,,293.34,,,538943,158310899.65,17325,F1,1,,,,,
2026-10-06,2026-10-06,CM,NSE,STK,761341,INE423A07500,AEL12126,NI,,,,,AEL 0% 2028 SR II,1067.98,1067.98,1067.98,1067.98,1067.98,1032.21,,1050.50,,,15,16019.70,1,F1,1,,,,,
2026-10-06,2026-10-06,CM,NSE,STK,757876,INE423A07468,AEL170725A,NG,,,,,AEL 0% 2030 SR VIII,1109.00,1109.00,1109.00,1109.00,1109.00,1121.00,,1109.00,,,41,45469.00,2,F1,1,,,,,
2026-10-06,2026-10-06,CM,NSE,STK,761347,INE423A07542,AEL1212026,NO,,,,,AEL 0% 2031 SR VIII,1030.00,1035.80,1030.00,1035.80,1035.80,1030.00,,1035.80,,,100,103522.00,5,F1,1,,,,,
2026-10-06,2026-10-06,CM,NSE,STK,761342,INE423A07492,848AEL29,NJ,,,,,AEL 8.48% 2029 SR III,1001.00,1002.00,1001.00,1002.00,1002.00,1000.00,,1002.00,,,40,40060.00,2,F1,1,,,,,
2026-10-06,2026-10-06,CM,NSE,STK,761346,INE423A07526,890AEL31,NN,,,,,AEL 8.90% 2031 SR VII,1062.40,1062.40,1060.00,1061.25,1061.25,1061.38,,1060.88,,,382,405317.50,6,F1,1,,,,,
2026-10-06,2026-10-06,CM,NSE,STK,757869,INE423A07450,895AEL27,N9,,,,,AEL 8.95% 2027 SR I,1005.15,1005.15,1005.15,1005.15,1005.15,1010.31,,1010.08,,,2,2010.30,1,F1,1,,,,,
2026-10-06,2026-10-06,CM,NSE,STK,757875,INE423A07393,930AEL30,NF,,,,,AEL 9.3% 2030 SR VII,1052.00,1052.00,1040.00,1040.00,1040.00,1037.00,,1040.00,,,10,10508.00,2,F1,1,,,,,
2026-10-06,2026-10-06,CM,NSE,STK,760234,INE947N01017,AEQUS,EQ,,,,,AEQUS LIMITED,288.00,294.70,283.85,286.10,287.00,284.50,,286.05,,,4437254,1283050350.60,58895,F1,1,,,,,
2026-10-06,2026-10-06,CM,NSE,STK,12015,INE065D01027,AEROENTER,EQ,,,,,AEROFLEX ENTERPRISES LTD,128.59,134.70,125.51,132.56,133.00,126.69,,132.55,,,796865,104713660.79,9569,F1,1,,,,,
2026-10-06,2026-10-06,CM,NSE,STK,18268,INE024001021,AEROFLEX,EQ,,,,,AEROFLEX INDUSTRIES LTD,549.70,563.50,536.40,560.75,559.00,544.35,,560.82,,,1324804,730961388.15,32728,F1,1,,,,,
2026-10-06,2026-10-06,CM,NSE,STK,13689,INE035801013,AERONEU,EQ,,,,,AEROFLEX NEU LIMITED,69.50,71.00,69.50,69.97,70.00,69.70,,69.96,,,63434,4445316.00,514,F1,1,,,,,
2026-10-06,2026-10-06,CM,NSE,STK,25065,INE0WL801011,AERON,SM,,,,,AERON COMPOSITE LIMITED,86.05,86.05,84.00,84.00,84.00,86.00,,84.00,,,4000,342050.00,3,F1,1000,,,,,
2026-10-06,2026-10-06,CM,NSE,STK,24830,INE0TSF01011,AESTHETIK,SM,,,,,AESTHETIK ENGINEERS LTD,67.05,67.05,67.05,67.05,67.05,65.20,,67.05,,,1000,67050.00,1,F1,1000,,,,,
2026-10-06,2026-10-06,CM,NSE,STK,9810,INE0BWX01014,AETHER,EQ,,,,,AETHER INDUSTRIES LIMITED,1649.00,1814.10,1640.90,1799.80,1795.10,1661.00,,1799.81,,,1456255,2587542461.70,92765,F1,1,,,,,
2026-10-06,2026-10-06,CM,NSE,STK,25977,INE101I01011,AFCONS,EQ,,,,,AFCONS INFRASTRUCTURE LTD,241.90,243.95,240.75,242.15,242.10,241.50,,242.17,,,167607,40613075.72,4711,F1,1,,,,,
2026-10-06,2026-10-06,CM,NSE,STK,11343,INE00WC01027,AFFLE,EQ,,,,,AFFLE 3I LIMITED,1450.00,1456.00,1433.30,1450.20,1450.80,1443.80,,1450.16,,,96528,139645376.40,14961,F1,1,,,,,
2026-10-06,2026-10-06,CM,NSE,STK,25855,INE692Z01013,AFFORDABLE,EQ,,,,,AFFORD ROBO & AUTO LTD,163.65,166.18,161.42,163.67,163.00,163.65,,163.67,,,18157,2968543.17,818,F1,1,,,,,
2026-10-06,2026-10-06,CM,NSE,STK,764159,INE916Y07099,115AFIL28A,N0,,,,,AFIL 11.50% 2028,9923.00,9941.83,9923.00,9941.78,9941.78,9926.00,,9941.78,,,520,5165708.98,3,F1,1,,,,,
2026-10-06,2026-10-06,CM,NSE,STK,759098,INE916Y07040,12AFIL27A,N0,,,,,AFIL 12% 2027,9990.00,9990.00,9989.00,9990.00,9990.00,9993.00,,9990.00,,,6,59939.00,4,F1,1,,,,,
2026-10-06,2026-10-06,CM,NSE,STK,759446,INE916Y07032,12AFIL27,N0,,,,,AFIL 12% 2027 SR 1,10035.62,10075.51,10035.62,10035.62,10035.62,10075.51,,10035.62,,,12,120746.56,4,F1,1,,,,,
2026-10-06,2026-10-06,CM,NSE,STK,759283,INE916Y07057,12AFIL28,N0,,,,,AFIL 12% 2028,9954.00,9954.00,9954.00,9954.00,9954.00,9955.00,,9954.00,,,21,209034.00,1,F1,1,,,,,
2026-10-06,2026-10-06,CM,NSE,STK,14263,INE0MLA01012,AGARWALFT,SM,,,,,AGARWAL FLOAT GLASS I LTD,25.60,25.60,24.35,24.35,24.35,25.60,,24.35,,,3000,74925.00,2,F1,1500,,,,,
2026-10-06,2026-10-06,CM,NSE,STK,3389,INE204E01012,AGARIND,EQ,,,,,AGARWAL INDS CORP LTD.,388.00,398.90,381.65,396.50,395.80,382.95,,396.50,,,14766,5801642.95,1034,F1,1,,,,,
2026-10-06,2026-10-06,CM,NSE,STK,27309,INE0P8X01016,AGARWALTUF,SM,,,,,AGARWAL TOUGH GLASS IND L,177.80,177.80,172.65,175.55,172.65,173.50,,175.55,,,236400,41457180.00,74,F1,1200,,,,,
2026-10-06,2026-10-06,CM,NSE,STK,11033,INE753W01010,AGASTYAEN,BE,,,,,AGASTYA ENE AND INFRA LTD,67.70,67.70,66.80,66.80,66.80,68.16,,66.80,,,32886,2204010.60,84,F1,1,,,,,
2026-10-06,2026-10-06,CM,NSE,STK,1412,INE415A01038,AGI,EQ,,,,,AGI GREENPAC LIMITED,781.70,796.50,779.90,786.40,786.00,781.70,,786.22,,,52157,41053709.05,6317,F1,1,,,,,
2026-10-06,2026-10-06,CM,NSE,STK,24445,INE976R01033,AGIIL,EQ,,,,,AGI INFRA LIMITED,261.00,263.40,257.85,259.10,259.00,261.25,,259.10,,,150360,39125430.55,3168,F1,1,,,,,
2026-10-06,2026-10-06,CM,NSE,STK,10491,INE0LF301013,AGNI,SM,,,,,AGNI GREEN POWER LTD,14.50,14.60,14.05,14.30,14.05,14.55,,14.30,,,17500,252000.00,7,F1,2500,,,,,
2026-10-06,2026-10-06,CM,NSE,STK,11072,INE449G01018,AGRITECH,EQ,,,,,AGRI-TECH (INDIA) LIMITED,88.48,90.85,85.55,87.68,88.00,88.47,,87.68,,,6452,571807.31,204,F1,1,,,,,
2026-10-06,2026-10-06,CM,NSE,STK,9046,INE740V01019,AGROPHOS,EQ,,,,,AGRO PHOS INDIA LIMITED,22.75,23.20,21.30,21.92,21.85,22.31,,21.92,,,36332,802875.79,356,F1,1,,,,,
2026-10-06,2026-10-06,CM,NSE,STK,759202,INE583L01014,AGSTRA,BZ,,,,,AGS TRANSACT TECH LTD,2.45,2.45,2.45,2.45,2.45,2.49,,2.45,,,22134,54228.30,61,F1,1,,,,,
2026-10-06,2026-10-06,CM,NSE,STK,2004,INE00PV01013,AHLADA,EQ,,,,,AHLADA ENGINEERS LIMITED,37.06,40.00,37.06,38.33,39.79,37.91,,38.33,,,9703,366037.17,98,F1,1,,,,,
2026-10-06,2026-10-06,CM,NSE,STK,17833,INE758C01029,AHLUCONT,EQ,,,,,AHLUWALIA CONT IND LTD,563.65,578.00,563.25,576.05,575.70,569.80,,576.04,,,23249,13305283.00,2422,F1,1,,,,,
2026-10-06,2026-10-06,CM,NSE,STK,13086,INE212H01026,AIAENG,EQ,,,,,AIA ENGINEERING LIMITED,3863.10,3960.00,3781.00,3914.70,3905.00,3863.20,,3914.74,,,43786,170488249.50,15036,F1,1,,,,,
2026-10-06,2026-10-06,CM,NSE,STK,23984,INE0RUV01018,AIMTRON,SM,,,,,AIMTRON ELECTRONICS LTD,1865.00,1927.00,1860.05,1900.90,1915.00,1873.55,,1900.90,,,23400,44385960.00,114,F1,200,,,,,
2026-10-06,2026-10-06,CM,NSE,STK,9878,INE805A01014,GOLDTECH,BE,,,,,AION-TECH SOLUTIONS LTD,42.07,42.99,42.07,42.07,42.07,42.92,,42.26,,,17349,737016.01,62,F1,1,,,,,
2026-10-06,2026-10-06,CM,NSE,STK,9897,INE645W01026,AIRAN,EQ,,,,,AIRAN LIMITED,15.43,16.00,15.07,15.40,15.25,15.43,,15.40,,,83556,1297112.09,512,F1,1,,,,,
2026-10-06,2026-10-06,CM,NSE,STK,6068,INE801L01010,AIROLAM,EQ,,,,,AIRO LAM LIMITED,93.85,93.85,87.69,88.29,89.65,89.54,,88.29,,,132,11889.44,55,F1,1,,,,,
2026-10-06,2026-10-06,CM,NSE,STK,8124,INE031B01049,AJANTPHARM,EQ,,,,,AJANTA PHARMA LIMITED,3492.10,3585.00,3486.00,3573.40,3575.00,3486.00,,3573.52,,,109380,388465511.70,26981,F1,1,,,,,
2026-10-06,2026-10-06,CM,NSE,STK,29624,INE274Y01021,AJAXENGG,EQ,,,,,AJAX ENGINEERING LIMITED,604.90,604.90,584.10,585.85,586.20,594.25,,585.85,,,51992,30655273.25,3341,F1,1,,,,,
2026-10-06,2026-10-06,CM,NSE,STK,17307,INE298G01035,AJMERA,EQ,,,,,AJMERA REALTY & INF I LTD,116.12,117.99,114.30,116.24,116.40,116.70,,116.24,,,372159,43190973.41,3315,F1,1,,,,,
2026-10-06,2026-10-06,CM,NSE,STK,3403,INE820Y01021,AJOONI,EQ,,,,,AJOONI BIOTECH LIMITED,3.03,3.16,3.02,3.08,3.07,3.02,,3.08,,,233526,725028.09,383,F1,1,,,,,
2026-10-06,2026-10-06,CM,NSE,STK,21121,INE0PCY01014,AKANKSHA,SM,,,,,AKANKSHA POWER N INFRA L,173.10,186.65,170.15,182.20,178.20,177.80,,182.20,,,177000,32254700.00,154,F1,1000,,,,,
2026-10-06,2026-10-06,CM,NSE,STK,13510,INE737W01013,AKASH,EQ,,,,,AKASH INFRA-PROJECTS LTD,25.19,25.19,24.55,24.81,24.97,24.64,,24.81,,,6070,151205.96,63,F1,1,,,,,
2026-10-06,2026-10-06,CM,NSE,STK,2176,INE00Y801016,AKG,EQ,,,,,AKG EXIM LIMITED,9.60,9.60,9.31,9.38,9.36,9.35,,9.38,,,3242,30385.69,56,F1,1,,,,,
2026-10-06,2026-10-06,CM,NSE,STK,14895,INE642Z01026,AKI,BE,,,,,AKI INDIA LIMITED,5.90,6.04,5.81,6.01,6.02,6.01,,6.02,,,48066,285261.38,211,F1,1,,,,,
2026-10-06,2026-10-06,CM,NSE,STK,24304,INE0PMR01017,AKIKO,SM,,,,,AKIKO GLOBAL SERVICES L,420.05,431.00,420.00,420.00,420.00,431.40,,420.00,,,6400,2705640.00,8,F1,800,,,,,
2026-10-06,2026-10-06,CM,NSE,STK,24159,INE916Y01027,AFIL,EQ,,,,,AKME FINTRADE (INDIA) LTD,7.77,7.95,7.50,7.90,7.94,7.77,,7.90,,,395042,3071055.38,503,F1,1,,,,,
2026-10-06,2026-10-06,CM,NSE,STK,8595,INE523B01011,AKSHOPTFBR,BE,,,,,AKSH OPTIFIBRE  LTD,7.15,7.37,6.84,7.37,7.37,7.02,,7.38,,,231583,1665849.73,296,F1,1,,,,,
2026-10-06,2026-10-06,CM,NSE,STK,9558,INE256Z01025,AKSHAR,EQ,,,,,AKSHAR SPINTEX LIMITED,0.43,0.43,0.41,0.41,0.41,0.42,,0.41,,,516716,216751.66,243,F1,1,,,,,
2026-10-06,2026-10-06,CM,NSE,STK,20194,INE542B01011,AKSHARCHEM,BE,,,,,AKSHARCHEM INDIA LIMITED,382.50,382.50,365.30,374.20,378.90,365.30,,374.22,,,19035,7057151.70,118,F1,1,,,,,
2026-10-06,2026-10-06,CM,NSE,STK,24715,INE09XN01023,AKUMS,EQ,,,,,AKUMS DRUGS AND PHARMA L,802.00,818.00,796.30,814.65,818.00,801.35,,814.65,,,128317,104121110.45,8106,F1,1,,,,,
2026-10-06,2026-10-06,CM,NSE,STK,9921,INE914E01040,ALANKIT,EQ,,,,,ALANKIT LIMITED,7.66,7.84,7.42,7.58,7.62,7.61,,7.58,,,117495,889415.75,361,F1,1,,,,,
2026-10-06,2026-10-06,CM,NSE,STK,17256,INE155C01010,ALBERTDAVD,EQ,,,,,ALBERT DAVID LIMITED,835.65,847.95,823.30,839.10,833.05,836.45,,839.07,,,2820,2351616.40,434,F1,1,,,,,
2026-10-06,2026-10-06,CM,NSE,STK,79,INE426A01027,ALEMBICLTD,EQ,,,,,ALEMBIC LIMITED,105.25,106.90,104.01,104.99,105.09,104.44,,105.00,,,346507,36527484.51,4111,F1,1,,,,,
2026-10-06,2026-10-06,CM,NSE,STK,25328,INE901L01018,APLLTD,EQ,,,,,ALEMBIC PHARMA LTD,831.25,840.30,825.00,834.20,837.95,831.25,,834.19,,,143011,119006112.35,19606,F1,1,,,,,
2026-10-06,2026-10-06,CM,NSE,STK,764573,INE782D01027,ALFREDHE,EQ,,,,,ALFRED HERBERT INDIA L,2761.70,2819.90,2749.90,2750.00,2750.00,2748.00,,2750.00,,,34,93720.90,17,F1,1,,,,,
2026-10-06,2026-10-06,CM,NSE,STK,761270,INE598D01035,ALGOQUANT,EQ,,,,,ALGOQUANT FINTECH LIMITED,68.25,71.71,68.01,70.56,70.59,68.25,,70.54,,,1409783,98347700.85,7072,F1,1,,,,,
2026-10-06,2026-10-06,CM,NSE,STK,13656,INE062D01024,ALICON,EQ,,,,,ALICON CASTALLOY LIMITED,850.00,876.50,837.05,866.90,865.00,848.95,,866.94,,,59587,51021439.55,4719,F1,1,,,,,
2026-10-06,2026-10-06,CM,NSE,STK,5265,INE03Q201024,ALIVUS,EQ,,,,,ALIVUS LIFE SCIENCES LTD,1365.40,1394.70,1354.20,1384.00,1380.00,1373.70,,1383.98,,,166792,229496197.10,20774,F1,1,,,,,
2026-10-06,2026-10-06,CM,NSE,STK,16963,INE773I01017,ALKALI,BE,,,,,ALKALI METALS LTD,87.00,87.90,84.01,85.88,87.00,87.29,,85.88,,,4932,421852.44,104,F1,1,,,,,
2026-10-06,2026-10-06,CM,NSE,STK,11703,INE540L01014,ALKEM,EQ,,,,,ALKEM LABORATORIES LTD.,5223.50,5292.00,5165.00,5292.00,5292.00,5192.50,,5292.00,,,63668,334059295.00,10111,F1,1,,,,,
2026-10-06,2026-10-06,CM,NSE,STK,4487,INE150B01039,ALKYLAMINE,EQ,,,,,ALKYL AMINES CHEM. LTD,1730.40,2057.30,1730.40,1962.20,1953.00,1730.40,,1962.00,,,3134700,6228775555.50,181222,F1,1,,,,,
2026-10-06,2026-10-06,CM,NSE,STK,13203,INE0M2X01012,ALLETEC,SM,,,,,ALL E TECHNOLOGIES LTD,121.00,124.00,120.00,121.50,121.40,124.65,,121.50,,,13600,1655740.00,34,F1,400,,,,,
2026-10-06,2026-10-06,CM,NSE,STK,758448,INE0GV601021,ALLTIME,EQ,,,,,ALL TIME PLASTICS LIMITED,185.80,189.80,180.01,184.36,184.50,183.80,,184.38,,,162308,29814688.89,2943,F1,1,,,,,
2026-10-06,2026-10-06,CM,NSE,STK,763784,INE1YPB01014,AGL,EQ,,,,,ALLCARGO GLOBAL LIMITED,12.40,12.88,12.37,12.77,12.80,12.50,,12.77,,,1266118,15976016.52,3355,F1,1,,,,,
2026-10-06,2026-10-06,CM,NSE,STK,13501,INE418H01029,ALLCARGO,EQ,,,,,ALLCARGO LOGISTICS LTD,10.32,10.57,10.04,10.50,10.50,10.03,,10.50,,,4523931,46670676.05,5672,F1,1,,,,,
2026-10-06,2026-10-06,CM,NSE,STK,17778,INE0NN701020,ATL,EQ,,,,,ALLCARGO TERMINALS LTD,24.47,24.85,24.06,24.71,24.58,24.49,,24.71,,,70373,1728404.13,884,F1,1,,,,,
2026-10-06,2026-10-06,CM,NSE,STK,11798,INE835G01018,ALLDIGI,EQ,,,,,ALLDIGI TECH LIMITED,754.70,774.00,742.45,768.10,765.00,750.90,,768.11,,,7202,5460600.20,505,F1,1,,,,,
2026-10-06,2026-10-06,CM,NSE,STK,24308,INE552Z01027,ABDL,EQ,,,,,ALLIED BLEND N DISTILS L,700.25,727.85,691.55,714.65,713.00,696.75,,714.61,,,701809,503218436.95,32200,F1,1,,,,,
2026-10-06,2026-10-06,CM,NSE,STK,14813,INE102I01027,ADSL,EQ,,,,,ALLIED DIGITAL SERV. LTD,105.51,107.09,102.92,103.82,103.04,105.51,,103.83,,,219245,22915243.16,3642,F1,1,,,,,
2026-10-06,2026-10-06,CM,NSE,STK,16723,INE326B01035,ALMONDZ,BE,,,,,ALMONDZ GLOBAL SEC LTD,19.01,19.96,18.60,19.85,19.90,19.01,,19.85,,,98029,1924017.63,233,F1,1,,,,,
2026-10-06,2026-10-06,CM,NSE,STK,17675,INE270A01029,ALOKINDS,EQ,,,,,ALOK INDUSTRIES LIMITED,7.22,7.83,7.09,7.83,7.83,7.12,,7.83,,,36666461,280129061.36,29675,F1,1,,,,,
2026-10-06,2026-10-06,CM,NSE,STK,14848,INE385I01010,ALPA,EQ,,,,,ALPA LABORATORIES LTD,60.20,60.20,58.52,58.73,58.70,59.00,,58.73,,,5812,341625.07,221,F1,1,,,,,
2026-10-06,2026-10-06,CM,NSE,STK,22688,INE0R4701017,ALPEXSOLAR,SM,,,,,ALPEX SOLAR LIMITED,811.00,828.00,808.10,814.15,811.00,810.80,,814.15,,,19200,15718680.00,162,F1,100,,,,,
2026-10-06,2026-10-06,CM,NSE,STK,14601,INE137C01018,ALPHAGEO,BE,,,,,ALPHAGEO (INDIA) LIMITED,257.75,257.75,246.00,251.15,253.95,254.75,,251.16,,,4803,1208927.45,155,F1,1,,,,,
2026-10-06,2026-10-06,CM,NSE,STK,764186,INE1JCQ01037,ALPINETEX,EQ,,,,,ALPINE TEXWORLD LIMITED,47.80,47.80,46.04,46.44,46.20,45.82,,46.43,,,113484,5286435.41,1698,F1,1,,,,,
2026-10-06,2026-10-06,CM,NSE,STK,764578,INE058F01019,ALUFLUOR,EQ,,,,,ALUFLUORIDE LTD.,611.50,627.60,611.50,619.45,623.90,616.80,,619.36,,,11486,7145292.10,584,F1,1,,,,,
2026-10-06,2026-10-06,CM,NSE,STK,760740,INE121R01077,AMAGI,EQ,,,,,AMAGI MEDIA LABS LIMITED,575.25,575.25,559.80,564.15,562.00,569.70,,564.15,,,214734,121204182.60,20098,F1,1,,,,,
2026-10-06,2026-10-06,CM,NSE,STK,764583,INE841D01013,AMAL,EQ,,,,,AMAL LTD.,703.20,768.80,699.80,753.70,762.95,699.50,,754.22,,,23479,17352906.45,1407,F1,1,,,,,
2026-10-06,2026-10-06,CM,NSE,STK,758910,INE084K01015,AMANTA,BE,,,,,AMANTA HEALTHCARE LIMITED,206.30,206.30,191.00,197.68,198.40,199.92,,197.47,,,77852,15428245.45,706,F1,1,,,,,
2026-10-06,2026-10-06,CM,NSE,STK,100,INE885A01032,ARE&M,EQ,,,,,AMARA RAJA ENERGY MOB LTD,742.05,745.60,740.35,742.90,744.00,741.60,,742.90,,,309353,229775272.50,19161,F1,1,,,,,
2026-10-06,2026-10-06,CM,NSE,STK,764588,INE484D01012,AMARJOTHI,EQ,,,,,AMARJOTHI SPINNING MILL L,147.50,150.50,145.50,149.05,150.40,146.50,,149.05,,,1085,161590.49,56,F1,1,,,,,
2026-10-06,2026-10-06,CM,NSE,STK,763256,INE293601014,AMBAAUTO,SM,,,,,AMBA AUTO SALES AND SER L,112.00,114.95,110.00,110.00,110.00,112.00,,110.00,,,14000,1572600.00,12,F1,1000,,,,,
2026-10-06,2026-10-06,CM,NSE,STK,762546,INE432A01017,AMBALALSA,BE,,,,,AMBALAL SARABHAI ENT L,38.10,39.50,37.55,38.55,38.55,37.97,,38.29,,,41880,1612547.48,131,F1,1,,,,,
2026-10-06,2026-10-06,CM,NSE,STK,1185,INE371P01015,AMBER,EQ,,,,,AMBER ENTERPRISES (I) LTD,6551.50,6881.00,6511.00,6869.00,6869.00,6585.00,,6868.86,,,155584,1049546130.50,20840,F1,1,,,,,
2026-10-06,2026-10-06,CM,NSE,STK,11496,INE792B01012,AMBICAAGAR,EQ,,,,,AMBICA AGAR & AROMAINDLTD,23.76,24.80,23.76,24.42,24.44,23.83,,24.42,,,1832,44240.84,38,F1,1,,,,,
2026-10-06,2026-10-06,CM,NSE,STK,15234,INE540G01014,AMBIKCO,EQ,,,,,AMBIKA COTTON MILL LTD.,1522.60,1555.00,1522.60,1532.70,1538.90,1534.00,,1532.28,,,2521,3869566.70,458,F1,1,,,,,
2026-10-06,2026-10-06,CM,NSE,STK,1270,INE079A01024,AMBUJACEM,EQ,,,,,AMBUJA CEMENTS LTD,367.50,370.10,359.80,361.55,361.55,366.50,,361.56,,,2356458,860806450.15,23348,F1,1,,,,,
2026-10-06,2026-10-06,CM,NSE,STK,14402,INE005I01014,AMDIND,BE,,,,,AMD INDUSTRIES LIMITED,51.31,53.00,50.50,52.73,52.92,51.31,,52.74,,,12479,651795.56,156,F1,1,,,,,
2026-10-06,2026-10-06,CM,NSE,STK,10898,INE0KT901015,AMEYA,SM,,,,,AMEYA PRECISION ENG LTD,140.00,147.90,139.00,147.90,147.90,143.00,,147.90,,,14000,1992400.00,12,F1,1000,,,,,
2026-10-06,2026-10-06,CM,NSE,STK,19867,INE275D01022,AMNPLST,EQ,,,,,AMINES & PLASTICIZERS LTD,161.00,192.34,161.00,186.92,184.60,160.29,,187.22,,,431098,81882369.08,4677,F1,1,,,,,
2026-10-06,2026-10-06,CM,NSE,STK,761670,INE05TO01019,AEROPLANE,EQ,,,,,AMIR CHAND JAG KUM (E) L,211.24,212.49,206.70,209.24,210.00,211.24,,209.24,,,815516,170545805.06,8084,F1,1,,,,,
2026-10-06,2026-10-06,CM,NSE,STK,2598,INE606A01024,AMJLAND,EQ,,,,,AMJ LAND HOLDINGS LIMITED,38.02,38.02,37.00,37.66,38.00,37.14,,37.68,,,2127,79944.94,53,F1,1,,,,,
2026-10-06,2026-10-06,CM,NSE,STK,17547,INE098F01031,AMRUTANJAN,EQ,,,,,AMRUTAJAN HEALTH LTD,527.00,527.00,516.00,523.70,524.30,518.10,,523.69,,,27720,14460343.15,2009,F1,1,,,,,
2026-10-06,2026-10-06,CM,NSE,STK,759956,INE549H01021,ARSSBL,EQ,,,,,ANAND RATHI SH N STK BR L,539.00,557.40,535.00,551.55,553.50,535.00,,551.54,,,468308,257150484.35,12017,F1,1,,,,,
2026-10-06,2026-10-06,CM,NSE,STK,7145,INE463V01026,ANANDRATHI,EQ,,,,,ANAND RATHI WEALTH LTD,2134.10,2169.90,2129.90,2142.00,2142.00,2132.00,,2142.76,,,275350,590380889.50,24987,F1,1,,,,,
2026-10-06,2026-10-06,CM,NSE,STK,13620,INE242C01024,ANANTRAJ,EQ,,,,,ANANT RAJ LIMITED,590.00,611.45,587.80,608.90,610.20,587.40,,608.89,,,1142191,685246463.55,25242,F1,1,,,,,
2026-10-06,2026-10-06,CM,NSE,STK,759363,INE1UA823019,ANANTAM,IV,,,,,ANANTAM HIGHWAYS TRUST,103.97,103.97,102.98,102.99,102.98,103.97,,102.99,,,111993,11535750.68,247,F1,1,,,,,
2026-10-06,2026-10-06,CM,NSE,STK,764446,INE1J5V01013,ANAWIL,SM,,,,,ANAWIL WIRE AND ENGIN LTD,393.00,418.95,393.00,397.40,398.00,393.30,,397.40,,,196400,79664280.00,424,F1,400,,,,,
2026-10-06,2026-10-06,CM,NSE,STK,758427,INE0VG001016,AMCL,SM,,,,,ANB METAL CAST LIMITED,345.00,385.35,340.50,376.20,374.00,370.60,,376.20,,,86400,32187080.00,67,F1,400,,,,,
2026-10-06,2026-10-06,CM,NSE,STK,15420,INE666E01020,ACL,EQ,,,,,ANDHRA CEMENTS LIMITED,40.20,40.20,39.45,39.67,39.80,39.80,,39.63,,,6310,250464.31,183,F1,1,,,,,
2026-10-06,2026-10-06,CM,NSE,STK,166,INE435A01051,ANDHRAPAP,EQ,,,,,ANDHRA PAPER LIMITED,70.66,71.06,68.54,70.48,70.35,69.94,,70.48,,,234556,16455697.38,3425,F1,1,,,,,
2026-10-06,2026-10-06,CM,NSE,STK,136,INE715B01021,ANDHRSUGAR,EQ,,,,,ANDHRA SUGARS LTD,93.00,94.80,92.70,94.42,94.70,91.95,,94.41,,,360904,33868299.70,11165,F1,1,,,,,
2026-10-06,2026-10-06,CM,NSE,STK,5206,INE449C01025,ANDREWYU,EQ,,,,,ANDREW YULE & CO. LTD.,25.02,25.74,24.12,24.95,25.00,25.34,,24.94,,,104068,2584018.63,861,F1,1,,,,,
2026-10-06,2026-10-06,CM,NSE,STK,324,INE732I01021,ANGELONE,EQ,,,,,ANGEL ONE LIMITED,288.90,295.90,288.60,295.00,295.00,285.20,,294.97,,,8198494,2401269442.15,77294,F1,1,,,,,
2026-10-06,2026-10-06,CM,NSE,STK,482,INE635Y01015,AISL,SM,,,,,ANI INTEGRATED SERV LTD.,73.60,73.65,72.00,73.60,73.60,70.15,,73.60,,,7800,569430.00,8,F1,600,,,,,
2026-10-06,2026-10-06,CM,NSE,STK,16657,INE087B01017,ANIKINDS,EQ,,,,,ANIK INDUSTRIES LTD,43.02,48.25,43.02,45.40,46.13,44.56,,45.62,,,66538,3104072.65,605,F1,1,,,,,
2026-10-06,2026-10-06,CM,NSE,STK,20453,INE071F01012,APCL,EQ,,,,,ANJANI PORTLAND CEM LTD,96.67,96.67,93.00,93.58,93.51,94.00,,93.58,,,2525,238312.08,73,F1,1,,,,,
2026-10-06,2026-10-06,CM,NSE,STK,25878,INE106I01010,ANKITMETAL,BZ,,,,,ANKIT MET & POW LTD,2.26,2.26,2.26,2.26,2.26,2.16,,2.32,,,19958,45105.08,14,F1,1,,,,,
2026-10-06,2026-10-06,CM,NSE,STK,758968,INE0Y8W01025,AHCL,EQ,,,,,ANLON HEALTHCARE LIMITED,29.66,31.22,29.66,29.66,29.66,31.22,,29.66,,,11979158,357716642.12,10995,F1,1,,,,,
2026-10-06,2026-10-06,CM,NSE,STK,13657,INE0LR101013,ANLON,SM,,,,,ANLON TECHNOLOGY SOL LTD,772.00,772.00,752.05,765.00,765.00,758.20,,765.00,,,4000,3052040.00,10,F1,400,,,,,
2026-10-06,2026-10-06,CM,NSE,STK,3732,INE02AR01019,ANMOL,BE,,,,,ANMOL INDIA LIMITED,13.07,13.44,12.87,13.13,13.14,13.07,,13.05,,,30011,390686.18,119,F1,1,,,,,
2026-10-06,2026-10-06,CM,NSE,STK,764471,INE0MGM01017,ANNAPURNA,EQ,,,,,ANNAPURNA SWADISHT LTD,132.80,132.80,129.00,130.35,129.80,130.44,,130.35,,,34618,4514055.73,804,F1,1,,,,,
2026-10-06,2026-10-06,CM,NSE,STK,765502,INE103001017,ANNU,EQ,,,,,ANNU PROJECTS LIMITED,45.21,45.50,43.22,44.33,44.50,45.12,,44.33,,,661281,29332487.91,6920,F1,1,,,,,
2026-10-06,2026-10-06,CM,NSE,STK,758740,INE0VTV01012,ANONDITA,SM,,,,,ANONDITA MEDICARE LIMITED,1057.95,1114.00,1049.95,1075.30,1073.05,1031.00,,1075.30,,,91600,99321150.00,364,F1,200,,,,,
2026-10-06,2026-10-06,CM,NSE,STK,765020,INE030C01015,ANSALBU,EQ,,,,,ANSAL BUILDWELL LTD.,85.57,88.00,83.00,85.57,86.00,85.60,,85.52,,,779,65994.27,44,F1,1,,,,,
2026-10-06,2026-10-06,CM,NSE,STK,19677,INE436A01026,ANSALAPI,BZ,,,,,ANSAL PROP & INFRA LTD,4.00,4.08,3.92,3.92,3.92,4.00,,3.93,,,15567,62434.26,45,F1,1,,,,,
2026-10-06,2026-10-06,CM,NSE,STK,5194,INE414B01021,ANTGRAPHIC,EQ,,,,,ANTARCTICA LTD,0.71,0.71,0.68,0.69,0.70,0.69,,0.69,,,98256,68438.71,169,F1,1,,,,,
2026-10-06,2026-10-06,CM,NSE,STK,13598,INE818A01017,ANTELOPUS,EQ,,,,,ANTELOPUS SELAN ENRGY LTD,1125.00,1125.00,1090.00,1100.60,1107.00,1103.40,,1100.60,,,173534,191940293.60,9185,F1,1,,,,,
2026-10-06,2026-10-06,CM,NSE,STK,757885,INE0CZ201020,ANTHEM,EQ,,,,,ANTHEM BIOSCIENCES LTD,853.00,898.65,843.00,890.35,892.00,851.90,,890.31,,,681982,598225811.55,23899,F1,1,,,,,
2026-10-06,2026-10-06,CM,NSE,STK,1797,INE01BK01022,AWHCL,EQ,,,,,ANTONY WASTE HDG CELL LTD,355.50,364.05,351.40,355.20,353.05,350.40,,355.23,,,69504,24683690.05,3087,F1,1,,,,,
2026-10-06,2026-10-06,CM,NSE,STK,28314,INE489G01022,ANUHPHR,EQ,,,,,ANUH PHARMA LIMITED,85.07,88.50,84.41,87.57,87.77,84.15,,87.58,,,105757,9179357.61,2368,F1,1,,,,,
2026-10-06,2026-10-06,CM,NSE,STK,2829,INE930P01018,ANURAS,EQ,,,,,ANUPAM RASAYAN INDIA LTD,1170.00,1178.00,1158.10,1170.20,1164.00,1164.40,,1170.20,,,440690,516479187.60,12123,F1,1,,,,,
2026-10-06,2026-10-06,CM,NSE,STK,28983,INE0SI601032,ANYA,SM,,,,,ANYA POLYTECH & FERTI LTD,18.00,18.25,18.00,18.00,18.00,18.00,,18.00,,,35000,636250.00,7,F1,5000,,,,,
2026-10-06,2026-10-06,CM,NSE,STK,11945,INE0MIZ23019,ANZEN,IV,,,,,ANZEN IND ENE YLD PLU TRU,129.00,131.00,129.00,131.00,131.00,131.00,,130.00,,,700000,90445000.00,4,F1,25000,,,,,
2026-10-06,2026-10-06,CM,NSE,STK,758904,INF1J2R01114,AONEGOLD,EQ,,,,,AONEAMC - AONEGOLD,13.74,13.74,13.51,13.69,13.73,13.74,,13.69,,,210243,2875756.94,1583,F1,1,,,,,
2026-10-06,2026-10-06,CM,NSE,STK,30472,INF1J2R01056,AONELIQUID,EQ,,,,,AONEAMC - AONELIQUID,1079.85,1079.87,1079.85,1079.86,1079.85,1079.71,,1079.86,,,9477,10233852.82,73,F1,1,,,,,
2026-10-06,2026-10-06,CM,NSE,STK,757096,INF1J2R01064,AONENIFTY,EQ,,,,,AONEAMC - AONENIFTY,9.20,9.50,9.20,9.39,9.37,9.31,,9.39,,,93166,872742.19,969,F1,1,,,,,
2026-10-06,2026-10-06,CM,NSE,STK,760193,INF1J2R01171,AONESILVER,EQ,,,,,AONEAMC - AONESILVER,8.48,8.52,8.35,8.40,8.43,8.48,,8.40,,,284744,2388833.10,1326,F1,1,,,,,
2026-10-06,2026-10-06,CM,NSE,STK,759992,INF1J2R01148,AONETMMQ50,EQ,,,,,AONEAMC - AONETMMQ50,10.09,10.09,9.80,10.01,10.05,9.89,,10.01,,,148640,1480411.03,248,F1,1,,,,,
2026-10-06,2026-10-06,CM,NSE,STK,29975,INF1J2R01015,AONETOTAL,EQ,,,,,AONEAMC - AONETOTAL,11.43,11.46,10.99,11.37,11.38,11.21,,11.37,,,106286,1204843.73,803,F1,1,,,,,
2026-10-06,2026-10-06,CM,NSE,STK,11491,INE372A01015,APARINDS,EQ,,,,,APAR INDUSTRIES LTD.,18297.00,18440.00,17875.00,18016.00,17954.00,18102.00,,18015.90,,,94494,1718010051.00,29580,F1,1,,,,,
2026-10-06,2026-10-06,CM,NSE,STK,154,INE116A01032,APCOTEXIND,EQ,,,,,APCOTEX INDUSTRIES LIMITE,587.25,613.90,585.00,610.70,610.35,587.25,,610.87,,,79604,48176526.30,7559,F1,1,,,,,
2026-10-06,2026-10-06,CM,NSE,STK,27291,INE0T4V01015,APEXECO,ST,,,,,APEX ECOTECH LIMITED,255.50,255.50,247.55,253.65,255.00,251.00,,253.65,,,12000,3013360.00,15,F1,800,,,,,
2026-10-06,2026-10-06,CM,NSE,STK,21623,INE346W01013,APEX,EQ,,,,,APEX FROZEN FOODS LIMITED,325.50,342.60,320.00,339.80,339.30,328.40,,339.77,,,107151,35884266.45,5249,F1,1,,,,,
2026-10-06,2026-10-06,CM,NSE,STK,25780,INE702C01027,APLAPOLLO,EQ,,,,,APL APOLLO TUBES LTD,2102.00,2152.00,2099.60,2152.00,2152.00,2099.80,,2151.97,,,320327,685189394.20,19163,F1,1,,,,,
2026-10-06,2026-10-06,CM,NSE,STK,757182,INE0TLC07069,930APMD29,N0,,,,,APMD 9.30% 2029 STRPP C,103300.00,103300.00,103300.00,103300.00,103300.00,104211.43,,103300.00,,,2,206600.00,1,F1,1,,,,,
2026-10-06,2026-10-06,CM,NSE,STK,757184,INE0TLC07077,930APMD30,N0,,,,,APMD 9.30% 2030 STRPP D,104500.00,104500.00,104500.00,104500.00,104500.00,105000.00,,104500.00,,,17,1776500.00,3,F1,1,,,,,
2026-10-06,2026-10-06,CM,NSE,STK,757176,INE0TLC07036,930APMD35,N0,,,,,APMD 9.30% 2035 STRPP I,109500.00,109500.00,109500.00,109500.00,109500.00,109428.77,,109500.00,,,1,109500.00,1,F1,1,,,,,
2026-10-06,2026-10-06,CM,NSE,STK,157,INE437A01024,APOLLOHOSP,EQ,,,,,APOLLO HOSPITALS ENTER. L,7970.00,8017.00,7806.00,7914.50,7914.50,7985.00,,7914.49,,,1072883,8455794628.50,133057,F1,1,,,,,
2026-10-06,2026-10-06,CM,NSE,STK,1134,INE713T01028,APOLLO,EQ,,,,,APOLLO MICRO SYSTEMS LTD,402.70,408.75,402.40,408.05,408.15,401.70,,408.05,,,3344430,1359480183.80,40625,F1,1,,,,,
2026-10-06,2026-10-06,CM,NSE,STK,14361,INE126J01016,APOLLOPIPE,EQ,,,,,APOLLO PIPES LIMITED,531.00,549.80,528.00,529.80,528.25,530.75,,529.84,,,132829,71379846.45,5458,F1,1,,,,,
2026-10-06,2026-10-06,CM,NSE,STK,6302,INE451F01024,APOLSINHOT,EQ,,,,,APOLLO SINDOORI HOTEL LTD,1180.00,1183.90,1165.00,1174.70,1172.00,1174.90,,1174.70,,,857,1005936.30,138,F1,1,,,,,
2026-10-06,2026-10-06,CM,NSE,STK,163,INE438A01022,APOLLOTYRE,EQ,,,,,APOLLO TYRES LTD,402.75,405.25,399.35,401.55,403.00,401.60,,401.54,,,333239,133761315.40,16003,F1,1,,,,,
2026-10-06,2026-10-06,CM,NSE,STK,764596,INE217S01014,APOORVA,BE,,,,,APOORVA LEAS F & INV C L,33.49,33.49,33.00,33.00,33.00,33.65,,33.25,,,31,1023.49,4,F1,1,,,,,
2026-10-06,2026-10-06,CM,NSE,STK,24638,INE0LQG01010,APRAMEYA,SM,,,,,APRAMEYA ENGINEERING LTD,104.95,113.00,101.05,106.35,113.00,102.00,,106.35,,,30500,3225475.00,26,F1,500,,,,,
2026-10-06,2026-10-06,CM,NSE,STK,761435,INE1OOJ01011,APSISAERO,ST,,,,,APSIS AEROCOM LIMITED,515.00,554.40,504.40,554.40,554.40,528.00,,554.40,,,50400,26484420.00,32,F1,1200,,,,,
2026-10-06,2026-10-06,CM,NSE,STK,10755,INE266F01018,APTECHT,EQ,,,,,APTECH LIMITED,86.10,89.89,86.10,88.19,87.76,86.88,,88.19,,,76755,6761112.13,1489,F1,1,,,,,
2026-10-06,2026-10-06,CM,NSE,STK,5435,INE852O01025,APTUS,EQ,,,,,APTUS VALUE HSG FIN I LTD,223.65,226.21,222.32,223.90,223.90,223.65,,223.90,,,512918,115009809.65,22939,F1,1,,,,,
2026-10-06,2026-10-06,CM,NSE,STK,23365,INE416A01051,AQYLON,EQ,,,,,AQYLON NEXUS LIMITED,16.19,16.30,15.26,15.46,15.30,15.58,,15.46,,,335127,5251281.21,1003,F1,1,,,,,
2026-10-06,2026-10-06,CM,NSE,STK,19253,INE08NJ01024,ARABIAN,SM,,,,,ARABIAN PETROLEUM LIMITED,100.50,105.85,100.00,104.10,104.00,96.75,,104.10,,,88000,9071800.00,41,F1,2000,,,,,
2026-10-06,2026-10-06,CM,NSE,STK,758670,INE0YDV01010,ARCIIL,SM,,,,,ARC INSULATION & INSU LTD,34.00,34.00,31.65,32.65,32.65,32.50,,32.65,,,8000,259750.00,8,F1,1000,,,,,
2026-10-06,2026-10-06,CM,NSE,STK,12024,INE128X01021,ACI,EQ,,,,,ARCHEAN CHEMICAL IND LTD,465.45,476.80,462.70,474.50,476.80,463.20,,474.52,,,87877,41473326.95,6085,F1,1,,,,,
2026-10-06,2026-10-06,CM,NSE,STK,245,INE0CHO01012,ADL,EQ,,,,,ARCHIDPLY DECOR LIMITED,75.50,76.40,72.00,76.20,76.40,75.90,,76.20,,,18,1352.95,14,F1,1,,,,,
2026-10-06,2026-10-06,CM,NSE,STK,16795,INE877I01016,ARCHIDPLY,EQ,,,,,ARCHIDPLY IND. LTD,101.18,104.00,100.75,101.67,101.50,101.80,,101.61,,,12612,1282133.64,106,F1,1,,,,,
2026-10-06,2026-10-06,CM,NSE,STK,5688,INE731A01020,ARCHIES,EQ,,,,,ARCHIES LTD,12.74,12.74,12.10,12.24,12.29,12.35,,12.24,,,14768,180012.44,148,F1,1,,,,,
2026-10-06,2026-10-06,CM,NSE,STK,764598,INE372M01010,ARCL,EQ,,,,,ARCL ORGANICS LTD.,224.52,235.06,223.25,226.99,226.99,235.00,,226.99,,,2963,667686.09,69,F1,1,,,,,
2026-10-06,2026-10-06,CM,NSE,STK,764480,INE0XNF01022,ARDEE,EQ,,,,,ARDEE INDUSTRIES LIMITED,48.50,50.50,48.50,50.22,50.21,48.51,,50.22,,,1861166,92757479.30,10020,F1,1,,,,,
2026-10-06,2026-10-06,CM,NSE,STK,758700,INE784R01023,ARFIN,EQ,,,,,ARFIN INDIA LIMITED,87.51,98.24,87.14,96.36,97.40,87.51,,96.38,,,9170776,875384926.09,53593,F1,1,,,,,
2026-10-06,2026-10-06,CM,NSE,STK,13092,INE0L2Y01011,ARHAM,SM,,,,,ARHAM TECHNOLOGIES LTD,208.90,208.90,204.05,206.30,205.60,208.90,,206.30,,,13000,2683200.00,13,F1,1000,,,,,
2026-10-06,2026-10-06,CM,NSE,STK,15208,INE298I01015,ARIES,BE,,,,,ARIES AGRO LTD.,505.60,514.00,492.10,499.00,500.00,501.25,,499.17,,,24527,12300708.50,536,F1,1,,,,,
2026-10-06,2026-10-06,CM,NSE,STK,3813,INE420B01036,ARIHANTCAP,EQ,,,,,ARIHANT CAPITAL MKTS LTD,91.55,97.80,91.25,94.13,94.30,91.01,,94.13,,,1232598,117964668.53,10287,F1,1,,,,,
2026-10-06,2026-10-06,CM,NSE,STK,13885,INE413D01011,ARIHANT,EQ,,,,,ARIHANT FOUN & HOU LTD,891.00,940.00,891.00,914.90,930.00,891.35,,915.65,,,873,795041.55,102,F1,1,,,,,
2026-10-06,2026-10-06,CM,NSE,STK,20159,INE643K01018,ARIHANTSUP,EQ,,,,,ARIHANT SUPERSTRUCT LTD,219.80,224.90,216.00,220.26,220.34,218.78,,220.01,,,1578,345122.10,100,F1,1,,,,,
2026-10-06,2026-10-06,CM,NSE,STK,757614,INE0H9P01028,ARIS,EQ,,,,,ARISINFRA SOLUTIONS LTD,140.24,145.50,138.37,143.66,143.70,140.24,,143.66,,,2533868,363053359.59,20307,F1,1,,,,,
2026-10-06,2026-10-06,CM,NSE,STK,13926,INE082101010,ARISTO,SM,,,,,ARISTO BIO T AND LIFESC L,91.75,91.75,91.75,91.75,91.75,87.40,,91.75,,,2400,220200.00,3,F1,800,,,,,
2026-10-06,2026-10-06,CM,NSE,STK,25398,INE0QRL01017,ARKADE,EQ,,,,,ARKADE DEVELOPERS LIMITED,120.04,122.00,120.00,121.24,121.47,120.03,,121.24,,,97831,11819380.83,2090,F1,1,,,,,
2026-10-06,2026-10-06,CM,NSE,STK,17263,INE109C01017,ARMANFIN,EQ,,,,,ARMAN FIN SERV LTD,1763.90,1763.90,1730.00,1743.70,1743.10,1754.90,,1743.48,,,17759,30948018.60,2775,F1,1,,,,,
2026-10-06,2026-10-06,CM,NSE,STK,766295,INE0TWE01016,ARMEE,EQ,,,,,ARMEE INFOTECH LIMITED,253.95,278.80,253.90,271.05,272.00,254.25,,271.09,,,2199972,598325591.50,39089,F1,1,,,,,
2026-10-06,2026-10-06,CM,NSE,STK,760749,INE0TZX01019,ARMOUR,SM,,,,,ARMOUR SECURITY (INDIA) L,21.10,21.50,21.00,21.15,21.50,21.10,,21.15,,,8000,169200.00,3,F1,2000,,,,,
2026-10-06,2026-10-06,CM,NSE,STK,14557,INE210C01013,AROGRANITE,EQ,,,,,ARO GRANITE IND. LTD.,22.50,23.10,22.11,22.97,22.81,22.19,,22.97,,,4041,92335.18,154,F1,1,,,,,
2026-10-06,2026-10-06,CM,NSE,STK,9260,INE570D01018,ARROWGREEN,EQ,,,,,ARROW GREENTECH LIMITED,878.50,915.95,858.70,891.75,899.50,858.55,,891.83,,,60698,54553032.80,4954,F1,1,,,,,
2026-10-06,2026-10-06,CM,NSE,STK,29015,INE968D01022,ARSHIYA,BZ,,,,,ARSHIYA LIMITED,0.85,0.85,0.81,0.82,0.84,0.83,,0.81,,,170195,140211.15,54,F1,1,,,,,
2026-10-06,2026-10-06,CM,NSE,STK,6156,INE738V01013,ARTNIRMAN,EQ,,,,,ART NIRMAN LIMITED,36.01,41.29,36.01,40.13,40.13,38.49,,40.13,,,62,2509.96,14,F1,1,,,,,
2026-10-06,2026-10-06,CM,NSE,STK,761330,INE757T01025,AEPL,EQ,,,,,ARTEMIS ELECTRICALS & P L,15.02,15.90,15.02,15.20,15.20,15.01,,15.20,,,27213,414502.31,73,F1,1,,,,,
2026-10-06,2026-10-06,CM,NSE,STK,16913,INE025R01021,ARTEMISMED,EQ,,,,,ARTEMIS MED SERVICE LTD,324.25,324.95,314.25,318.35,320.00,324.10,,318.36,,,428681,136308411.80,20547,F1,1,,,,,
2026-10-06,2026-10-06,CM,NSE,STK,756896,INE0TTG01017,ARUNAYA,SM,,,,,ARUNAYA ORGANICS LIMITED,13.90,13.90,13.90,13.90,13.90,14.00,,13.90,,,6000,83400.00,3,F1,2000,,,,,
2026-10-06,2026-10-06,CM,NSE,STK,2814,INE006Z01016,ARVEE,EQ,,,,,ARVEE LABORATORIES I LTD,209.39,224.90,205.84,216.89,215.36,209.39,,216.89,,,8861,1925769.94,343,F1,1,,,,,
2026-10-06,2026-10-06,CM,NSE,STK,9111,INE955V01021,ARVINDFASN,EQ,,,,,ARVIND FASHIONS LIMITED,384.25,409.95,384.25,406.40,406.10,384.25,,406.40,,,293478,117939400.25,21864,F1,1,,,,,
2026-10-06,2026-10-06,CM,NSE,STK,193,INE034A01011,ARVIND,EQ,,,,,ARVIND LIMITED,536.00,538.40,529.70,534.65,536.40,530.40,,534.65,,,351037,187314296.20,25192,F1,1,,,,,
2026-10-06,2026-10-06,CM,NSE,STK,19579,INE0P4T01013,ARVINDPORT,SM,,,,,ARVIND PORT AND INFRA LTD,33.00,33.00,31.15,31.40,31.15,33.05,,31.40,,,19500,626475.00,13,F1,1500,,,,,
2026-10-06,2026-10-06,CM,NSE,STK,10457,INE034S01021,ARVSMART,EQ,,,,,ARVIND SMARTSPACES LTD,579.90,606.00,576.65,603.80,606.00,580.25,,603.78,,,61916,36880841.75,2641,F1,1,,,,,
2026-10-06,2026-10-06,CM,NSE,STK,764603,INE032E01017,ARYAMAN,EQ,,,,,ARYAMAN FINANCIAL SERV L,620.90,620.90,620.90,620.90,620.90,624.00,,614.50,,,10,6209.00,1,F1,1,,,,,
2026-10-06,2026-10-06,CM,NSE,STK,5378,INE439A01020,ASAHIINDIA,EQ,,,,,ASAHI INDIA GLASS LIMITED,950.00,960.00,941.05,956.95,957.95,945.75,,956.95,,,36644,34839488.85,5648,F1,1,,,,,
2026-10-06,2026-10-06,CM,NSE,STK,25092,INE228I01012,ASAHISONG,BE,,,,,ASAHI SONGWON COLOR LTD,367.00,370.50,366.00,369.95,367.00,366.20,,370.03,,,4716,1741541.15,141,F1,1,,,,,
2026-10-06,2026-10-06,CM,NSE,STK,24711,INE0LAA01017,ASHALOG,SM,,,,,ASHAPURA LOGISTICS LTD,60.35,61.50,60.35,61.50,61.50,60.00,,61.50,,,3000,182200.00,2,F1,1000,,,,,
2026-10-06,2026-10-06,CM,NSE,STK,203,INE348A01023,ASHAPURMIN,EQ,,,,,ASHAPURA MINECHEM LTD,492.20,504.85,491.05,502.90,502.50,490.85,,502.92,,,229174,114590031.65,9336,F1,1,,,,,
2026-10-06,2026-10-06,CM,NSE,STK,24403,INE365D01021,ASHIANA,EQ,,,,,ASHIANA HOUSING LTD,381.60,385.85,376.95,382.95,384.00,383.60,,382.97,,,29815,11372531.50,1257,F1,1,,,,,
2026-10-06,2026-10-06,CM,NSE,STK,762551,INE094B01013,ASHIKAG,BE,,,,,ASHIKA GLOBAL SEC LTD,389.80,394.00,382.35,389.40,382.35,389.80,,389.40,,,6896,2696652.55,81,F1,1,,,,,
2026-10-06,2026-10-06,CM,NSE,STK,206,INE440A01010,ASHIMASYN,EQ,,,,,ASHIMA LTD,14.80,15.39,14.55,14.88,14.90,15.00,,14.88,,,108612,1607446.79,381,F1,1,,,,,
2026-10-06,2026-10-06,CM,NSE,STK,212,INE208A01029,ASHOKLEY,EQ,,,,,ASHOK LEYLAND LTD,153.00,153.87,152.13,153.70,153.70,152.60,,153.70,,,9995070,1531015270.73,52337,F1,1,,,,,
2026-10-06,2026-10-06,CM,NSE,STK,20182,INE442H01029,ASHOKA,EQ,,,,,ASHOKA BUILDCON LTD,106.00,107.20,105.70,106.42,106.70,105.90,,106.42,,,395400,42026464.33,5026,F1,1,,,,,
2026-10-06,2026-10-06,CM,NSE,STK,16943,INE760Y01011,ASHOKAMET,EQ,,,,,ASHOKA METCAST LIMITED,14.71,14.99,14.40,14.71,14.75,14.71,,14.71,,,21653,316485.70,207,F1,1,,,,,
2026-10-06,2026-10-06,CM,NSE,STK,765573,INE19FR01012,ASHUTOSH,SM,,,,,ASHUTOSH FIBRE LIMITED,140.00,144.00,137.05,138.95,138.50,138.20,,138.95,,,127200,17788680.00,101,F1,1200,,,,,
2026-10-06,2026-10-06,CM,NSE,STK,760418,INE1A6Q01010,ASHWINI,SM,,,,,ASHWINI CONTAINER MOVER L,161.50,165.00,161.50,165.00,165.00,160.00,,165.00,,,6000,983150.00,6,F1,1000,,,,,
2026-10-06,2026-10-06,CM,NSE,STK,7030,INE276G01015,ASIANENE,EQ,,,,,ASIAN ENERGY SERVICES LTD,457.65,470.00,457.45,463.75,466.95,458.65,,463.76,,,129110,59779180.65,5589,F1,1,,,,,
2026-10-06,2026-10-06,CM,NSE,STK,14889,INE022I01019,ASIANTILES,EQ,,,,,ASIAN GRANITO IND. LTD.,46.88,48.36,46.88,48.10,48.12,46.65,,48.10,,,1144403,54524591.93,3319,F1,1,,,,,
2026-10-06,2026-10-06,CM,NSE,STK,19438,INE926K01017,AHLEAST,EQ,,,,,ASIAN HOTELS (EAST) LTD,139.90,139.90,134.31,135.74,135.05,135.31,,135.74,,,777,106011.27,28,F1,1,,,,,
2026-10-06,2026-10-06,CM,NSE,STK,18422,INE363A01022,ASIANHOTNR,EQ,,,,,ASIAN HOTELS (NORTH) LTD,336.55,340.25,325.05,328.65,326.10,334.10,,328.65,,,6380,2114972.50,384,F1,1,,,,,
2026-10-06,2026-10-06,CM,NSE,STK,19370,INE915K01010,AHLWEST,BE,,,,,ASIAN HOTELS (WEST) LTD,555.00,555.00,545.00,545.00,545.00,545.00,,561.48,,,3,1655.00,2,F1,1,,,,,
2026-10-06,2026-10-06,CM,NSE,STK,236,INE021A01026,ASIANPAINT,EQ,,,,,ASIAN PAINTS LIMITED,2369.10,2424.20,2349.00,2424.20,2424.20,2366.00,,2424.19,,,439473,1050827762.70,40953,F1,1,,,,,
2026-10-06,2026-10-06,CM,NSE,STK,762553,INE194D01017,ASTAR,EQ,,,,,ASIAN STAR CO. LTD.,643.05,657.75,615.00,639.80,625.05,644.05,,641.03,,,774,492671.35,101,F1,1,,,,,
2026-10-06,2026-10-06,CM,NSE,STK,765025,INE822B01017,ASIANTNE,EQ,,,,,ASIAN TEA & EXPORTS LTD.,9.08,9.08,8.80,9.06,9.06,9.00,,9.06,,,3657,33011.76,31,F1,1,,,,,
2026-10-06,2026-10-06,CM,NSE,STK,20152,INE491J01022,ASKAUTOLTD,EQ,,,,,ASK AUTOMOTIVE LIMITED,614.50,614.50,603.10,609.75,611.95,608.20,,609.78,,,128865,78452992.25,11546,F1,1,,,,,
2026-10-06,2026-10-06,CM,NSE,STK,17270,INE991I01015,ASPINWALL,EQ,,,,,ASPINWALL & CO LTD,228.10,243.50,228.10,238.35,238.00,238.35,,238.35,,,2844,681623.95,30,F1,1,,,,,
2026-10-06,2026-10-06,CM,NSE,STK,23396,INE0S7801010,ASPIRE,SM,,,,,ASPIRE & INNOVATIVE ADV L,14.50,15.65,14.50,15.65,15.65,14.95,,15.65,,,14000,211600.00,6,F1,2000,,,,,
2026-10-06,2026-10-06,CM,NSE,STK,766072,INE148G01016,ARCIL,EQ,,,,,ASSET RECONSTRUC CO (I) L,143.00,147.80,143.00,145.74,146.00,142.24,,145.74,,,1271807,185289647.97,19545,F1,1,,,,,
2026-10-06,2026-10-06,CM,NSE,STK,17598,INE073G01016,ASALCBR,EQ,,,,,ASSO ALCOHOLS & BREW LTD,591.00,604.85,589.85,598.70,598.70,595.65,,598.74,,,54706,32590634.30,2984,F1,1,,,,,
2026-10-06,2026-10-06,CM,NSE,STK,17728,INE563J01010,ASTEC,EQ,,,,,ASTEC LIFESCIENCES LTD,715.00,726.00,685.00,704.70,703.05,712.70,,704.72,,,73594,51503015.65,3824,F1,1,,,,,
2026-10-06,2026-10-06,CM,NSE,STK,1508,INE914M01019,ASTERDM,EQ,,,,,ASTER DM QUALITY CARE LTD,691.60,691.80,674.10,684.70,685.80,691.50,,684.69,,,1226250,838802067.80,57033,F1,1,,,,,
2026-10-06,2026-10-06,CM,NSE,STK,11618,INE386C01029,ASTRAMICRO,EQ,,,,,ASTRA MICROWAVE LTD,1651.70,1726.00,1650.30,1705.90,1705.00,1651.70,,1705.90,,,571464,971792202.30,28901,F1,1,,,,,
2026-10-06,2026-10-06,CM,NSE,STK,14418,INE006I01046,ASTRAL,EQ,,,,,ASTRAL LIMITED,1355.10,1405.00,1348.60,1402.30,1402.30,1362.10,,1402.30,,,359782,497257790.20,26250,F1,1,,,,,
2026-10-06,2026-10-06,CM,NSE,STK,5610,INE203A01020,ASTRAZEN,EQ,,,,,ASTRAZENECA PHARMA IND LT,5944.00,5996.50,5883.50,5980.50,5970.00,5909.00,,5980.56,,,5728,33975128.50,1935,F1,1,,,,,
2026-10-06,2026-10-06,CM,NSE,STK,764445,INE646X01014,ASTRON,BZ,,,,,ASTRON PAPER BORD MIL LTD,2.75,2.88,2.73,2.80,2.80,2.81,,2.80,,,22027,62240.74,80,F1,1,,,,,
2026-10-06,2026-10-06,CM,NSE,STK,15649,INE0ALR01029,ATALREAL,EQ,,,,,ATAL REALTECH LIMITED,12.70,12.93,12.17,12.36,12.17,12.81,,12.36,,,1940986,24028417.48,1656,F1,1,,,,,
2026-10-06,2026-10-06,CM,NSE,STK,15404,INE09KD01013,ATAM,EQ,,,,,ATAM VALVES LIMITED,54.05,55.39,54.00,54.20,54.00,54.04,,54.19,,,4007,218502.62,110,F1,1,,,,,
2026-10-06,2026-10-06,CM,NSE,STK,756402,INE0V0Q01019,ATCENERGY,SM,,,,,ATC ENERGIES SYSTEM LTD,22.00,22.00,20.65,21.20,21.20,21.30,,21.20,,,8400,180540.00,7,F1,1200,,,,,
2026-10-06,2026-10-06,CM,NSE,STK,757645,INE0LEZ01016,ATHERENERG,EQ,,,,,ATHER ENERGY LIMITED,1408.70,1550.80,1385.70,1446.00,1446.00,1409.90,,1446.74,,,4192732,5929560531.80,107232,F1,1,,,,,
2026-10-06,2026-10-06,CM,NSE,STK,760953,IN90NN701011,ATLPP,E1,,,,,ATL RE.0.50 PPD UP,9.25,9.25,8.64,9.00,9.00,9.17,,8.83,,,3246,28579.70,20,F1,1,,,,,
2026-10-06,2026-10-06,CM,NSE,STK,759007,INE0Z4F01028,ATLANTAELE,EQ,,,,,ATLANTA ELECTRICALS LTD,1900.50,1968.30,1856.60,1869.30,1860.50,1882.90,,1869.69,,,339216,648263349.50,39911,F1,1,,,,,
2026-10-06,2026-10-06,CM,NSE,STK,13585,INE285H01022,ATLANTAA,EQ,,,,,ATLANTAA LIMITED,34.97,36.39,34.12,35.34,35.40,34.97,,35.28,,,18256,645294.37,347,F1,1,,,,,
2026-10-06,2026-10-06,CM,NSE,STK,4568,INE446A01025,ATLASCYCLE,EQ,,,,,ATLAS CYCLE (HARYANA) LTD,89.55,95.00,89.55,92.93,93.19,91.30,,92.94,,,7339,681719.91,210,F1,1,,,,,
2026-10-06,2026-10-06,CM,NSE,STK,22785,INE05DH01017,ATMASTCO,SM,,,,,ATMASTCO LIMITED,116.00,118.00,114.00,117.05,117.00,114.65,,117.05,,,8800,1025280.00,22,F1,400,,,,,
2026-10-06,2026-10-06,CM,NSE,STK,30023,INE951D01028,ATULAUTO,EQ,,,,,ATUL AUTO LIMITED,424.50,429.35,424.50,427.50,428.90,424.50,,427.54,,,42113,17991355.15,2381,F1,1,,,,,
2026-10-06,2026-10-06,CM,NSE,STK,263,INE100A01010,ATUL,EQ,,,,,ATUL LTD,5918.00,6015.00,5835.00,6000.00,5985.00,5856.00,,6000.02,,,37620,224973764.00,11747,F1,1,,,,,
2026-10-06,2026-10-06,CM,NSE,STK,21238,INE949L01017,AUBANK,EQ,,,,,AU SMALL FINANCE BANK LTD,1034.70,1037.70,1015.90,1028.00,1028.00,1029.20,,1028.02,,,1179591,1213237678.60,46949,F1,1,,,,,
2026-10-06,2026-10-06,CM,NSE,STK,765451,INE16W401027,AUGMONT,EQ,,,,,AUGMONT ENTERPRISES LTD,1204.00,1234.80,1162.20,1162.20,1162.20,1223.30,,1161.96,,,568075,675830307.60,20821,F1,1,,,,,
2026-10-06,2026-10-06,CM,NSE,STK,12022,INE132H01018,AURIONPRO,EQ,,,,,AURIONPRO SOLN LTD,610.00,625.00,602.00,616.05,614.00,598.50,,616.04,,,172779,106042459.80,10008,F1,1,,,,,
2026-10-06,2026-10-06,CM,NSE,STK,15918,INE0NUL01018,AUROIMPEX,ST,,,,,AURO IMPEX & CHEMICALS L,40.10,40.10,40.10,40.10,40.10,38.20,,40.10,,,4800,192480.00,3,F1,1600,,,,,
2026-10-06,2026-10-06,CM,NSE,STK,275,INE406A01037,AUROPHARMA,EQ,,,,,AUROBINDO PHARMA LTD,1676.00,1694.70,1670.90,1692.80,1692.80,1674.90,,1692.80,,,1009636,1702504351.50,27871,F1,1,,,,,
2026-10-06,2026-10-06,CM,NSE,STK,10310,INE898S01029,AURUM,EQ,,,,,AURUM PROPTECH LIMITED,226.12,234.00,223.08,231.14,231.25,223.61,,231.14,,,135512,31126101.55,3462,F1,1,,,,,
2026-10-06,2026-10-06,CM,NSE,STK,31468,INE142K01011,AURUS,EQ,,,,,AURUS GEM CORP LIMITED,4.29,4.41,4.11,4.29,4.28,4.23,,4.29,,,12082,50680.38,119,F1,1,,,,,
2026-10-06,2026-10-06,CM,NSE,STK,4037,INE218C01016,AUSOMENT,EQ,,,,,AUSOM ENTERPRISE LIMITED,140.89,140.89,135.41,137.48,139.00,137.81,,138.29,,,1865,259125.90,59,F1,1,,,,,
2026-10-06,2026-10-06,CM,NSE,STK,764608,INE759F01012,AUSTENG,EQ,,,,,AUSTIN ENGINEERING CO. L,161.40,168.79,158.00,166.43,167.28,161.95,,166.49,,,8508,1412317.27,225,F1,1,,,,,
2026-10-06,2026-10-06,CM,NSE,STK,21451,INE0P0001010,APS,SM,,,,,AUSTRALIAN PREM SOLAR I L,224.05,229.60,224.05,228.40,228.40,223.45,,228.40,,,8500,1933137.50,32,F1,250,,,,,
2026-10-06,2026-10-06,CM,NSE,STK,23553,INE206F01022,AIIL,EQ,,,,,AUTHUM INVEST & INFRA LTD,548.40,552.60,548.20,550.15,550.00,551.60,,550.14,,,55682,30632905.45,4160,F1,1,,,,,
2026-10-06,2026-10-06,CM,NSE,STK,14106,INE718H01014,AUTOIND,EQ,,,,,AUTOLINE INDUSTRIES LTD,83.90,86.11,82.21,85.82,85.99,83.17,,85.82,,,125477,10616634.37,1543,F1,1,,,,,
2026-10-06,2026-10-06,CM,NSE,STK,764558,INE451C01013,ACGL,EQ,,,,,AUTOMOBILE CORPN OF GOA L,1683.00,1770.00,1678.00,1723.70,1740.00,1683.00,,1725.24,,,1034,1777298.70,200,F1,1,,,,,
2026-10-06,2026-10-06,CM,NSE,STK,278,INE449A01011,AUTOAXLES,EQ,,,,,AUTOMOTIVE AXLES LIMITED,1625.00,1648.20,1624.90,1638.10,1633.00,1624.90,,1638.17,,,2484,4064672.80,392,F1,1,,,,,
2026-10-06,2026-10-06,CM,NSE,STK,10634,INE900C01027,ASAL,EQ,,,,,AUTOMOTIVE STAMPINGS & AS,424.10,434.90,423.05,426.20,428.00,423.10,,425.86,,,5651,2415263.05,497,F1,1,,,,,
2026-10-06,2026-10-06,CM,NSE,STK,21406,INE349W01017,AVADHSUGAR,EQ,,,,,AVADH SUG & ENERGY LTD,870.45,898.80,856.00,873.30,875.00,840.35,,873.28,,,523457,456983773.90,27412,F1,1,,,,,
2026-10-06,2026-10-06,CM,NSE,STK,15058,INE0LCL01028,AVALON,EQ,,,,,AVALON TECHNOLOGIES LTD,2295.00,2416.60,2286.90,2400.40,2394.00,2256.30,,2400.47,,,565942,1334880252.10,54054,F1,1,,,,,
2026-10-06,2026-10-06,CM,NSE,STK,760733,INE1KU201016,AVANA,SM,,,,,AVANA ELECTROSYSTEMS LTD,146.90,151.80,142.10,150.85,151.75,139.25,,150.85,,,94000,13939900.00,47,F1,2000,,,,,
2026-10-06,2026-10-06,CM,NSE,STK,765030,INE758A01072,AVANCE,EQ,,,,,AVANCE TECHNOLOGIES LTD.,0.81,0.81,0.77,0.77,0.78,0.79,,0.77,,,7221289,5673912.98,1725,F1,1,,,,,
2026-10-06,2026-10-06,CM,NSE,STK,24610,INE005B01027,AVANTEL,EQ,,,,,AVANTEL LIMITED,148.11,152.00,148.10,151.08,151.00,147.59,,151.08,,,691347,104197456.74,8018,F1,1,,,,,
2026-10-06,2026-10-06,CM,NSE,STK,7936,INE871C01038,AVANTIFEED,EQ,,,,,AVANTI FEEDS LIMITED,714.65,720.75,709.00,714.10,713.00,711.10,,714.09,,,139663,99666217.95,9903,F1,1,,,,,
2026-10-06,2026-10-06,CM,NSE,STK,20502,INE617I01024,AVATAR,SM,,,,,AVATAR INDUSTRIES LIMITED,166.90,166.95,156.00,166.95,166.95,159.00,,166.95,,,18000,2969100.00,9,F1,2000,,,,,
2026-10-06,2026-10-06,CM,NSE,STK,19913,INE192R01011,DMART,EQ,,,,,AVENUE SUPERMARTS LIMITED,3545.30,3595.00,3521.00,3581.90,3581.90,3567.00,,3581.78,,,827372,2946760759.10,37361,F1,1,,,,,
2026-10-06,2026-10-06,CM,NSE,STK,16249,INE483S01020,CCAVENUE,EQ,,,,,AVENUESAI LIMITED,15.03,15.49,15.03,15.35,15.40,14.99,,15.35,,,17222230,264195024.82,12272,F1,1,,,,,
2026-10-06,2026-10-06,CM,NSE,STK,15589,INE680Z01018,AVG,EQ,,,,,AVG LOGISTICS LIMITED,168.15,174.00,165.00,172.06,174.00,168.15,,172.05,,,75078,12827838.76,183,F1,1,,,,,
2026-10-06,2026-10-06,CM,NSE,STK,25520,INE0TFB01017,AVIANSH,SM,,,,,AVI ANSH TEXTILE LIMITED,100.50,100.50,100.50,100.50,100.50,100.75,,100.50,,,1000,100500.00,1,F1,1000,,,,,
2026-10-06,2026-10-06,CM,NSE,STK,755092,INE0V9I01017,AVIENCE,SM,,,,,AVIENCE BIOMEDICALS LTD,295.50,304.95,273.00,290.15,287.00,294.35,,290.15,,,105600,30408480.00,168,F1,600,,,,,
2026-10-06,2026-10-06,CM,NSE,STK,14064,INE855F01042,ASMS,EQ,,,,,AVIO SMART MRKT STACK LTD,5.96,6.00,5.77,5.98,6.00,5.84,,5.98,,,165301,978659.99,405,F1,1,,,,,
2026-10-06,2026-10-06,CM,NSE,STK,13557,INE323B01024,AVONMORE,EQ,,,,,AVONMORE CAP&MGT SERV LTD,13.06,13.06,12.44,12.55,12.53,12.49,,12.54,,,66577,840537.30,427,F1,1,,,,,
2026-10-06,2026-10-06,CM,NSE,STK,23159,INE0R9401019,AVPINFRA,SM,,,,,AVP INFRACON LIMITED,55.05,58.35,55.00,57.30,57.30,55.90,,57.30,,,33600,1894440.00,25,F1,800,,,,,
2026-10-06,2026-10-06,CM,NSE,STK,8827,INE652Z01025,AVROIND,EQ,,,,,AVRO INDIA LIMITED,6.65,7.29,6.65,6.85,6.87,6.97,,6.85,,,150875,1030267.10,356,F1,1,,,,,
2026-10-06,2026-10-06,CM,NSE,STK,14008,INE488D01021,AVTNPL,EQ,,,,,AVT NATURAL PRODUCTS LTD,89.82,91.90,89.28,90.18,90.70,88.84,,90.16,,,127373,11555035.35,2362,F1,1,,,,,
2026-10-06,2026-10-06,CM,NSE,STK,23864,INE108V01019,AWFIS,EQ,,,,,AWFIS SPACE SOLUTIONS LTD,235.59,249.00,235.00,243.54,245.00,235.59,,243.55,,,547536,132894693.76,12551,F1,1,,,,,
2026-10-06,2026-10-06,CM,NSE,STK,8110,INE699H01024,AWL,EQ,,,,,AWL AGRI BUSINESS LIMITED,179.45,187.88,178.65,185.93,186.00,176.15,,185.93,,,4711354,868380937.85,49734,F1,1,,,,,
2026-10-06,2026-10-06,CM,NSE,STK,766238,INE16J201028,AXIOMGAS,ST,,,,,AXIOM GAS ENGINEERING LTD,39.85,41.90,39.85,40.00,40.00,41.90,,40.00,,,520000,20828400.00,172,F1,2000,,,,,
2026-10-06,2026-10-06,CM,NSE,STK,5900,INE238A01034,AXISBANK,EQ,,,,,AXIS BANK LIMITED,1234.00,1251.90,1232.00,1248.00,1248.00,1222.20,,1248.00,,,7518330,9355571180.60,137521,F1,1,,,,,
2026-10-06,2026-10-06,CM,NSE,STK,765499,INF846KA1598,ENERGYAXIS,EQ,,,,,AXISAMC - ENERGYAXIS,18.59,18.59,18.37,18.42,18.41,18.36,,18.42,,,8261,152254.62,54,F1,1,,,,,
2026-10-06,2026-10-06,CM,NSE,STK,1044,INF846K01X63,BNKETFAXIS,EQ,,,,,AXISAMC-BNKETFAXIS,567.13,570.01,567.03,568.73,569.06,563.05,,568.73,,,2590,1474295.30,36,F1,1,,,,,
2026-10-06,2026-10-06,CM,NSE,STK,5732,INF846K016C7,CONSUMAXIS,EQ,,,,,AXISAMC-CONSUMAXIS,113.23,113.95,113.00,113.50,113.50,112.77,,113.50,,,4209,476680.01,14,F1,1,,,,,
2026-10-06,2026-10-06,CM,NSE,STK,20532,INF846K01W80,GOLDAXIS,EQ,,,,,AXISAMC-GOLDAXIS,122.14,122.40,121.30,122.34,122.39,122.40,,122.34,,,1062940,129468812.11,2643,F1,1,,,,,
2026-10-06,2026-10-06,CM,NSE,STK,3608,INF846K01Z12,HEALTHAXIS,EQ,,,,,AXISAMC-HEALTHAXIS,162.25,164.12,161.91,163.78,164.12,162.33,,163.78,,,2581,421805.87,51,F1,1,,,,,
2026-10-06,2026-10-06,CM,NSE,STK,3010,INF846K01Y96,ITAXIS,EQ,,,,,AXISAMC-ITAXIS,310.98,310.98,307.42,307.77,309.00,312.02,,307.77,,,3520,1086940.74,51,F1,1,,,,,
2026-10-06,2026-10-06,CM,NSE,STK,21252,INF846K01W98,NIFTYAXIS,EQ,,,,,AXISAMC-NIFTYAXIS,250.59,252.63,249.86,251.28,252.53,250.63,,251.28,,,166573,41938714.51,205,F1,1,,,,,
2026-10-06,2026-10-06,CM,NSE,STK,14742,INF846K010Q0,SENSEXAXIS,EQ,,,,,AXISAMC-SENSEXAXIS,75.98,75.98,75.38,75.78,75.58,75.22,,75.77,,,4817,364725.15,47,F1,1,,,,,
2026-10-06,2026-10-06,CM,NSE,STK,11193,INF846K011K1,SILVERAXIS,EQ,,,,,AXISAMC-SILVERAXIS,218.91,219.26,216.79,219.09,219.14,220.26,,219.09,,,715377,156144349.46,1809,F1,1,,,,,
2026-10-06,2026-10-06,CM,NSE,STK,30155,INF846KA1119,VALUEAXIS,EQ,,,,,AXISAMC-VALUEAXIS,31.28,31.28,30.90,30.93,31.09,31.02,,30.93,,,71332,2212511.15,396,F1,1,,,,,
2026-10-06,2026-10-06,CM,NSE,STK,9436,INE555B01013,AXISCADES,EQ,,,,,AXISCADES TECH LTD,2280.00,2300.00,2252.30,2288.50,2285.00,2282.30,,2288.61,,,141367,321754736.60,18199,F1,1,,,,,
2026-10-06,2026-10-06,CM,NSE,STK,9902,INE02EZ01022,AXITA,EQ,,,,,AXITA COTTON LIMITED,7.59,7.63,7.17,7.51,7.46,7.59,,7.51,,,223090,1682218.77,841,F1,1,,,,,
2026-10-06,2026-10-06,CM,NSE,STK,764613,INE767C01012,AXTEL,EQ,,,,,AXTEL INDUSTRIES LTD.,430.00,450.95,430.00,447.95,446.35,430.40,,447.95,,,4750,2114187.50,409,F1,1,,,,,
2026-10-06,2026-10-06,CM,NSE,STK,760981,INE501X01029,AYE,EQ,,,,,AYE FINANCE LIMITED,162.57,166.78,162.57,165.56,166.40,162.75,,165.54,,,320576,52856289.74,6781,F1,1,,,,,
2026-10-06,2026-10-06,CM,NSE,STK,10285,INE193B01039,AYMSYNTEX,EQ,,,,,AYM SYNTEX LIMITED,286.00,292.80,281.30,289.25,292.80,283.15,,289.24,,,32944,9422609.95,5317,F1,1,,,,,
2026-10-06,2026-10-06,CM,NSE,STK,20905,INE02IJ01035,AZAD,EQ,,,,,AZAD ENGINEERING LIMITED,2940.00,3091.70,2905.50,3062.60,3054.80,2927.20,,3062.47,,,1329869,4045076589.20,86992,F1,1,,,,,
2026-10-06,2026-10-06,CM,NSE,STK,765035,INE566M01017,AZADIND,EQ,,,,,AZAD INDIA MOBILITY LTD.,83.80,83.80,80.02,80.94,81.95,83.05,,80.94,,,41576,3415074.86,949,F1,1,,,,,
2026-10-06,2026-10-06,CM,NSE,STK,762616,INE489D01011,BNALTD,BE,,,,,B & A LTD.,350.00,351.10,348.00,351.10,351.10,351.80,,351.10,,,202,70502.20,3,F1,1,,,,,
2026-10-06,2026-10-06,CM,NSE,STK,12153,INE01EE01011,BBTCL,EQ,,,,,B&B TRIPLEWALL CONT LTD,234.94,241.94,230.02,233.12,234.98,234.94,,233.12,,,5121,1208389.62,229,F1,1,,,,,
2026-10-06,2026-10-06,CM,NSE,STK,11226,INE116D01028,BAGFILMS,EQ,,,,,B.A.G FILMS AND MEDIA LTD,4.14,4.17,4.05,4.11,4.11,4.10,,4.11,,,63985,263645.50,104,F1,1,,,,,
2026-10-06,2026-10-06,CM,NSE,STK,759420,INE17CQ01015,BAGDIGITAL,SM,,,,,B.A.G.CONVERGENCE LIMITED,107.70,107.70,107.70,107.70,107.70,107.05,,107.70,,,1600,172320.00,1,F1,1600,,,,,
2026-10-06,2026-10-06,CM,NSE,STK,13290,INE350H01032,BLKASHYAP,EQ,,,,,B.L.KASHYAP & SON LTD,52.84,55.50,52.83,54.79,54.80,53.22,,54.79,,,747328,40883026.25,4934,F1,1,,,,,
2026-10-06,2026-10-06,CM,NSE,STK,25114,INE01FR01028,STYLEBAAZA,EQ,,,,,BAAZAR STYLE RETAIL LTD,359.80,377.85,357.10,375.45,376.85,359.90,,375.46,,,1260694,462940266.15,11140,F1,1,,,,,
2026-10-06,2026-10-06,CM,NSE,STK,17735,INE878I01022,BAFNAPH,BE,,,,,BAFNA PHARMACEUTICALS LTD,394.00,394.00,393.00,394.00,394.00,386.30,,400.55,,,480,189095.00,12,F1,1,,,,,
2026-10-06,2026-10-06,CM,NSE,STK,763363,INE2OVN25015,BAGMANE,RR,,,,,BAGMANE PRIME OFFICE REIT,106.80,107.48,106.10,106.43,106.43,106.50,,106.43,,,400656,42672618.87,6866,F1,1,,,,,
2026-10-06,2026-10-06,CM,NSE,STK,12989,INE029Q01017,BAHETI,SM,,,,,BAHETI RECYCLING IND LTD,734.00,750.00,721.05,725.55,729.00,735.00,,725.55,,,16125,11803856.25,30,F1,375,,,,,
2026-10-06,2026-10-06,CM,NSE,STK,13794,INE020D01022,BAIDFIN,EQ,,,,,BAID FINSERV LIMITED,10.60,10.79,9.83,10.32,10.36,10.33,,10.32,,,39796,405802.65,184,F1,1,,,,,
2026-10-06,2026-10-06,CM,NSE,STK,16669,INE917I01010,BAJAJ-AUTO,EQ,,,,,BAJAJ AUTO LIMITED,10050.00,10062.00,9955.00,10017.00,10017.00,10024.00,,10017.01,,,159069,1591790207.00,31385,F1,1,,,,,
2026-10-06,2026-10-06,CM,NSE,STK,19531,INE933K01021,BAJAJCON,EQ,,,,,BAJAJ CONSUMER CARE LTD,484.00,496.50,483.05,493.50,495.00,480.35,,493.50,,,284916,140020027.50,13868,F1,1,,,,,
2026-10-06,2026-10-06,CM,NSE,STK,15034,INE193E01025,BAJAJELEC,EQ,,,,,BAJAJ ELECT.LTD,299.45,305.25,298.75,300.25,300.00,299.25,,300.26,,,104900,31610498.85,5769,F1,1,,,,,
2026-10-06,2026-10-06,CM,NSE,STK,317,INE296A01032,BAJFINANCE,EQ,,,,,BAJAJ FINANCE LIMITED,970.00,973.25,957.00,963.10,963.10,970.00,,963.09,,,4380406,4221478392.70,103639,F1,1,,,,,
2026-10-06,2026-10-06,CM,NSE,STK,16675,INE918I01026,BAJAJFINSV,EQ,,,,,BAJAJ FINSERV LTD.,1751.00,1754.00,1737.80,1752.40,1752.40,1751.40,,1752.40,,,552353,964032581.70,31503,F1,1,,,,,
2026-10-06,2026-10-06,CM,NSE,STK,6863,INE411U01027,BAJAJHCARE,EQ,,,,,BAJAJ HEALTHCARE LIMITED,323.00,324.00,317.50,323.10,324.00,319.10,,323.10,,,79462,25504098.45,2986,F1,1,,,,,
2026-10-06,2026-10-06,CM,NSE,STK,308,INE306A01021,BAJAJHIND,EQ,,,,,BAJAJ HINDUSTHAN SUGAR LT,20.50,21.49,20.42,21.33,21.36,19.96,,21.33,,,31059329,649688883.95,39850,F1,1,,,,,
2026-10-06,2026-10-06,CM,NSE,STK,305,INE118A01012,BAJAJHLDNG,EQ,,,,,BAJAJ HOLDINGS & INVS LTD,10732.00,10798.00,10555.00,10600.00,10600.00,10732.00,,10600.00,,,39830,423938374.00,10394,F1,1,,,,,
2026-10-06,2026-10-06,CM,NSE,STK,25270,INE377Y01014,BAJAJHFL,EQ,,,,,BAJAJ HOUSING FINANCE LTD,82.79,83.09,82.12,82.36,82.29,82.79,,82.36,,,1967051,162394491.68,19172,F1,1,,,,,
2026-10-06,2026-10-06,CM,NSE,STK,762563,INE704G01024,BAJAJST,EQ,,,,,BAJAJ STEEL INDS. LTD.,322.30,327.95,322.00,324.40,324.05,328.75,,324.44,,,9801,3170567.50,689,F1,1,,,,,
2026-10-06,2026-10-06,CM,NSE,STK,20531,INE0KQN01018,BAJEL,EQ,,,,,BAJEL PROJECTS LIMITED,165.00,165.96,163.10,164.08,163.10,164.05,,164.09,,,132024,21720805.96,1918,F1,1,,,,,
2026-10-06,2026-10-06,CM,NSE,STK,13444,INE083D01012,BALPHARMA,BE,,,,,BAL PHARMA LTD.,103.01,105.00,101.46,101.46,101.46,106.79,,101.50,,,21864,2243040.37,270,F1,1,,,,,
2026-10-06,2026-10-06,CM,NSE,STK,14501,INE050E01027,BALAMINES,EQ,,,,,BALAJI AMINES LIMITED,1961.00,2349.30,1961.00,2287.70,2279.00,1957.80,,2287.73,,,2585710,5843966395.70,154506,F1,1,,,,,
2026-10-06,2026-10-06,CM,NSE,STK,30030,INE0PQ601019,BALAJIPHOS,SM,,,,,BALAJI PHOSPHATES LIMITED,106.00,106.00,106.00,106.00,106.00,106.40,,106.00,,,1000,106000.00,1,F1,1000,,,,,
2026-10-06,2026-10-06,CM,NSE,STK,9158,INE794B01026,BALAJITELE,EQ,,,,,BALAJI TELEFILMS LIMITED.,91.45,91.69,89.11,90.56,91.21,90.61,,90.62,,,80196,7257696.36,1794,F1,1,,,,,
2026-10-06,2026-10-06,CM,NSE,STK,11309,INE618N01022,BALAXI,EQ,,,,,BALAXI PHARMA LTD,23.00,23.00,22.32,22.67,22.90,22.77,,22.67,,,8384,190308.55,80,F1,1,,,,,
2026-10-06,2026-10-06,CM,NSE,STK,335,INE787D01026,BALKRISIND,EQ,,,,,BALKRISHNA IND. LTD,2069.90,2103.90,2050.60,2082.70,2081.80,2066.50,,2082.66,,,122686,255382673.50,18099,F1,1,,,,,
2026-10-06,2026-10-06,CM,NSE,STK,10181,INE875R01011,BALKRISHNA,EQ,,,,,BALKRISHNA PAPER MILLS L,16.95,16.95,15.76,16.21,16.40,16.00,,16.21,,,2770,44984.55,50,F1,1,,,,,
2026-10-06,2026-10-06,CM,NSE,STK,338,INE164A01016,BALMLAWRIE,EQ,,,,,BALMER LAWRIE & CO LTD,159.50,160.16,149.85,158.78,158.50,158.59,,158.77,,,210133,32898838.99,3697,F1,1,,,,,
2026-10-06,2026-10-06,CM,NSE,STK,762603,INE525F01025,BLIL,EQ,,,,,BALMER LAWRIE INVSTS. L,64.91,65.42,64.46,65.21,65.06,64.50,,65.19,,,36925,2397933.01,711,F1,1,,,,,
2026-10-06,2026-10-06,CM,NSE,STK,341,INE119A01028,BALRAMCHIN,EQ,,,,,BALRAMPUR CHINI MILLS LTD,685.00,714.50,682.35,691.30,688.10,671.50,,691.29,,,2257521,1561525162.85,60916,F1,1,,,,,
2026-10-06,2026-10-06,CM,NSE,STK,23607,INE011E01029,BALUFORGE,EQ,,,,,BALU FORGE INDUSTRIES LTD,507.80,529.00,503.05,526.95,527.70,502.80,,526.93,,,777797,404176724.20,63715,F1,1,,,,,
2026-10-06,2026-10-06,CM,NSE,STK,347,INE655B01011,BANARBEADS,EQ,,,,,BANARAS BEADS LTD,118.98,119.65,116.11,116.11,116.11,115.04,,116.11,,,1285,151468.83,38,F1,1,,,,,
2026-10-06,2026-10-06,CM,NSE,STK,13880,INE213C01025,BANCOINDIA,EQ,,,,,BANCO PRODUCTS (I) LTD,590.00,604.60,590.00,602.65,604.00,589.80,,602.62,,,54328,32545202.45,4838,F1,1,,,,,
2026-10-06,2026-10-06,CM,NSE,STK,2263,INE545U01014,BANDHANBNK,EQ,,,,,BANDHAN BANK LIMITED,169.11,170.85,162.46,164.15,164.15,168.27,,164.15,,,12148002,2013230339.60,61205,F1,1,,,,,
2026-10-06,2026-10-06,CM,NSE,STK,760325,INF194KB1KJ7,GOLDBND,EQ,,,,,BANDHANAMC - GOLDBND,145.05,147.00,144.91,146.97,146.86,147.06,,146.97,,,17655,2593233.77,129,F1,1,,,,,
2026-10-06,2026-10-06,CM,NSE,STK,18783,INF194KA1U07,IDFNIFTYET,EQ,,,,,BANDHANAMC - IDFNIFTYET,255.94,255.94,247.55,251.47,251.47,249.70,,251.47,,,1341,336754.05,47,F1,1,,,,,
2026-10-06,2026-10-06,CM,NSE,STK,760328,INF194KB1KI9,SILVERBND,EQ,,,,,BANDHANAMC - SILVERBND,219.93,221.72,219.00,221.55,220.50,222.53,,221.55,,,2006,442314.56,86,F1,1,,,,,
2026-10-06,2026-10-06,CM,NSE,STK,15303,INE863I01016,BANG,EQ,,,,,BANG OVERSEAS LTD.,33.28,34.40,32.50,33.49,34.00,33.28,,33.49,,,57018,1910317.94,339,F1,1,,,,,
2026-10-06,2026-10-06,CM,NSE,STK,4668,INE028A01039,BANKBARODA,EQ,,,,,BANK OF BARODA,233.02,234.80,231.80,232.73,232.73,232.80,,232.73,,,5312668,1239580604.29,40808,F1,1,,,,,
2026-10-06,2026-10-06,CM,NSE,STK,4745,INE084A01016,BANKINDIA,EQ,,,,,BANK OF INDIA,133.40,133.72,131.62,132.16,132.16,133.50,,132.16,,,3280724,434509335.70,20661,F1,1,,,,,
2026-10-06,2026-10-06,CM,NSE,STK,11377,INE457A01014,MAHABANK,EQ,,,,,BANK OF MAHARASHTRA,81.00,81.30,80.02,80.80,80.80,80.90,,80.80,,,8455689,680558031.76,42526,F1,1,,,,,
2026-10-06,2026-10-06,CM,NSE,STK,822,INE862Y01015,BANKA,EQ,,,,,BANKA BIOLOO LIMITED,69.84,70.40,66.95,69.50,70.00,69.84,,69.50,,,962,66348.86,39,F1,1,,,,,
2026-10-06,2026-10-06,CM,NSE,STK,12034,INE186H01022,BASML,EQ,,,,,BANNARI AM SPIN MILL LTD.,22.51,23.30,22.51,22.88,22.89,22.54,,22.88,,,34084,780283.77,97,F1,1,,,,,
2026-10-06,2026-10-06,CM,NSE,STK,350,INE459A01010,BANARISUG,EQ,,,,,BANNARI AMMAN SUGARS LTD,3300.00,3439.90,3300.00,3349.30,3360.00,3296.80,,3348.99,,,1405,4737272.40,291,F1,1,,,,,
2026-10-06,2026-10-06,CM,NSE,STK,24386,INE0B9K01025,BANSALWIRE,EQ,,,,,BANSAL WIRE INDUSTRIES L,323.05,335.20,323.05,325.70,325.20,323.05,,325.69,,,100324,32871206.30,5331,F1,1,,,,,
2026-10-06,2026-10-06,CM,NSE,STK,14511,INE629D01020,BANSWRAS,EQ,,,,,BANSWARA SYNTEX LIMITED,105.93,105.93,104.41,105.09,105.00,102.93,,105.10,,,14812,1556574.66,249,F1,1,,,,,
2026-10-06,2026-10-06,CM,NSE,STK,15073,INE139I01011,BVCL,EQ,,,,,BARAK VALLEY CEM. LTD.,41.16,41.94,40.56,41.44,41.79,41.21,,41.43,,,27256,1127340.08,281,F1,1,,,,,
2026-10-06,2026-10-06,CM,NSE,STK,29176,INE0QX401014,BARFLEX,SM,,,,,BARFLEX POLYFILMS LIMITED,52.75,54.25,49.15,52.25,54.25,51.65,,52.25,,,40000,2089000.00,13,F1,2000,,,,,
2026-10-06,2026-10-06,CM,NSE,STK,24117,INF251K01TL6,BBNPNBETF,EQ,,,,,BARODABNP - BBNPNBETF,55.83,55.83,55.26,55.68,55.68,55.40,,55.59,,,275,15273.43,18,F1,1,,,,,
2026-10-06,2026-10-06,CM,NSE,STK,20547,INF251K01SU9,BBNPPGOLD,EQ,,,,,BARODABNP - BBNPPGOLD,142.00,142.40,139.15,141.85,142.30,142.25,,141.85,,,5215,738399.90,93,F1,1,,,,,
2026-10-06,2026-10-06,CM,NSE,STK,368,INE373A01013,BASF,EQ,,,,,BASF INDIA LTD,3448.40,3507.80,3406.10,3472.10,3500.00,3406.00,,3472.17,,,20716,72008897.10,3752,F1,1,,,,,
2026-10-06,2026-10-06,CM,NSE,STK,18442,INE0OCC01013,BASILIC,SM,,,,,BASILIC FLY STUDIO LTD,181.00,206.00,181.00,198.30,202.00,182.95,,198.30,,,81900,15894105.00,160,F1,300,,,,,
2026-10-06,2026-10-06,CM,NSE,STK,371,INE176A01028,BATAINDIA,EQ,,,,,BATA INDIA LTD,612.55,623.95,611.20,619.85,623.00,611.05,,619.93,,,71929,44399823.25,5812,F1,1,,,,,
2026-10-06,2026-10-06,CM,NSE,STK,762568,INE177C01022,BATLIBOI,EQ,,,,,BATLIBOI LTD.,89.80,99.32,89.75,96.16,96.75,89.78,,96.16,,,258938,24703267.56,3340,F1,1,,,,,
2026-10-06,2026-10-06,CM,NSE,STK,22571,INE0JFJ01011,BAWEJA,SM,,,,,BAWEJA STUDIOS LIMITED,26.10,26.80,26.10,26.10,26.10,26.10,,26.10,,,4000,104960.00,3,F1,800,,,,,
2026-10-06,2026-10-06,CM,NSE,STK,17927,INE462A01022,BAYERCROP,EQ,,,,,BAYER CROPSCIENCE LTD,3508.90,3554.20,3508.00,3533.40,3520.00,3508.90,,3533.45,,,17934,63284017.50,5946,F1,1,,,,,
2026-10-06,2026-10-06,CM,NSE,STK,2513,INE412G01024,BCLIND,EQ,,,,,BCL INDUSTRIES LIMITED,31.42,32.19,31.36,32.03,32.10,31.29,,32.03,,,365447,11620658.49,2619,F1,1,,,,,
2026-10-06,2026-10-06,CM,NSE,STK,761494,INE00SW01015,BCPL,EQ,,,,,BCPL RAILWAY INFRA LTD,68.00,69.80,66.00,67.24,67.74,67.00,,67.24,,,17887,1207666.62,563,F1,1,,,,,
2026-10-06,2026-10-06,CM,NSE,STK,23922,INE639X01027,BEACON,SM,,,,,BEACON TRUSTEESHIP LTD,81.60,81.80,81.30,81.30,81.30,85.15,,81.30,,,7000,571000.00,7,F1,1000,,,,,
2026-10-06,2026-10-06,CM,NSE,STK,17933,INE520H01022,BEARDSELL,EQ,,,,,BEARDSELL LIMITED,23.50,23.50,22.11,22.50,22.75,22.76,,22.50,,,24500,557845.55,354,F1,1,,,,,
2026-10-06,2026-10-06,CM,NSE,STK,20196,INE844K01012,BEDMUTHA,EQ,,,,,BEDMUTHA INDUST LTD,106.18,108.56,104.99,106.23,108.00,107.25,,107.18,,,15926,1693727.64,185,F1,1,,,,,
2026-10-06,2026-10-06,CM,NSE,STK,762573,INE213D01015,BEEKAY,EQ,,,,,BEEKAY STEEL INDS. LTD.,425.05,442.00,425.05,434.10,433.70,426.90,,434.10,,,1114,481278.50,81,F1,1,,,,,
2026-10-06,2026-10-06,CM,NSE,STK,765291,INE1EEM01017,BLEL,EQ,,,,,BEHARI LAL ENGINEERING L,492.90,516.95,481.55,510.05,509.80,490.05,,510.04,,,2319444,1175495354.10,51829,F1,1,,,,,
2026-10-06,2026-10-06,CM,NSE,STK,757938,INE344T01014,BELLACASA,EQ,,,,,BELLA CASA FASH AND RET L,241.80,248.40,238.00,242.13,241.10,238.26,,241.61,,,6123,1485223.57,630,F1,1,,,,,
2026-10-06,2026-10-06,CM,NSE,STK,757102,INE894V01022,BELRISE,EQ,,,,,BELRISE INDUSTRIES LTD,231.29,237.75,225.01,236.81,237.00,231.12,,236.81,,,2650681,613609583.49,42497,F1,1,,,,,
2026-10-06,2026-10-06,CM,NSE,STK,15067,INE0N7W01012,BLAL,EQ,,,,,BEML LAND ASSETS LIMITED,159.25,160.00,156.03,157.53,159.75,156.84,,157.54,,,6912,1095148.09,260,F1,1,,,,,
2026-10-06,2026-10-06,CM,NSE,STK,395,INE258A01024,BEML,EQ,,,,,BEML LIMITED,1980.00,2060.20,1970.50,2042.20,2052.00,1970.40,,2042.33,,,196225,394484747.80,20776,F1,1,,,,,
2026-10-06,2026-10-06,CM,NSE,STK,764618,INE664D01019,BENARAS,EQ,,,,,BENARES HOTELS LTD.,10200.00,10250.00,10145.00,10238.00,10250.00,10166.00,,10246.59,,,221,2254684.00,47,F1,1,,,,,
2026-10-06,2026-10-06,CM,NSE,STK,766390,INE2OKU01014,BMISL,ST,,,,,BENCH MARK INFOTECH SER L,121.25,121.25,121.25,121.25,121.25,115.50,,121.25,,,105600,12804000.00,49,F1,1200,,,,,
2026-10-06,2026-10-06,CM,NSE,STK,762578,INE083K01017,BENGALASM,EQ,,,,,BENGAL & ASSAM CO. LTD.,5888.00,6125.00,5800.00,6110.50,6100.00,5772.00,,6110.82,,,657,3958531.50,181,F1,1,,,,,
2026-10-06,2026-10-06,CM,NSE,STK,404,INE463A01038,BERGEPAINT,EQ,,,,,BERGER PAINTS (I) LTD,461.50,474.65,457.45,472.55,473.20,458.40,,472.52,,,383616,179165729.75,21252,F1,1,,,,,
2026-10-06,2026-10-06,CM,NSE,STK,2306,INE052T01021,BESTAGRO,EQ,,,,,BEST AGROLIFE LIMITED,17.94,18.18,17.62,17.89,17.87,17.73,,17.89,,,523828,9374050.43,1646,F1,1,,,,,
2026-10-06,2026-10-06,CM,NSE,STK,759842,INE351Y01019,BETA,EQ,,,,,BETA DRUGS LIMITED,1990.10,2027.50,1989.90,2001.40,2000.10,2004.00,,2001.40,,,10362,20786855.60,1670,F1,1,,,,,
2026-10-06,2026-10-06,CM,NSE,STK,5662,INE0HQI01014,BEWLTD,SM,,,,,BEW ENGINEERING LIMITED,60.05,60.50,57.60,57.80,57.65,59.60,,57.80,,,28000,1659750.00,33,F1,500,,,,,
2026-10-06,2026-10-06,CM,NSE,STK,21113,INE878K01010,BFINVEST,EQ,,,,,BF INVESTMENT LIMITED,441.80,443.35,435.10,441.35,442.00,436.85,,441.35,,,11744,5156817.45,964,F1,1,,,,,
2026-10-06,2026-10-06,CM,NSE,STK,14567,INE243D01012,BFUTILITIE,EQ,,,,,BF UTILITIES LIMITED,502.80,504.15,495.60,498.90,499.20,495.90,,498.81,,,20937,10457859.20,1390,F1,1,,,,,
2026-10-06,2026-10-06,CM,NSE,STK,764183,INF0QA701CI0,BANK10BETF,EQ,,,,,BFAM - BANK10BETF,20.09,21.39,19.89,20.32,20.67,19.62,,20.32,,,5941334,120762851.79,476,F1,1,,,,,
2026-10-06,2026-10-06,CM,NSE,STK,21986,INF0QA701714,BANKBETF,EQ,,,,,BFAM - BANKBETF,55.80,56.23,55.65,55.96,56.10,55.75,,55.96,,,7700,431233.00,234,F1,1,,,,,
2026-10-06,2026-10-06,CM,NSE,STK,23915,INF0QA701854,LIQUIDBETF,EQ,,,,,BFAM - LIQUIDBETF,1101.75,1101.77,1101.75,1101.75,1101.77,1101.63,,1101.75,,,218906,241180704.75,76,F1,1,,,,,
2026-10-06,2026-10-06,CM,NSE,STK,21959,INF0QA701722,NIFTYBETF,EQ,,,,,BFAM - NIFTYBETF,233.01,234.75,232.60,233.91,233.79,232.63,,233.91,,,2160,504994.46,133,F1,1,,,,,
2026-10-06,2026-10-06,CM,NSE,STK,15193,INE661I01014,BGRENERGY,BE,,,,,BGR ENERGY SYSTEMS LTD,244.59,244.59,240.12,244.11,243.00,232.95,,244.11,,,99629,24343966.04,662,F1,1,,,,,
2026-10-06,2026-10-06,CM,NSE,STK,758228,INE0ZRC01017,BHADORA,ST,,,,,BHADORA INDUSTRIES LTD,153.00,161.15,147.60,155.10,155.00,153.50,,155.10,,,98400,15431640.00,70,F1,1200,,,,,
2026-10-06,2026-10-06,CM,NSE,STK,13400,INE354C01027,BHAGERIA,EQ,,,,,BHAGERIA INDUSTRIES LTD,364.70,401.10,364.70,393.55,397.00,364.65,,393.49,,,361311,142321710.60,6772,F1,1,,,,,
2026-10-06,2026-10-06,CM,NSE,STK,6164,INE414D01027,BHAGCHEM,EQ,,,,,BHAGIRADHA CHEM & INDS L,228.00,240.50,228.00,239.91,240.48,229.14,,239.91,,,97813,23166452.39,1545,F1,1,,,,,
2026-10-06,2026-10-06,CM,NSE,STK,20776,INE458B01036,BHAGYANGR,EQ,,,,,BHAGYANAGAR INDIA LIMITED,417.90,432.95,413.50,432.95,432.95,412.35,,432.93,,,149876,64219208.65,3332,F1,1,,,,,
2026-10-06,2026-10-06,CM,NSE,STK,19556,INE474E01029,BHANDARI,EQ,,,,,BHANDARI HOSIERY EXP LTD,2.74,2.87,2.72,2.83,2.85,2.76,,2.83,,,149942,418347.12,250,F1,1,,,,,
2026-10-06,2026-10-06,CM,NSE,STK,419,INE922A01025,BEPL,EQ,,,,,BHANSALI ENG. POLYMERS LT,125.19,129.60,125.00,128.63,129.00,124.77,,128.63,,,1635015,209638620.19,11566,F1,1,,,,,
2026-10-06,2026-10-06,CM,NSE,STK,13761,INE464A01036,BBL,EQ,,,,,BHARAT BIJLEE LTD,2062.00,2084.40,2041.70,2068.80,2070.00,2058.80,,2068.67,,,26540,54769653.00,4225,F1,1,,,,,
2026-10-06,2026-10-06,CM,NSE,STK,760726,INE05XR01022,BHARATCOAL,EQ,,,,,BHARAT COKING COAL LTD,32.22,32.33,31.84,32.05,32.09,31.88,,32.05,,,4263686,136819134.29,16032,F1,1,,,,,
2026-10-06,2026-10-06,CM,NSE,STK,2144,INE171Z01026,BDL,EQ,,,,,BHARAT DYNAMICS LIMITED,1096.20,1111.00,1092.20,1101.80,1101.80,1096.20,,1101.78,,,729165,804319136.60,26571,F1,1,,,,,
2026-10-06,2026-10-06,CM,NSE,STK,383,INE263A01024,BEL,EQ,,,,,BHARAT ELECTRONICS LTD,383.20,387.65,382.55,387.40,387.40,384.85,,387.40,,,10038178,3872554231.25,114008,F1,1,,,,,
2026-10-06,2026-10-06,CM,NSE,STK,422,INE465A01025,BHARATFORG,EQ,,,,,BHARAT FORGE LTD,1830.10,1881.00,1825.00,1880.00,1880.00,1833.00,,1880.00,,,1089594,2034223680.00,45284,F1,1,,,,,
2026-10-06,2026-10-06,CM,NSE,STK,9397,INE561C01019,BHARATGEAR,BE,,,,,BHARAT GEARS LTD,99.94,100.99,99.20,99.88,99.95,99.67,,99.88,,,6980,697935.97,65,F1,1,,,,,
2026-10-06,2026-10-06,CM,NSE,STK,764623,INE365Y01019,BPLPHARMA,EQ,,,,,BHARAT PARENTERALS LTD.,1758.20,1899.00,1741.30,1836.40,1888.00,1726.90,,1837.11,,,11347,20570212.70,1075,F1,1,,,,,
2026-10-06,2026-10-06,CM,NSE,STK,526,INE029A01011,BPCL,EQ,,,,,BHARAT PETROLEUM CORP  LT,297.40,300.50,294.60,300.50,300.50,296.95,,300.49,,,6314935,1876868140.95,40210,F1,1,,,,,
2026-10-06,2026-10-06,CM,NSE,STK,3834,INE838B01021,BHARATRAS,EQ,,,,,BHARAT RASAYAN LTD,994.20,1008.30,978.00,998.30,991.70,983.20,,998.29,,,16359,16305188.90,2132,F1,1,,,,,
2026-10-06,2026-10-06,CM,NSE,STK,21683,INE727S01012,BRNL,EQ,,,,,BHARAT ROAD NETWORK LTD,16.59,16.59,15.73,16.03,16.02,16.13,,16.04,,,17457,282137.42,215,F1,1,,,,,
2026-10-06,2026-10-06,CM,NSE,STK,30244,INE415D01024,BHARATSE,EQ,,,,,BHARAT SEATS LIMITED,203.50,207.90,203.50,206.14,207.50,202.86,,206.17,,,66668,13699804.42,4783,F1,1,,,,,
2026-10-06,2026-10-06,CM,NSE,STK,16123,INE316L01019,BHARATWIRE,EQ,,,,,BHARAT WIRE ROPES LTD.,161.60,167.99,161.60,165.28,166.00,162.25,,165.28,,,121132,20049103.83,2722,F1,1,,,,,
2026-10-06,2026-10-06,CM,NSE,STK,10604,INE397D01024,BHARTIARTL,EQ,,,,,BHARTI AIRTEL LIMITED,1777.00,1810.50,1771.40,1810.50,1810.50,1779.90,,1810.49,,,5155150,9264511141.10,133220,F1,1,,,,,
2026-10-06,2026-10-06,CM,NSE,STK,23489,INE343G01021,BHARTIHEXA,EQ,,,,,BHARTI HEXACOM LIMITED,1383.10,1403.30,1359.20,1386.80,1384.60,1383.10,,1386.81,,,308564,425274621.70,35194,F1,1,,,,,
2026-10-06,2026-10-06,CM,NSE,STK,7848,INE828A01016,BIL,EQ,,,,,BHARTIYA INTERNATIONAL,1088.50,1112.85,1042.70,1092.85,1081.00,1071.15,,1093.02,,,27873,30084179.95,1609,F1,1,,,,,
2026-10-06,2026-10-06,CM,NSE,STK,438,INE257A01026,BHEL,EQ,,,,,BHEL,429.00,453.90,427.70,452.00,452.00,429.00,,451.99,,,22865195,10211323348.75,186785,F1,1,,,,,
2026-10-06,2026-10-06,CM,NSE,STK,762621,INE274K01012,BTTL,BE,,,,,BHILWARA TECHNICAL TEXT L,39.20,39.30,39.20,39.30,39.30,38.72,,39.35,,,644,25279.70,6,F1,1,,,,,
2026-10-06,2026-10-06,CM,NSE,STK,18431,INE412U01025,BIGBLOC,EQ,,,,,BIGBLOC CONSTRUCTION LTD,38.00,38.21,36.50,37.22,37.49,37.57,,37.19,,,43526,1626015.44,1002,F1,1,,,,,
2026-10-06,2026-10-06,CM,NSE,STK,11966,INE00E101023,BIKAJI,EQ,,,,,BIKAJI FOODS INTERN LTD,486.80,498.25,477.55,481.10,482.40,487.00,,481.08,,,975537,470763950.75,25893,F1,1,,,,,
2026-10-06,2026-10-06,CM,NSE,STK,25527,INE0SQH01013,BIKEWO,ST,,,,,BIKEWO GREEN TECH LIMITED,126.00,126.80,126.00,126.80,126.80,124.40,,126.80,,,62000,7818400.00,20,F1,2000,,,,,
2026-10-06,2026-10-06,CM,NSE,STK,13622,INE071A01013,BILVYAPAR,BE,,,,,BIL VYAPAR LIMITED,4.10,4.30,4.10,4.15,4.15,4.19,,4.15,,,3257,13559.09,23,F1,1,,,,,
2026-10-06,2026-10-06,CM,NSE,STK,762586,INE986A01012,BI,BE,,,,,BILCARE LTD.,93.99,94.00,92.90,92.90,92.90,94.77,,93.15,,,7322,687517.00,36,F1,1,,,,,
2026-10-06,2026-10-06,CM,NSE,STK,759806,INE0HOQ01053,GROWW,EQ,,,,,BILLIONBRAINS GARAGE VN L,188.00,194.50,187.57,193.19,193.05,187.05,,193.19,,,41408393,7970726778.65,206004,F1,1,,,,,
2026-10-06,2026-10-06,CM,NSE,STK,762588,INE469A01019,BIMETAL,EQ,,,,,BIMETAL BEARINGS LTD.,654.95,661.00,637.00,660.40,661.00,640.00,,660.37,,,833,548528.15,46,F1,1,,,,,
2026-10-06,2026-10-06,CM,NSE,STK,11373,INE376G01013,BIOCON,EQ,,,,,BIOCON LIMITED.,369.70,371.00,366.60,369.10,369.10,369.80,,369.10,,,4647884,1712749737.70,33437,F1,1,,,,,
2026-10-06,2026-10-06,CM,NSE,STK,4136,INE829A01014,BIOFILCHEM,EQ,,,,,BIOFIL CHEM & PHARMA LTD,29.31,30.70,29.31,30.11,29.95,29.64,,30.24,,,9125,273238.54,142,F1,1,,,,,
2026-10-06,2026-10-06,CM,NSE,STK,760942,INE0XW001014,BIOPOL,SM,,,,,BIOPOL CHEMICALS LIMITED,51.70,51.75,51.00,51.75,51.75,49.30,,51.75,,,10800,556560.00,9,F1,1200,,,,,
2026-10-06,2026-10-06,CM,NSE,STK,477,INE800A01015,BIRLACABLE,EQ,,,,,BIRLA CABLE LIMITED,376.90,395.45,376.85,395.45,395.45,376.65,,395.45,,,459269,180103776.00,5935,F1,1,,,,,
2026-10-06,2026-10-06,CM,NSE,STK,480,INE340A01012,BIRLACORPN,EQ,,,,,BIRLA CORPORATION LTD,817.55,823.65,799.25,803.45,800.00,812.80,,803.50,,,186690,150502359.55,5889,F1,1,,,,,
2026-10-06,2026-10-06,CM,NSE,STK,762596,INE372E01025,BIRLAPREC,BE,,,,,BIRLA PRECISION TECH L,57.19,59.40,55.65,57.79,58.49,57.78,,57.84,,,90736,5240602.29,500,F1,1,,,,,
2026-10-06,2026-10-06,CM,NSE,STK,1455,INE557A01011,BIRLANU,EQ,,,,,BIRLANU LIMITED,1381.00,1430.00,1379.40,1406.50,1415.00,1379.50,,1406.19,,,11841,16628411.00,2145,F1,1,,,,,
2026-10-06,2026-10-06,CM,NSE,STK,24404,INF209KC1134,ABGSEC,EQ,,,,,BIRLASLAMC - ABGSEC,113.38,113.38,112.92,112.93,112.93,113.53,,112.93,,,23,2600.44,5,F1,1,,,,,
2026-10-06,2026-10-06,CM,NSE,STK,760247,INF209KC1670,ABSL10BANK,EQ,,,,,BIRLASLAMC - ABSL10BANK,162.70,163.34,162.70,163.10,163.10,162.01,,162.25,,,305,49766.26,6,F1,1,,,,,
2026-10-06,2026-10-06,CM,NSE,STK,13987,INF209KB17D5,ABSLBANETF,EQ,,,,,BIRLASLAMC - ABSLBANETF,56.59,56.60,56.26,56.46,56.60,56.03,,56.46,,,20864,1178229.24,178,F1,1,,,,,
2026-10-06,2026-10-06,CM,NSE,STK,14518,INF209KB18T9,ABSLLIQUID,EQ,,,,,BIRLASLAMC - ABSLLIQUID,999.99,1000.01,999.99,999.99,999.99,999.99,,999.99,,,5079,5078992.36,18,F1,1,,,,,
2026-10-06,2026-10-06,CM,NSE,STK,761066,INF209KC1662,ABSLMSCIN,EQ,,,,,BIRLASLAMC - ABSLMSCIN,27.92,28.01,27.82,27.82,27.82,27.72,,27.82,,,616,17196.49,7,F1,1,,,,,
2026-10-06,2026-10-06,CM,NSE,STK,7339,INF209KB16D7,ABSLNN50ET,EQ,,,,,BIRLASLAMC - ABSLNN50ET,72.30,77.00,72.20,75.28,73.64,72.69,,75.28,,,9901,736062.41,168,F1,1,,,,,
2026-10-06,2026-10-06,CM,NSE,STK,5957,INF209KB10E8,BSLSENETFG,EQ,,,,,BIRLASLAMC - BSLSENETFG,72.75,73.81,72.75,73.70,73.47,73.49,,73.70,,,1987,146233.87,64,F1,1,,,,,
2026-10-06,2026-10-06,CM,NSE,STK,24847,INF209KC1142,GSEC10ABSL,EQ,,,,,BIRLASLAMC - GSEC10ABSL,111.22,111.22,111.22,111.22,111.22,111.29,,111.22,,,90,10009.80,2,F1,1,,,,,
2026-10-06,2026-10-06,CM,NSE,STK,6297,INF209KB10C2,HEALTHY,EQ,,,,,BIRLASLAMC - HEALTHY,16.76,16.76,16.31,16.57,16.68,16.41,,16.57,,,427669,7055655.65,842,F1,1,,,,,
2026-10-06,2026-10-06,CM,NSE,STK,10693,INF209KB14K7,MOMENTUM,EQ,,,,,BIRLASLAMC - MOMENTUM,30.32,30.40,29.40,30.25,30.40,29.73,,30.25,,,61600,1854138.88,155,F1,1,,,,,
2026-10-06,2026-10-06,CM,NSE,STK,10690,INF209KB15K4,NIFTYQLITY,EQ,,,,,BIRLASLAMC - NIFTYQLITY,20.19,20.19,19.80,20.10,20.01,19.84,,20.10,,,21574,430582.35,130,F1,1,,,,,
2026-10-06,2026-10-06,CM,NSE,STK,8003,INF209KB19F6,SILVER,EQ,,,,,BIRLASLAMC - SILVER,219.69,220.30,217.74,220.17,220.25,221.22,,220.17,,,561229,123103295.51,7294,F1,1,,,,,
2026-10-06,2026-10-06,CM,NSE,STK,6462,INF209KB11D8,TECH,EQ,,,,,BIRLASLAMC - TECH,31.65,31.65,30.57,30.71,30.66,30.88,,30.72,,,11112,341467.00,132,F1,1,,,,,
2026-10-06,2026-10-06,CM,NSE,STK,23806,INF209KB19Z4,ABSLPSE,EQ,,,,,BIRLASLAMC-ABSLPSE,9.70,9.78,9.66,9.75,9.76,9.70,,9.75,,,34740,337782.03,303,F1,1,,,,,
2026-10-06,2026-10-06,CM,NSE,STK,6994,INE836A01035,BSOFT,EQ,,,,,BIRLASOFT LIMITED,276.15,281.30,273.75,279.45,279.00,276.00,,279.45,,,1297747,359206972.45,35602,F1,1,,,,,
2026-10-06,2026-10-06,CM,NSE,STK,3435,INE676A01027,BBOX,EQ,,,,,BLACK BOX LIMITED,816.00,844.55,805.65,839.95,842.95,812.50,,840.08,,,1120325,928019706.45,46617,F1,1,,,,,
2026-10-06,2026-10-06,CM,NSE,STK,762598,INE761G01016,BLACKROSE,EQ,,,,,BLACK ROSE INDS. LTD.,111.00,111.95,105.00,107.65,109.89,110.31,,107.80,,,44467,4823765.75,789,F1,1,,,,,
2026-10-06,2026-10-06,CM,NSE,STK,27144,INE0UIZ01018,BLACKBUCK,EQ,,,,,BLACKBUCK LIMITED,600.90,603.10,591.95,596.00,595.90,599.40,,596.00,,,487698,290477366.35,17341,F1,1,,,,,
2026-10-06,2026-10-06,CM,NSE,STK,8132,INE791A01024,BLBLIMITED,EQ,,,,,BLB LIMITED,16.50,16.50,15.80,16.09,16.20,15.98,,16.09,,,95266,1526764.69,941,F1,1,,,,,
2026-10-06,2026-10-06,CM,NSE,STK,19269,INE416D01022,BLISSGVS,BE,,,,,BLISS GVS PHARMA LTD,669.85,697.00,660.00,676.45,676.30,664.80,,671.52,,,166474,114475027.95,2037,F1,1,,,,,
2026-10-06,2026-10-06,CM,NSE,STK,22566,INE0NLT01028,BLSE,EQ,,,,,BLS E-SERVICES LIMITED,163.70,164.00,160.05,160.90,160.75,319.15,,160.90,,,285538,46284679.00,6643,F1,1,,,,,
2026-10-06,2026-10-06,CM,NSE,STK,17279,INE153T01027,BLS,EQ,,,,,BLS INTL SERVS LTD,216.90,224.66,216.90,223.97,224.50,215.75,,223.96,,,860041,190739611.18,21169,F1,1,,,,,
2026-10-06,2026-10-06,CM,NSE,STK,765040,INE373T01047,BLUECLOUDS,EQ,,,,,BLUE CLOUD SOFTECH SOLU L,19.66,20.10,19.60,20.01,20.07,19.61,,20.01,,,1202785,23793232.85,2725,F1,1,,,,,
2026-10-06,2026-10-06,CM,NSE,STK,7480,INE472B01011,BLUECOAST,EQ,,,,,BLUE COAST HOTELS LIMITED,22.05,22.05,21.00,22.04,22.04,21.06,,22.04,,,337,7300.65,14,F1,1,,,,,
2026-10-06,2026-10-06,CM,NSE,STK,495,INE233B01017,BLUEDART,EQ,,,,,BLUE DART EXPRESS LTD,4505.00,4575.00,4483.60,4562.80,4560.00,4514.40,,4562.73,,,6431,29155783.00,2108,F1,1,,,,,
2026-10-06,2026-10-06,CM,NSE,STK,19686,INE0KBH01020,BLUEJET,EQ,,,,,BLUE JET HEALTHCARE LTD,535.05,549.00,528.50,538.15,541.00,531.50,,538.16,,,292965,157958028.85,13751,F1,1,,,,,
2026-10-06,2026-10-06,CM,NSE,STK,8311,INE472A01039,BLUESTARCO,EQ,,,,,BLUE STAR LIMITED,1508.40,1578.60,1501.30,1571.50,1571.50,1510.00,,1571.16,,,867322,1354150374.60,47359,F1,1,,,,,
2026-10-06,2026-10-06,CM,NSE,STK,758185,INE0X3M01010,BLUEWATER,ST,,,,,BLUE WATER LOGISTICS LTD,594.00,594.00,570.00,578.60,585.90,567.05,,578.60,,,8000,4668600.00,7,F1,1000,,,,,
2026-10-06,2026-10-06,CM,NSE,STK,759291,INE304W01038,BLUESTONE,EQ,,,,,BLUESTONE JEWEL LFSTL LTD,794.00,818.00,788.55,813.85,813.90,790.65,,813.85,,,651566,526425534.90,28894,F1,1,,,,,
2026-10-06,2026-10-06,CM,NSE,STK,757520,INE0U4101014,BLUSPRING,EQ,,,,,BLUSPRING ENTERPRISES LTD,147.99,147.99,142.84,144.53,143.40,143.92,,144.53,,,139531,20204373.96,2241,F1,1,,,,,
2026-10-06,2026-10-06,CM,NSE,STK,759256,INE965W01036,BMWVENTLTD,EQ,,,,,BMW VENTURES LIMITED,50.05,50.95,49.67,50.37,50.35,50.02,,50.36,,,53078,2666888.59,1102,F1,1,,,,,
2026-10-06,2026-10-06,CM,NSE,STK,762608,INE00HZ01011,BNAGROCHEM,EQ,,,,,BN AGROCHEM LTD.,238.45,243.99,226.53,226.53,226.53,238.45,,221.55,,,16699,3926976.41,367,F1,1,,,,,
2026-10-06,2026-10-06,CM,NSE,STK,25021,INE338D01028,BODALCHEM,BE,,,,,BODAL CHEMICALS LTD,177.00,188.50,173.00,186.57,187.50,180.30,,186.59,,,564786,102587707.50,3350,F1,1,,,,,
2026-10-06,2026-10-06,CM,NSE,STK,14150,INE0EEJ01023,BTML,EQ,,,,,BODHI TREE MULTIMEDIA LTD,7.07,7.23,6.66,6.86,6.99,7.15,,6.88,,,286532,1992419.62,326,F1,1,,,,,
2026-10-06,2026-10-06,CM,NSE,STK,11640,INE802W01023,BOHRAIND,EQ,,,,,BOHRA INDUSTRIES LIMITED,13.31,14.50,13.31,14.38,14.39,14.01,,14.38,,,12632,175952.79,63,F1,1,,,,,
2026-10-06,2026-10-06,CM,NSE,STK,380,INE050A01025,BBTC,EQ,,,,,BOMBAY BURMAH TRADING COR,1300.00,1305.00,1284.00,1298.20,1301.40,1304.50,,1298.30,,,93576,121172012.40,9678,F1,1,,,,,
2026-10-06,2026-10-06,CM,NSE,STK,513,INE032A01023,BOMDYEING,EQ,,,,,BOMBAY DYEING & MFG. CO L,101.90,104.20,101.23,102.91,102.67,101.54,,102.91,,,430586,44279269.88,4691,F1,1,,,,,
2026-10-06,2026-10-06,CM,NSE,STK,6052,INE0I3Y01014,BMETRICS,SM,,,,,BOMBAY METRICS S C LTD,39.50,39.50,39.50,39.50,39.50,39.65,,39.50,,,800,31600.00,1,F1,800,,,,,
2026-10-06,2026-10-06,CM,NSE,STK,809,INE032Z01020,BSHSL,EQ,,,,,BOMBAY SUPER HYBRID SEEDS,83.10,83.40,79.90,80.10,80.00,83.07,,80.10,,,12928,1043436.33,356,F1,1,,,,,
2026-10-06,2026-10-06,CM,NSE,STK,31128,INE053F07538,810IRFC27,N2,,,,,BOND 8.10% PA TAX FREE S2,1005.49,1005.98,1002.20,1005.98,1005.98,1003.50,,1004.51,,,1774,1780115.61,31,F1,1,,,,,
2026-10-06,2026-10-06,CM,NSE,STK,31040,INE906B07CB9,830NHAI27,N2,,,,,BOND 8.30% PA TAX FREE S2,1006.90,1008.10,1006.80,1007.83,1008.00,1005.20,,1007.83,,,9167,9235233.02,34,F1,1,,,,,
2026-10-06,2026-10-06,CM,NSE,STK,30984,INE020B07HP8,846REC28,N6,,,,,BOND 8.46% TAX FREE S2A,1305.00,1305.00,1289.99,1289.99,1289.99,1135.00,,1208.00,,,601,784289.99,2,F1,1,,,,,
2026-10-06,2026-10-06,CM,NSE,STK,603,INE053F07686,865IRFC29,NA,,,,,BOND 8.65% PA TF TI-SIIB,1105.00,1111.00,1105.00,1106.67,1106.67,1104.25,,1106.67,,,1371,1518793.19,13,F1,1,,,,,
2026-10-06,2026-10-06,CM,NSE,STK,30990,INE020B07HS2,871REC28,N9,,,,,BOND 8.71% TAX FREE S2B,1128.00,1132.49,1127.01,1129.50,1129.50,1126.65,,1129.25,,,2587,2918849.50,32,F1,1,,,,,
2026-10-06,2026-10-06,CM,NSE,STK,31967,INE557F07108,863NHB34,N3,,,,,BOND 8.76%PA TF TR-I S 3A,6375.00,6500.00,6375.00,6500.00,6500.00,6410.00,,6500.00,,,251,1600250.00,6,F1,1,,,,,
2026-10-06,2026-10-06,CM,NSE,STK,1999,INE053F07744,888IRFC29,NE,,,,,BOND 8.88% PA TF TII-SIIB,1129.00,1129.00,1122.55,1123.50,1123.50,1129.21,,1123.50,,,215,242189.40,7,F1,1,,,,,
2026-10-06,2026-10-06,CM,NSE,STK,31970,INE557F07132,901NHB34,N6,,,,,BOND 9.01%PA TF TR-I S 3B,6420.00,6448.00,6420.00,6448.00,6448.00,6424.60,,6448.00,,,142,915188.00,7,F1,1,,,,,
2026-10-06,2026-10-06,CM,NSE,STK,2947,INE020B07IG5,888REC29,NF,,,,,BOND8.88% PA TF TR II S2B,1156.99,1156.99,1156.49,1156.49,1156.49,1142.20,,1152.75,,,2,2313.48,2,F1,1,,,,,
2026-10-06,2026-10-06,CM,NSE,STK,761056,INE0B9A01018,BONLON,EQ,,,,,BONLON INDUSTRIES LIMITED,39.80,40.94,39.38,39.39,39.39,39.76,,39.39,,,1362,54429.40,57,F1,1,,,,,
2026-10-06,2026-10-06,CM,NSE,STK,757919,INE16SF01016,BORANA,EQ,,,,,BORANA WEAVES LIMITED,272.10,275.45,268.45,269.60,268.60,270.40,,269.60,,,27663,7479887.15,676,F1,1,,,,,
2026-10-06,2026-10-06,CM,NSE,STK,19401,INE02PY01013,BOROLTD,EQ,,,,,BOROSIL LIMITED,280.00,289.00,277.05,286.85,287.20,278.35,,286.86,,,212491,60529392.20,5213,F1,1,,,,,
2026-10-06,2026-10-06,CM,NSE,STK,3149,INE666D01022,BORORENEW,EQ,,,,,BOROSIL RENEWABLES LTD,445.00,453.00,443.70,449.85,451.00,442.70,,449.91,,,201596,90580105.55,11133,F1,1,,,,,
2026-10-06,2026-10-06,CM,NSE,STK,24014,INE02L001032,BOROSCI,EQ,,,,,BOROSIL SCIENTIFIC LTD,113.38,115.50,112.28,113.27,112.71,112.15,,113.25,,,61966,7034677.39,1625,F1,1,,,,,
2026-10-06,2026-10-06,CM,NSE,STK,4491,INE782A01015,BOSCH-HCIL,EQ,,,,,BOSCH HOME COMFRT IND LTD,1990.00,2020.00,1970.10,1976.90,1972.10,1998.20,,1976.92,,,35164,70025577.50,6125,F1,1,,,,,
2026-10-06,2026-10-06,CM,NSE,STK,2181,INE323A01026,BOSCHLTD,EQ,,,,,BOSCH LIMITED,44960.00,45360.00,44845.00,45000.00,45000.00,44960.00,,45000.00,,,21643,974657390.00,10552,F1,1,,,,,
2026-10-06,2026-10-06,CM,NSE,STK,25122,INE0QNI01012,BOSS,ST,,,,,BOSS PACKAGING SOLU LTD,57.00,57.00,57.00,57.00,57.00,60.00,,57.00,,,2000,114000.00,1,F1,2000,,,,,
2026-10-06,2026-10-06,CM,NSE,STK,530,INE110A01019,BPL,EQ,,,,,BPL LTD,44.94,45.28,44.26,44.45,44.37,44.39,,44.45,,,14695,657098.62,256,F1,1,,,,,
2026-10-06,2026-10-06,CM,NSE,STK,24905,INE0R4Z01018,BRACEPORT,SM,,,,,BRACE PORT LOGISTICS LTD,67.00,67.00,65.00,65.00,65.00,66.50,,65.00,,,4800,316960.00,3,F1,1600,,,,,
2026-10-06,2026-10-06,CM,NSE,STK,764628,INE320I01017,BRAHMINFRA,EQ,,,,,BRAHMAPUTRA INFRA L,148.80,149.39,141.52,145.58,147.99,143.02,,145.48,,,14504,2101954.97,244,F1,1,,,,,
2026-10-06,2026-10-06,CM,NSE,STK,24814,INE02RE01045,FIRSTCRY,EQ,,,,,BRAINBEES SOLUTIONS LTD,174.00,178.85,172.62,177.57,177.75,172.00,,177.57,,,2105882,371928479.91,20659,F1,1,,,,,
2026-10-06,2026-10-06,CM,NSE,STK,7780,INE977Y01011,BCONCEPTS,EQ,,,,,BRAND CONCEPTS LIMITED,142.43,150.12,140.10,146.88,145.30,139.23,,147.05,,,16446,2401632.01,537,F1,1,,,,,
2026-10-06,2026-10-06,CM,NSE,STK,760972,INE0XUD01014,BRANDMAN,SM,,,,,BRANDMAN RETAIL LIMITED,160.00,161.65,158.10,161.65,161.65,160.00,,161.65,,,5600,896960.00,7,F1,800,,,,,
2026-10-06,2026-10-06,CM,NSE,STK,15184,INE791I01019,BRIGADE,EQ,,,,,BRIGADE ENTER. LTD,573.90,579.95,565.00,569.10,568.15,571.60,,569.11,,,151551,86406194.15,12985,F1,1,,,,,
2026-10-06,2026-10-06,CM,NSE,STK,757794,INE03NU01014,BRIGHOTEL,EQ,,,,,BRIGADE HOTEL VENTURE LTD,57.40,57.40,56.52,56.93,56.90,57.06,,56.93,,,28827,1639697.33,1405,F1,1,,,,,
2026-10-06,2026-10-06,CM,NSE,STK,764633,INE630D01010,BRIGHTBR,EQ,,,,,BRIGHT BROTHERS LTD.,230.65,239.95,230.65,235.00,235.00,230.65,,235.33,,,335,78941.10,15,F1,1,,,,,
2026-10-06,2026-10-06,CM,NSE,STK,8833,INE425B01027,BCG,EQ,,,,,BRIGHTCOM GROUP LIMITED,9.22,9.22,8.89,9.07,9.14,9.17,,9.07,,,4615868,41956785.83,4535,F1,1,,,,,
2026-10-06,2026-10-06,CM,NSE,STK,547,INE216A01030,BRITANNIA,EQ,,,,,BRITANNIA INDUSTRIES LTD,4779.90,4892.50,4760.10,4883.80,4883.80,4770.00,,4883.81,,,221171,1074479450.30,21629,F1,1,,,,,
2026-10-06,2026-10-06,CM,NSE,STK,2203,INE0FDU25010,BIRET,RR,,,,,BROOKFIELD INDIA RET,329.60,332.68,329.00,329.89,329.25,333.11,,329.89,,,400944,132331258.02,8419,F1,1,,,,,
2026-10-06,2026-10-06,CM,NSE,STK,25136,INE650L01011,BROOKS,EQ,,,,,BROOKS LAB LIMITED,56.34,59.66,54.30,59.66,59.66,54.24,,59.66,,,58724,3449324.01,399,F1,1,,,,,
2026-10-06,2026-10-06,CM,NSE,STK,19585,INE118H01025,BSE,EQ,,,,,BSE LIMITED,3209.00,3305.00,3206.50,3305.00,3305.00,3179.60,,3305.00,,,6869765,22508103918.60,265966,F1,1,,,,,
2026-10-06,2026-10-06,CM,NSE,STK,559,INE594B01012,BSL,EQ,,,,,BSL LTD,121.40,121.40,119.00,119.76,120.79,120.15,,119.76,,,981,117222.92,37,F1,1,,,,,
2026-10-06,2026-10-06,CM,NSE,STK,2716,INE295F01017,BUTTERFLY,EQ,,,,,BTRFLY GANDHI APPL LTD,553.60,553.60,539.00,543.25,547.50,547.55,,543.25,,,20545,11221614.90,1080,F1,1,,,,,
2026-10-06,2026-10-06,CM,NSE,STK,24704,INE0SZ301012,BULKCORP,ST,,,,,BULKCORP INTERNATIONAL L,81.95,81.95,81.75,81.75,81.75,79.75,,81.75,,,6000,491100.00,5,F1,1200,,,,,
2026-10-06,2026-10-06,CM,NSE,STK,15198,INE817H01022,BURNPUR,BE,,,,,BURNPUR CEMENT LIMITED,13.83,13.83,13.83,13.83,13.83,13.18,,13.86,,,7158,98995.14,36,F1,1,,,,,
2026-10-06,2026-10-06,CM,NSE,STK,764643,INE084D01010,CGVAK,EQ,,,,,C G V A K SOFTWARE & EX L,147.00,153.85,143.30,146.16,148.65,147.99,,146.66,,,4859,700078.67,89,F1,1,,,,,
2026-10-06,2026-10-06,CM,NSE,STK,760854,INE0SMX01019,CKKRETAIL,SM,,,,,C K K RETAIL MART LIMITED,171.00,171.00,171.00,171.00,171.00,165.10,,171.00,,,800,136800.00,1,F1,800,,,,,
2026-10-06,2026-10-06,CM,NSE,STK,18372,INE0QBU01012,CPS,SM,,,,,C P S SHAPERS LIMITED,1100.00,1100.00,1100.00,1100.00,1100.00,1135.00,,1100.00,,,150,165000.00,1,F1,150,,,,,
2026-10-06,2026-10-06,CM,NSE,STK,7227,INE0BV301023,MAPMYINDIA,EQ,,,,,C.E. INFO SYSTEMS LIMITED,882.90,900.90,867.20,896.60,898.10,873.40,,896.62,,,81899,72764929.95,7868,F1,1,,,,,
2026-10-06,2026-10-06,CM,NSE,STK,27274,INE0U7V01015,C2C,SM,,,,,C2C ADVANCED SYSTEMS LTD,176.15,197.80,176.15,187.65,190.00,176.15,,187.65,,,159300,30144097.50,775,F1,150,,,,,
2026-10-06,2026-10-06,CM,NSE,STK,764255,INE11XY01018,CMLL,EQ,,,,,CALIBER MINING AND LOG L,510.50,519.50,503.70,517.20,515.40,507.20,,517.15,,,252471,128950827.00,6487,F1,1,,,,,
2026-10-06,2026-10-06,CM,NSE,STK,8400,INE526B01014,CALSOFT,BE,,,,,CALIFORNIA SOFTWARE CO LT,34.59,34.82,33.20,33.44,33.20,34.93,,33.45,,,105771,3577836.74,774,F1,1,,,,,
2026-10-06,2026-10-06,CM,NSE,STK,14222,INE627H01017,CTE,BE,,,,,CAMBRIDGE TECH ENTER LTD,36.99,37.88,35.81,37.45,37.51,37.22,,37.18,,,6495,239877.10,63,F1,1,,,,,
2026-10-06,2026-10-06,CM,NSE,STK,6216,INE052I01032,CAMLINFINE,EQ,,,,,CAMLIN FINE SCIENCES LTD,92.19,95.69,90.90,95.00,95.00,91.16,,94.99,,,486254,45508764.89,6184,F1,1,,,,,
2026-10-06,2026-10-06,CM,NSE,STK,9362,INE278Y01022,CAMPUS,EQ,,,,,CAMPUS ACTIVEWEAR LIMITED,204.11,209.90,202.80,208.68,209.90,204.12,,208.68,,,470823,97326532.96,12250,F1,1,,,,,
2026-10-06,2026-10-06,CM,NSE,STK,583,INE477A01020,CANFINHOME,EQ,,,,,CAN FIN HOMES LTD,726.00,737.10,726.00,734.75,736.00,724.70,,734.74,,,197132,144318180.05,15955,F1,1,,,,,
2026-10-06,2026-10-06,CM,NSE,STK,10794,INE476A01022,CANBK,EQ,,,,,CANARA BANK,118.90,119.29,117.62,117.82,117.82,118.50,,117.81,,,10318285,1220907416.88,82858,F1,1,,,,,
2026-10-06,2026-10-06,CM,NSE,STK,759477,INE01TY01017,CANHLIFE,EQ,,,,,CANARA HSBC LIFE INS CO L,141.00,143.90,138.96,143.13,143.00,142.36,,143.13,,,619392,87637385.17,18473,F1,1,,,,,
2026-10-06,2026-10-06,CM,NSE,STK,759311,INE218I01013,CRAMC,EQ,,,,,CANARA ROBECO AMC LIMITED,224.60,225.56,221.65,224.88,225.56,220.23,,224.87,,,243147,54431349.89,5705,F1,1,,,,,
2026-10-06,2026-10-06,CM,NSE,STK,19368,INE0QG301017,CANARYS,SM,,,,,CANARYS AUTOMATIONS LTD,27.75,28.50,27.70,28.50,28.50,28.40,,28.50,,,16000,447800.00,4,F1,4000,,,,,
2026-10-06,2026-10-06,CM,NSE,STK,20160,INE068L01024,CANTABIL,EQ,,,,,CANTABIL RETAIL LTD,225.90,230.14,224.85,229.84,230.00,225.18,,229.83,,,111517,25333182.77,1633,F1,1,,,,,
2026-10-06,2026-10-06,CM,NSE,STK,21749,INE264T01014,CAPACITE,EQ,,,,,CAPACITE INFRAPROJECT LTD,180.20,186.97,178.21,184.51,184.90,178.62,,184.51,,,977132,179274249.08,14594,F1,1,,,,,
2026-10-06,2026-10-06,CM,NSE,STK,759867,INE0ILV01024,CAPILLARY,EQ,,,,,CAPILLARY TECHNO INDIA L,542.10,597.35,542.10,587.20,594.00,546.10,,587.27,,,290150,167186108.00,11816,F1,1,,,,,
2026-10-06,2026-10-06,CM,NSE,STK,756015,INE345H01024,CIFL,EQ,,,,,CAPITAL INDIA FINANCE LTD,20.99,21.67,20.25,20.68,20.86,20.49,,20.68,,,250479,5209255.81,2646,F1,1,,,,,
2026-10-06,2026-10-06,CM,NSE,STK,29157,INE0Z8Z23013,CAPINVIT,IV,,,,,CAPITAL INFRA TRUST,77.10,77.38,76.80,77.23,77.24,77.05,,77.23,,,180433,13922097.78,2078,F1,1,,,,,
2026-10-06,2026-10-06,CM,NSE,STK,22675,INE646H01017,CAPITALSFB,EQ,,,,,CAPITAL SMALL FIN BANK L,279.55,285.35,262.25,263.80,264.30,279.55,,263.81,,,166208,44415857.40,3111,F1,1,,,,,
2026-10-06,2026-10-06,CM,NSE,STK,19451,INE707C01018,CAPTRUST,BE,,,,,CAPITAL TRUST LIMITED,20.50,20.98,20.50,20.98,20.98,19.99,,21.01,,,59977,1253811.47,127,F1,1,,,,,
2026-10-06,2026-10-06,CM,NSE,STK,3906,INE475E01026,CAPLIPOINT,EQ,,,,,CAPLIN POINT LAB LTD.,2611.00,2691.20,2583.00,2679.70,2679.90,2604.00,,2679.69,,,110962,293129214.70,20039,F1,1,,,,,
2026-10-06,2026-10-06,CM,NSE,STK,20329,INE180C01042,CGCL,EQ,,,,,CAPRI GLOBAL CAPITAL LTD,247.06,248.76,241.72,246.88,247.00,247.06,,246.88,,,5242811,1292732798.48,33250,F1,1,,,,,
2026-10-06,2026-10-06,CM,NSE,STK,764203,INE536P01021,CPL,EQ,,,,,CAPTAIN POLYPLAST LIMITED,62.04,63.00,61.62,62.12,61.91,62.73,,62.09,,,14208,884837.23,734,F1,1,,,,,
2026-10-06,2026-10-06,CM,NSE,STK,595,INE120A01034,CARBORUNIV,EQ,,,,,CARBORUNDUM UNIVERSAL LTD,1285.70,1295.90,1260.10,1269.60,1269.50,1267.60,,1269.61,,,377930,480910611.40,39898,F1,1,,,,,
2026-10-06,2026-10-06,CM,NSE,STK,29113,INE752H01013,CARERATING,EQ,,,,,CARE RATINGS LIMITED,1607.70,1633.70,1582.20,1588.20,1590.00,1607.70,,1588.16,,,38742,62206211.70,3555,F1,1,,,,,
2026-10-06,2026-10-06,CM,NSE,STK,758941,INE0P6P01016,CPEDU,EQ,,,,,CAREER POINT EDUTECH LTD,179.47,183.90,179.47,181.29,180.51,179.47,,181.29,,,1895,342388.72,41,F1,1,,,,,
2026-10-06,2026-10-06,CM,NSE,STK,28879,INE0V7W01012,CARRARO,EQ,,,,,CARRARO INDIA LIMITED,520.00,530.00,517.60,525.65,523.00,518.90,,525.66,,,43978,23072313.65,4720,F1,1,,,,,
2026-10-06,2026-10-06,CM,NSE,STK,5407,INE290S01011,CARTRADE,EQ,,,,,CARTRADE TECH LIMITED,2943.00,2982.00,2900.60,2911.70,2909.90,2935.40,,2911.69,,,121721,357502314.70,17579,F1,1,,,,,
2026-10-06,2026-10-06,CM,NSE,STK,1879,INE482D01024,CARYSIL,EQ,,,,,CARYSIL LIMITED,1031.00,1044.90,1022.00,1033.10,1035.00,1031.00,,1033.20,,,48672,50252886.90,5219,F1,1,,,,,
2026-10-06,2026-10-06,CM,NSE,STK,758129,INE0WL201014,CUDML,SM,,,,,CASH UR DRIVE MARKETING L,102.60,102.60,100.00,100.75,100.60,102.60,,100.75,,,7000,707050.00,7,F1,1000,,,,,
2026-10-06,2026-10-06,CM,NSE,STK,1250,INE172A01027,CASTROLIND,EQ,,,,,CASTROL INDIA LIMITED,199.99,201.25,198.74,200.20,199.60,199.51,,200.19,,,1863669,372497718.44,22114,F1,1,,,,,
2026-10-06,2026-10-06,CM,NSE,STK,11452,INE421D01022,CCL,EQ,,,,,CCL PRODUCTS (I) LTD,1048.60,1071.00,1026.60,1054.90,1046.00,1051.90,,1055.02,,,155651,163500682.40,18166,F1,1,,,,,
2026-10-06,2026-10-06,CM,NSE,STK,15254,INE482A01020,CEATLTD,EQ,,,,,CEAT LIMITED,3283.40,3342.30,3278.30,3328.70,3330.00,3283.00,,3328.65,,,28932,95809226.50,6728,F1,1,,,,,
2026-10-06,2026-10-06,CM,NSE,STK,757687,INE11J101017,CEDAAR,SM,,,,,CEDAAR TEXTILE LIMITED,11.00,11.00,11.00,11.00,11.00,10.50,,11.00,,,3000,33000.00,3,F1,1000,,,,,
2026-10-06,2026-10-06,CM,NSE,STK,24742,INE0AG901020,CEIGALL,EQ,,,,,CEIGALL INDIA LIMITED,385.55,385.55,375.00,376.20,375.20,383.95,,376.22,,,179646,68249584.40,3569,F1,1,,,,,
2026-10-06,2026-10-06,CM,NSE,STK,761037,INE016Q01014,CEINSYS,EQ,,,,,CEINSYS TECH LIMITED,644.10,747.70,644.10,718.45,708.00,649.60,,718.47,,,501355,357320388.45,25282,F1,1,,,,,
2026-10-06,2026-10-06,CM,NSE,STK,13162,INE185H01016,CELEBRITY,EQ,,,,,CELEBRITY FASHIONS LTD,6.73,6.73,6.30,6.35,6.45,6.41,,6.36,,,33165,211991.68,82,F1,1,,,,,
2026-10-06,2026-10-06,CM,NSE,STK,16950,INE0O0001013,CELLPOINT,SM,,,,,CELL POINT (INDIA) LTD,15.25,16.20,15.25,16.20,16.20,15.85,,16.20,,,4800,75240.00,4,F1,1200,,,,,
2026-10-06,2026-10-06,CM,NSE,STK,18806,INE0OMO01025,CELLECOR,SM,,,,,CELLECOR GADGETS LIMITED,29.95,30.00,29.15,29.85,29.45,29.40,,29.85,,,129000,3845850.00,20,F1,3000,,,,,
2026-10-06,2026-10-06,CM,NSE,STK,19795,INE0LMW01024,CELLO,EQ,,,,,CELLO WORLD LIMITED,340.00,388.40,340.00,369.15,368.00,340.05,,369.28,,,20298731,7581937648.85,278812,F1,1,,,,,
2026-10-06,2026-10-06,CM,NSE,STK,5622,INE686A01026,CEMPRO,EQ,,,,,CEMINDIA PROJECTS LIMITED,1168.80,1169.00,1145.50,1159.80,1156.00,1156.60,,1159.80,,,130790,151448414.90,12703,F1,1,,,,,
2026-10-06,2026-10-06,CM,NSE,STK,14894,INE483A01010,CENTRALBK,EQ,,,,,CENTRAL BANK OF INDIA,30.48,30.66,30.10,30.19,30.16,30.31,,30.19,,,3222967,97901777.52,11861,F1,1,,,,,
2026-10-06,2026-10-06,CM,NSE,STK,21174,INE736A01011,CDSL,EQ,,,,,CENTRAL DEPO SER (I) LTD,1255.00,1267.90,1251.50,1263.40,1263.40,1250.00,,1263.40,,,896613,1129293134.20,31144,F1,1,,,,,
2026-10-06,2026-10-06,CM,NSE,STK,761581,INE05HV01027,CMPDI,EQ,,,,,CENTRAL MINE P N D INST L,207.00,212.49,205.00,210.06,208.55,207.13,,210.07,,,798679,167622776.24,14265,F1,1,,,,,
2026-10-06,2026-10-06,CM,NSE,STK,2454,INE660C01027,CENTRUM,EQ,,,,,CENTRUM CAPITAL LIMITED,20.20,20.20,19.47,19.80,19.86,19.70,,19.81,,,253359,5029223.75,905,F1,1,,,,,
2026-10-06,2026-10-06,CM,NSE,STK,14982,INE320B01020,CENTUM,EQ,,,,,CENTUM ELECTRONICS LTD,4619.90,4654.90,4425.90,4451.00,4460.00,4584.10,,4451.20,,,81692,366541064.00,14601,F1,1,,,,,
2026-10-06,2026-10-06,CM,NSE,STK,619,INE485A01015,CENTENKA,EQ,,,,,CENTURY ENKA LTD,543.50,580.10,543.40,566.60,564.70,546.20,,566.64,,,51588,29085082.05,4010,F1,1,,,,,
2026-10-06,2026-10-06,CM,NSE,STK,11511,INE281A01026,CENTEXT,EQ,,,,,CENTURY EXTRUSIONS LTD,18.20,18.39,17.80,17.88,17.96,17.99,,17.87,,,121435,2178874.15,706,F1,1,,,,,
2026-10-06,2026-10-06,CM,NSE,STK,766164,INE281A20018,CENTEXT-RE,BE,,,,,CENTURY EXTRUSIONS LTD,2.90,2.90,2.33,2.40,2.40,2.79,,2.43,,,66287,168420.41,214,F1,1,,,,,
2026-10-06,2026-10-06,CM,NSE,STK,13305,INE348B01021,CENTURYPLY,EQ,,,,,CENTURY PLYBOARDS (I) LTD,680.10,699.00,674.05,679.85,678.20,680.05,,679.86,,,100595,68461902.00,8922,F1,1,,,,,
2026-10-06,2026-10-06,CM,NSE,STK,15039,INE739E01017,CERA,EQ,,,,,CERA SANITARYWARE LTD,5006.00,5136.00,5006.00,5122.50,5130.00,5056.50,,5123.04,,,2628,13418930.00,1074,F1,1,,,,,
2026-10-06,2026-10-06,CM,NSE,STK,628,INE486A01021,CESC,EQ,,,,,CESC LTD,133.75,136.12,133.55,134.43,134.55,133.73,,134.43,,,1795373,242277951.60,36555,F1,1,,,,,
2026-10-06,2026-10-06,CM,NSE,STK,760,INE067A01029,CGPOWER,EQ,,,,,CG POWER AND IND SOL LTD,888.00,913.30,885.35,912.00,912.00,882.30,,911.99,,,2540774,2298167460.70,49204,F1,1,,,,,
2026-10-06,2026-10-06,CM,NSE,STK,8546,INE427F01016,CHALET,EQ,,,,,CHALET HOTELS LIMITED,841.50,844.00,816.10,818.20,820.00,841.45,,818.13,,,83301,68743721.90,10941,F1,1,,,,,
2026-10-06,2026-10-06,CM,NSE,STK,3482,INE419D01026,CLSEL,EQ,,,,,CHAMAN LAL SETIA EXP LTD,283.90,294.90,281.50,291.95,291.00,283.10,,291.98,,,65438,19042361.40,2711,F1,1,,,,,
2026-10-06,2026-10-06,CM,NSE,STK,13731,INE06PV01010,CMNL,SM,,,,,CHAMAN METALLICS LIMITED,118.45,120.00,116.00,119.35,120.00,115.00,,119.35,,,27750,3293250.00,24,F1,750,,,,,
2026-10-06,2026-10-06,CM,NSE,STK,637,INE085A01013,CHAMBLFERT,EQ,,,,,CHAMBAL FERTILIZERS LTD,398.35,406.00,397.95,404.80,406.00,397.60,,404.81,,,225621,91038982.30,11532,F1,1,,,,,
2026-10-06,2026-10-06,CM,NSE,STK,29633,INE0B2N01016,CHANDAN,SM,,,,,CHANDAN HEALTHCARE LTD,224.00,241.00,221.05,235.95,235.60,222.60,,235.95,,,36000,8441840.00,43,F1,800,,,,,
2026-10-06,2026-10-06,CM,NSE,STK,18667,INE0PT101017,CHAVDA,ST,,,,,CHAVDA INFRA LIMITED,57.00,59.00,56.65,58.35,57.50,59.50,,58.35,,,24000,1385500.00,12,F1,2000,,,,,
2026-10-06,2026-10-06,CM,NSE,STK,757991,INE0TGX01019,CHEMBONDCH,BE,,,,,CHEMBOND CHEMICAL LIMITED,214.00,225.59,210.20,222.94,222.55,214.85,,222.94,,,10935,2426344.76,169,F1,1,,,,,
2026-10-06,2026-10-06,CM,NSE,STK,14618,INE995D01025,CHEMBOND,EQ,,,,,CHEMBOND MATERIALTECH LTD,180.88,194.00,178.10,191.83,194.00,177.94,,191.91,,,10041,1873487.03,615,F1,1,,,,,
2026-10-06,2026-10-06,CM,NSE,STK,270,INE03YM01018,CHEMCON,EQ,,,,,CHEMCON SPECIAL CHEM LTD,214.05,219.89,214.05,217.40,216.41,213.86,,217.42,,,31102,6763156.92,825,F1,1,,,,,
2026-10-06,2026-10-06,CM,NSE,STK,765045,INE298W01016,CHEMCRUX,EQ,,,,,CHEMCRUX ENTERPRISES LTD.,80.20,80.90,77.00,80.21,80.80,79.22,,79.21,,,5013,398952.45,132,F1,1,,,,,
2026-10-06,2026-10-06,CM,NSE,STK,2799,INE783X01023,CHEMFAB,EQ,,,,,CHEMFAB ALKALIS LIMITED,318.00,340.00,317.85,338.50,335.05,326.35,,338.47,,,3982,1315464.15,216,F1,1,,,,,
2026-10-06,2026-10-06,CM,NSE,STK,5449,INE488A01050,CHEMPLASTS,EQ,,,,,CHEMPLAST SANMAR LIMITED,196.15,212.00,195.61,210.24,210.30,196.93,,210.32,,,1032680,214405436.42,17387,F1,1,,,,,
2026-10-06,2026-10-06,CM,NSE,STK,2049,INE178A01016,CHENNPETRO,EQ,,,,,CHENNAI PETROLEUM CORP LT,1409.40,1431.00,1385.00,1405.70,1405.60,1401.00,,1405.71,,,949377,1334061706.50,36759,F1,1,,,,,
2026-10-06,2026-10-06,CM,NSE,STK,24625,INE0U1T01012,CHETANA,SM,,,,,CHETANA EDUCATION LIMITED,38.25,39.00,38.00,39.00,39.00,38.50,,39.00,,,12800,492400.00,6,F1,1600,,,,,
2026-10-06,2026-10-06,CM,NSE,STK,9879,INE974B01016,CHEVIOT,EQ,,,,,CHEVIOT COMPANY LIMITED,1166.00,1169.50,1133.00,1152.90,1147.00,1165.70,,1152.87,,,1698,1949887.40,208,F1,1,,,,,
2026-10-06,2026-10-06,CM,NSE,STK,8866,INE102B01014,CHOICEIN,EQ,,,,,CHOICE INTERNATIONAL LTD,726.70,738.00,725.00,727.15,727.00,726.00,,727.15,,,857731,626443940.10,8976,F1,1,,,,,
2026-10-06,2026-10-06,CM,NSE,STK,759610,INF2KCX01012,CHOICEGOLD,EQ,,,,,CHOICEAMC - CHOICEGOLD,144.10,146.03,143.30,145.91,145.94,145.93,,145.91,,,5127,744258.76,107,F1,1,,,,,
2026-10-06,2026-10-06,CM,NSE,STK,21740,INE149A01033,CHOLAHLDNG,EQ,,,,,CHOLAMANDALAM FIN HOL LTD,1402.40,1433.30,1402.40,1424.60,1424.90,1404.40,,1424.60,,,59351,84210481.60,7134,F1,1,,,,,
2026-10-06,2026-10-06,CM,NSE,STK,685,INE121A01024,CHOLAFIN,EQ,,,,,CHOLAMANDALAM IN & FIN CO,1606.90,1616.00,1594.30,1611.00,1611.00,1605.40,,1610.98,,,949646,1528092228.40,37655,F1,1,,,,,
2026-10-06,2026-10-06,CM,NSE,STK,14937,INE536H01010,CIEINDIA,EQ,,,,,CIE AUTOMOTIVE INDIA LTD,376.55,380.00,375.25,379.00,378.80,378.00,,378.99,,,95515,36069296.75,10111,F1,1,,,,,
2026-10-06,2026-10-06,CM,NSE,STK,27161,INE704H01022,CINELINE,EQ,,,,,CINELINE INDIA LIMITED,87.94,88.40,86.50,87.72,87.25,86.22,,87.72,,,8115,709513.64,165,F1,1,,,,,
2026-10-06,2026-10-06,CM,NSE,STK,8024,INE039B01026,CINEVISTA,EQ,,,,,CINEVISTA LIMITED,14.40,14.40,13.54,13.83,13.95,13.79,,13.83,,,7751,105942.35,59,F1,1,,,,,
2026-10-06,2026-10-06,CM,NSE,STK,694,INE059A01026,CIPLA,EQ,,,,,CIPLA LTD,1335.00,1344.90,1323.20,1340.20,1340.20,1335.50,,1340.21,,,575696,768959286.50,35795,F1,1,,,,,
2026-10-06,2026-10-06,CM,NSE,STK,763149,INE2Q7823014,CITIUSINVT,IV,,,,,CITIUS TRANSNET INV TRUST,116.78,116.84,115.25,115.31,116.00,115.63,,115.31,,,210819,24408098.75,327,F1,1,,,,,
2026-10-06,2026-10-06,CM,NSE,STK,5701,INE491A01021,CUB,EQ,,,,,CITY UNION BANK LTD,229.50,229.74,223.05,223.75,224.20,227.65,,223.75,,,1326402,298493365.70,31091,F1,1,,,,,
2026-10-06,2026-10-06,CM,NSE,STK,20223,INE201M01029,CLEDUCATE,EQ,,,,,CL EDUCATE LIMITED,55.00,55.48,53.01,53.98,54.05,55.02,,53.94,,,27803,1505932.09,148,F1,1,,,,,
2026-10-06,2026-10-06,CM,NSE,STK,758736,INE0UQ601012,CLASSICEIL,SM,,,,,CLASSIC ELECTRODE (IND) L,51.00,51.30,48.55,49.95,49.95,50.60,,49.95,,,28800,1430640.00,18,F1,1600,,,,,
2026-10-06,2026-10-06,CM,NSE,STK,754695,INE1QGM01024,CLAYCRAFT,SM,,,,,CLAY CRAFT INDIA LIMITED,164.35,174.95,164.35,174.20,174.45,169.40,,174.20,,,73200,12639000.00,98,F1,600,,,,,
2026-10-06,2026-10-06,CM,NSE,STK,760183,INE647U01026,CLEANMAX,EQ,,,,,CLEAN MAX ENVIRO EN SOL L,1300.00,1398.30,1300.00,1392.50,1390.90,1303.30,,1392.48,,,465556,627879295.50,33050,F1,1,,,,,
2026-10-06,2026-10-06,CM,NSE,STK,5049,INE227W01023,CLEAN,EQ,,,,,CLEAN SCIENCE & TECH LTD,807.55,830.80,803.55,823.15,824.80,799.80,,823.18,,,296158,243681303.05,19132,F1,1,,,,,
2026-10-06,2026-10-06,CM,NSE,STK,760143,INE1EF801010,CSSL,SM,,,,,CLEAR SECURED SERVICES L,75.50,79.90,75.50,77.35,77.25,73.50,,77.35,,,13000,1012050.00,13,F1,1000,,,,,
2026-10-06,2026-10-06,CM,NSE,STK,30893,INE00WV01027,CMRGREEN,EQ,,,,,CMR GREEN TECHNOLOGIES L,221.01,228.00,220.49,226.63,227.50,221.48,,226.63,,,243468,54827704.70,5933,F1,1,,,,,
2026-10-06,2026-10-06,CM,NSE,STK,7603,INE925R01014,CMSINFO,EQ,,,,,CMS INFO SYSTEMS LIMITED,219.50,221.59,218.28,220.35,220.50,218.98,,220.39,,,335302,73649452.01,7835,F1,1,,,,,
2026-10-06,2026-10-06,CM,NSE,STK,20374,INE522F01014,COALINDIA,EQ,,,,,COAL INDIA LTD,426.05,426.95,410.60,411.65,411.65,425.10,,411.65,,,5548430,2305501097.05,75761,F1,1,,,,,
2026-10-06,2026-10-06,CM,NSE,STK,6006,INE377E01024,COASTCORP,EQ,,,,,COASTAL CORPORATION LTD,36.20,36.48,35.53,36.18,36.02,35.68,,36.18,,,24372,876598.63,326,F1,1,,,,,
2026-10-06,2026-10-06,CM,NSE,STK,21508,INE704P01025,COCHINSHIP,EQ,,,,,COCHIN SHIPYARD LIMITED,1285.20,1293.10,1273.50,1282.00,1282.00,1283.80,,1281.93,,,860827,1102777911.10,22890,F1,1,,,,,
2026-10-06,2026-10-06,CM,NSE,STK,11165,INE335K01011,COFFEEDAY,EQ,,,,,COFFEE DAY ENTERPRISE LTD,29.60,30.52,29.10,30.03,30.39,30.06,,30.03,,,789744,23587711.39,3338,F1,1,,,,,
2026-10-06,2026-10-06,CM,NSE,STK,11543,INE591G01025,COFORGE,EQ,,,,,COFORGE LIMITED,1859.00,1868.00,1816.60,1849.70,1849.70,1852.00,,1849.59,,,1921707,3530474570.40,62699,F1,1,,,,,
2026-10-06,2026-10-06,CM,NSE,STK,17945,INE03QK01018,COHANCE,EQ,,,,,COHANCE LIFESCIENCES LTD,448.30,459.20,445.50,457.00,459.00,446.80,,457.00,,,492779,223079980.40,17648,F1,1,,,,,
2026-10-06,2026-10-06,CM,NSE,STK,15141,INE259A01022,COLPAL,EQ,,,,,COLGATE PALMOLIVE LTD.,1773.00,1809.40,1763.30,1809.40,1809.40,1775.00,,1809.24,,,557765,997761617.40,18438,F1,1,,,,,
2026-10-06,2026-10-06,CM,NSE,STK,762628,INE819A01049,COMFINTE,EQ,,,,,COMFORT INTECH LTD.,6.18,6.50,6.18,6.23,6.26,6.18,,6.23,,,123107,782640.56,360,F1,1,,,,,
2026-10-06,2026-10-06,CM,NSE,STK,21578,INE073V01015,COMSYN,EQ,,,,,COMMERCIAL SYN BAGS LTD,262.40,265.50,257.75,263.00,263.80,259.55,,263.00,,,267609,69863053.50,4176,F1,1,,,,,
2026-10-06,2026-10-06,CM,NSE,STK,764648,INE823B01015,COMPEAU,EQ,,,,,COMPETENT AUTOMOB CO. L,359.95,364.55,352.20,358.10,364.00,349.30,,357.57,,,172,62521.00,132,F1,1,,,,,
2026-10-06,2026-10-06,CM,NSE,STK,19670,INE070C01037,COMPINFO,BZ,,,,,COMPUAGE INFOCOM LTD,1.05,1.09,1.05,1.08,1.09,1.09,,1.09,,,4462,4706.70,11,F1,1,,,,,
2026-10-06,2026-10-06,CM,NSE,STK,31138,INE453B01029,COMPUSOFT,EQ,,,,,COMPUCOM SOFTWARE LTD,13.00,13.35,12.65,12.90,12.92,13.00,,12.90,,,13838,178934.37,263,F1,1,,,,,
2026-10-06,2026-10-06,CM,NSE,STK,342,INE596I01020,CAMS,EQ,,,,,COMPUTER AGE MNGT SER LTD,688.00,693.90,678.55,693.90,693.90,683.85,,693.94,,,1051068,723124124.60,29772,F1,1,,,,,
2026-10-06,2026-10-06,CM,NSE,STK,18060,INE338H01029,CONCORDBIO,EQ,,,,,CONCORD BIOTECH LIMITED,1352.00,1375.00,1348.20,1368.80,1373.00,1355.90,,1368.73,,,41856,56982835.60,9146,F1,1,,,,,
2026-10-06,2026-10-06,CM,NSE,STK,28764,INE037Z01029,CEWATER,EQ,,,,,CONCORD ENVIRO SYSTEMS L,257.10,261.90,256.75,260.65,260.15,259.10,,260.71,,,18552,4811521.60,1478,F1,1,,,,,
2026-10-06,2026-10-06,CM,NSE,STK,764641,INE700F01024,CFEL,BE,,,,,CONFIDENCE FUTURIST ENE L,43.50,45.69,43.50,45.00,45.00,43.55,,45.00,,,3178,142252.79,62,F1,1,,,,,
2026-10-06,2026-10-06,CM,NSE,STK,10238,INE552D01024,CONFIPET,EQ,,,,,CONFIDENCE PETRO IND LTD.,86.00,87.80,85.16,86.67,86.95,86.18,,86.66,,,1393957,120429585.31,19561,F1,1,,,,,
2026-10-06,2026-10-06,CM,NSE,STK,758453,INE0EAS01014,CONNPLEX,SM,,,,,CONNPLEX CINEMAS LIMITED,244.50,250.00,244.00,247.50,247.50,244.45,,247.50,,,71200,17603760.00,34,F1,800,,,,,
2026-10-06,2026-10-06,CM,NSE,STK,14992,INE429I01024,CCCL,EQ,,,,,CONS. CONST. CONSORT LTD,13.39,13.50,12.91,13.10,13.20,13.19,,13.10,,,139257,1829312.80,457,F1,1,,,,,
2026-10-06,2026-10-06,CM,NSE,STK,11732,INE025A01027,CONSOFINVT,BE,,,,,CONSO. FIN. & HOLD. LTD.,284.95,290.00,282.00,283.20,283.20,284.25,,283.20,,,3292,935162.05,26,F1,1,,,,,
2026-10-06,2026-10-06,CM,NSE,STK,4749,INE111A01025,CONCOR,EQ,,,,,CONTAINER CORP OF IND LTD,441.50,446.50,440.20,445.85,445.85,441.45,,445.81,,,929976,412937312.60,14852,F1,1,,,,,
2026-10-06,2026-10-06,CM,NSE,STK,2531,INE340Z01019,CONTI,SM,,,,,CONTINENTAL SEED CHEM LTD,9.80,9.80,9.80,9.80,9.80,9.80,,9.80,,,3333,32663.40,1,F1,3333,,,,,
2026-10-06,2026-10-06,CM,NSE,STK,17477,INE663B01015,CONTROLPR,EQ,,,,,CONTROL PRINT LIMITED,621.00,625.00,614.10,622.65,625.00,616.30,,622.49,,,13088,8105365.95,1504,F1,1,,,,,
2026-10-06,2026-10-06,CM,NSE,STK,8560,INE0HS001028,COOLCAPS,SM,,,,,COOL CAPS INDUSTRIES LTD,21.40,21.80,20.90,21.45,21.45,21.10,,21.45,,,71250,1531250.00,57,F1,1250,,,,,
2026-10-06,2026-10-06,CM,NSE,STK,4007,INE558D01021,CORALFINAC,EQ,,,,,CORAL INDIA FIN & HOUS LT,30.78,33.48,30.65,31.18,31.37,30.21,,31.18,,,279647,8937611.83,2418,F1,1,,,,,
2026-10-06,2026-10-06,CM,NSE,STK,15275,INE792I01017,CORDSCABLE,BE,,,,,CORDS CABLE INDUS LTD.,308.65,322.95,300.00,314.35,315.00,308.30,,314.55,,,39443,12370222.30,731,F1,1,,,,,
2026-10-06,2026-10-06,CM,NSE,STK,766288,INE11ES01010,COREIN,ST,,,,,COREINTEGRA CONSULT SER L,86.60,86.65,85.20,86.65,86.65,82.55,,86.65,,,97600,8451760.00,32,F1,1600,,,,,
2026-10-06,2026-10-06,CM,NSE,STK,739,INE169A01031,COROMANDEL,EQ,,,,,COROMANDEL INTERNTL. LTD,1802.90,1812.80,1772.30,1788.30,1798.90,1801.40,,1788.27,,,149119,266776022.30,15873,F1,1,,,,,
2026-10-06,2026-10-06,CM,NSE,STK,760254,INE02ZQ01018,CORONA,EQ,,,,,CORONA REMEDIES LIMITED,2034.90,2051.60,2007.60,2038.30,2040.00,2034.20,,2038.27,,,26077,52814978.30,7090,F1,1,,,,,
2026-10-06,2026-10-06,CM,NSE,STK,742,INE757A01017,COSMOFIRST,EQ,,,,,COSMO FIRST LIMITED,822.00,833.40,815.00,829.15,832.00,822.70,,829.15,,,23753,19616223.65,2321,F1,1,,,,,
2026-10-06,2026-10-06,CM,NSE,STK,6385,INE652F01027,CCHHL,EQ,,,,,COUNTRY CLUB HOSP HOL LTD,12.89,13.00,12.70,12.81,12.81,12.71,,12.81,,,4574,58654.86,75,F1,1,,,,,
2026-10-06,2026-10-06,CM,NSE,STK,16989,INE695B01025,COUNCODOS,BE,,,,,COUNTRY CONDO S LIMITED,6.42,6.62,6.40,6.51,6.53,6.44,,6.51,,,71617,459597.00,192,F1,1,,,,,
2026-10-06,2026-10-06,CM,NSE,STK,20086,INE521J01018,CPCAP,EQ,,,,,CP CAPITAL LIMITED,135.00,161.34,135.00,154.53,154.00,134.45,,154.49,,,462318,72919310.54,5494,F1,1,,,,,
2026-10-06,2026-10-06,CM,NSE,STK,2328,INF457M01133,CPSEETF,EQ,,,,,CPSE ETF,90.09,90.95,89.79,89.94,90.35,90.09,,89.94,,,489544,44137378.45,5869,F1,1,,,,,
2026-10-06,2026-10-06,CM,NSE,STK,2854,INE00LO01017,CRAFTSMAN,EQ,,,,,CRAFTSMAN AUTOMATION LTD,10299.00,10412.00,10200.00,10348.00,10276.00,10251.00,,10348.43,,,24314,250821477.00,11423,F1,1,,,,,
2026-10-06,2026-10-06,CM,NSE,STK,764653,INE145E01017,CRAVATEX,EQ,,,,,CRAVATEX LTD.,336.00,394.40,336.00,374.60,347.50,339.20,,373.57,,,817,299234.30,43,F1,1,,,,,
2026-10-06,2026-10-06,CM,NSE,STK,9384,INE230B01021,CREATIVEYE,EQ,,,,,CREATIVE EYE LIMITED,5.90,6.47,5.75,5.90,5.91,5.90,,5.90,,,21039,123124.39,70,F1,1,,,,,
2026-10-06,2026-10-06,CM,NSE,STK,23468,INE0R7401011,CGRAPHICS,SM,,,,,CREATIVE GRAPHICS S IND L,152.00,156.00,150.20,156.00,156.00,150.85,,156.00,,,7200,1101640.00,9,F1,800,,,,,
2026-10-06,2026-10-06,CM,NSE,STK,11155,INE985W01018,CNL,EQ,,,,,CREATIVE NEWTECH LIMITED,1063.70,1083.00,1055.10,1070.00,1066.40,1071.90,,1069.87,,,16254,17383042.80,712,F1,1,,,,,
2026-10-06,2026-10-06,CM,NSE,STK,765303,INE1KPX01025,CREDENT,SM,,,,,CREDENT CONNECT N CARE L,368.00,379.00,368.00,375.50,374.00,367.70,,375.50,,,28800,10816830.00,46,F1,600,,,,,
2026-10-06,2026-10-06,CM,NSE,STK,4421,INE741K01010,CREDITACC,EQ,,,,,CREDITACCESS GRAMEEN LTD,1260.00,1286.10,1254.00,1265.80,1263.10,1251.50,,1265.77,,,122326,155367203.60,17846,F1,1,,,,,
2026-10-06,2026-10-06,CM,NSE,STK,20878,INE220Q01020,MUFTI,EQ,,,,,CREDO BRANDS MARKETING L,69.70,70.50,69.00,69.61,70.00,69.70,,69.62,,,58819,4087838.19,899,F1,1,,,,,
2026-10-06,2026-10-06,CM,NSE,STK,766361,INE716D01033,CRSL,BZ,,,,,CRESSANDA RAILWAY SOLUT L,2.08,2.13,2.03,2.05,2.09,2.04,,2.05,,,239117,496863.42,438,F1,1,,,,,
2026-10-06,2026-10-06,CM,NSE,STK,13900,INE559D01011,CREST,EQ,,,,,CREST VENTURES LIMITED,363.20,363.80,357.75,359.90,363.80,363.05,,359.90,,,838,301020.95,52,F1,1,,,,,
2026-10-06,2026-10-06,CM,NSE,STK,19099,INE203Y01012,CRESTO,BE,,,,,CRESTO TECHNO LIMITED,21.49,21.99,19.95,20.02,20.02,20.99,,20.02,,,26637,546228.41,91,F1,1,,,,,
2026-10-06,2026-10-06,CM,NSE,STK,757,INE007A01025,CRISIL,EQ,,,,,CRISIL LTD,4505.80,4549.90,4480.50,4523.30,4501.00,4505.80,,4523.20,,,10499,47509073.70,4108,F1,1,,,,,
2026-10-06,2026-10-06,CM,NSE,STK,757850,INE0S4R01014,CRIZAC,EQ,,,,,CRIZAC LIMITED,169.95,172.72,167.00,168.85,168.30,168.24,,168.86,,,98903,16706967.51,3741,F1,1,,,,,
2026-10-06,2026-10-06,CM,NSE,STK,17094,INE299U01018,CROMPTON,EQ,,,,,CROMPT GREA CON ELEC LTD,211.00,213.06,209.92,211.98,211.98,211.50,,211.98,,,1180238,250314513.57,17320,F1,1,,,,,
2026-10-06,2026-10-06,CM,NSE,STK,18263,INE00NH01017,CLSL,ST,,,,,CROP LIFE SCIENCE LIMITED,60.05,60.05,60.00,60.00,60.00,62.85,,60.00,,,6000,360100.00,3,F1,2000,,,,,
2026-10-06,2026-10-06,CM,NSE,STK,8083,INE491V01019,CROWN,EQ,,,,,CROWN LIFTERS LIMITED,111.12,112.80,111.10,112.38,112.46,111.06,,112.38,,,3230,361021.72,95,F1,1,,,,,
2026-10-06,2026-10-06,CM,NSE,STK,14966,INE679A01013,CSBBANK,EQ,,,,,CSB BANK LIMITED,309.85,313.40,304.35,305.85,306.90,306.85,,305.86,,,416690,128783347.90,17850,F1,1,,,,,
2026-10-06,2026-10-06,CM,NSE,STK,10350,INE718F01018,CSLFINANCE,EQ,,,,,CSL FINANCE LIMITED,210.84,210.84,205.91,207.48,207.00,209.79,,207.48,,,21357,4436386.56,497,F1,1,,,,,
2026-10-06,2026-10-06,CM,NSE,STK,763753,INE0ZK601013,CSM,EQ,,,,,CSM TECHNOLOGIES LIMITED,93.22,94.29,92.00,92.86,93.10,93.68,,92.87,,,44966,4189814.24,1113,F1,1,,,,,
2026-10-06,2026-10-06,CM,NSE,STK,15078,INE0NR623014,CUBEINVIT,IV,,,,,CUBE HIGHWAYS TRUST,155.16,156.00,154.76,154.91,154.81,155.02,,154.91,,,341889,53114957.25,7354,F1,1,,,,,
2026-10-06,2026-10-06,CM,NSE,STK,9881,INE144D01012,CUBEXTUB,BE,,,,,CUBEXTUBINGS-ROLLSETT,150.00,153.98,149.91,149.91,149.91,157.80,,149.64,,,94259,14192849.01,723,F1,1,,,,,
2026-10-06,2026-10-06,CM,NSE,STK,1901,INE298A01020,CUMMINSIND,EQ,,,,,CUMMINS INDIA LTD,4832.30,4932.00,4808.00,4919.00,4919.00,4832.30,,4919.01,,,883370,4304944356.70,58373,F1,1,,,,,
2026-10-06,2026-10-06,CM,NSE,STK,18520,INE509F01029,CUPID,EQ,,,,,CUPID LIMITED,310.95,324.95,310.10,324.20,324.00,310.10,,324.20,,,24176893,7754355380.95,135345,F1,1,,,,,
2026-10-06,2026-10-06,CM,NSE,STK,30191,INE117B01020,CURAA,BE,,,,,CURA TECHNOLOGIES LIMITED,72.30,72.30,72.30,72.30,72.30,72.12,,72.30,,,14,1012.20,5,F1,1,,,,,
2026-10-06,2026-10-06,CM,NSE,STK,758964,INE1CRQ01014,CURRENT,SM,,,,,CURRENT INFRAPROJECTS LTD,95.00,95.00,94.00,94.00,94.00,98.00,,94.00,,,3200,302400.00,2,F1,1600,,,,,
2026-10-06,2026-10-06,CM,NSE,STK,11845,INE278G01037,CYBERMEDIA,BE,,,,,CYBER MEDIA (INDIA) LTD.,18.33,18.33,17.02,17.85,17.90,17.69,,17.85,,,12540,220670.94,65,F1,1,,,,,
2026-10-06,2026-10-06,CM,NSE,STK,6051,INE214A01019,CYBERTECH,EQ,,,,,CYBERTECH SYSTEMS & SOFTW,140.00,144.80,137.00,143.10,143.98,139.10,,143.09,,,38204,5416479.03,629,F1,1,,,,,
2026-10-06,2026-10-06,CM,NSE,STK,17187,INE055S01018,CYIENTDLM,EQ,,,,,CYIENT DLM LIMITED,946.70,964.00,934.20,939.00,938.10,946.80,,939.05,,,235010,222390706.80,21195,F1,1,,,,,
2026-10-06,2026-10-06,CM,NSE,STK,5748,INE136B01020,CYIENT,EQ,,,,,CYIENT LIMITED,1140.20,1141.30,1097.20,1119.40,1119.20,1140.20,,1119.39,,,550341,613852337.90,39256,F1,1,,,,,
2026-10-06,2026-10-06,CM,NSE,STK,16900,INE864X01013,DPWIRES,EQ,,,,,D P WIRES LIMITED,212.23,234.70,199.00,221.54,222.50,196.78,,221.54,,,1732403,385495682.72,34904,F1,1,,,,,
2026-10-06,2026-10-06,CM,NSE,STK,17851,INE250K01012,DLINKINDIA,EQ,,,,,D-LINK INDIA LTD,411.75,420.95,410.50,419.95,419.05,411.75,,419.99,,,37393,15570795.70,2843,F1,1,,,,,
2026-10-06,2026-10-06,CM,NSE,STK,936,INE266Y01019,DPABHUSHAN,EQ,,,,,D. P. ABHUSHAN LIMITED,2098.60,2190.00,1917.50,2174.00,2190.00,2130.50,,2173.91,,,530780,1089423574.40,31134,F1,1,,,,,
2026-10-06,2026-10-06,CM,NSE,STK,17881,INE950I01011,DBCORP,EQ,,,,,D.B.CORP LTD,172.95,175.08,170.56,173.57,175.08,171.08,,173.43,,,80253,13863622.62,1969,F1,1,,,,,
2026-10-06,2026-10-06,CM,NSE,STK,772,INE016A01026,DABUR,EQ,,,,,DABUR INDIA LTD,377.85,393.15,375.30,388.90,388.90,378.65,,388.89,,,2619919,1013985113.40,41294,F1,1,,,,,
2026-10-06,2026-10-06,CM,NSE,STK,762636,INE928C01010,DAICHI,BE,,,,,DAI-ICHI KARKARIA LTD.,315.00,321.75,315.00,316.50,320.00,315.00,,316.57,,,357,112832.05,17,F1,1,,,,,
2026-10-06,2026-10-06,CM,NSE,STK,8075,INE00R701025,DALBHARAT,EQ,,,,,DALMIA BHARAT LIMITED,1688.00,1691.70,1668.10,1682.60,1680.00,1673.70,,1682.62,,,25720,43273983.00,5690,F1,1,,,,,
2026-10-06,2026-10-06,CM,NSE,STK,781,INE495A01022,DALMIASUG,EQ,,,,,DALMIA BHARAT SUG IN LTD,437.80,466.95,436.00,453.00,450.20,430.15,,453.01,,,806757,365584787.55,30926,F1,1,,,,,
2026-10-06,2026-10-06,CM,NSE,STK,28662,INE284H01025,DAMCAPITAL,EQ,,,,,DAM CAPITAL ADVISORS LTD,147.38,153.80,146.25,152.51,152.90,146.75,,152.50,,,402836,60884663.58,6839,F1,1,,,,,
2026-10-06,2026-10-06,CM,NSE,STK,17569,INE497D01022,DAMODARIND,BE,,,,,DAMODAR INDUSTRIES LTD,26.06,27.00,26.06,26.95,26.95,26.50,,26.95,,,371,9785.72,13,F1,1,,,,,
2026-10-06,2026-10-06,CM,NSE,STK,1110,INE688Y01022,DANGEE,EQ,,,,,DANGEE DUMS LIMITED,2.98,3.12,2.90,3.08,3.07,2.92,,3.08,,,78767,236788.90,117,F1,1,,,,,
2026-10-06,2026-10-06,CM,NSE,STK,25927,INE0YU901016,DANISH,SM,,,,,DANISH POWER LIMITED,928.45,1027.85,928.45,1010.00,1019.00,933.10,,1010.00,,,68550,68571735.00,377,F1,150,,,,,
2026-10-06,2026-10-06,CM,NSE,STK,7358,INE0IX101010,DATAPATTNS,EQ,,,,,DATA PATTERNS INDIA LTD,4249.20,4320.50,4221.00,4299.20,4318.00,4226.50,,4299.23,,,362558,1545998701.90,47770,F1,1,,,,,
2026-10-06,2026-10-06,CM,NSE,STK,11423,INE365B01017,DATAMATICS,EQ,,,,,DATAMATICS GLOBAL SER LTD,776.65,776.65,765.00,771.20,771.00,769.75,,771.10,,,46833,36140491.00,2545,F1,1,,,,,
2026-10-06,2026-10-06,CM,NSE,STK,21794,INE179G01029,DAVANGERE,EQ,,,,,DAVANGERE SUGAR COMPANY L,2.32,2.35,2.23,2.27,2.30,2.29,,2.27,,,6788229,15423774.86,2277,F1,1,,,,,
2026-10-06,2026-10-06,CM,NSE,STK,31111,INE921B01025,DBSTOCKBRO,BE,,,,,DB (INT) STOCK BROKERS,31.60,33.15,31.60,32.49,33.15,31.58,,32.90,,,14368,464894.46,41,F1,1,,,,,
2026-10-06,2026-10-06,CM,NSE,STK,11566,INE0A1101019,DCI,EQ,,,,,DC INFOTECH AND COMUN LTD,345.00,350.00,331.20,343.05,342.00,343.15,,343.08,,,139887,47604335.25,3194,F1,1,,,,,
2026-10-06,2026-10-06,CM,NSE,STK,13725,INE503A01015,DCBBANK,EQ,,,,,DCB BANK LIMITED,197.36,202.40,191.94,200.78,198.00,197.36,,200.77,,,1579458,312303923.86,34587,F1,1,,,,,
2026-10-06,2026-10-06,CM,NSE,STK,23524,INE0S8401018,DCG,ST,,,,,DCG CABLES & WIRES LTD,70.00,71.95,70.00,71.95,71.95,72.60,,71.95,,,7200,509940.00,6,F1,1200,,,,,
2026-10-06,2026-10-06,CM,NSE,STK,4775,INE891B01012,DCMFINSERV,EQ,,,,,DCM FINANCIAL SERVICES LT,5.02,5.30,4.90,5.21,5.22,5.02,,5.21,,,39463,202916.37,158,F1,1,,,,,
2026-10-06,2026-10-06,CM,NSE,STK,805,INE498A01018,DCM,EQ,,,,,DCM LTD,72.55,73.60,71.41,71.96,71.60,72.71,,71.92,,,3606,260368.15,87,F1,1,,,,,
2026-10-06,2026-10-06,CM,NSE,STK,11041,INE08KP01019,DCMNVL,BE,,,,,DCM NOUVELLE LIMITED,175.00,175.00,170.00,172.00,172.00,171.37,,172.00,,,2049,353007.25,15,F1,1,,,,,
2026-10-06,2026-10-06,CM,NSE,STK,760893,INE0OFM01015,DSFCL,BE,,,,,DCM SHRIRAM FINE CHEM LTD,28.00,28.90,27.55,27.94,28.00,27.89,,28.28,,,44546,1247781.28,209,F1,1,,,,,
2026-10-06,2026-10-06,CM,NSE,STK,7325,INE843D01027,DCMSRIND,EQ,,,,,DCM SHRIRAM IND LTD,39.79,40.98,39.00,39.78,40.10,39.06,,39.78,,,716375,28482940.76,4972,F1,1,,,,,
2026-10-06,2026-10-06,CM,NSE,STK,760896,INE0OU201013,DCMSIL,EQ,,,,,DCM SHRIRAM INTERNATNL L,78.00,80.65,75.90,78.87,78.44,77.42,,79.16,,,121166,9484828.17,1894,F1,1,,,,,
2026-10-06,2026-10-06,CM,NSE,STK,811,INE499A01024,DCMSHRIRAM,EQ,,,,,DCM SHRIRAM LIMITED,1011.10,1017.60,982.50,988.85,986.00,1044.55,,988.86,,,406997,405342900.70,30113,F1,1,,,,,
2026-10-06,2026-10-06,CM,NSE,STK,817,INE500A01029,DCW,EQ,,,,,DCW LTD,45.34,46.51,44.61,46.37,46.44,44.69,,46.37,,,1400823,64175623.83,5001,F1,1,,,,,
2026-10-06,2026-10-06,CM,NSE,STK,11895,INE0KL801015,DCXINDIA,EQ,,,,,DCX SYSTEMS LIMITED,158.15,161.38,157.36,160.23,160.80,156.82,,160.25,,,156839,25060081.00,3991,F1,1,,,,,
2026-10-06,2026-10-06,CM,NSE,STK,29098,INE0HR601026,DDEVPLSTIK,EQ,,,,,DDEV PLASTIKS IND LTD,244.15,252.76,244.15,249.79,251.99,243.13,,249.78,,,93705,23242771.56,2100,F1,1,,,,,
2026-10-06,2026-10-06,CM,NSE,STK,15449,INE0JWV01011,DENEERS,SM,,,,,DE NEERS TOOLS LIMITED,172.25,172.25,166.10,167.05,168.00,172.10,,167.05,,,13200,2224380.00,22,F1,600,,,,,
2026-10-06,2026-10-06,CM,NSE,STK,4279,INE244A01016,DENORA,EQ,,,,,DE NORA INDIA LIMITED,732.00,747.00,723.05,729.10,733.00,731.65,,729.13,,,5581,4113211.60,550,F1,1,,,,,
2026-10-06,2026-10-06,CM,NSE,STK,14838,INE583C01021,DECCANCE,EQ,,,,,DECCAN CEMENTS LIMITED,555.30,562.00,551.55,556.85,555.00,552.05,,556.29,,,7577,4222750.60,328,F1,1,,,,,
2026-10-06,2026-10-06,CM,NSE,STK,762638,INE945F01025,DECNGOLD,EQ,,,,,DECCAN GOLD MINES LTD.,189.29,199.90,187.11,199.16,199.80,188.57,,199.20,,,976493,189929926.81,16063,F1,1,,,,,
2026-10-06,2026-10-06,CM,NSE,STK,25421,INE0S7C01019,DECCANTRAN,SM,,,,,DECCAN TRANSCON LEASING L,20.00,21.10,20.00,20.55,20.50,19.55,,20.55,,,9600,196800.00,7,F1,1200,,,,,
2026-10-06,2026-10-06,CM,NSE,STK,24154,INE841L01016,DEEDEV,EQ,,,,,DEE DEVELOPMENT ENG LTD,648.00,654.40,635.10,651.70,652.50,636.95,,651.72,,,113545,73288604.95,7129,F1,1,,,,,
2026-10-06,2026-10-06,CM,NSE,STK,3292,INE0FHS01024,DEEPINDS,EQ,,,,,DEEP INDUSTRIES LIMITED,742.60,765.00,734.20,748.95,754.35,747.05,,748.99,,,205606,153582747.45,11786,F1,1,,,,,
2026-10-06,2026-10-06,CM,NSE,STK,765058,INE00IY01012,DEEP,BE,,,,,DEEP POLYMERS LTD.,42.97,43.50,40.63,41.03,41.00,42.76,,41.03,,,4033,169035.66,73,F1,1,,,,,
2026-10-06,2026-10-06,CM,NSE,STK,765931,INE1M2N01020,DEEPA,EQ,,,,,DEEPA JEWELLERS LIMITED,195.45,216.40,194.00,214.04,214.05,194.93,,214.06,,,7733667,1619955691.66,81333,F1,1,,,,,
2026-10-06,2026-10-06,CM,NSE,STK,25892,INE0OPA01027,DBEIL,EQ,,,,,DEEPAK BUILDERS & ENG I L,6.40,6.55,6.33,6.52,6.54,6.40,,6.52,,,1128176,7324220.22,353,F1,1,,,,,
2026-10-06,2026-10-06,CM,NSE,STK,827,INE501A01019,DEEPAKFERT,EQ,,,,,DEEPAK FERTILIZERS & PETR,1305.00,1391.90,1296.40,1385.60,1384.00,1297.70,,1385.54,,,875190,1188659187.20,51082,F1,1,,,,,
2026-10-06,2026-10-06,CM,NSE,STK,19943,INE288B01029,DEEPAKNTR,EQ,,,,,DEEPAK NITRITE LTD,1499.90,1566.00,1498.30,1560.60,1557.00,1497.00,,1560.57,,,279774,433264286.20,24461,F1,1,,,,,
2026-10-06,2026-10-06,CM,NSE,STK,22527,INE0SK801018,DELAPLEX,SM,,,,,DELAPLEX LIMITED,85.10,98.00,85.10,95.50,97.90,96.70,,95.50,,,10800,1033230.00,17,F1,600,,,,,
2026-10-06,2026-10-06,CM,NSE,STK,9599,INE148O01028,DELHIVERY,EQ,,,,,DELHIVERY LIMITED,400.30,410.80,400.30,407.50,407.50,400.30,,407.52,,,2099830,856199903.20,24327,F1,1,,,,,
2026-10-06,2026-10-06,CM,NSE,STK,24395,INE726L01027,DELPHIFX,BE,,,,,DELPHI WORLD MONEY LTD,7.17,7.17,7.17,7.17,7.17,7.03,,7.13,,,35900,257403.00,28,F1,1,,,,,
2026-10-06,2026-10-06,CM,NSE,STK,29092,INE0XRN01019,DELTIC,SM,,,,,DELTA AUTOCORP LIMITED,38.90,38.90,35.90,35.90,35.90,35.85,,35.90,,,5000,183400.00,5,F1,1000,,,,,
2026-10-06,2026-10-06,CM,NSE,STK,15044,INE124G01033,DELTACORP,EQ,,,,,DELTA CORP LIMITED,84.25,88.60,81.00,84.34,84.25,85.43,,84.35,,,61115839,5215023322.23,218085,F1,1,,,,,
2026-10-06,2026-10-06,CM,NSE,STK,1214,INE393A01011,DELTAMAGNT,EQ,,,,,DELTA MANUFACTURING LTD,56.30,58.40,54.55,56.24,58.26,54.87,,56.24,,,7038,400059.88,235,F1,1,,,,,
2026-10-06,2026-10-06,CM,NSE,STK,17722,INE947J01015,DEN,EQ,,,,,DEN NETWORKS LTD,25.87,26.03,24.40,25.78,25.77,25.71,,25.78,,,411483,10558082.57,1372,F1,1,,,,,
2026-10-06,2026-10-06,CM,NSE,STK,29256,INE0R4L01018,DENTA,EQ,,,,,DENTA WATER N INFRA SOL L,264.00,265.00,260.00,263.20,263.00,260.35,,263.20,,,42500,11166735.80,2089,F1,1,,,,,
2026-10-06,2026-10-06,CM,NSE,STK,759079,INE0VOV01021,DEVX,EQ,,,,,DEV ACCELERATOR LIMITED,38.49,40.55,38.11,39.62,39.90,37.85,,39.62,,,278350,11018551.29,2007,F1,1,,,,,
2026-10-06,2026-10-06,CM,NSE,STK,8146,INE060X01034,DEVIT,EQ,,,,,DEV INFO TECHNOLOGY LTD,20.90,22.49,20.40,21.36,21.90,20.52,,21.28,,,42921,904997.77,775,F1,1,,,,,
2026-10-06,2026-10-06,CM,NSE,STK,5373,INE872J01023,DEVYANI,EQ,,,,,DEVYANI INTERNATIONAL LTD,130.90,130.90,129.03,129.53,129.25,130.03,,129.55,,,415065,53902253.96,8589,F1,1,,,,,
2026-10-06,2026-10-06,CM,NSE,STK,764661,INE260R01016,DHABRIYA,BE,,,,,DHABRIYA POLYWOOD LTD.,451.70,461.00,445.00,454.35,450.30,452.55,,451.96,,,4773,2161920.05,143,F1,1,,,,,
2026-10-06,2026-10-06,CM,NSE,STK,10893,INE0I3401014,DBOL,EQ,,,,,DHAMPUR BIO ORGANICS LTD,126.50,138.98,126.00,137.90,137.85,125.03,,137.90,,,1202685,161443643.69,20109,F1,1,,,,,
2026-10-06,2026-10-06,CM,NSE,STK,857,INE041A01016,DHAMPURSUG,EQ,,,,,DHAMPUR SUGAR MILLS LTD.,182.00,192.00,181.33,188.81,187.80,176.85,,188.81,,,3999385,751995309.25,50383,F1,1,,,,,
2026-10-06,2026-10-06,CM,NSE,STK,11359,INE680A01011,DHANBANK,EQ,,,,,DHANLAXMI BANK LIMITED,26.30,30.48,26.30,28.83,29.25,26.49,,28.83,,,8680349,248293110.14,25201,F1,1,,,,,
2026-10-06,2026-10-06,CM,NSE,STK,27723,INE0V9V01010,DHANLAXMI,SM,,,,,DHANLAXMI CROP SCIENCE L,25.50,26.85,25.50,26.50,26.50,23.10,,26.50,,,48000,1266900.00,20,F1,2000,,,,,
2026-10-06,2026-10-06,CM,NSE,STK,24418,INE0M3I01029,DHANSA,ST,,,,,DHANSA LABS LIMITED,25.90,27.10,25.90,27.10,27.10,25.90,,27.10,,,4000,106000.00,2,F1,2000,,,,,
2026-10-06,2026-10-06,CM,NSE,STK,24409,INE435G01025,DHANUKA,EQ,,,,,DHANUKA AGRITECH LTD,915.00,921.05,895.75,909.55,911.00,907.40,,909.42,,,40985,37103076.15,2639,F1,1,,,,,
2026-10-06,2026-10-06,CM,NSE,STK,760489,INE2HJL01019,DHARARAIL,SM,,,,,DHARA RAIL PROJECTS LTD,137.00,141.10,133.95,141.10,141.10,141.15,,141.10,,,22000,3033350.00,16,F1,1000,,,,,
2026-10-06,2026-10-06,CM,NSE,STK,759203,INE278R01034,DHARAN,BZ,,,,,DHARAN INFRA-EPC LIMITED,0.14,0.14,0.13,0.14,0.14,0.13,,0.15,,,5813343,806326.70,988,F1,1,,,,,
2026-10-06,2026-10-06,CM,NSE,STK,24747,INE0YRN01025,DHARIWAL,SM,,,,,DHARIWALCORP LIMITED,29.00,29.60,27.65,27.85,27.75,29.00,,27.85,,,72000,2037450.00,24,F1,3000,,,,,
2026-10-06,2026-10-06,CM,NSE,STK,13001,INE00OQ01016,DHARMAJ,EQ,,,,,DHARMAJ CROP GUARD LTD,270.30,270.40,264.25,266.55,268.25,265.00,,266.55,,,53591,14320215.00,2333,F1,1,,,,,
2026-10-06,2026-10-06,CM,NSE,STK,765060,INE715T01031,DHATRE,EQ,,,,,DHATRE UDYOG LTD.,3.91,4.07,3.91,3.93,3.98,3.93,,3.93,,,16483,65253.48,136,F1,1,,,,,
2026-10-06,2026-10-06,CM,NSE,STK,764553,INE01NH01023,DHOOTTRANS,EQ,,,,,DHOOT TRANSMISSION LTD,1540.00,1542.30,1460.10,1474.10,1470.00,1521.80,,1474.34,,,1176554,1752965967.20,60277,F1,1,,,,,
2026-10-06,2026-10-06,CM,NSE,STK,6858,INE506Z01015,DHRUV,EQ,,,,,DHRUV CONSULTANCY SER LTD,18.76,20.23,18.76,19.50,19.50,19.51,,19.50,,,5649,111156.72,64,F1,1,,,,,
2026-10-06,2026-10-06,CM,NSE,STK,22233,INE320L01011,DHUNINV,EQ,,,,,DHUNSERI INVESTMENTS LTD,980.00,990.45,961.05,966.90,969.90,972.10,,966.90,,,275,266858.95,47,F1,1,,,,,
2026-10-06,2026-10-06,CM,NSE,STK,6239,INE341R01014,DTIL,BE,,,,,DHUNSERI TEA & IND. LTD.,157.86,157.86,152.60,154.00,154.00,157.86,,154.00,,,1881,292812.65,54,F1,1,,,,,
2026-10-06,2026-10-06,CM,NSE,STK,15214,INE477B01010,DVL,EQ,,,,,DHUNSERI VENTURES LIMITED,273.30,279.00,273.30,278.60,277.30,271.65,,278.68,,,2212,613848.90,147,F1,1,,,,,
2026-10-06,2026-10-06,CM,NSE,STK,18644,INE591D01014,DIAMINESQ,EQ,,,,,DIAMINES & CHEMICALS LTD,235.20,258.00,235.20,244.54,242.20,237.97,,244.55,,,32866,8119729.20,1065,F1,1,,,,,
2026-10-06,2026-10-06,CM,NSE,STK,18545,INE989C01038,DIACABS,BE,,,,,DIAMOND POWER INFRA LTD,350.00,368.30,348.15,368.30,368.30,350.80,,368.78,,,1146404,419705441.70,10528,F1,1,,,,,
2026-10-06,2026-10-06,CM,NSE,STK,703,INE303A01010,DICIND,EQ,,,,,DIC INDIA LIMITED,600.00,624.00,597.00,619.20,614.25,595.95,,619.20,,,1605,988050.00,101,F1,1,,,,,
2026-10-06,2026-10-06,CM,NSE,STK,25672,INE184O01015,DIFFNKG,EQ,,,,,DIFFUSION ENGINEERS LTD,456.90,456.90,434.75,454.10,451.50,451.25,,453.97,,,279011,123895123.65,11705,F1,1,,,,,
2026-10-06,2026-10-06,CM,NSE,STK,10346,INE03JI01017,DGCONTENT,EQ,,,,,DIGICONTENT LIMITED,24.91,25.98,24.50,24.73,24.52,24.91,,24.73,,,13336,333277.44,104,F1,1,,,,,
2026-10-06,2026-10-06,CM,NSE,STK,21247,INE0PSC01024,DIGIDRIVE,EQ,,,,,DIGIDRIVE DISTRIBUTORS L,17.80,18.25,17.33,17.95,18.25,17.80,,17.95,,,4048,72294.16,83,F1,1,,,,,
2026-10-06,2026-10-06,CM,NSE,STK,19138,INE0QJ901011,DIGIKORE,SM,,,,,DIGIKORE STUDIOS LIMITED,37.20,38.70,35.05,36.15,36.00,37.95,,36.15,,,49600,1839600.00,89,F1,400,,,,,
2026-10-06,2026-10-06,CM,NSE,STK,16683,INE927C01020,DIGISPICE,EQ,,,,,DIGISPICE TECHNOLOGIES LT,15.40,15.54,14.90,15.12,15.29,15.20,,15.12,,,35098,534426.31,171,F1,1,,,,,
2026-10-06,2026-10-06,CM,NSE,STK,757515,INE0U4701011,DIGITIDE,EQ,,,,,DIGITIDE SOLUTIONS LTD,75.00,75.00,73.00,74.01,75.00,74.08,,74.00,,,141105,10418189.98,1729,F1,1,,,,,
2026-10-06,2026-10-06,CM,NSE,STK,6136,INE731U01028,DIGJAMLMTD,BE,,,,,DIGJAM LTD,47.61,48.20,47.50,47.52,47.50,47.61,,47.52,,,5177,246327.27,25,F1,1,,,,,
2026-10-06,2026-10-06,CM,NSE,STK,641,INE016M01021,DNAMEDIA,EQ,,,,,DILIGENT MEDIA CORP LTD.,2.35,2.45,2.35,2.42,2.39,2.34,,2.42,,,47647,115107.09,100,F1,1,,,,,
2026-10-06,2026-10-06,CM,NSE,STK,18086,INE917M01012,DBL,EQ,,,,,DILIP BUILDCON LIMITED,396.50,402.60,394.60,400.80,401.00,396.30,,400.80,,,58056,23111648.75,2662,F1,1,,,,,
2026-10-06,2026-10-06,CM,NSE,STK,762643,INE131C01011,DISAQ,EQ,,,,,DISA INDIA LTD.,11365.00,11732.00,11208.00,11540.00,11699.00,11487.00,,11540.00,,,83,947483.00,31,F1,1,,,,,
2026-10-06,2026-10-06,CM,NSE,STK,14537,INE836F01026,DISHTV,EQ,,,,,DISH TV INDIA LTD.,2.14,2.14,2.10,2.12,2.13,2.10,,2.12,,,892250,1886498.35,1126,F1,1,,,,,
2026-10-06,2026-10-06,CM,NSE,STK,21704,INE385W01011,DCAL,EQ,,,,,DISHMAN CARBO AMCIS LTD,151.70,155.89,151.70,153.57,153.21,151.50,,153.56,,,171019,26327705.62,3472,F1,1,,,,,
2026-10-06,2026-10-06,CM,NSE,STK,14479,INE753U01022,DIVGIITTS,EQ,,,,,DIVGI TORQTRANSFER SYST L,1120.00,1143.00,1100.00,1119.20,1134.00,1120.20,,1119.14,,,71946,80742948.00,6919,F1,1,,,,,
2026-10-06,2026-10-06,CM,NSE,STK,10940,INE361B01024,DIVISLAB,EQ,,,,,DIVI S LABORATORIES LTD,9210.00,9557.50,9165.00,9550.00,9550.00,9196.00,,9549.95,,,465106,4381050187.50,36790,F1,1,,,,,
2026-10-06,2026-10-06,CM,NSE,STK,30262,INE0NA501011,DIVINEHIRA,ST,,,,,DIVINE HIRA JEWELLERS LTD,107.80,107.80,105.90,106.40,106.40,107.80,,106.40,,,9600,1027260.00,8,F1,1200,,,,,
2026-10-06,2026-10-06,CM,NSE,STK,24286,INE0SCO01019,DPEL,SM,,,,,DIVINE POWER ENERGY LTD,615.50,615.85,605.35,612.60,615.00,608.50,,612.60,,,36000,22016325.00,63,F1,500,,,,,
2026-10-06,2026-10-06,CM,NSE,STK,21690,INE935N01020,DIXON,EQ,,,,,DIXON TECHNO (INDIA) LTD,12751.00,13039.00,12660.00,13015.00,13015.00,12748.00,,13014.93,,,175676,2264910179.00,29242,F1,1,,,,,
2026-10-06,2026-10-06,CM,NSE,STK,12749,INE0B1K01014,DJML,EQ,,,,,DJ MEDIAPRINT & LOG LTD,73.05,74.20,72.61,73.87,74.10,73.11,,73.87,,,64590,4753063.66,363,F1,1,,,,,
2026-10-06,2026-10-06,CM,NSE,STK,14732,INE271C01023,DLF,EQ,,,,,DLF LIMITED,673.00,675.50,664.95,666.10,666.10,673.00,,666.09,,,3799738,2542600399.15,67520,F1,1,,,,,
2026-10-06,2026-10-06,CM,NSE,STK,6973,INE505A01010,DMCC,EQ,,,,,DMCC SPECIALITY CHEMICALS,323.30,374.15,323.00,355.80,354.00,319.10,,355.80,,,2942524,1050418675.75,72558,F1,1,,,,,
2026-10-06,2026-10-06,CM,NSE,STK,22533,INE0OGG01015,DHTL,SM,,,,,DOCMODE HEALTH TECH LTD,24.75,24.75,23.55,23.55,23.55,24.75,,23.55,,,28000,679440.00,13,F1,800,,,,,
2026-10-06,2026-10-06,CM,NSE,STK,4822,INE021O01019,DODLA,EQ,,,,,DODLA DAIRY LIMITED,1015.60,1023.60,1007.20,1019.90,1023.00,1015.60,,1019.90,,,7697,7815452.20,1240,F1,1,,,,,
2026-10-06,2026-10-06,CM,NSE,STK,12124,INE966A01022,DOLATALGO,EQ,,,,,DOLAT ALGOTECH LIMITED,63.93,63.93,61.90,62.46,62.50,62.40,,62.46,,,111249,6979767.29,1031,F1,1,,,,,
2026-10-06,2026-10-06,CM,NSE,STK,20560,INE325C01035,DOLLAR,EQ,,,,,DOLLAR INDUSTRIES LIMITED,275.00,282.00,273.60,278.55,276.50,274.40,,278.58,,,68600,19094236.25,1654,F1,1,,,,,
2026-10-06,2026-10-06,CM,NSE,STK,765977,INE0JHH01011,DOLLEX,EQ,,,,,DOLLEX AGROTECH LIMITED,39.87,39.87,36.00,36.92,37.77,37.16,,36.93,,,21502,796141.80,875,F1,1,,,,,
2026-10-06,2026-10-06,CM,NSE,STK,18139,INE920A01037,DOLPHIN,EQ,,,,,DOLPHIN OFF ENT (IND) L,619.70,656.05,615.00,643.35,634.10,621.00,,643.25,,,103424,65987720.05,5220,F1,1,,,,,
2026-10-06,2026-10-06,CM,NSE,STK,20551,INE321T01012,DOMS,EQ,,,,,DOMS INDUSTRIES LIMITED,2079.80,2085.00,2065.00,2073.20,2067.20,2079.80,,2073.22,,,11709,24261707.10,3389,F1,1,,,,,
2026-10-06,2026-10-06,CM,NSE,STK,13839,INE668D01028,DONEAR,EQ,,,,,DONEAR IND. LIMITED,81.48,81.48,80.25,80.39,80.36,80.22,,80.38,,,4046,326675.07,92,F1,1,,,,,
2026-10-06,2026-10-06,CM,NSE,STK,15423,INE360C01024,DPSCLTD,BE,,,,,DPSC LIMITED,6.62,6.89,6.49,6.56,6.66,6.72,,6.56,,,162647,1070693.48,580,F1,1,,,,,
2026-10-06,2026-10-06,CM,NSE,STK,29452,INE943P01029,AGARWALEYE,EQ,,,,,DR AGARWALS HEALTH CARE L,485.00,488.80,474.20,486.85,487.00,484.25,,486.90,,,202172,97620562.00,12824,F1,1,,,,,
2026-10-06,2026-10-06,CM,NSE,STK,762648,INE934C01018,DRAGARWQ,EQ,,,,,DR. AGARWAL'S EYE HOSP L,5215.00,5323.50,5161.00,5195.00,5199.00,5215.00,,5196.09,,,1620,8472698.50,811,F1,1,,,,,
2026-10-06,2026-10-06,CM,NSE,STK,11654,INE600L01024,LALPATHLAB,EQ,,,,,DR. LAL PATH LABS LTD.,1993.20,2018.70,1945.90,1964.20,1952.00,1971.30,,1964.17,,,245709,487228984.30,25351,F1,1,,,,,
2026-10-06,2026-10-06,CM,NSE,STK,881,INE089A01031,DRREDDY,EQ,,,,,DR. REDDY S LABORATORIES,1207.00,1212.70,1195.00,1208.00,1208.00,1203.00,,1208.00,,,1638100,1974290835.00,40801,F1,1,,,,,
2026-10-06,2026-10-06,CM,NSE,STK,2645,INE03RS01027,DRCSYSTEMS,EQ,,,,,DRC SYSTEMS INDIA LIMITED,12.87,13.33,12.80,12.92,12.80,13.04,,12.92,,,47066,612713.64,235,F1,1,,,,,
2026-10-06,2026-10-06,CM,NSE,STK,10859,INE0JS101016,DREAMFOLKS,EQ,,,,,DREAMFOLKS SERVICES LTD,61.00,62.37,60.00,60.66,60.50,60.50,,60.69,,,65169,3974556.79,1063,F1,1,,,,,
2026-10-06,2026-10-06,CM,NSE,STK,11271,INE506A01018,DREDGECORP,EQ,,,,,DREDGING CORP OF INDIA,904.30,922.85,899.20,909.00,902.50,903.90,,909.09,,,69081,62688758.35,5719,F1,1,,,,,
2026-10-06,2026-10-06,CM,NSE,STK,17372,INE0P7201019,DRONE,SM,,,,,DRONE DESTINATION LIMITED,32.55,34.00,32.55,33.30,33.65,32.55,,33.30,,,19000,634825.00,27,F1,500,,,,,
2026-10-06,2026-10-06,CM,NSE,STK,8772,INE891A01022,DSKULKARNI,BE,,,,,DS KULKARNI DEVELOPERS L,27.12,27.12,27.12,27.12,27.12,26.59,,27.12,,,1129,30618.48,7,F1,1,,,,,
2026-10-06,2026-10-06,CM,NSE,STK,778,INE055C01020,KEEPLEARN,EQ,,,,,DSJ KEEP LEARNING LTD,1.79,1.95,1.70,1.79,1.92,1.79,,1.81,,,80648,148311.21,96,F1,1,,,,,
2026-10-06,2026-10-06,CM,NSE,STK,1927,INF740KA1EU7,LIQUIDETF,EQ,,,,,DSP LIQUID ETF,1000.00,1000.01,999.99,1000.00,1000.00,1000.00,,1000.00,,,124477,124476965.70,287,F1,1,,,,,
2026-10-06,2026-10-06,CM,NSE,STK,761364,INF740KA1YH2,BANK10ADD,EQ,,,,,DSPAMC - BANK10ADD,16.28,16.41,16.24,16.32,16.41,16.16,,16.32,,,2075431,33913231.81,115,F1,1,,,,,
2026-10-06,2026-10-06,CM,NSE,STK,13644,INF740KA1RX3,BANKADD,EQ,,,,,DSPAMC - DSPBANK,56.12,56.55,56.12,56.35,56.39,55.93,,56.35,,,34038,1914444.14,40,F1,1,,,,,
2026-10-06,2026-10-06,CM,NSE,STK,15356,INF740KA1ZP2,GOLDADD,EQ,,,,,DSPAMC - DSPGOLD,14.28,14.30,14.17,14.29,14.29,14.28,,14.29,,,16128252,229701118.69,9643,F1,1,,,,,
2026-10-06,2026-10-06,CM,NSE,STK,17207,INF740KA1SX1,ITADD,EQ,,,,,DSPAMC - DSPIT,29.96,29.99,29.67,29.79,29.82,29.97,,29.79,,,14482,431670.32,79,F1,1,,,,,
2026-10-06,2026-10-06,CM,NSE,STK,6606,INF740KA1QK2,EQUAL50ADD,EQ,,,,,DSPAMC - DSPNEWETF,323.77,325.60,321.28,323.46,325.60,322.16,,323.34,,,8527,2753070.29,284,F1,1,,,,,
2026-10-06,2026-10-06,CM,NSE,STK,7451,INF740KA1CL0,NIFTYADD,EQ,,,,,DSPAMC - DSPNIFTY,239.96,240.12,237.72,239.92,240.10,237.98,,239.92,,,52140,12491778.52,166,F1,1,,,,,
2026-10-06,2026-10-06,CM,NSE,STK,17616,INF740KA1SY9,PSUBANKADD,EQ,,,,,DSPAMC - DSPPSBKETF,81.20,81.52,79.33,80.60,80.99,81.05,,80.60,,,65395,5276899.51,265,F1,1,,,,,
2026-10-06,2026-10-06,CM,NSE,STK,17576,INF740KA1TA7,PVTBANKADD,EQ,,,,,DSPAMC - DSPPVBKETF,27.34,27.63,27.24,27.55,27.63,27.11,,27.60,,,3771917,103472580.19,150,F1,1,,,,,
2026-10-06,2026-10-06,CM,NSE,STK,7456,INF740KA1ZF3,MIDQ50ADD,EQ,,,,,DSPAMC - DSPQ50ETF,23.68,24.20,23.27,23.83,23.91,23.54,,23.83,,,38640,919028.71,206,F1,1,,,,,
2026-10-06,2026-10-06,CM,NSE,STK,17613,INF740KA1SZ6,SENSEXADD,EQ,,,,,DSPAMC - DSPSENXETF,75.15,75.45,75.02,75.35,75.45,74.78,,75.35,,,2031,152761.54,28,F1,1,,,,,
2026-10-06,2026-10-06,CM,NSE,STK,10761,INF740KA1ZQ0,SILVERADD,EQ,,,,,DSPAMC - DSPSILVETF,21.24,21.26,21.00,21.23,21.25,21.34,,21.23,,,1153270,24422251.04,3157,F1,1,,,,,
2026-10-06,2026-10-06,CM,NSE,STK,759368,INF740KA1WU9,FLEXIADD,EQ,,,,,DSPAMC - FLEXIADD,9.45,9.70,9.41,9.50,9.55,9.41,,9.50,,,218189,2066023.25,311,F1,1,,,,,
2026-10-06,2026-10-06,CM,NSE,STK,763530,INF740KA1ZA4,FMCGADD,EQ,,,,,DSPAMC - FMCGADD,44.91,45.35,44.76,45.27,45.35,44.71,,45.27,,,3874,174735.77,45,F1,1,,,,,
2026-10-06,2026-10-06,CM,NSE,STK,765310,INF740KA1ZI7,GSEC10ADD,EQ,,,,,DSPAMC - GSEC10ADD,26.50,26.50,26.50,26.50,26.50,26.15,,26.50,,,2014,53371.00,3,F1,1,,,,,
2026-10-06,2026-10-06,CM,NSE,STK,22592,INF740KA1ZG1,HEALTHADD,EQ,,,,,DSPAMC - HEALTHADD,16.05,16.69,15.99,16.25,16.32,16.10,,16.25,,,82750,1343012.33,188,F1,1,,,,,
2026-10-06,2026-10-06,CM,NSE,STK,23407,INF740KA1UM0,LIQUIDADD,EQ,,,,,DSPAMC - LIQUIDADD,1147.86,1147.88,1147.86,1147.87,1147.88,1147.71,,1147.87,,,260081,298539196.51,250,F1,1,,,,,
2026-10-06,2026-10-06,CM,NSE,STK,764428,INF740KA1ZH9,MIDBANKADD,EQ,,,,,DSPAMC - MIDBANKADD,16.63,16.63,16.48,16.48,16.48,16.61,,16.48,,,2417,39933.96,30,F1,1,,,,,
2026-10-06,2026-10-06,CM,NSE,STK,760356,INF740KA1WW5,MIDCAPADD,EQ,,,,,DSPAMC - MIDCAPADD,21.91,22.70,21.84,22.21,21.88,21.82,,22.20,,,102527,2255268.93,49,F1,1,,,,,
2026-10-06,2026-10-06,CM,NSE,STK,759978,INF740KA1WV7,MSCIADD,EQ,,,,,DSPAMC - MSCIADD,27.84,28.03,27.84,28.03,28.03,28.27,,28.03,,,421,11752.98,28,F1,1,,,,,
2026-10-06,2026-10-06,CM,NSE,STK,29464,INF740KA1VE5,NEXT30ADD,EQ,,,,,DSPAMC - NEXT30ADD,40.22,40.39,40.19,40.29,40.35,40.21,,40.29,,,1673,67367.36,43,F1,1,,,,,
2026-10-06,2026-10-06,CM,NSE,STK,760599,INF740KA1XU7,NEXT50ADD,EQ,,,,,DSPAMC - NEXT50ADD,69.97,70.63,69.97,70.56,70.29,69.69,,70.56,,,7545,531173.07,27,F1,1,,,,,
2026-10-06,2026-10-06,CM,NSE,STK,760359,INF740KA1WX3,SMALLADD,EQ,,,,,DSPAMC - SMALLADD,18.23,18.23,17.79,17.98,17.98,17.79,,17.98,,,16478,295553.22,131,F1,1,,,,,
2026-10-06,2026-10-06,CM,NSE,STK,25171,INF740KA1UR9,TOP10ADD,EQ,,,,,DSPAMC - TOP10ADD,83.48,84.10,83.13,83.84,84.08,83.07,,83.84,,,1969278,164841551.66,458,F1,1,,,,,
2026-10-06,2026-10-06,CM,NSE,STK,13766,INE0LZO01015,DUCOL,SM,,,,,DUCOL ORGS AND COLOURS LT,122.00,122.00,122.00,122.00,122.00,122.25,,122.00,,,800,97600.00,1,F1,800,,,,,
2026-10-06,2026-10-06,CM,NSE,STK,28952,INE741L01018,DUCON,EQ,,,,,DUCON INFRATECHNOLOGIES L,1.42,1.42,1.42,1.42,1.42,1.36,,1.42,,,314932,447203.44,50,F1,1,,,,,
2026-10-06,2026-10-06,CM,NSE,STK,24164,INE0OUW01013,DURLAX,SM,,,,,DURLAX TOP SURFACE LTD,65.00,65.35,62.60,63.75,63.75,63.40,,63.75,,,42000,2683300.00,21,F1,2000,,,,,
2026-10-06,2026-10-06,CM,NSE,STK,11667,INE366A01041,DWARKESH,EQ,,,,,DWARIKESH SUGAR IND LTD,45.15,47.59,45.13,46.86,47.00,44.08,,46.86,,,6280361,292812263.01,25675,F1,1,,,,,
2026-10-06,2026-10-06,CM,NSE,STK,25690,INE417B01040,DSSL,EQ,,,,,DYNACONS SYS & SOLN LTD,960.00,1013.05,960.00,1013.05,1013.05,964.85,,1012.31,,,34564,34667273.80,2164,F1,1,,,,,
2026-10-06,2026-10-06,CM,NSE,STK,4525,INE221B01012,DYNAMATECH,EQ,,,,,DYNAMATIC TECHNOLOGIES,14300.00,14409.00,14111.00,14279.00,14318.00,14251.00,,14278.64,,,25746,366921828.00,8977,F1,1,,,,,
2026-10-06,2026-10-06,CM,NSE,STK,10417,INE600Y01019,DYCL,EQ,,,,,DYNAMIC CABLES LIMITED,437.90,450.00,433.35,446.05,446.95,434.85,,446.20,,,208326,92517796.00,7440,F1,1,,,,,
2026-10-06,2026-10-06,CM,NSE,STK,6079,INE0DZ701010,DYNAMIC,SM,,,,,DYNAMIC SRVCS & SEC LTD,129.95,136.00,129.95,131.00,131.00,127.95,,131.00,,,2500,328475.00,4,F1,500,,,,,
2026-10-06,2026-10-06,CM,NSE,STK,21314,INE256H01015,DYNPRO,EQ,,,,,DYNEMIC PRODUCTS LIMITED,225.58,225.59,220.00,221.55,220.80,220.44,,221.55,,,4792,1063058.94,203,F1,1,,,,,
2026-10-06,2026-10-06,CM,NSE,STK,19267,INE0KFF01017,EFACTOR,SM,,,,,E FACTOR EXPERIENCES LTD,181.00,185.45,176.00,183.50,183.50,175.60,,183.50,,,12800,2316620.00,21,F1,400,,,,,
2026-10-06,2026-10-06,CM,NSE,STK,760531,INE1CEJ01017,E2ERAIL,SM,,,,,E TO E TRANS INFRA LTD,313.90,321.70,310.00,312.65,312.00,312.25,,312.65,,,43200,13630480.00,49,F1,800,,,,,
2026-10-06,2026-10-06,CM,NSE,STK,8940,INE255Z01027,E2E,BE,,,,,E2E NETWORKS LIMITED,665.00,688.90,662.00,688.90,688.90,656.10,,689.14,,,857233,588133775.50,6924,F1,1,,,,,
2026-10-06,2026-10-06,CM,NSE,STK,765065,INE595R01023,EASTWEST,EQ,,,,,EAST WEST FREIGHT CARRI L,2.35,2.36,2.20,2.22,2.22,2.32,,2.22,,,113939,256238.04,187,F1,1,,,,,
2026-10-06,2026-10-06,CM,NSE,STK,9769,INE962C01035,EASTSILK,BE,,,,,EASTERN SILK INDUSTRIES L,69.34,69.99,67.20,67.20,67.20,66.66,,67.20,,,1891,132166.40,16,F1,1,,,,,
2026-10-06,2026-10-06,CM,NSE,STK,2792,INE07O001026,EASEMYTRIP,EQ,,,,,EASY TRIP PLANNERS LTD,5.77,5.84,5.76,5.80,5.81,5.77,,5.80,,,5918087,34263027.68,4568,F1,1,,,,,
2026-10-06,2026-10-06,CM,NSE,STK,765073,INE432F01032,EBIX,BE,,,,,EBIX LIMITED,17.50,17.50,16.88,17.01,17.00,16.91,,17.07,,,13725,234068.14,61,F1,1,,,,,
2026-10-06,2026-10-06,CM,NSE,STK,759974,INE528S07110,888ECL28,N1,,,,,ECL 8.88% 2028 SR V,999.99,999.99,999.99,999.99,999.99,993.41,,999.99,,,10,9999.90,1,F1,1,,,,,
2026-10-06,2026-10-06,CM,NSE,STK,759975,INE528S07128,925ECL28,N2,,,,,ECL 9.25% 2028 SR VI,1032.88,1032.88,1032.88,1032.88,1032.88,1029.20,,1032.88,,,90,92959.20,1,F1,1,,,,,
2026-10-06,2026-10-06,CM,NSE,STK,15179,INE738I01010,ECLERX,EQ,,,,,ECLERX SERVICES LTD,1884.00,1936.40,1878.00,1917.20,1920.00,1884.30,,1916.75,,,184481,351305888.20,30003,F1,1,,,,,
2026-10-06,2026-10-06,CM,NSE,STK,764663,INE316A01038,ECORECO,EQ,,,,,ECO RECYCLING LTD.,429.90,442.00,418.00,438.70,442.00,427.30,,438.65,,,11679,5055367.50,1091,F1,1,,,,,
2026-10-06,2026-10-06,CM,NSE,STK,759961,INE0VBS01016,ECOLINE,SM,,,,,ECOLINE EXIM LIMITED,188.00,189.00,182.05,184.95,184.95,182.00,,184.95,,,131000,24468450.00,41,F1,1000,,,,,
2026-10-06,2026-10-06,CM,NSE,STK,25060,INE06HJ01020,ECOSMOBLTY,EQ,,,,,ECOS (INDIA) MOB & HOSP L,106.60,114.89,105.00,110.42,111.00,105.44,,110.41,,,175431,19364582.52,3122,F1,1,,,,,
2026-10-06,2026-10-06,CM,NSE,STK,7196,INF754K01OB1,BBETF0432,EQ,,,,,EDELAMC - BBETF0432,1336.70,1339.74,1334.03,1336.14,1339.74,1336.70,,1336.14,,,698,933013.05,26,F1,1,,,,,
2026-10-06,2026-10-06,CM,NSE,STK,764378,INF754K01XH9,EBANK10,EQ,,,,,EDELAMC - EBANK10,16.19,16.30,16.05,16.30,16.30,16.05,,16.30,,,21,341.11,5,F1,1,,,,,
2026-10-06,2026-10-06,CM,NSE,STK,25258,INF754K01TE4,EBANKNIFTY,EQ,,,,,EDELAMC - EBANKNIFTY,55.99,55.99,55.54,55.70,55.75,56.95,,55.70,,,4682,260709.75,59,F1,1,,,,,
2026-10-06,2026-10-06,CM,NSE,STK,16253,INF754K01KO2,EBBETF0430,EQ,,,,,EDELAMC - EBBETF0430,1637.72,1637.72,1603.80,1607.48,1607.31,1605.61,,1607.48,,,13199,21219329.97,361,F1,1,,,,,
2026-10-06,2026-10-06,CM,NSE,STK,22239,INF754K01LE1,EBBETF0431,EQ,,,,,EDELAMC - EBBETF0431,1431.00,1432.00,1425.50,1427.32,1431.99,1427.09,,1427.32,,,13373,19090809.81,157,F1,1,,,,,
2026-10-06,2026-10-06,CM,NSE,STK,13139,INF754K01QX0,EBBETF0433,EQ,,,,,EDELAMC - EBBETF0433,1301.59,1303.97,1296.91,1301.26,1297.70,1298.98,,1301.22,,,2861,3720252.26,93,F1,1,,,,,
2026-10-06,2026-10-06,CM,NSE,STK,29019,INF754K01TX4,ECAPINSURE,EQ,,,,,EDELAMC - ECAPINSURE,23.29,23.50,22.51,23.35,23.44,22.94,,23.35,,,65357,1508398.64,206,F1,1,,,,,
2026-10-06,2026-10-06,CM,NSE,STK,19933,INF754K01SE6,EGOLD,EQ,,,,,EDELAMC - EGOLD,146.90,147.15,145.75,147.05,146.15,146.95,,147.05,,,444585,65366769.25,433,F1,1,,,,,
2026-10-06,2026-10-06,CM,NSE,STK,759466,INF754K01VW2,ELIQUID,EQ,,,,,EDELAMC - ELIQUID,1050.68,1050.68,1050.67,1050.67,1050.68,1050.52,,1050.67,,,68894,72385541.02,19,F1,1,,,,,
2026-10-06,2026-10-06,CM,NSE,STK,758952,INF754K01VV4,ELM250,EQ,,,,,EDELAMC - ELM250,15.60,15.82,15.58,15.80,15.80,15.46,,15.80,,,31418,494729.97,193,F1,1,,,,,
2026-10-06,2026-10-06,CM,NSE,STK,764367,INF754K01XI7,ELMDIV,EQ,,,,,EDELAMC - ELMDIV,34.55,34.62,34.34,34.49,34.49,34.39,,34.25,,,335,11520.45,7,F1,1,,,,,
2026-10-06,2026-10-06,CM,NSE,STK,764288,INF754K01XG1,EMETAL,EQ,,,,,EDELAMC - EMETAL,12.58,12.67,12.57,12.57,12.66,12.58,,12.57,,,12129,152696.09,31,F1,1,,,,,
2026-10-06,2026-10-06,CM,NSE,STK,25996,INF754K01TF1,EMULTIMQ,EQ,,,,,EDELAMC - EMULTIMQ,40.14,40.65,40.12,40.56,40.59,39.91,,40.56,,,18853,763707.99,113,F1,1,,,,,
2026-10-06,2026-10-06,CM,NSE,STK,763540,INF754K01XF3,ENEXT50,EQ,,,,,EDELAMC - ENEXT50,69.70,69.92,69.50,69.92,69.92,69.21,,69.92,,,595,41565.31,8,F1,1,,,,,
2026-10-06,2026-10-06,CM,NSE,STK,759998,INF754K01VX0,ENIFTY,EQ,,,,,EDELAMC - ENIFTY,22.87,23.02,22.87,23.02,23.02,22.79,,23.02,,,2412,55319.42,58,F1,1,,,,,
2026-10-06,2026-10-06,CM,NSE,STK,759995,INF754K01VY8,ESENSEX,EQ,,,,,EDELAMC - ESENSEX,73.46,73.64,73.00,73.64,73.64,73.41,,73.64,,,876,64154.91,12,F1,1,,,,,
2026-10-06,2026-10-06,CM,NSE,STK,20257,INF754K01SF3,ESILVER,EQ,,,,,EDELAMC - ESILVER,220.69,221.24,218.00,220.35,220.48,221.74,,220.35,,,41159,9031273.99,1104,F1,1,,,,,
2026-10-06,2026-10-06,CM,NSE,STK,15119,INE532F01054,EDELWEISS,EQ,,,,,EDELWEISS FIN SERV LTD,136.12,138.19,133.80,135.53,135.95,135.47,,135.53,,,2547963,345966054.94,21886,F1,1,,,,,
2026-10-06,2026-10-06,CM,NSE,STK,758675,INE886D01026,EFCIL,EQ,,,,,EFC (I) LIMITED,170.00,173.80,165.94,170.10,170.00,168.74,,170.10,,,480175,81192607.00,6546,F1,1,,,,,
2026-10-06,2026-10-06,CM,NSE,STK,24435,INE0U9101019,EFFWA,SM,,,,,EFFWA INFRA & RESEARCH L,343.55,357.00,338.95,343.35,343.35,350.90,,343.35,,,29600,10213360.00,45,F1,400,,,,,
2026-10-06,2026-10-06,CM,NSE,STK,910,INE066A01021,EICHERMOT,EQ,,,,,EICHER MOTORS LTD,7065.00,7074.50,6976.00,7051.00,7051.00,7021.50,,7051.00,,,233372,1642288854.00,29875,F1,1,,,,,
2026-10-06,2026-10-06,CM,NSE,STK,916,INE126A01031,EIDPARRY,EQ,,,,,EID PARRY INDIA LTD,698.00,710.70,695.00,699.20,696.00,691.95,,699.21,,,314300,220627966.65,19647,F1,1,,,,,
2026-10-06,2026-10-06,CM,NSE,STK,15399,INE276C01014,EIHAHOTELS,EQ,,,,,EIH ASSOCIATED HOTELS LTD,294.40,299.70,293.00,297.80,299.00,294.40,,297.78,,,10394,3084118.05,603,F1,1,,,,,
2026-10-06,2026-10-06,CM,NSE,STK,919,INE230A01023,EIHOTEL,EQ,,,,,EIH LIMITED,300.80,301.75,297.80,300.70,299.10,298.30,,300.70,,,96830,29030034.20,5200,F1,1,,,,,
2026-10-06,2026-10-06,CM,NSE,STK,4040,INE158B01016,EIMCOELECO,EQ,,,,,EIMCO ELECON (INDIA) LTD,2251.40,2415.90,2251.40,2371.80,2379.90,2241.90,,2371.61,,,81588,191747988.80,9362,F1,1,,,,,
2026-10-06,2026-10-06,CM,NSE,STK,764671,INE0CPR01018,EKI,BE,,,,,EKI ENERGY SERVICES LTD,93.06,93.06,88.41,88.41,88.41,93.06,,87.81,,,18606,1649703.32,267,F1,1,,,,,
2026-10-06,2026-10-06,CM,NSE,STK,762653,INE280B01018,ELANTAS,EQ,,,,,ELANTAS BECK INDIA LTD.,13261.00,14097.00,13261.00,13937.00,14087.00,13214.00,,13939.59,,,6923,96257982.00,1710,F1,1,,,,,
2026-10-06,2026-10-06,CM,NSE,STK,762658,INE927X01018,ELCIDIN,EQ,,,,,ELCID INVESTMENTS LTD.,102000.00,102975.00,98005.00,102975.00,102975.00,102000.00,,102937.00,,,10,1007090.00,9,F1,1,,,,,
2026-10-06,2026-10-06,CM,NSE,STK,8953,INE668G01021,ELDEHSG,EQ,,,,,ELDECO HSG & IND LTD.,785.00,789.75,766.15,785.20,785.90,773.55,,785.20,,,41,31950.80,12,F1,1,,,,,
2026-10-06,2026-10-06,CM,NSE,STK,13643,INE205B01031,ELECON,EQ,,,,,ELECON ENG. CO. LTD,446.40,449.70,440.40,446.30,449.00,446.35,,446.29,,,307847,136720971.50,12590,F1,1,,,,,
2026-10-06,2026-10-06,CM,NSE,STK,20899,INE0Q1W01012,EFORCE,SM,,,,,ELECTRO FORCE (INDIA) LTD,17.10,18.00,17.10,18.00,18.00,18.50,,18.00,,,8400,148800.00,7,F1,1200,,,,,
2026-10-06,2026-10-06,CM,NSE,STK,11530,INE02YR01019,EMIL,EQ,,,,,ELECTRONICS MART IND LTD,206.00,209.90,199.42,201.42,200.66,205.10,,201.43,,,6266534,1285227038.27,53896,F1,1,,,,,
2026-10-06,2026-10-06,CM,NSE,STK,928,INE086A01029,ELECTCAST,EQ,,,,,ELECTROSTEEL CASTINGS LTD,75.44,80.98,74.77,78.97,79.15,75.26,,78.97,,,7872274,624467363.10,47319,F1,1,,,,,
2026-10-06,2026-10-06,CM,NSE,STK,4469,INE822G01016,ELECTHERM,EQ,,,,,ELECTROTHERM (I) LTD.,725.40,755.80,711.10,735.25,730.00,702.40,,735.24,,,57868,42542879.90,3819,F1,1,,,,,
2026-10-06,2026-10-06,CM,NSE,STK,29595,INE0R9101015,ELGNZ,SM,,,,,ELEGANZ INTERIORS LIMITED,79.25,80.00,78.35,80.00,80.00,81.95,,80.00,,,11000,870950.00,11,F1,1000,,,,,
2026-10-06,2026-10-06,CM,NSE,STK,766278,INE147X01013,ELEVATE,EQ,,,,,ELEVATE CAMPUSES LIMITED,339.00,341.90,327.05,337.75,339.95,333.15,,337.77,,,2160676,723254190.30,79639,F1,1,,,,,
2026-10-06,2026-10-06,CM,NSE,STK,937,INE285A01027,ELGIEQUIP,EQ,,,,,ELGI EQUIPMENTS LTD,590.80,601.95,587.50,599.25,596.00,591.20,,599.29,,,316791,188493551.35,19996,F1,1,,,,,
2026-10-06,2026-10-06,CM,NSE,STK,24924,INE819L01012,ELGIRUBCO,EQ,,,,,ELGI RUBBER CO. LTD,52.50,59.80,51.61,55.97,56.55,51.56,,55.97,,,256656,14659515.32,3180,F1,1,,,,,
2026-10-06,2026-10-06,CM,NSE,STK,13423,INE050401020,ELIN,EQ,,,,,ELIN ELECTRONICS LIMITED,78.97,80.70,78.10,78.84,79.00,78.97,,78.84,,,120244,9506643.91,1639,F1,1,,,,,
2026-10-06,2026-10-06,CM,NSE,STK,762663,INE669R01026,ELITECON,EQ,,,,,ELITECON INTERNATIONAL L,7.40,7.49,7.20,7.24,7.25,7.49,,7.24,,,8019054,58350459.40,8187,F1,1,,,,,
2026-10-06,2026-10-06,CM,NSE,STK,758563,INE236E01022,ELLEN,EQ,,,,,ELLENBARRIE INDUS GASES L,330.10,353.80,330.10,348.20,351.00,332.55,,348.22,,,694949,238022638.35,13812,F1,1,,,,,
2026-10-06,2026-10-06,CM,NSE,STK,4471,INE579B01039,ELPROINTL,EQ,,,,,ELPRO INTERNATIONAL LTD,173.72,174.75,172.08,174.39,174.75,174.59,,174.17,,,1613,280406.19,77,F1,1,,,,,
2026-10-06,2026-10-06,CM,NSE,STK,29229,INE0ZOL01023,EMAPARTNER,SM,,,,,EMA PARTNERS INDIA LTD,72.00,82.90,72.00,82.05,82.90,83.90,,82.05,,,11000,884600.00,8,F1,1000,,,,,
2026-10-06,2026-10-06,CM,NSE,STK,13517,INE548C01032,EMAMILTD,EQ,,,,,EMAMI LIMITED,377.90,387.50,374.00,384.00,385.00,377.75,,383.92,,,2900756,1102631813.60,35906,F1,1,,,,,
2026-10-06,2026-10-06,CM,NSE,STK,10084,INE830C01026,EMAMIPAP,BE,,,,,EMAMI PAPER MILLS LIMITED,116.38,116.38,113.60,115.20,116.20,115.01,,115.17,,,12243,1406666.02,115,F1,1,,,,,
2026-10-06,2026-10-06,CM,NSE,STK,19277,INE778K01012,EMAMIREAL,EQ,,,,,EMAMI REALTY LIMITED,69.00,69.90,66.50,68.43,68.50,68.06,,68.43,,,5789,394867.09,441,F1,1,,,,,
2026-10-06,2026-10-06,CM,NSE,STK,14450,INE069I01010,EMBDL,EQ,,,,,EMBASSY DEVELOPMENTS LTD,56.30,58.64,56.30,57.33,57.20,56.05,,57.33,,,1258961,72481038.76,7050,F1,1,,,,,
2026-10-06,2026-10-06,CM,NSE,STK,9383,INE041025011,EMBASSY,RR,,,,,EMBASSY OFFICE PARKS REIT,428.10,432.40,427.16,431.21,431.00,427.16,,431.21,,,300172,128836792.41,17842,F1,1,,,,,
2026-10-06,2026-10-06,CM,NSE,STK,24398,INE168P01015,EMCURE,EQ,,,,,EMCURE PHARMACEUTICALS L,1937.10,1954.90,1890.00,1922.40,1920.50,1937.10,,1922.40,,,379767,723823029.00,18754,F1,1,,,,,
2026-10-06,2026-10-06,CM,NSE,STK,27629,INE0RHD01013,ETML,SM,,,,,EMERALD TYRE MANUF LTD,73.45,73.45,72.10,72.95,73.00,73.45,,72.95,,,36000,2630520.00,15,F1,1200,,,,,
2026-10-06,2026-10-06,CM,NSE,STK,13421,INE296H01011,EMKAY,EQ,,,,,EMKAY GLOBAL FIN SERV LTD,283.80,289.00,281.00,285.60,284.25,280.20,,285.64,,,16864,4802407.55,614,F1,1,,,,,
2026-10-06,2026-10-06,CM,NSE,STK,10253,INE332S01011,EMKAYTOOLS,SM,,,,,EMKAY TAP & CUT. TOOL LTD,94.50,95.00,92.55,94.00,94.00,98.00,,94.00,,,1350,126600.00,8,F1,150,,,,,
2026-10-06,2026-10-06,CM,NSE,STK,758591,INE0PXC01024,ETL,SM,,,,,EMKAY TOOLS LIMITED,1125.00,1125.00,1125.00,1125.00,1125.00,1155.00,,1125.00,,,150,168750.00,1,F1,150,,,,,
2026-10-06,2026-10-06,CM,NSE,STK,18142,INE753K01015,EMMBI,EQ,,,,,EMMBI INDUSTRIES LIMITED,85.00,88.30,85.00,88.15,88.30,86.08,,88.15,,,7258,630569.98,114,F1,1,,,,,
2026-10-06,2026-10-06,CM,NSE,STK,759728,INE1C6T01020,EMMVEE,EQ,,,,,EMMVEE PHOTOVOLTAIC PWR L,297.00,299.30,293.10,296.50,297.00,296.25,,296.50,,,1073102,318533169.30,28158,F1,1,,,,,
2026-10-06,2026-10-06,CM,NSE,STK,764673,INE515H01014,EMPIND,EQ,,,,,EMPIRE INDUSTRIES LTD.,1051.90,1054.00,1035.00,1040.00,1040.00,1034.00,,1040.00,,,9488,9877964.40,204,F1,1,,,,,
2026-10-06,2026-10-06,CM,NSE,STK,762670,INE507F01023,EMPOWER,EQ,,,,,EMPOWER INDIA LTD.,1.69,1.69,1.65,1.68,1.69,1.61,,1.68,,,30334293,51219698.63,4976,F1,1,,,,,
2026-10-06,2026-10-06,CM,NSE,STK,18593,INE0OV601013,EMSLIMITED,EQ,,,,,EMS LIMITED,329.00,340.45,329.00,334.25,335.50,327.80,,334.26,,,112594,37544796.55,4587,F1,1,,,,,
2026-10-06,2026-10-06,CM,NSE,STK,9756,INE01QM01018,EMUDHRA,EQ,,,,,EMUDHRA LIMITED,599.00,610.00,593.00,607.90,609.65,599.00,,607.91,,,267269,160887079.50,10930,F1,1,,,,,
2026-10-06,2026-10-06,CM,NSE,STK,760321,INE433T01015,ENCOMPAS,SM,,,,,ENCOMPASS DESIGN INDIA L,255.00,255.00,253.60,254.00,254.00,252.50,,254.00,,,10400,2641840.00,11,F1,400,,,,,
2026-10-06,2026-10-06,CM,NSE,STK,18822,INE913H01037,ENDURANCE,EQ,,,,,ENDURANCE TECHNO. LTD.,2530.00,2553.20,2512.00,2516.00,2514.00,2526.50,,2516.00,,,75266,190572490.80,21461,F1,1,,,,,
2026-10-06,2026-10-06,CM,NSE,STK,15049,INE306C01019,ENERGYDEV,EQ,,,,,ENERGY DEVE. CO.LTD,14.54,14.80,14.21,14.36,14.28,14.40,,14.36,,,7848,113409.20,204,F1,1,,,,,
2026-10-06,2026-10-06,CM,NSE,STK,23745,INE0S1L01013,EMMIL,SM,,,,,ENERGY MISSION MACH IND L,130.00,136.00,125.15,129.95,129.90,129.00,,129.95,,,14250,1865937.50,31,F1,250,,,,,
2026-10-06,2026-10-06,CM,NSE,STK,23224,INE0S3X01014,ENFUSE,SM,,,,,ENFUSE SOLUTIONS LIMITED,154.00,154.00,154.00,154.00,154.00,150.00,,154.00,,,600,92400.00,1,F1,600,,,,,
2026-10-06,2026-10-06,CM,NSE,STK,4907,INE510A01028,ENGINERSIN,EQ,,,,,ENGINEERS INDIA LTD,309.00,320.80,306.40,313.30,313.90,307.85,,313.29,,,5178995,1629721748.15,62892,F1,1,,,,,
2026-10-06,2026-10-06,CM,NSE,STK,764678,INE130L01014,ENKEIWHEL,EQ,,,,,ENKEI WHEELS (INDIA) LTD.,392.00,392.00,382.25,386.60,385.65,392.40,,387.12,,,3389,1314441.30,97,F1,1,,,,,
2026-10-06,2026-10-06,CM,NSE,STK,23230,INE0R9I01021,ENSER,SM,,,,,ENSER COMMUNICATIONS LTD,14.65,16.15,14.65,15.30,15.40,14.70,,15.30,,,535000,8197500.00,78,F1,5000,,,,,
2026-10-06,2026-10-06,CM,NSE,STK,22717,INE010601016,ENTERO,EQ,,,,,ENTERO HEALTHCARE SOLU L,1702.00,1744.00,1682.70,1721.60,1744.00,1697.10,,1721.49,,,63943,108972356.00,8095,F1,1,,,,,
2026-10-06,2026-10-06,CM,NSE,STK,13192,INE265F01028,ENIL,EQ,,,,,ENTERTAIN NET. IND. LTD.,94.30,94.30,91.60,92.24,92.50,91.69,,92.75,,,4896,450959.01,112,F1,1,,,,,
2026-10-06,2026-10-06,CM,NSE,STK,27213,INE0LLY01014,EIEL,EQ,,,,,ENVIRO INFRA ENGINEERS L,182.38,186.40,182.38,185.54,186.25,180.61,,185.54,,,1234338,228232851.24,13477,F1,1,,,,,
2026-10-06,2026-10-06,CM,NSE,STK,25412,INE0SUH01015,ENVIRO,SM,,,,,ENVIROTECH SYSTEMS LTD,71.50,71.95,71.00,71.80,71.80,70.95,,71.80,,,110000,7816050.00,11,F1,1000,,,,,
2026-10-06,2026-10-06,CM,NSE,STK,22463,INE0G5901015,EPACK,EQ,,,,,EPACK DURABLE LIMITED,168.13,175.00,168.13,173.75,174.50,168.13,,173.76,,,300391,51536863.47,5763,F1,1,,,,,
2026-10-06,2026-10-06,CM,NSE,STK,759251,INE0MLS01022,EPACKPEB,EQ,,,,,EPACK PREFAB TECHN LTD,249.75,252.79,245.98,247.82,247.66,249.74,,247.81,,,361765,90105991.43,12722,F1,1,,,,,
2026-10-06,2026-10-06,CM,NSE,STK,5382,INE071N01016,EPIGRAL,EQ,,,,,EPIGRAL LIMITED,1007.40,1062.00,1005.80,1036.20,1030.30,1017.30,,1036.23,,,67127,69757024.50,6294,F1,1,,,,,
2026-10-06,2026-10-06,CM,NSE,STK,981,INE255A01020,EPL,EQ,,,,,EPL LIMITED,237.40,239.00,232.29,237.23,235.35,236.50,,237.23,,,1423426,335622631.93,27546,F1,1,,,,,
2026-10-06,2026-10-06,CM,NSE,STK,758349,INE11HF01010,EEPL,ST,,,,,EPPELTONE ENGINEERS LTD,128.05,136.00,128.05,136.00,136.00,134.00,,136.00,,,11000,1473750.00,11,F1,1000,,,,,
2026-10-06,2026-10-06,CM,NSE,STK,761214,INE1KEC01023,EPWINDIA,SM,,,,,EPW INDIA LIMITED,250.00,250.00,225.05,228.60,230.00,242.70,,228.60,,,21600,5105640.00,16,F1,1200,,,,,
2026-10-06,2026-10-06,CM,NSE,STK,3553,INE217G01035,EQUIPPP,BE,,,,,EQUIPPP SOC IMP TECH LTD,21.85,22.50,21.85,22.50,22.50,21.85,,22.50,,,1849,40615.21,15,F1,1,,,,,
2026-10-06,2026-10-06,CM,NSE,STK,913,INE063P01018,EQUITASBNK,EQ,,,,,EQUITAS SMALL FIN BNK LTD,68.28,69.42,67.84,67.96,67.95,68.28,,67.96,,,626333,42921555.41,8898,F1,1,,,,,
2026-10-06,2026-10-06,CM,NSE,STK,21154,INE406M01024,ERIS,EQ,,,,,ERIS LIFESCIENCES LIMITED,1188.60,1201.30,1175.00,1184.70,1186.90,1188.60,,1184.77,,,47481,56430471.60,7089,F1,1,,,,,
2026-10-06,2026-10-06,CM,NSE,STK,955,INE284A01012,ESABINDIA,EQ,,,,,ESAB INDIA LTD,5516.00,5619.00,5513.00,5608.00,5619.00,5514.00,,5608.00,,,2318,12940505.50,559,F1,1,,,,,
2026-10-06,2026-10-06,CM,NSE,STK,19884,INE818W01011,ESAFSFB,BE,,,,,ESAF SMALL FINANCE BANK L,43.18,43.45,41.79,42.15,42.39,43.18,,42.16,,,353896,15103250.24,1164,F1,1,,,,,
2026-10-06,2026-10-06,CM,NSE,STK,22767,INE0RQZ01017,ESCONET,ST,,,,,ESCONET TECHNOLOGIES LTD,245.00,245.00,230.55,232.85,235.20,242.65,,232.85,,,28000,6616240.00,65,F1,400,,,,,
2026-10-06,2026-10-06,CM,NSE,STK,958,INE042A01014,ESCORTS,EQ,,,,,ESCORTS KUBOTA LIMITED,2820.90,2867.00,2785.30,2811.70,2797.20,2820.90,,2811.66,,,106436,301535996.30,15377,F1,1,,,,,
2026-10-06,2026-10-06,CM,NSE,STK,765553,INE0DRI01029,ESDS,EQ,,,,,ESDS SOFTWARE SOLUTION L,1294.30,1294.30,1294.30,1294.30,1294.30,1362.40,,1292.79,,,151322,195856064.60,4391,F1,1,,,,,
2026-10-06,2026-10-06,CM,NSE,STK,759296,INE818W08149,113ESFB31,N0,,,,,ESFB 11.3% 2031 SR 2,102480.00,102480.00,102480.00,102480.00,102480.00,101890.00,,102480.00,,,1,102480.00,1,F1,1,,,,,
2026-10-06,2026-10-06,CM,NSE,STK,24678,INE0SBP01018,ESPRIT,SM,,,,,ESPRIT STONES LIMITED,63.95,63.95,62.00,62.00,62.00,63.90,,62.00,,,9600,606560.00,6,F1,1600,,,,,
2026-10-06,2026-10-06,CM,NSE,STK,25634,INE122M01019,ESSARSHPNG,EQ,,,,,ESSAR SHIPPING LTD,17.06,17.55,16.36,16.72,17.00,17.04,,16.71,,,385151,6572863.85,1516,F1,1,,,,,
2026-10-06,2026-10-06,CM,NSE,STK,17084,INE0ITO01014,ESFL,SM,,,,,ESSEN SPECIALITY FILMS L,111.00,113.00,111.00,112.55,112.05,112.10,,112.55,,,12600,1415196.00,22,F1,360,,,,,
2026-10-06,2026-10-06,CM,NSE,STK,24265,INE778B01029,ESTER,EQ,,,,,ESTER INDUSTRIES LTD,93.60,96.96,93.50,93.87,93.80,93.40,,93.86,,,127496,12140659.62,1465,F1,1,,,,,
2026-10-06,2026-10-06,CM,NSE,STK,5097,INE758T01015,ETERNAL,EQ,,,,,ETERNAL LIMITED,322.50,330.20,319.10,329.00,329.00,320.80,,328.99,,,27075757,8820628653.20,178606,F1,1,,,,,
2026-10-06,2026-10-06,CM,NSE,STK,9750,INE04TZ01018,ETHOSLTD,EQ,,,,,ETHOS LIMITED,2608.00,2646.30,2590.00,2621.20,2603.00,2602.30,,2621.21,,,112877,297104443.00,9419,F1,1,,,,,
2026-10-06,2026-10-06,CM,NSE,STK,25162,INE0KCE01017,EUREKAFORB,EQ,,,,,EUREKA FORBES LIMITED,343.90,354.60,342.15,353.80,353.95,342.15,,353.80,,,129684,45505357.50,8067,F1,1,,,,,
2026-10-06,2026-10-06,CM,NSE,STK,6042,INE546V01010,EIFFL,BE,,,,,EURO (I) FRESH FOODS LTD,257.40,267.55,257.40,259.50,259.50,262.40,,259.50,,,1400,364827.40,13,F1,1,,,,,
2026-10-06,2026-10-06,CM,NSE,STK,757953,INE505V01016,EUROBOND,EQ,,,,,EURO PANEL PRODUCTS LTD,148.89,148.89,141.20,143.40,143.99,144.32,,143.22,,,6632,953660.07,111,F1,1,,,,,
2026-10-06,2026-10-06,CM,NSE,STK,759797,INE198501012,EUROPRATIK,EQ,,,,,EURO PRATIK SALES LIMITED,184.70,185.18,176.88,180.02,179.65,183.41,,180.02,,,241612,43773644.59,4400,F1,1,,,,,
2026-10-06,2026-10-06,CM,NSE,STK,999,INE022C01012,EUROTEXIND,EQ,,,,,EUROTEX INDUSTRIES LTD,17.33,17.33,15.70,16.33,16.99,16.51,,16.33,,,35577,594343.97,154,F1,1,,,,,
2026-10-06,2026-10-06,CM,NSE,STK,11782,INE128A01029,EVEREADY,EQ,,,,,EVEREADY INDS. IND.  LTD.,321.00,321.90,315.30,320.10,319.15,318.10,,320.10,,,58694,18768299.20,1909,F1,1,,,,,
2026-10-06,2026-10-06,CM,NSE,STK,993,INE295A01018,EVERESTIND,EQ,,,,,EVEREST INDUSTRIES LTD,470.00,524.00,465.00,515.95,513.00,478.15,,515.93,,,52175,26273726.40,1310,F1,1,,,,,
2026-10-06,2026-10-06,CM,NSE,STK,13091,INE184H01027,EKC,EQ,,,,,EVEREST KANTO CYLINDERLTD,104.50,108.50,104.50,106.54,106.10,105.13,,106.51,,,114189,12108914.10,1828,F1,1,,,,,
2026-10-06,2026-10-06,CM,NSE,STK,11471,INE369A01029,EXCELINDUS,EQ,,,,,EXCEL INDUSTRIES LTD,920.10,928.40,910.55,924.10,927.00,912.95,,924.12,,,6357,5858283.05,616,F1,1,,,,,
2026-10-06,2026-10-06,CM,NSE,STK,25327,INE0Y4801011,EXCELLENT,ST,,,,,EXCELLENT WIRES N PACK L,185.50,185.50,185.50,185.50,185.50,194.90,,185.50,,,1600,296800.00,1,F1,1600,,,,,
2026-10-06,2026-10-06,CM,NSE,STK,760007,INE606N01019,EXCELSOFT,EQ,,,,,EXCELSOFT TECHNOLOGIES L,80.09,83.34,79.82,82.10,82.11,80.00,,82.10,,,419250,34341460.44,4501,F1,1,,,,,
2026-10-06,2026-10-06,CM,NSE,STK,22947,INE777F01014,EXICOM,EQ,,,,,EXICOM TELE SYSTEMS LTD,150.70,157.75,150.70,156.17,157.05,150.77,,156.17,,,535223,82995399.05,7763,F1,1,,,,,
2026-10-06,2026-10-06,CM,NSE,STK,676,INE302A01020,EXIDEIND,EQ,,,,,EXIDE INDUSTRIES LTD,405.20,410.40,403.75,405.75,406.20,405.25,,405.75,,,1097415,446489050.00,35111,F1,1,,,,,
2026-10-06,2026-10-06,CM,NSE,STK,760422,INE19I001020,EXIMROUTES,SM,,,,,EXIM ROUTES LIMITED,87.40,87.40,87.40,87.40,87.40,87.00,,87.40,,,800,69920.00,1,F1,800,,,,,
2026-10-06,2026-10-06,CM,NSE,STK,17486,INE201K01015,EXPLEOSOL,EQ,,,,,EXPLEO SOLUTIONS LIMITED,868.70,888.00,867.00,878.85,881.00,863.45,,878.81,,,18786,16516150.60,1681,F1,1,,,,,
2026-10-06,2026-10-06,CM,NSE,STK,5352,INE0GFE01026,EXXARO,EQ,,,,,EXXARO TILES LIMITED,6.24,6.69,6.07,6.14,6.13,6.05,,6.14,,,765535,4871155.06,1038,F1,1,,,,,
2026-10-06,2026-10-06,CM,NSE,STK,760125,INE0HF201011,FABTECH,EQ,,,,,FABTECH TECHNOLOGIES LTD,143.40,143.40,140.00,141.04,142.16,141.87,,141.03,,,40571,5721185.89,871,F1,1,,,,,
2026-10-06,2026-10-06,CM,NSE,STK,1008,INE188A01015,FACT,EQ,,,,,FACT LTD,739.90,765.00,732.05,759.00,762.50,731.75,,758.94,,,131471,98670995.95,9470,F1,1,,,,,
2026-10-06,2026-10-06,CM,NSE,STK,1614,INE0DNW01011,FAIRCHEMOR,EQ,,,,,FAIRCHEM ORGANICS LIMITED,682.00,703.80,667.50,679.30,671.00,682.25,,679.39,,,131897,90613603.50,3745,F1,1,,,,,
2026-10-06,2026-10-06,CM,NSE,STK,765368,INE1Q2D01019,FASCINATE,SM,,,,,FASCINATE TEXTILES LTD,81.45,81.45,81.45,81.45,81.45,77.60,,81.45,,,74400,6059880.00,50,F1,800,,,,,
2026-10-06,2026-10-06,CM,NSE,STK,12000,INE963C01033,FAZE3Q,EQ,,,,,FAZE THREE LIMITED,420.00,450.00,420.00,445.75,446.25,425.00,,445.73,,,35186,15488243.60,1558,F1,1,,,,,
2026-10-06,2026-10-06,CM,NSE,STK,11999,INE512B01022,FCSSOFT,EQ,,,,,FCS SOFTWARE SOLN. LTD.,1.38,1.42,1.38,1.41,1.42,1.38,,1.41,,,2086137,2915049.63,1146,F1,1,,,,,
2026-10-06,2026-10-06,CM,NSE,STK,4898,INE258B01022,FDC,EQ,,,,,FDC LIMITED,333.80,338.00,332.05,333.65,333.20,331.30,,333.66,,,113050,37812139.70,7717,F1,1,,,,,
2026-10-06,2026-10-06,CM,NSE,STK,20322,INE007N01010,FEDFINA,EQ,,,,,FEDBANK FINANCIAL SER L,149.65,151.94,149.50,150.72,151.20,149.64,,150.71,,,530026,80028871.49,10187,F1,1,,,,,
2026-10-06,2026-10-06,CM,NSE,STK,762675,INE417D01020,FEDDERSHOL,EQ,,,,,FEDDERS HOLDING LTD.,64.23,75.99,63.05,64.25,64.50,64.23,,64.25,,,46653683,3206260260.96,171479,F1,1,,,,,
2026-10-06,2026-10-06,CM,NSE,STK,1023,INE171A01029,FEDERALBNK,EQ,,,,,FEDERAL BANK LTD,328.10,329.55,319.25,320.00,320.00,327.35,,320.00,,,4338051,1399191964.20,65414,F1,1,,,,,
2026-10-06,2026-10-06,CM,NSE,STK,1190,INE529A01010,FMGOETZE,EQ,,,,,FEDERAL-MOGUL GOETZE (IND,440.90,451.50,440.90,448.50,448.00,440.90,,448.51,,,84880,37959513.30,5401,F1,1,,,,,
2026-10-06,2026-10-06,CM,NSE,STK,573,INE901X01013,FELIX,SM,,,,,FELIX INDUSTRIES LTD.,188.00,199.00,188.00,194.40,194.40,187.90,,194.40,,,26500,5109250.00,42,F1,500,,,,,
2026-10-06,2026-10-06,CM,NSE,STK,762680,INE225B01021,FERMENTA,EQ,,,,,FERMENTA BIOTECH LTD.,558.00,582.65,552.00,569.45,567.30,557.45,,569.45,,,672393,384220426.35,19248,F1,1,,,,,
2026-10-06,2026-10-06,CM,NSE,STK,8159,INE296C01020,FIBERWEB,EQ,,,,,FIBERWEB INDIA LIMITED,26.20,27.17,25.38,26.47,26.85,26.19,,26.47,,,11945,310708.58,166,F1,1,,,,,
2026-10-06,2026-10-06,CM,NSE,STK,9858,INE0LQQ01019,FIDEL,SM,,,,,FIDEL SOFTECH LIMITED,178.00,178.90,176.00,177.60,177.60,176.00,,177.60,,,22000,3907500.00,14,F1,1000,,,,,
2026-10-06,2026-10-06,CM,NSE,STK,13710,INE737H01014,FIEMIND,EQ,,,,,FIEM INDUSTRIES LIMITED,1774.20,1799.90,1760.00,1779.50,1790.00,1763.10,,1779.49,,,45396,80902177.30,6582,F1,1,,,,,
2026-10-06,2026-10-06,CM,NSE,STK,23647,INE185E01021,FILATFASH,EQ,,,,,FILATEX FASHIONS LIMITED,0.18,0.19,0.18,0.18,0.19,0.18,,0.18,,,14862657,2729586.25,1292,F1,1,,,,,
2026-10-06,2026-10-06,CM,NSE,STK,24532,INE816B01035,FILATEX,EQ,,,,,FILATEX INDIA LTD,103.89,112.80,103.89,111.36,111.72,103.89,,111.35,,,4466335,488791663.86,34181,F1,1,,,,,
2026-10-06,2026-10-06,CM,NSE,STK,759776,INE0EDU01014,FINBUD,SM,,,,,FINBUD FINANCIAL SERV LTD,119.00,121.00,118.00,118.00,118.00,119.45,,118.00,,,14000,1670900.00,8,F1,1000,,,,,
2026-10-06,2026-10-06,CM,NSE,STK,3744,INE686Y01026,FINEORG,EQ,,,,,FINE ORGANIC IND. LTD.,5208.00,5590.00,5208.00,5537.00,5540.00,5210.00,,5536.61,,,79818,435222304.50,17588,F1,1,,,,,
2026-10-06,2026-10-06,CM,NSE,STK,6198,INE045J01034,FCL,EQ,,,,,FINEOTEX CHEMICAL LIMITED,54.08,59.43,54.08,59.20,59.06,54.03,,59.20,,,41395324,2418689039.13,82974,F1,1,,,,,
2026-10-06,2026-10-06,CM,NSE,STK,759239,INE734I01027,FINKURVE,EQ,,,,,FINKURVE FINANCIAL SERV L,68.55,69.87,68.55,69.31,69.30,68.51,,69.33,,,7535,522278.77,280,F1,1,,,,,
2026-10-06,2026-10-06,CM,NSE,STK,6579,INE02NC01014,FINOPB,EQ,,,,,FINO PAYMENTS BANK LTD,130.00,130.80,127.88,128.29,127.99,128.50,,128.29,,,71195,9145671.86,1374,F1,1,,,,,
2026-10-06,2026-10-06,CM,NSE,STK,1038,INE235A01022,FINCABLES,EQ,,,,,FINOLEX CABLES LTD,1467.30,1495.50,1444.00,1474.00,1471.80,1467.30,,1474.00,,,537623,790140917.70,42001,F1,1,,,,,
2026-10-06,2026-10-06,CM,NSE,STK,1041,INE183A01024,FINPIPE,EQ,,,,,FINOLEX INDUSTRIES LTD,149.31,155.00,149.31,154.72,154.89,149.31,,154.71,,,489277,74819699.44,13792,F1,1,,,,,
2026-10-06,2026-10-06,CM,NSE,STK,14304,INE684F01012,FSL,EQ,,,,,FIRSTSOURCE SOLU. LTD.,258.65,262.00,256.55,260.25,259.95,257.40,,260.24,,,666701,172903101.65,16854,F1,1,,,,,
2026-10-06,2026-10-06,CM,NSE,STK,757658,INE771F01041,FISCHER,EQ,,,,,FISCHER MEDICAL VENTURE L,33.00,33.39,32.41,33.14,33.27,32.80,,33.14,,,169925,5617042.87,980,F1,1,,,,,
2026-10-06,2026-10-06,CM,NSE,STK,12032,INE128S01021,FIVESTAR,EQ,,,,,FIVE-STAR BUS FIN LTD,519.10,529.00,510.35,514.35,513.65,519.10,,514.36,,,567661,293864081.10,32433,F1,1,,,,,
2026-10-06,2026-10-06,CM,NSE,STK,20372,INE00Y201027,FLAIR,EQ,,,,,FLAIR WRITING INDUST LTD,229.00,229.00,225.20,227.84,228.05,226.43,,227.85,,,34809,7892137.07,1315,F1,1,,,,,
2026-10-06,2026-10-06,CM,NSE,STK,25516,INE060J01017,FLEXITUFF,BE,,,,,FLEXITUFF VENTURES INT L,3.13,3.13,3.13,3.13,3.13,3.07,,3.14,,,5199,16272.87,15,F1,1,,,,,
2026-10-06,2026-10-06,CM,NSE,STK,758208,INE0VCK01011,FLYSBS,SM,,,,,FLYSBS AVIATION LIMITED,637.95,657.95,626.90,648.40,650.00,626.05,,648.40,,,69400,44988020.00,249,F1,200,,,,,
2026-10-06,2026-10-06,CM,NSE,STK,760331,INE0SQZ01015,FWSTC,SM,,,,,FLYWINGS SIMULAT T C LTD,195.10,195.10,191.00,191.00,191.00,201.00,,191.00,,,1800,348720.00,3,F1,600,,,,,
2026-10-06,2026-10-06,CM,NSE,STK,6836,INE593W01028,FOCUS,EQ,,,,,FOCUS LIGHTG & FIXTRS LTD,56.50,57.00,55.02,55.95,56.00,54.80,,55.95,,,16468,925089.81,194,F1,1,,,,,
2026-10-06,2026-10-06,CM,NSE,STK,22520,INE0Q4701019,FONEBOX,ST,,,,,FONEBOX RETAIL LIMITED,125.05,128.00,123.85,127.50,128.00,130.35,,127.50,,,13000,1629400.00,13,F1,1000,,,,,
2026-10-06,2026-10-06,CM,NSE,STK,6673,INE976E01023,FOODSIN,EQ,,,,,FOODS & INNS LIMITED,50.00,51.64,49.50,50.78,50.25,49.68,,50.76,,,110532,5553966.81,1008,F1,1,,,,,
2026-10-06,2026-10-06,CM,NSE,STK,24917,INE0U2501017,FORCAS,ST,,,,,FORCAS STUDIO LIMITED,233.75,233.75,233.70,233.70,233.70,245.95,,233.70,,,8000,1869760.00,5,F1,1600,,,,,
2026-10-06,2026-10-06,CM,NSE,STK,11573,INE451A01017,FORCEMOT,EQ,,,,,FORCE MOTORS LIMITED,16650.00,17110.00,16608.00,17110.00,17110.00,16650.00,,17109.84,,,65477,1108615456.00,17703,F1,1,,,,,
2026-10-06,2026-10-06,CM,NSE,STK,25664,INE0YKW01013,FORGEAUTO,SM,,,,,FORGE AUTO INTERNATION L,103.00,103.00,99.45,99.45,99.45,99.05,,99.45,,,3600,362940.00,3,F1,1200,,,,,
2026-10-06,2026-10-06,CM,NSE,STK,14592,INE061F01013,FORTIS,EQ,,,,,FORTIS HEALTHCARE LTD,770.00,770.20,756.30,764.00,764.00,763.80,,763.99,,,1246982,950029525.25,37655,F1,1,,,,,
2026-10-06,2026-10-06,CM,NSE,STK,1073,INE519A01011,FOSECOIND,EQ,,,,,FOSECO INDIA LTD,6366.50,6463.50,6271.00,6440.00,6421.50,6300.50,,6440.08,,,10288,65999148.50,4286,F1,1,,,,,
2026-10-06,2026-10-06,CM,NSE,STK,760961,INE212S01015,FRACTAL,EQ,,,,,FRACTAL ANALYTICS LIMITED,725.05,745.50,722.00,742.15,742.00,725.05,,742.16,,,447908,327499813.40,13541,F1,1,,,,,
2026-10-06,2026-10-06,CM,NSE,STK,764683,INE194R01017,FREDUN,EQ,,,,,FREDUN PHARMACEUTICALS L,1356.00,1424.90,1356.00,1406.70,1414.00,1363.20,,1406.87,,,82965,116005522.80,6101,F1,1,,,,,
2026-10-06,2026-10-06,CM,NSE,STK,25871,INE0SFW01015,FRESHARA,ST,,,,,FRESHARA AGRO EXPORTS LTD,386.05,395.00,386.05,391.30,387.00,398.95,,391.30,,,18600,7246260.00,31,F1,600,,,,,
2026-10-06,2026-10-06,CM,NSE,STK,11501,INE385O01018,FROG,SM,,,,,FROG INNOVATIONS LIMITED,260.00,262.00,251.55,255.00,255.00,258.60,,255.00,,,21600,5567020.00,46,F1,400,,,,,
2026-10-06,2026-10-06,CM,NSE,STK,762685,INE572D01014,FRONTSP,EQ,,,,,FRONTIER SPRINGS LTD.,1387.40,1418.00,1385.00,1392.50,1395.70,1387.40,,1392.77,,,12486,17440321.80,1342,F1,1,,,,,
2026-10-06,2026-10-06,CM,NSE,STK,6545,INE388Y01029,NYKAA,EQ,,,,,FSN E COMMERCE VENTURES,339.50,345.00,337.25,338.20,338.20,339.55,,338.20,,,3554565,1211746639.05,54979,F1,1,,,,,
2026-10-06,2026-10-06,CM,NSE,STK,759876,INE12UR01024,UTLSOLAR,EQ,,,,,FUJIYAMA POWER SYSTEMS L,412.20,424.40,410.05,418.85,418.00,412.15,,418.90,,,164223,68830290.20,10771,F1,1,,,,,
2026-10-06,2026-10-06,CM,NSE,STK,11932,INE139R01012,FUSION,EQ,,,,,FUSION FINANCE LIMITED,168.54,172.91,167.99,169.00,168.80,167.63,,169.00,,,263346,44830067.78,7012,F1,1,,,,,
2026-10-06,2026-10-06,CM,NSE,STK,14868,INE452O01016,FLFL,BZ,,,,,FUT LIFESTYLE FASH LTD,1.01,1.06,1.01,1.02,1.03,1.06,,1.02,,,93999,95970.23,134,F1,1,,,,,
2026-10-06,2026-10-06,CM,NSE,STK,13812,INE623B01027,FEL,BZ,,,,,FUTURE ENTERPRISES LTD,0.39,0.39,0.37,0.37,0.37,0.38,,0.37,,,477406,177909.43,139,F1,1,,,,,
2026-10-06,2026-10-06,CM,NSE,STK,30491,IN9623B01058,FELDVR,BZ,,,,,FUTURE ENTERPRISES LTD,2.06,2.06,1.94,1.96,1.94,2.04,,2.07,,,2976,6031.97,18,F1,1,,,,,
2026-10-06,2026-10-06,CM,NSE,STK,21017,INE360L01017,FMNL,EQ,,,,,FUTURE MKT NETWORKS LTD,8.14,8.21,7.80,7.96,7.96,7.98,,7.96,,,45775,364965.83,168,F1,1,,,,,
2026-10-06,2026-10-06,CM,NSE,STK,1168,INE075D01018,GMBREW,EQ,,,,,G M BREWERIES LTD,947.90,985.00,945.00,981.35,980.00,947.90,,981.30,,,66739,64802407.05,5178,F1,1,,,,,
2026-10-06,2026-10-06,CM,NSE,STK,5054,INE201P01022,GRINFRA,EQ,,,,,G R INFRAPROJECTS LIMITED,793.45,824.50,788.70,815.00,815.00,789.45,,814.87,,,19600,15780052.20,1685,F1,1,,,,,
2026-10-06,2026-10-06,CM,NSE,STK,1129,INE586X01012,GTECJAINX,EQ,,,,,G-TEC JAINX EDUCATION LTD,39.55,39.55,35.79,36.19,36.12,37.67,,36.19,,,60594,2325955.02,265,F1,1,,,,,
2026-10-06,2026-10-06,CM,NSE,STK,1085,INE524A01029,GABRIEL,EQ,,,,,GABRIEL INDIA LTD,1321.60,1359.90,1314.50,1352.90,1342.00,1303.60,,1353.64,,,205619,275680532.60,25857,F1,1,,,,,
2026-10-06,2026-10-06,CM,NSE,STK,18018,INE224E01028,GATECH,BE,,,,,GACM TECHNOLOGIES LIMITED,0.69,0.70,0.65,0.65,0.66,0.68,,0.65,,,14069480,9472905.22,4077,F1,1,,,,,
2026-10-06,2026-10-06,CM,NSE,STK,27,INE224E01036,GATECHDVR,BE,,,,,GACM TECHNOLOGIES LIMITED,0.48,0.48,0.46,0.47,0.48,0.47,,0.47,,,186706,88554.21,147,F1,1,,,,,
2026-10-06,2026-10-06,CM,NSE,STK,4717,INE129A01019,GAIL,EQ,,,,,GAIL (INDIA) LTD,168.40,172.08,167.04,172.08,172.08,167.50,,172.08,,,6945149,1182454418.27,48663,F1,1,,,,,
2026-10-06,2026-10-06,CM,NSE,STK,765396,INE18UN01038,GAJA,EQ,,,,,GAJA ALT ASSET MGT LTD,135.12,142.95,135.12,141.71,141.98,135.87,,141.72,,,724573,101667260.85,10481,F1,1,,,,,
2026-10-06,2026-10-06,CM,NSE,STK,25134,INE0RE001014,GALAPREC,EQ,,,,,GALA PRECISION ENG LTD,1160.00,1170.90,1152.10,1161.00,1163.90,1160.10,,1160.63,,,11857,13752341.10,1738,F1,1,,,,,
2026-10-06,2026-10-06,CM,NSE,STK,1315,INE600K01018,GALAXYSURF,EQ,,,,,GALAXY SURFACTANTS LTD,2346.50,2448.00,2346.50,2442.40,2429.60,2335.00,,2442.38,,,99858,241946517.90,13767,F1,1,,,,,
2026-10-06,2026-10-06,CM,NSE,STK,13337,INE297H01019,GALLANTT,EQ,,,,,GALLANTT ISPAT LIMITED,532.40,541.90,522.50,530.05,528.00,522.90,,530.13,,,65236,34760370.40,3996,F1,1,,,,,
2026-10-06,2026-10-06,CM,NSE,STK,20303,INE717W01049,GANDHAR,EQ,,,,,GANDHAR OIL REFINE IND L,280.35,284.70,278.05,282.50,282.00,278.55,,282.52,,,417903,117705864.15,8149,F1,1,,,,,
2026-10-06,2026-10-06,CM,NSE,STK,14116,INE524B01027,GANDHITUBE,EQ,,,,,GANDHI SPL. TUBES LTD,997.95,998.15,972.00,981.50,985.00,993.70,,981.39,,,6439,6314147.75,678,F1,1,,,,,
2026-10-06,2026-10-06,CM,NSE,STK,5617,INE388A01029,GANESHBE,BE,,,,,GANESH BENZOPLAST LIMITED,112.28,112.28,112.28,112.28,112.28,118.18,,112.13,,,614880,69038726.40,255,F1,1,,,,,
2026-10-06,2026-10-06,CM,NSE,STK,759012,INE652V01016,GANESHCP,EQ,,,,,GANESH CONSUMER PRODUCT L,149.13,150.49,144.75,145.47,144.77,147.51,,145.47,,,220535,32296102.35,3460,F1,1,,,,,
2026-10-06,2026-10-06,CM,NSE,STK,24439,INE0R8C01018,GGBL,SM,,,,,GANESH GREEN BHARAT LTD,218.00,220.00,213.55,214.45,214.65,218.00,,214.45,,,16200,3494325.00,49,F1,300,,,,,
2026-10-06,2026-10-06,CM,NSE,STK,14339,INE460C01014,GANESHHOU,EQ,,,,,GANESH HOUSING LIMITED,700.00,720.75,700.00,713.65,720.00,701.85,,711.92,,,24071,17183575.55,1628,F1,1,,,,,
2026-10-06,2026-10-06,CM,NSE,STK,27339,INE0TVT01024,GANESHIN,SM,,,,,GANESH INFRAWORLD LIMITED,87.05,88.00,84.25,87.05,86.90,86.10,,87.05,,,57600,4922200.00,51,F1,800,,,,,
2026-10-06,2026-10-06,CM,NSE,STK,6944,INE845D01014,GANECOS,EQ,,,,,GANESHA ECOSPHERE LIMITED,966.60,995.00,963.60,990.10,995.00,966.60,,990.12,,,31822,31399084.60,2566,F1,1,,,,,
2026-10-06,2026-10-06,CM,NSE,STK,757525,INE0ZI101018,GANGABATH,SM,,,,,GANGA BATH FITTINGS LTD,20.55,21.20,20.30,20.30,20.30,21.30,,20.30,,,18000,372750.00,6,F1,3000,,,,,
2026-10-06,2026-10-06,CM,NSE,STK,4957,INE691Z01023,GANGAFORGE,EQ,,,,,GANGA FORGING LIMITED,1.51,1.53,1.46,1.52,1.53,1.46,,1.52,,,2034924,3091231.90,978,F1,1,,,,,
2026-10-06,2026-10-06,CM,NSE,STK,21399,INE335W01016,GANGESSECU,EQ,,,,,GANGES SECURITIES LIMITED,112.78,116.99,112.77,115.82,116.00,112.86,,115.81,,,3461,401271.55,33,F1,1,,,,,
2026-10-06,2026-10-06,CM,NSE,STK,5475,INE382Z01011,GRSE,EQ,,,,,GARDEN REACH SHIP&ENG LTD,2120.00,2143.60,2109.10,2137.30,2138.70,2110.40,,2137.30,,,287612,612652801.80,23860,F1,1,,,,,
2026-10-06,2026-10-06,CM,NSE,STK,25800,INE0JVO01026,GARUDA,EQ,,,,,GARUDA CONSTRUCT N ENG L,171.50,174.50,171.30,173.36,173.35,171.10,,173.36,,,197928,34213412.07,3259,F1,1,,,,,
2026-10-06,2026-10-06,CM,NSE,STK,7982,INE291A01017,GRWRHITECH,EQ,,,,,GARWARE HI-TECH FILMS LTD,6800.00,7129.50,6771.00,7102.50,7075.00,6725.50,,7102.86,,,91391,639729351.50,22499,F1,1,,,,,
2026-10-06,2026-10-06,CM,NSE,STK,1100,INE276A01018,GARFIBRES,EQ,,,,,GARWARE TECH FIBRES LTD,770.60,777.35,755.00,770.05,769.95,770.60,,770.05,,,33904,25925567.35,7954,F1,1,,,,,
2026-10-06,2026-10-06,CM,NSE,STK,8510,INE079J01017,GATEWAY,EQ,,,,,GATEWAY DISTRIPARKS LTD,51.49,52.20,50.80,50.91,50.92,51.49,,50.91,,,1670348,85665652.14,8587,F1,1,,,,,
2026-10-06,2026-10-06,CM,NSE,STK,760178,INE0P8B01020,GAUDIUMIVF,EQ,,,,,GAUDIUM IVF N WOMEN H L,105.89,110.39,103.51,109.28,110.10,103.25,,109.28,,,320982,34493837.21,5079,F1,1,,,,,
2026-10-06,2026-10-06,CM,NSE,STK,3693,INE287Z01012,GAYAHWS,EQ,,,,,GAYATRI HIGHWAYS LIMITED,1.72,1.79,1.69,1.78,1.79,1.72,,1.78,,,130336,227876.72,227,F1,1,,,,,
2026-10-06,2026-10-06,CM,NSE,STK,25023,INE336H01023,GAYAPROJ,EQ,,,,,GAYATRI PROJECTS LTD,21.78,21.85,20.59,21.46,21.50,21.45,,21.46,,,696467,14811494.21,3174,F1,1,,,,,
2026-10-06,2026-10-06,CM,NSE,STK,14052,INE0LVM01018,GRCL,SM,,,,,GAYATRI RUBB AND CHEM LTD,570.00,570.00,570.00,570.00,570.00,571.15,,570.00,,,500,285000.00,2,F1,250,,,,,
2026-10-06,2026-10-06,CM,NSE,STK,7862,INE878A01011,GVPIL,EQ,,,,,GE POWER INDIA LIMITED,718.00,739.00,700.00,734.85,733.80,704.35,,734.89,,,421992,305424573.95,16270,F1,1,,,,,
2026-10-06,2026-10-06,CM,NSE,STK,16783,INE200A01026,GVT&D,EQ,,,,,GE VERNOVA T&D INDIA LTD,4242.00,4285.70,4228.40,4245.10,4245.10,4247.50,,4245.21,,,614818,2615170776.20,37978,F1,1,,,,,
2026-10-06,2026-10-06,CM,NSE,STK,13658,INE916G01016,GEECEE,EQ,,,,,GEECEE VENTURES LIMITED,366.00,379.50,366.00,369.60,366.25,365.90,,369.33,,,1547,575672.25,83,F1,1,,,,,
2026-10-06,2026-10-06,CM,NSE,STK,17922,INE669X01032,GEEKAYWIRE,EQ,,,,,GEEKAY WIRES LIMITED,31.70,33.98,31.57,32.72,33.00,31.42,,32.72,,,260564,8569412.26,1527,F1,1,,,,,
2026-10-06,2026-10-06,CM,NSE,STK,759461,INE06XZ01023,GEMAROMA,EQ,,,,,GEM AROMATICS LIMITED,154.99,154.99,149.49,152.23,150.70,152.61,,152.23,,,69256,10510096.45,1398,F1,1,,,,,
2026-10-06,2026-10-06,CM,NSE,STK,277,INE481Y01014,GICRE,EQ,,,,,GENERAL INS CORP OF INDIA,318.60,321.55,313.50,314.25,314.50,319.10,,314.25,,,745898,235815159.95,24998,F1,1,,,,,
2026-10-06,2026-10-06,CM,NSE,STK,2188,INE854S01022,GENCON,EQ,,,,,GENERIC ENG CONS PROJ LTD,38.73,39.20,37.55,37.78,37.98,38.73,,37.78,,,862741,33037766.54,1128,F1,1,,,,,
2026-10-06,2026-10-06,CM,NSE,STK,10905,INE727B01026,GENESYS,EQ,,,,,GENESYS INTL CORPN LTD,288.40,304.10,285.10,301.05,298.65,287.40,,301.13,,,941604,279264977.20,21481,F1,1,,,,,
2026-10-06,2026-10-06,CM,NSE,STK,758842,INE06H201014,GENSOL,BZ,,,,,GENSOL ENGINEERING LTD,13.13,13.18,12.35,12.35,12.35,13.00,,12.35,,,313864,3901434.89,1237,F1,1,,,,,
2026-10-06,2026-10-06,CM,NSE,STK,6600,INE949P01018,GENUSPAPER,EQ,,,,,GENUS P&B LIMITED,10.50,10.95,10.25,10.57,10.66,10.36,,10.54,,,63755,677019.78,383,F1,1,,,,,
2026-10-06,2026-10-06,CM,NSE,STK,11905,INE955D01029,GENUSPOWER,EQ,,,,,GENUS POWER INFRASTRU LTD,281.05,309.70,280.25,307.20,308.50,280.25,,307.20,,,3898293,1171299589.35,58362,F1,1,,,,,
2026-10-06,2026-10-06,CM,NSE,STK,31942,INE1W0N01014,GENXAI,SM,,,,,GENXAI ANALYTICS LIMITED,82.00,83.05,78.00,80.80,81.00,83.20,,80.80,,,36000,2919360.00,30,F1,1200,,,,,
2026-10-06,2026-10-06,CM,NSE,STK,11896,INE007B01023,GEOJITFSL,EQ,,,,,GEOJIT FINANCIAL SER L,77.39,79.00,76.51,78.68,79.00,76.59,,78.68,,,287810,22462817.15,4869,F1,1,,,,,
2026-10-06,2026-10-06,CM,NSE,STK,766366,INE0D4501011,GERMAN,EQ,,,,,GERMAN GREEN STEEL N PW L,129.62,131.00,117.40,118.12,118.01,128.33,,118.13,,,4202220,516440440.04,50309,F1,1,,,,,
2026-10-06,2026-10-06,CM,NSE,STK,1289,INE538A01037,GFLLIMITED,EQ,,,,,GFL LIMITED,55.00,56.25,54.71,55.86,56.00,54.89,,55.83,,,41479,2308594.99,1058,F1,1,,,,,
2026-10-06,2026-10-06,CM,NSE,STK,1127,INE539A01019,GHCL,EQ,,,,,GHCL LIMITED,402.00,415.00,400.00,408.85,410.10,402.00,,408.86,,,104349,42373511.70,5212,F1,1,,,,,
2026-10-06,2026-10-06,CM,NSE,STK,16696,INE0PA801013,GHCLTEXTIL,EQ,,,,,GHCL TEXTILES LIMITED,129.53,132.00,128.25,131.58,131.68,129.53,,131.59,,,280004,36558573.11,10562,F1,1,,,,,
2026-10-06,2026-10-06,CM,NSE,STK,1139,INE289B01019,GICHSGFIN,EQ,,,,,GIC HOUSING FINANCE LTD,134.28,136.80,132.43,134.48,136.80,132.32,,134.48,,,150050,20026128.77,1031,F1,1,,,,,
2026-10-06,2026-10-06,CM,NSE,STK,17839,INE047B01011,GILLANDERS,EQ,,,,,GILLANDERS ARBUTHNOT LTD,119.80,119.80,111.30,111.77,111.61,115.73,,111.77,,,16537,1872651.69,437,F1,1,,,,,
2026-10-06,2026-10-06,CM,NSE,STK,1576,INE322A01010,GILLETTE,EQ,,,,,GILLETTE INDIA LTD,6995.50,7114.50,6909.50,7057.00,7075.00,6979.00,,7057.12,,,17258,121351447.00,4538,F1,1,,,,,
2026-10-06,2026-10-06,CM,NSE,STK,9294,INE424C01010,GINNIFILA,BE,,,,,GINNIFILAMENTS LTD.,39.15,41.00,39.15,40.96,40.98,39.80,,40.97,,,26290,1067825.37,66,F1,1,,,,,
2026-10-06,2026-10-06,CM,NSE,STK,2365,INE614Z01017,GIRIRAJ,SM,,,,,GIRIRAJ CIVIL DEVP LTD,58.30,58.30,57.50,57.50,57.50,60.50,,57.50,,,1500,86612.50,6,F1,250,,,,,
2026-10-06,2026-10-06,CM,NSE,STK,759048,INE1AG301022,GKENERGY,EQ,,,,,GK ENERGY LIMITED,110.37,115.51,110.37,114.45,115.22,112.29,,114.47,,,291340,33205467.04,3942,F1,1,,,,,
2026-10-06,2026-10-06,CM,NSE,STK,764688,INE265D01015,GKB,EQ,,,,,GKB OPHTHALMICS LTD.,63.00,63.00,58.25,61.76,61.76,62.96,,61.76,,,8922,544497.77,132,F1,1,,,,,
2026-10-06,2026-10-06,CM,NSE,STK,17357,INE528A01020,GKWLIMITED,EQ,,,,,GKW LIMITED,1540.00,1568.90,1540.00,1545.40,1542.00,1549.50,,1545.40,,,6435,9973873.80,53,F1,1,,,,,
2026-10-06,2026-10-06,CM,NSE,STK,1186,INE068V01023,GLAND,EQ,,,,,GLAND PHARMA LIMITED,2921.10,3019.80,2898.10,3006.10,3005.00,2911.50,,3006.15,,,373873,1116254343.30,54777,F1,1,,,,,
2026-10-06,2026-10-06,CM,NSE,STK,766005,INE644Q01039,GLASSWALL,EQ,,,,,GLASS WALL SYSTEM (I) LTD,254.70,280.00,253.80,275.75,275.05,254.70,,275.74,,,9294421,2498444051.85,96221,F1,1,,,,,
2026-10-06,2026-10-06,CM,NSE,STK,1153,INE159A01016,GLAXO,EQ,,,,,GLAXOSMITHKLINE PHARMA LT,2738.80,2762.90,2707.00,2755.00,2740.60,2732.80,,2755.06,,,39214,107159716.40,12046,F1,1,,,,,
2026-10-06,2026-10-06,CM,NSE,STK,7406,INE935A01035,GLENMARK,EQ,,,,,GLENMARK PHARMACEUTICALS,2312.20,2320.00,2277.30,2311.00,2311.00,2295.00,,2310.99,,,493823,1133330062.10,40035,F1,1,,,,,
2026-10-06,2026-10-06,CM,NSE,STK,1415,INE291W01037,GLOBAL,EQ,,,,,GLOBAL EDUCATION LIMITED,141.00,145.25,140.00,142.62,142.00,139.10,,142.62,,,209802,30075631.94,3587,F1,1,,,,,
2026-10-06,2026-10-06,CM,NSE,STK,11956,INE474Q01031,MEDANTA,EQ,,,,,GLOBAL HEALTH LIMITED,1336.10,1344.70,1282.00,1300.80,1306.90,1332.60,,1300.77,,,378275,492557592.90,38019,F1,1,,,,,
2026-10-06,2026-10-06,CM,NSE,STK,17167,INE0PS501019,GLOBALPET,SM,,,,,GLOBAL PET INDUSTRIES LTD,168.75,175.00,168.75,175.00,175.00,176.20,,175.00,,,4500,778125.00,6,F1,750,,,,,
2026-10-06,2026-10-06,CM,NSE,STK,14599,INE0JSX01015,GSLSU,EQ,,,,,GLOBAL SURFACES LIMITED,29.83,29.99,28.01,28.89,29.50,29.20,,28.89,,,37399,1079203.69,306,F1,1,,,,,
2026-10-06,2026-10-06,CM,NSE,STK,13735,INE792H01019,GLOBALVECT,EQ,,,,,GLOBAL VEC HELICORP LTD,132.08,133.28,129.02,130.77,132.10,132.08,,130.77,,,6016,788521.51,233,F1,1,,,,,
2026-10-06,2026-10-06,CM,NSE,STK,24932,INE0URU01010,GLOBALE,EQ,,,,,GLOBALE TESSILE LIMITED,10.30,10.67,10.00,10.65,10.66,10.30,,10.65,,,2796,29610.76,17,F1,1,,,,,
2026-10-06,2026-10-06,CM,NSE,STK,758572,INE0V3U01015,GLOBECIVIL,EQ,,,,,GLOBE CIVIL PROJECTS LTD,42.00,43.25,41.25,42.29,42.46,41.23,,42.32,,,22554,956481.35,237,F1,1,,,,,
2026-10-06,2026-10-06,CM,NSE,STK,393,INE581X01021,GLOBE,EQ,,,,,GLOBE ENTERPRISE (I) LTD,2.07,2.14,2.01,2.08,2.10,2.07,,2.08,,,449279,931556.03,311,F1,1,,,,,
2026-10-06,2026-10-06,CM,NSE,STK,761021,INE947T01022,GICL,BE,,,,,GLOBE INTL CARRIERS LTD,21.17,21.90,20.30,21.05,21.40,21.26,,21.05,,,81380,1690408.90,163,F1,1,,,,,
2026-10-06,2026-10-06,CM,NSE,STK,9764,INE00WS01056,GSTL,SM,,,,,GLOBESECURE TECHNO LTD,10.45,10.95,9.95,10.95,10.95,10.45,,10.95,,,11000,116200.00,10,F1,1000,,,,,
2026-10-06,2026-10-06,CM,NSE,STK,17424,INE615I01010,GLOBUSSPR,EQ,,,,,GLOBUS SPIRITS LTD,794.90,819.00,789.85,812.70,808.60,789.85,,812.75,,,73168,59054223.40,7197,F1,1,,,,,
2026-10-06,2026-10-06,CM,NSE,STK,23590,INE350Z01018,GLOSTERLTD,EQ,,,,,GLOSTER LIMITED,550.00,556.90,543.75,551.60,550.80,542.50,,551.60,,,619,341519.60,40,F1,1,,,,,
2026-10-06,2026-10-06,CM,NSE,STK,760116,INE0TQE01026,GLOTTIS,EQ,,,,,GLOTTIS LIMITED,57.99,58.90,57.04,58.34,58.20,56.72,,58.33,,,37743,2190280.26,613,F1,1,,,,,
2026-10-06,2026-10-06,CM,NSE,STK,1570,INE541A01023,GMMPFAUDLR,EQ,,,,,GMM PFAUDLER LIMITED,1381.00,1451.00,1380.90,1425.70,1425.80,1386.60,,1425.70,,,228112,326586512.40,17448,F1,1,,,,,
2026-10-06,2026-10-06,CM,NSE,STK,13528,INE776C01039,GMRAIRPORT,EQ,,,,,GMR AIRPORTS LIMITED,93.00,93.97,92.47,93.06,93.06,92.79,,93.06,,,13287023,1238861745.45,40570,F1,1,,,,,
2026-10-06,2026-10-06,CM,NSE,STK,8529,INE0CU601026,GMRP&UI,EQ,,,,,GMR POW AND URBAN INFRA L,102.05,105.16,101.06,102.23,101.91,100.85,,102.23,,,2198701,227583331.44,24883,F1,1,,,,,
2026-10-06,2026-10-06,CM,NSE,STK,18571,INE934S01014,GNA,EQ,,,,,GNA AXLES LIMITED,589.80,619.85,578.55,615.80,612.55,585.05,,615.82,,,895341,539498133.85,24835,F1,1,,,,,
2026-10-06,2026-10-06,CM,NSE,STK,757862,INE18JU01028,EBGNG,EQ,,,,,GNG ELECTRONICS LIMITED,700.00,712.00,648.70,685.15,686.00,695.45,,685.15,,,783243,534921539.70,31555,F1,1,,,,,
2026-10-06,2026-10-06,CM,NSE,STK,23799,INE03JT01014,GODIGIT,EQ,,,,,GO DIGIT GENERAL INS LTD,258.60,259.95,256.85,258.60,259.60,256.05,,258.60,,,123612,31934014.35,8847,F1,1,,,,,
2026-10-06,2026-10-06,CM,NSE,STK,6964,INE0BJS01011,GOCOLORS,EQ,,,,,GO FASHION INDIA LTD,292.00,311.90,292.00,306.45,307.00,292.80,,306.41,,,123956,37850145.30,6235,F1,1,,,,,
2026-10-06,2026-10-06,CM,NSE,STK,14687,INE426D01013,GOACARBON,EQ,,,,,GOA CARBON LIMITED,405.00,422.00,399.20,414.65,414.80,403.25,,414.66,,,28864,11928041.30,1376,F1,1,,,,,
2026-10-06,2026-10-06,CM,NSE,STK,3963,INE077F01035,GOCLCORP,EQ,,,,,GOCL CORPORATION LIMITED,347.00,375.00,347.00,372.45,373.60,347.70,,372.46,,,141669,51791692.35,6511,F1,1,,,,,
2026-10-06,2026-10-06,CM,NSE,STK,25941,INE497S01012,GODAVARIB,EQ,,,,,GODAVARI BIOREFINERIES L,225.01,231.50,224.73,228.57,229.39,224.91,,228.65,,,54485,12436970.91,1853,F1,1,,,,,
2026-10-06,2026-10-06,CM,NSE,STK,13409,INE177H01039,GPIL,EQ,,,,,GODAWARI POW & ISP LTD,212.90,220.85,211.77,218.98,218.50,211.32,,218.98,,,2728607,592207363.45,45717,F1,1,,,,,
2026-10-06,2026-10-06,CM,NSE,STK,1181,INE260B01028,GODFRYPHLP,EQ,,,,,GODFREY PHILLIPS INDIA LT,1900.00,1900.00,1872.60,1900.00,1900.00,1876.00,,1899.84,,,146492,276582590.10,12324,F1,1,,,,,
2026-10-06,2026-10-06,CM,NSE,STK,144,INE850D01014,GODREJAGRO,EQ,,,,,GODREJ AGROVET LIMITED,645.00,651.00,636.00,648.10,650.00,640.90,,648.09,,,172003,110766543.85,15101,F1,1,,,,,
2026-10-06,2026-10-06,CM,NSE,STK,10099,INE102D01028,GODREJCP,EQ,,,,,GODREJ CONSUMER PRODUCTS,846.40,872.50,838.20,872.50,872.50,837.00,,872.50,,,1398890,1199572394.65,34749,F1,1,,,,,
2026-10-06,2026-10-06,CM,NSE,STK,10925,INE233A01035,GODREJIND,EQ,,,,,GODREJ INDUSTRIES LTD,1037.90,1054.00,1022.50,1045.00,1049.00,1040.20,,1045.06,,,42487,44058850.70,7420,F1,1,,,,,
2026-10-06,2026-10-06,CM,NSE,STK,17875,INE484J01027,GODREJPROP,EQ,,,,,GODREJ PROPERTIES LTD,1597.10,1620.00,1583.70,1610.00,1610.00,1599.90,,1609.93,,,371383,596892323.90,20884,F1,1,,,,,
2026-10-06,2026-10-06,CM,NSE,STK,765280,IN0020260058,620GS2029,GS,,,,,GOI LOAN   6.20% 2029,98.00,98.00,98.00,98.00,98.00,97.80,,98.00,,,100,9800.00,1,F1,1,,,,,
2026-10-06,2026-10-06,CM,NSE,STK,765281,IN0020260066,657GS2033A,GS,,,,,GOI LOAN   6.57% 2033,99.00,99.00,98.00,98.00,98.00,99.00,,98.00,,,900,88900.00,3,F1,1,,,,,
2026-10-06,2026-10-06,CM,NSE,STK,27405,IN0020240167,664GS2027,GS,,,,,GOI LOAN   6.64% 2027,101.71,101.71,101.71,101.71,101.71,102.74,,101.71,,,100,10171.00,1,F1,1,,,,,
2026-10-06,2026-10-06,CM,NSE,STK,27127,IN0020240134,692GS2039,GS,,,,,GOI LOAN   6.92% 2039,99.00,99.00,99.00,99.00,99.00,99.00,,99.00,,,6,594.00,1,F1,1,,,,,
2026-10-06,2026-10-06,CM,NSE,STK,24705,IN0020240100,697GR2034,GS,,,,,GOI LOAN   6.97% 2034,97.50,97.60,97.50,97.60,97.60,97.00,,97.60,,,12000,1170200.00,5,F1,1,,,,,
2026-10-06,2026-10-06,CM,NSE,STK,27170,IN0020240142,709GS2074,GS,,,,,GOI LOAN   7.09% 2074,94.80,94.82,94.46,94.76,94.76,94.83,,94.76,,,5928,561098.64,24,F1,1,,,,,
2026-10-06,2026-10-06,CM,NSE,STK,6695,IN0020210186,574GS2026,GS,,,,,GOI LOAN  5.74% 2026,102.49,102.49,101.73,102.49,102.49,101.71,,102.49,,,1066,109253.58,4,F1,1,,,,,
2026-10-06,2026-10-06,CM,NSE,STK,757753,IN0020250034,591GS2028,GS,,,,,GOI LOAN  5.91% 2028,99.80,99.80,99.80,99.80,99.80,99.80,,99.80,,,100,9980.00,1,F1,1,,,,,
2026-10-06,2026-10-06,CM,NSE,STK,757983,IN0020250067,601GS2030,GS,,,,,GOI LOAN  6.01% 2030,96.31,97.10,96.31,97.10,97.10,98.00,,97.10,,,800,77364.00,4,F1,1,,,,,
2026-10-06,2026-10-06,CM,NSE,STK,760622,IN0020250125,603GS2029,GS,,,,,GOI LOAN  6.03% 2029,98.01,98.01,98.01,98.01,98.01,99.25,,98.01,,,100,9801.00,1,F1,1,,,,,
2026-10-06,2026-10-06,CM,NSE,STK,5012,IN0020210095,610GS2031,GS,,,,,GOI LOAN  6.10% 2031,99.49,99.49,99.49,99.49,99.49,99.75,,99.49,,,2,198.98,2,F1,1,,,,,
2026-10-06,2026-10-06,CM,NSE,STK,761020,IN0020250141,636GS2031,GS,,,,,GOI LOAN  6.36% 2031,99.50,99.50,99.40,99.50,99.50,99.50,,99.50,,,752,74814.00,5,F1,1,,,,,
2026-10-06,2026-10-06,CM,NSE,STK,759396,IN0020250091,648GS2035,GS,,,,,GOI LOAN  6.48% 2035,95.20,97.00,93.61,96.00,96.00,97.00,,96.00,,,14082,1345305.53,26,F1,1,,,,,
2026-10-06,2026-10-06,CM,NSE,STK,765941,IN0020260074,653GS2031,GS,,,,,GOI LOAN  6.53% 2031,99.80,99.80,99.80,99.80,99.80,99.80,,99.80,,,2004,199999.20,1,F1,1,,,,,
2026-10-06,2026-10-06,CM,NSE,STK,7843,IN0020210244,654GS2032,GS,,,,,GOI LOAN  6.54% 2032,99.50,99.50,98.90,98.90,98.90,99.25,,98.90,,,20002,1980398.40,3,F1,1,,,,,
2026-10-06,2026-10-06,CM,NSE,STK,956,IN0020200252,667GS2050,GS,,,,,GOI LOAN  6.67% 2050,91.50,91.50,91.50,91.50,91.50,91.95,,91.50,,,51,4666.50,2,F1,1,,,,,
2026-10-06,2026-10-06,CM,NSE,STK,760623,IN0020250133,668GS2033,GS,,,,,GOI LOAN  6.68% 2033,99.05,99.05,99.05,99.05,99.05,98.00,,99.05,,,1500,148575.00,1,F1,1,,,,,
2026-10-06,2026-10-06,CM,NSE,STK,757847,IN0020250042,668GS2040,GS,,,,,GOI LOAN  6.68% 2040,97.50,97.50,97.30,97.40,97.40,96.00,,97.40,,,13957,1360616.00,8,F1,1,,,,,
2026-10-06,2026-10-06,CM,NSE,STK,2317,IN0020200401,676GS2061,GS,,,,,GOI LOAN  6.76% 2061,89.60,89.60,88.67,89.48,89.48,89.44,,89.48,,,1793,160340.26,25,F1,1,,,,,
2026-10-06,2026-10-06,CM,NSE,STK,25736,IN0020240126,679GS2034,GS,,,,,GOI LOAN  6.79% 2034,99.00,99.00,97.80,97.80,97.80,101.50,,97.80,,,1149,113516.20,6,F1,1,,,,,
2026-10-06,2026-10-06,CM,NSE,STK,22438,IN0020200187,68GS2060,GS,,,,,GOI LOAN  6.8% 2060,91.85,91.85,91.00,91.00,91.00,91.20,,91.00,,,347,31594.53,17,F1,1,,,,,
2026-10-06,2026-10-06,CM,NSE,STK,756014,IN0020250018,690GS2065,GS,,,,,GOI LOAN  6.90% 2065,93.50,93.50,92.52,92.60,92.60,93.23,,92.55,,,10560,979723.61,24,F1,1,,,,,
2026-10-06,2026-10-06,CM,NSE,STK,763340,IN0020260025,694GS2036,GS,,,,,GOI LOAN  6.94% 2036,101.30,101.30,101.30,101.30,101.30,102.26,,101.30,,,550,55715.00,3,F1,1,,,,,
2026-10-06,2026-10-06,CM,NSE,STK,6817,IN0020210202,695GS2061,GS,,,,,GOI LOAN  6.95% 2061,93.00,93.00,91.50,92.79,92.79,91.52,,92.79,,,1008,92319.21,7,F1,1,,,,,
2026-10-06,2026-10-06,CM,NSE,STK,6696,IN0020210194,699GS2051,GS,,,,,GOI LOAN  6.99% 2051,96.39,96.39,96.39,96.39,96.39,96.70,,96.39,,,2764,266421.96,2,F1,1,,,,,
2026-10-06,2026-10-06,CM,NSE,STK,23854,IN0020240043,702GS2027,GS,,,,,GOI LOAN  7.02% 2027,102.30,102.45,102.30,102.45,102.45,102.45,,102.45,,,2673,273513.36,7,F1,1,,,,,
2026-10-06,2026-10-06,CM,NSE,STK,23919,IN0020240050,704GS2029,GS,,,,,GOI LOAN  7.04% 2029,102.70,102.70,102.70,102.70,102.70,102.50,,102.70,,,3650,374855.00,2,F1,1,,,,,
2026-10-06,2026-10-06,CM,NSE,STK,14970,IN0020230010,706GS2028,GS,,,,,GOI LOAN  7.06% 2028,103.50,103.50,103.50,103.50,103.50,103.50,,103.50,,,3969,410791.50,3,F1,1,,,,,
2026-10-06,2026-10-06,CM,NSE,STK,764295,IN0020260041,706GS2041,GS,,,,,GOI LOAN  7.06% 2041,99.55,99.56,97.25,97.25,97.25,99.69,,97.25,,,1202,119374.11,6,F1,1,,,,,
2026-10-06,2026-10-06,CM,NSE,STK,24949,IN0020240118,709GS2054,GS,,,,,GOI LOAN  7.09% 2054,96.00,96.00,95.00,95.50,95.50,95.00,,95.50,,,1004,95871.38,5,F1,1,,,,,
2026-10-06,2026-10-06,CM,NSE,STK,23463,IN0020240019,71GS2034,GS,,,,,GOI LOAN  7.1% 2034,103.00,103.00,103.00,103.00,103.00,103.38,,103.00,,,250,25750.00,1,F1,1,,,,,
2026-10-06,2026-10-06,CM,NSE,STK,15050,IN0020230036,717GS2030,GS,,,,,GOI LOAN  7.17% 2030,102.26,103.05,102.26,103.05,103.05,103.35,,103.05,,,1502,153596.10,2,F1,1,,,,,
2026-10-06,2026-10-06,CM,NSE,STK,18025,IN0020230085,718GS2033,GS,,,,,GOI LOAN  7.18% 2033,101.00,101.80,100.90,101.80,101.80,101.20,,101.80,,,4920,498547.00,6,F1,1,,,,,
2026-10-06,2026-10-06,CM,NSE,STK,17398,IN0020230077,718GS2037,GS,,,,,GOI LOAN  7.18% 2037,101.01,102.48,101.00,101.11,101.35,101.12,,101.11,,,62563,6330202.38,34,F1,1,,,,,
2026-10-06,2026-10-06,CM,NSE,STK,758674,IN0020250075,724GS2055,GS,,,,,GOI LOAN  7.24% 2055,96.26,96.26,95.26,96.20,96.20,96.00,,96.20,,,44348,4249408.54,52,F1,1,,,,,
2026-10-06,2026-10-06,CM,NSE,STK,16733,IN0020230044,725GS2063,GS,,,,,GOI LOAN  7.25% 2063,96.50,96.50,96.00,96.33,96.33,96.61,,96.33,,,70428,6778505.14,75,F1,1,,,,,
2026-10-06,2026-10-06,CM,NSE,STK,10722,IN0020220060,726GS2032,GS,,,,,GOI LOAN  7.26% 2032,101.50,101.75,100.10,100.98,100.86,100.52,,100.98,,,13670,1383309.75,8,F1,1,,,,,
2026-10-06,2026-10-06,CM,NSE,STK,14051,IN0020220151,726GS2033,GS,,,,,GOI LOAN  7.26% 2033,101.59,101.59,101.59,101.59,101.59,100.82,,101.59,,,957,97221.63,1,F1,1,,,,,
2026-10-06,2026-10-06,CM,NSE,STK,16865,IN0020230051,73GS2053,GS,,,,,GOI LOAN  7.3% 2053,98.00,98.00,97.05,97.09,97.20,97.31,,97.09,,,9407,913825.57,45,F1,1,,,,,
2026-10-06,2026-10-06,CM,NSE,STK,20136,IN0020230135,732GS2030,GS,,,,,GOI LOAN  7.32% 2030,103.50,103.50,103.50,103.50,103.50,103.43,,103.50,,,100,10350.00,1,F1,1,,,,,
2026-10-06,2026-10-06,CM,NSE,STK,19685,IN0020230119,733GS2026,GS,,,,,GOI LOAN  7.33% 2026,102.84,102.84,102.84,102.84,102.84,102.82,,103.00,,,150,15426.00,1,F1,1,,,,,
2026-10-06,2026-10-06,CM,NSE,STK,23558,IN0020240035,734GS2064,GS,,,,,GOI LOAN  7.34% 2064,98.90,98.90,98.60,98.68,98.70,98.65,,98.72,,,145886,14406464.59,69,F1,1,,,,,
2026-10-06,2026-10-06,CM,NSE,STK,10931,IN0020220086,736GS2052,GS,,,,,GOI LOAN  7.36% 2052,98.45,98.45,98.45,98.45,98.45,98.45,,98.45,,,3,295.35,1,F1,1,,,,,
2026-10-06,2026-10-06,CM,NSE,STK,19566,IN0020230101,737GS2028,GS,,,,,GOI LOAN  7.37% 2028,104.00,104.02,104.00,104.02,104.02,104.00,,104.02,,,3031,315224.02,4,F1,1,,,,,
2026-10-06,2026-10-06,CM,NSE,STK,10981,IN0020220094,74GS2062,GS,,,,,GOI LOAN  7.4% 2062,98.50,98.50,98.00,98.00,98.00,98.00,,98.00,,,1162,113877.00,14,F1,1,,,,,
2026-10-06,2026-10-06,CM,NSE,STK,13194,IN0020220102,741GS2036,GS,,,,,GOI LOAN  7.41% 2036,104.50,104.50,103.25,103.30,103.49,103.00,,103.30,,,4220,436434.03,11,F1,1,,,,,
2026-10-06,2026-10-06,CM,NSE,STK,760649,IN0020250117,743GS2076,GS,,,,,GOI LOAN  7.43% 2076,98.79,98.79,97.73,97.80,97.95,98.30,,97.73,,,94815,9287823.05,145,F1,1,,,,,
2026-10-06,2026-10-06,CM,NSE,STK,763146,IN0020260017,750GS2056,GS,,,,,GOI LOAN  7.50% 2056,101.50,101.50,98.40,99.26,98.40,101.00,,99.26,,,910,91175.00,11,F1,1,,,,,
2026-10-06,2026-10-06,CM,NSE,STK,9585,IN0020220029,754GS2036,GS,,,,,GOI LOAN  7.54% 2036,104.90,105.00,104.50,104.57,104.95,104.67,,104.57,,,469874,49176892.47,180,F1,1,,,,,
2026-10-06,2026-10-06,CM,NSE,STK,766043,IN0020260082,763GS2056,GS,,,,,GOI LOAN  7.63% 2056,100.50,100.50,100.05,100.27,100.25,100.20,,100.27,,,12564,1260565.34,29,F1,1,,,,,
2026-10-06,2026-10-06,CM,NSE,STK,763489,IN0020260033,771GS2066,GS,,,,,GOI LOAN  7.71% 2066,103.25,103.25,102.51,102.94,102.90,103.29,,102.93,,,3117,320961.43,23,F1,1,,,,,
2026-10-06,2026-10-06,CM,NSE,STK,9047,IN0020220011,710GS2029,GS,,,,,GOI LOAN 7.10% 2029,103.95,103.95,103.90,103.90,103.90,103.15,,103.90,,,352,36585.40,5,F1,1,,,,,
2026-10-06,2026-10-06,CM,NSE,STK,18561,IN0020200054,716GS2050,GS,,,,,GOI LOAN 7.16% 2050,97.79,97.79,96.69,96.69,96.69,99.70,,96.69,,,3581,347123.59,5,F1,1,,,,,
2026-10-06,2026-10-06,CM,NSE,STK,9913,IN0020220037,738GS2027,GS,,,,,GOI LOAN 7.38% 2027,102.85,103.00,102.50,102.66,102.65,102.81,,102.66,,,36430,3739823.45,25,F1,1,,,,,
2026-10-06,2026-10-06,CM,NSE,STK,9604,IN0020190032,772GS2049,GS,,,,,GOI LOAN 7.72% 2049,106.22,107.01,106.22,107.01,107.01,104.00,,107.01,,,225,23993.22,4,F1,1,,,,,
2026-10-06,2026-10-06,CM,NSE,STK,6835,IN0020020106,795GS2032,GS,,,,,GOI LOAN 7.95% 2032,103.00,103.10,103.00,103.10,103.10,102.35,,103.10,,,25500,2628050.00,6,F1,1,,,,,
2026-10-06,2026-10-06,CM,NSE,STK,7011,IN0020110055,897GS2030,GS,,,,,GOI LOAN 8.97% 2030,115.00,115.00,115.00,115.00,115.00,115.00,,115.00,,,1,115.00,1,F1,1,,,,,
2026-10-06,2026-10-06,CM,NSE,STK,7039,IN0020130053,92GS2030,GS,,,,,GOI LOAN 9.20% 2030,109.85,109.85,108.00,108.99,109.00,108.90,,108.99,,,15204,1649595.14,39,F1,1,,,,,
2026-10-06,2026-10-06,CM,NSE,STK,764329,IN002026Y170,182D280127,TB,,,,,GOI TBILL 182D-28/01/27,97.36,97.36,97.36,97.36,97.36,97.89,,97.36,,,5000,486800.00,2,F1,100,,,,,
2026-10-06,2026-10-06,CM,NSE,STK,765552,IN002026Z227,364D020927,TB,,,,,GOI TBILL 364D-02/09/27,93.90,93.90,93.90,93.90,93.90,93.82,,93.90,,,3500,328650.00,1,F1,100,,,,,
2026-10-06,2026-10-06,CM,NSE,STK,760391,IN002025Z385,364D171226,TB,,,,,GOI TBILL 364D-17/12/26,98.50,98.50,98.50,98.50,98.50,98.50,,98.50,,,300,29550.00,1,F1,100,,,,,
2026-10-06,2026-10-06,CM,NSE,STK,765550,IN002026X222,91D031226,TB,,,,,GOI TBILL 91D-03/12/26,98.86,98.86,98.86,98.86,98.86,98.84,,98.86,,,1000,98860.00,2,F1,100,,,,,
2026-10-06,2026-10-06,CM,NSE,STK,764152,IN002026X156,91D151026,TB,,,,,GOI TBILL 91D-15/10/26,99.00,99.50,99.00,99.50,99.50,99.50,,99.50,,,200,19850.00,2,F1,100,,,,,
2026-10-06,2026-10-06,CM,NSE,STK,764252,IN002026X164,91D221026,TB,,,,,GOI TBILL 91D-22/10/26,99.70,99.70,99.50,99.50,99.50,99.51,,99.50,,,1000,99520.00,2,F1,100,,,,,
2026-10-06,2026-10-06,CM,NSE,STK,765442,IN002026X214,91D271126,TB,,,,,GOI TBILL 91D-27/11/26,98.99,99.00,98.50,99.00,99.00,99.11,,99.00,,,5200,514358.00,12,F1,100,,,,,
2026-10-06,2026-10-06,CM,NSE,STK,11778,INE887G01027,GOKEX,EQ,,,,,GOKALDAS EXPORTS LTD.,672.75,691.70,672.75,682.75,681.10,672.30,,683.74,,,364832,248942990.80,14105,F1,1,,,,,
2026-10-06,2026-10-06,CM,NSE,STK,14480,INE314T01033,GOKULAGRO,EQ,,,,,GOKUL AGRO RESOURCES LTD,211.89,213.00,206.22,210.95,211.41,205.27,,210.96,,,274499,57679420.62,13540,F1,1,,,,,
2026-10-06,2026-10-06,CM,NSE,STK,16705,INE020J01029,GOKUL,EQ,,,,,GOKUL REFOILS & SOLV LTD,37.90,38.90,37.90,38.78,38.89,37.81,,38.78,,,172634,6668695.59,1907,F1,1,,,,,
2026-10-06,2026-10-06,CM,NSE,STK,11619,INE973A01010,GOLDENTOBC,BZ,,,,,GOLDEN TOBACCO LIMITED,23.57,24.49,22.41,22.74,22.44,23.57,,22.74,,,1251,28358.42,93,F1,1,,,,,
2026-10-06,2026-10-06,CM,NSE,STK,11971,INE025B01025,GOLDIAM,EQ,,,,,GOLDIAM INTERNATIONAL LTD,310.20,321.30,310.20,317.50,318.50,310.00,,317.51,,,319497,101146981.20,6077,F1,1,,,,,
2026-10-06,2026-10-06,CM,NSE,STK,1,INE405Y01021,GOLDSTAR,SM,,,,,GOLDSTAR POWER LIMITED,11.65,11.65,11.65,11.65,11.65,12.25,,11.65,,,67500,786375.00,5,F1,11250,,,,,
2026-10-06,2026-10-06,CM,NSE,STK,6125,INE127I01024,GOODLUCK,EQ,,,,,GOODLUCK INDIA LIMITED,482.75,495.20,482.75,491.30,491.50,482.00,,491.30,,,222669,109337739.95,9079,F1,1,,,,,
2026-10-06,2026-10-06,CM,NSE,STK,1205,INE533A01012,GOODYEAR,EQ,,,,,GOODYEAR INDIA LIMITED,685.65,691.95,682.10,685.95,690.65,685.65,,685.88,,,5035,3456684.75,723,F1,1,,,,,
2026-10-06,2026-10-06,CM,NSE,STK,23066,INE0L9R01028,GOPAL,EQ,,,,,GOPAL SNACKS LIMITED,253.85,258.20,252.55,255.85,255.50,253.85,,255.84,,,82025,20979989.45,5085,F1,1,,,,,
2026-10-06,2026-10-06,CM,NSE,STK,11787,INE705X01026,GOYALALUM,EQ,,,,,GOYAL ALUMINIUMS LIMITED,5.95,5.98,5.75,5.91,5.90,5.95,,5.91,,,34113,202172.27,253,F1,1,,,,,
2026-10-06,2026-10-06,CM,NSE,STK,19356,INE0QFE01017,GOYALSALT,SM,,,,,GOYAL SALT LIMITED,102.00,102.00,102.00,102.00,102.00,102.00,,102.00,,,1800,183600.00,3,F1,600,,,,,
2026-10-06,2026-10-06,CM,NSE,STK,24108,INE0S7E01015,GPECO,SM,,,,,GP ECO SOLUTIONS INDIA L,432.25,470.00,430.00,469.65,470.00,432.25,,469.65,,,58400,26597180.00,207,F1,200,,,,,
2026-10-06,2026-10-06,CM,NSE,STK,11584,INE586G01017,GULFPETRO,BE,,,,,GP PETROLEUMS LIMITED,61.75,63.45,60.00,62.52,62.00,62.10,,62.26,,,80476,4977551.31,322,F1,1,,,,,
2026-10-06,2026-10-06,CM,NSE,STK,22846,INE486R01017,GPTHEALTH,EQ,,,,,GPT HEALTHCARE LIMITED,148.42,151.18,147.10,148.01,148.21,149.56,,148.01,,,50028,7423619.09,1579,F1,1,,,,,
2026-10-06,2026-10-06,CM,NSE,STK,17685,INE390G01014,GPTINFRA,EQ,,,,,GPT INFRAPROJECTS LTD,120.38,122.29,120.00,121.62,120.75,120.38,,121.63,,,148536,18055054.40,2051,F1,1,,,,,
2026-10-06,2026-10-06,CM,NSE,STK,763301,INE361K01017,GRADIENTE,BE,,,,,GRADIENTE INFOTAINMENT L,2.47,2.59,2.36,2.57,2.59,2.47,,2.57,,,795138,1999208.76,318,F1,1,,,,,
2026-10-06,2026-10-06,CM,NSE,STK,30286,INE12E301017,GCHOTELS,SM,,,,,GRAND CONTINENT HOTELS L,119.20,119.20,111.00,113.05,113.00,118.00,,113.05,,,28200,3247440.00,43,F1,600,,,,,
2026-10-06,2026-10-06,CM,NSE,STK,11079,INE534A01028,GFSTEELS,BE,,,,,GRAND FOUNDRY LTD,39.83,39.83,39.83,39.83,39.83,39.05,,37.59,,,47277,1883042.91,37,F1,1,,,,,
2026-10-06,2026-10-06,CM,NSE,STK,762695,INE926B01016,GRANDOAK,EQ,,,,,GRAND OAK CANYONS DIST L,36.50,36.98,34.66,36.17,35.32,35.93,,35.98,,,1916,68929.53,86,F1,1,,,,,
2026-10-06,2026-10-06,CM,NSE,STK,11872,INE101D01020,GRANULES,EQ,,,,,GRANULES INDIA LIMITED,818.00,839.00,814.75,836.40,836.00,817.25,,836.39,,,518092,431359393.75,42137,F1,1,,,,,
2026-10-06,2026-10-06,CM,NSE,STK,20454,INE0POU01017,GRAPHISAD,SM,,,,,GRAPHISADS LIMITED,24.30,24.50,24.30,24.40,24.30,23.80,,24.40,,,3600,87720.00,3,F1,1200,,,,,
2026-10-06,2026-10-06,CM,NSE,STK,592,INE371A01025,GRAPHITE,EQ,,,,,GRAPHITE INDIA LTD,821.00,861.50,817.05,851.20,850.10,816.40,,851.19,,,2456818,2079085632.60,62564,F1,1,,,,,
2026-10-06,2026-10-06,CM,NSE,STK,1232,INE047A01021,GRASIM,EQ,,,,,GRASIM INDUSTRIES LTD,2988.00,2988.70,2935.60,2969.00,2969.00,2972.00,,2968.87,,,359655,1064409028.50,23791,F1,1,,,,,
2026-10-06,2026-10-06,CM,NSE,STK,5200,INE266D01021,GRAUWEIL,EQ,,,,,GRAUER & WEIL IND LTD,82.70,83.53,82.01,82.32,82.30,83.53,,82.32,,,239964,19815131.81,2938,F1,1,,,,,
2026-10-06,2026-10-06,CM,NSE,STK,762703,INE214F01026,GRAVISSHO,BE,,,,,GRAVISS HOSPITALITY LTD.,31.75,32.00,30.75,30.76,32.00,31.67,,30.76,,,3093,95259.50,14,F1,1,,,,,
2026-10-06,2026-10-06,CM,NSE,STK,20534,INE024L01027,GRAVITA,EQ,,,,,GRAVITA INDIA LIMITED,1432.90,1528.00,1428.50,1500.90,1500.00,1423.50,,1500.89,,,796225,1194891999.10,52949,F1,1,,,,,
2026-10-06,2026-10-06,CM,NSE,STK,1235,INE224A01026,GREAVESCOT,EQ,,,,,GREAVES COTTON LTD.,220.50,226.50,220.11,222.78,222.00,220.94,,222.78,,,1018671,227574133.10,19164,F1,1,,,,,
2026-10-06,2026-10-06,CM,NSE,STK,17092,INE0O7P01015,GREENCHEF,SM,,,,,GREENCHEF APPLIANCES LTD,67.50,69.95,67.50,68.85,69.95,69.95,,68.85,,,3200,220320.00,4,F1,800,,,,,
2026-10-06,2026-10-06,CM,NSE,STK,6848,INE544R01021,GREENLAM,EQ,,,,,GREENLAM INDUSTRIES LTD.,212.00,214.40,209.20,212.02,211.65,211.71,,212.03,,,52267,11085676.38,1246,F1,1,,,,,
2026-10-06,2026-10-06,CM,NSE,STK,759424,INE0PLX01017,GREENLEAF,SM,,,,,GREENLEAF ENVIROTECH LTD,111.00,114.35,111.00,114.35,114.35,114.05,,114.35,,,2000,225350.00,2,F1,1000,,,,,
2026-10-06,2026-10-06,CM,NSE,STK,13810,INE08ZM01014,GREENPANEL,EQ,,,,,GREENPANEL INDUSTRIES LTD,159.01,160.70,157.42,159.92,160.00,159.06,,159.92,,,281448,44956566.67,3288,F1,1,,,,,
2026-10-06,2026-10-06,CM,NSE,STK,3987,INE461C01038,GREENPLY,EQ,,,,,GREENPLY INDUSTRIES LTD,309.80,316.90,305.10,315.30,312.50,308.45,,315.13,,,196749,61382004.25,5834,F1,1,,,,,
2026-10-06,2026-10-06,CM,NSE,STK,758986,INE199P01028,GCSL,EQ,,,,,GRETEX CORPORATE SERVICES,685.00,696.25,685.00,693.05,692.00,681.75,,693.05,,,225480,156207388.80,3809,F1,1,,,,,
2026-10-06,2026-10-06,CM,NSE,STK,23559,INE0PC901019,BIRDYS,SM,,,,,GRILL SPLENDOUR SER LTD,79.00,79.00,79.00,79.00,79.00,80.50,,79.00,,,1200,94800.00,1,F1,1200,,,,,
2026-10-06,2026-10-06,CM,NSE,STK,13560,INE536A01023,GRINDWELL,EQ,,,,,GRINDWELL NORTON LIMITED,2023.10,2066.50,1992.00,2033.10,2029.10,2004.20,,2033.07,,,40139,81294472.90,11722,F1,1,,,,,
2026-10-06,2026-10-06,CM,NSE,STK,10871,INE192H01020,GRMOVER,EQ,,,,,GRM OVERSEAS LIMITED,79.00,79.79,78.49,79.04,79.15,78.50,,79.03,,,1056604,83582948.53,3275,F1,1,,,,,
2026-10-06,2026-10-06,CM,NSE,STK,760971,INE1TY801010,GJL,ST,,,,,GROVER JEWELLS LIMITED,511.00,511.20,463.00,510.10,511.20,486.90,,510.10,,,6400,3197120.00,8,F1,800,,,,,
2026-10-06,2026-10-06,CM,NSE,STK,764285,INF666M01PH7,CEMNTGROWW,EQ,,,,,GROWWAMC - CEMNTGROWW,13.82,13.82,13.51,13.64,13.70,13.62,,13.64,,,60769,827585.26,270,F1,1,,,,,
2026-10-06,2026-10-06,CM,NSE,STK,760051,INF666M01MM4,GROWWCAPM,EQ,,,,,GROWWAMC - GROWWCAPM,11.10,11.19,10.87,11.15,11.06,10.88,,11.15,,,853914,9426622.75,972,F1,1,,,,,
2026-10-06,2026-10-06,CM,NSE,STK,760673,INF666M01NP5,GROWWCHEM,EQ,,,,,GROWWAMC - GROWWCHEM,28.49,28.74,28.19,28.53,28.74,28.24,,28.53,,,9548,271078.34,148,F1,1,,,,,
2026-10-06,2026-10-06,CM,NSE,STK,25758,INF666M01IO8,GROWWDEFNC,EQ,,,,,GROWWAMC - GROWWDEFNC,92.79,94.21,91.21,93.91,94.16,91.87,,93.88,,,193774,17986839.28,2106,F1,1,,,,,
2026-10-06,2026-10-06,CM,NSE,STK,24798,INF666M01IH2,GROWWEV,EQ,,,,,GROWWAMC - GROWWEV,30.22,30.59,29.89,30.33,30.30,30.07,,30.33,,,202152,6108766.42,1428,F1,1,,,,,
2026-10-06,2026-10-06,CM,NSE,STK,25872,INF666M01OE7,GROWWGOLD,EQ,,,,,GROWWAMC - GROWWGOLD,14.33,14.38,14.24,14.35,14.37,14.35,,14.35,,,2322289,33201505.66,3730,F1,1,,,,,
2026-10-06,2026-10-06,CM,NSE,STK,760874,INF666M01OD9,GROWWHOSPI,EQ,,,,,GROWWAMC - GROWWHOSPI,47.88,47.88,46.24,46.66,46.95,46.99,,46.67,,,464735,21599163.08,2421,F1,1,,,,,
2026-10-06,2026-10-06,CM,NSE,STK,25447,INF666M01IP5,GROWWLIQID,EQ,,,,,GROWWAMC - GROWWLIQID,111.03,111.04,111.03,111.03,111.04,111.02,,111.03,,,91752,10187757.91,161,F1,1,,,,,
2026-10-06,2026-10-06,CM,NSE,STK,758300,INF666M01LB9,GROWWLOVOL,EQ,,,,,GROWWAMC - GROWWLOVOL,9.78,9.99,9.70,9.89,9.99,9.79,,9.89,,,7534,73912.03,83,F1,1,,,,,
2026-10-06,2026-10-06,CM,NSE,STK,759719,INF666M01MV5,GROWWMC150,EQ,,,,,GROWWAMC - GROWWMC150,219.58,220.92,218.27,220.90,220.90,218.98,,220.90,,,1058,233121.70,20,F1,1,,,,,
2026-10-06,2026-10-06,CM,NSE,STK,760438,INF666M01NI0,GROWWMETAL,EQ,,,,,GROWWAMC - GROWWMETAL,11.60,12.11,11.60,11.97,12.00,11.90,,11.97,,,150772,1812705.75,942,F1,1,,,,,
2026-10-06,2026-10-06,CM,NSE,STK,756086,INF666M01KJ4,GROWWMOM50,EQ,,,,,GROWWAMC - GROWWMOM50,10.60,10.76,10.50,10.72,10.76,10.50,,10.72,,,68984,737339.44,405,F1,1,,,,,
2026-10-06,2026-10-06,CM,NSE,STK,29872,INF666M01JV1,GROWWN200,EQ,,,,,GROWWAMC - GROWWN200,10.71,10.83,10.55,10.76,10.82,10.66,,10.76,,,20480,219538.36,211,F1,1,,,,,
2026-10-06,2026-10-06,CM,NSE,STK,757814,INF666M01LI4,GROWWNET,EQ,,,,,GROWWAMC - GROWWNET,10.05,10.32,9.98,10.26,10.28,10.00,,10.26,,,549310,5578623.88,627,F1,1,,,,,
2026-10-06,2026-10-06,CM,NSE,STK,758697,INF666M01LL8,GROWWNIFTY,EQ,,,,,GROWWAMC - GROWWNIFTY,9.32,9.32,9.11,9.22,9.29,9.17,,9.22,,,468342,4303590.35,3465,F1,1,,,,,
2026-10-06,2026-10-06,CM,NSE,STK,759458,INF666M01LZ8,GROWWNXT50,EQ,,,,,GROWWAMC - GROWWNXT50,70.60,71.48,69.30,70.73,70.08,70.68,,70.73,,,4191,295229.51,106,F1,1,,,,,
2026-10-06,2026-10-06,CM,NSE,STK,758165,INF666M01LM6,GROWWPOWER,EQ,,,,,GROWWAMC - GROWWPOWER,10.93,11.03,10.83,11.01,11.03,10.84,,11.01,,,1358202,14914002.05,1877,F1,1,,,,,
2026-10-06,2026-10-06,CM,NSE,STK,760976,INF666M01NQ3,GROWWPSE,EQ,,,,,GROWWAMC - GROWWPSE,91.89,94.98,91.89,94.50,94.50,93.77,,94.50,,,1453,136939.75,142,F1,1,,,,,
2026-10-06,2026-10-06,CM,NSE,STK,761514,INF666M01OG2,GROWWPSUBK,EQ,,,,,GROWWAMC - GROWWPSUBK,81.48,81.64,79.25,80.43,80.50,80.35,,80.43,,,3904,313330.04,130,F1,1,,,,,
2026-10-06,2026-10-06,CM,NSE,STK,29527,INF666M01JJ6,GROWWRAIL,EQ,,,,,GROWWAMC - GROWWRAIL,26.21,26.33,25.94,26.05,26.16,26.08,,26.05,,,357632,9346643.38,1800,F1,1,,,,,
2026-10-06,2026-10-06,CM,NSE,STK,759428,INF666M01MN2,GROWWRLTY,EQ,,,,,GROWWAMC - GROWWRLTY,9.44,9.64,9.32,9.45,9.61,9.48,,9.45,,,219880,2069214.00,451,F1,1,,,,,
2026-10-06,2026-10-06,CM,NSE,STK,759522,INF666M01MO0,GROWWSC250,EQ,,,,,GROWWAMC - GROWWSC250,10.43,10.43,10.11,10.38,10.37,10.18,,10.38,,,191013,1974837.54,479,F1,1,,,,,
2026-10-06,2026-10-06,CM,NSE,STK,756827,INF666M01OF4,GROWWSLVR,EQ,,,,,GROWWAMC - GROWWSLVR,21.53,21.61,21.37,21.59,21.61,21.71,,21.59,,,958820,20601513.01,2349,F1,1,,,,,
2026-10-06,2026-10-06,CM,NSE,STK,763572,INF666M01OT5,PVTBKGROWW,EQ,,,,,GROWWAMC - PVTBKGROWW,26.74,27.28,26.60,27.06,27.25,26.64,,27.06,,,7888,213683.04,67,F1,1,,,,,
2026-10-06,2026-10-06,CM,NSE,STK,751745,INF666M01PG9,SMALLGROWW,EQ,,,,,GROWWAMC - SMALLGROWW,47.50,48.31,47.00,48.29,48.29,47.50,,48.29,,,8501,408618.14,61,F1,1,,,,,
2026-10-06,2026-10-06,CM,NSE,STK,6543,INE137I01015,GRPLTD,EQ,,,,,GRP LIMITED,1877.20,1909.10,1850.00,1853.00,1851.00,1868.90,,1857.53,,,754,1405774.40,139,F1,1,,,,,
2026-10-06,2026-10-06,CM,NSE,STK,23888,INE0SQY01018,GSMFOILS,SM,,,,,GSM FOILS LIMITED,72.15,72.45,69.05,70.15,70.30,72.15,,70.15,,,171000,12089825.00,246,F1,500,,,,,
2026-10-06,2026-10-06,CM,NSE,STK,762239,INE713R01022,GSPCROP,EQ,,,,,GSP CROP SCIENCE LIMITED,455.05,484.00,452.85,476.65,473.20,457.40,,476.64,,,250131,116270367.95,3263,F1,1,,,,,
2026-10-06,2026-10-06,CM,NSE,STK,766270,INE1TUG01013,GSPLTRANS,BE,,,,,GSPL TRANSMISSION LIMITED,123.82,123.82,123.82,123.82,123.82,130.33,,123.82,,,592716,73390095.12,1061,F1,1,,,,,
2026-10-06,2026-10-06,CM,NSE,STK,15347,INE871H01011,GSS,EQ,,,,,GSS INFOTECH LIMITED,10.30,10.49,10.11,10.13,10.17,10.30,,10.13,,,14564,149667.28,129,F1,1,,,,,
2026-10-06,2026-10-06,CM,NSE,STK,13745,INE221H01019,GTLINFRA,EQ,,,,,GTL INFRA.LTD,1.06,1.10,1.05,1.09,1.10,1.06,,1.09,,,24823552,26660750.70,10952,F1,1,,,,,
2026-10-06,2026-10-06,CM,NSE,STK,1162,INE043A01012,GTL,EQ,,,,,GTL LTD,6.76,6.90,6.75,6.86,6.87,6.75,,6.86,,,222012,1517005.70,513,F1,1,,,,,
2026-10-06,2026-10-06,CM,NSE,STK,21195,INE869I01013,GTPL,EQ,,,,,GTPL HATHWAY LIMITED,54.47,55.48,54.47,54.68,54.55,54.47,,54.68,,,16120,883354.54,337,F1,1,,,,,
2026-10-06,2026-10-06,CM,NSE,STK,11606,INE742B01025,GUFICBIO,EQ,,,,,GUFIC BIOSCIENCES LTD.,419.70,432.40,414.80,427.80,428.35,419.70,,427.79,,,68074,28906260.35,3494,F1,1,,,,,
2026-10-06,2026-10-06,CM,NSE,STK,1145,INE162A01010,GIPCL,EQ,,,,,GUJ IND POW CO. LTD,176.69,179.39,173.05,174.06,174.50,176.62,,174.06,,,420544,73658650.48,6856,F1,1,,,,,
2026-10-06,2026-10-06,CM,NSE,STK,1174,INE113A01013,GNFC,EQ,,,,,GUJ NAR VAL FER & CHEM L,589.00,633.60,587.10,629.50,628.40,586.30,,629.47,,,2291498,1407937616.25,59898,F1,1,,,,,
2026-10-06,2026-10-06,CM,NSE,STK,1247,INE026A01025,GSFC,EQ,,,,,GUJ STATE FERT & CHEM LTD,148.00,153.95,148.00,153.47,153.40,147.26,,153.47,,,963097,145896700.24,15432,F1,1,,,,,
2026-10-06,2026-10-06,CM,NSE,STK,14677,INE826C01016,GUJAPOLLO,EQ,,,,,GUJ. APOLLO IND. LTD.,341.00,349.50,336.55,346.70,349.45,340.45,,346.70,,,12346,4245012.50,1266,F1,1,,,,,
2026-10-06,2026-10-06,CM,NSE,STK,1267,INE186A01019,GUJALKALI,EQ,,,,,GUJARAT ALKALIES & CHEM,609.50,620.60,602.55,613.10,611.75,606.45,,613.60,,,44900,27438609.50,4269,F1,1,,,,,
2026-10-06,2026-10-06,CM,NSE,STK,8828,INE036B01030,GAEL,EQ,,,,,GUJARAT AMBUJA EXPORTS LT,158.47,163.50,157.51,162.81,162.10,158.28,,162.81,,,557617,90142809.63,14345,F1,1,,,,,
2026-10-06,2026-10-06,CM,NSE,STK,10599,INE844O01030,GUJENERGY,EQ,,,,,GUJARAT ENERGY LIMITED,231.91,234.66,229.00,229.97,229.70,232.15,,229.97,,,4815989,1109863476.65,37592,F1,1,,,,,
2026-10-06,2026-10-06,CM,NSE,STK,13750,INE09N301011,FLUOROCHEM,EQ,,,,,GUJARAT FLUOROCHEM LTD,4458.20,4646.90,4430.20,4577.20,4580.00,4429.80,,4577.50,,,181004,829632013.10,36618,F1,1,,,,,
2026-10-06,2026-10-06,CM,NSE,STK,761197,INE0V0W01025,GKSL,EQ,,,,,GUJARAT KIDNEY N SUP SP L,190.34,196.50,185.00,193.62,193.00,190.34,,193.62,,,2244596,430679434.73,24333,F1,1,,,,,
2026-10-06,2026-10-06,CM,NSE,STK,1156,INE540A01017,GLFL,EQ,,,,,GUJARAT LEASE FINANCING L,5.17,5.43,5.00,5.39,5.42,5.22,,5.39,,,1038,5431.19,15,F1,1,,,,,
2026-10-06,2026-10-06,CM,NSE,STK,5204,INE131A01031,GMDCLTD,EQ,,,,,GUJARAT MINERAL DEV CORP,490.00,498.90,488.00,491.55,493.70,487.35,,491.55,,,816501,402301405.85,23835,F1,1,,,,,
2026-10-06,2026-10-06,CM,NSE,STK,762690,INE207H01018,GNRL,EQ,,,,,GUJARAT NATURAL RES L,96.91,99.20,95.89,98.79,98.70,96.77,,98.77,,,162237,15791586.56,1412,F1,1,,,,,
2026-10-06,2026-10-06,CM,NSE,STK,19731,INE517F01014,GPPL,EQ,,,,,GUJARAT PIPAVAV PORT LTD,168.43,171.00,166.69,168.21,168.00,167.60,,168.21,,,1125256,189515386.36,13999,F1,1,,,,,
2026-10-06,2026-10-06,CM,NSE,STK,4548,INE610B01024,GUJRAFFIA,EQ,,,,,GUJARAT RAFFIA INDUST LTD,39.60,42.38,39.60,41.86,42.06,39.50,,41.87,,,5526,227920.12,186,F1,1,,,,,
2026-10-06,2026-10-06,CM,NSE,STK,29731,INE942C01045,GUJTHEM,EQ,,,,,GUJARAT THEMIS BIOSYN LTD,372.05,393.15,372.05,390.00,386.50,373.60,,390.01,,,224486,85989332.05,5537,F1,1,,,,,
2026-10-06,2026-10-06,CM,NSE,STK,4391,INE635Q01029,GULFOILLUB,EQ,,,,,GULF OIL LUB. IND. LTD.,1070.00,1095.00,1070.00,1087.90,1087.00,1068.70,,1087.88,,,22705,24635782.20,4158,F1,1,,,,,
2026-10-06,2026-10-06,CM,NSE,STK,6286,INE255D01024,GULPOLY,EQ,,,,,GULSHAN POLYOLS LIMITED,160.70,168.90,160.69,167.92,167.01,160.84,,167.99,,,117697,19462654.68,3270,F1,1,,,,,
2026-10-06,2026-10-06,CM,NSE,STK,759261,INE1CCX01012,GURUNANAK,SM,,,,,GURUNANAK AGRICULTUR IN L,34.25,34.25,34.25,34.25,34.25,33.00,,34.25,,,1600,54800.00,1,F1,1600,,,,,
2026-10-06,2026-10-06,CM,NSE,STK,13229,INE251H01024,GVKPIL,BE,,,,,GVK POW. & INFRA LTD.,2.42,2.42,2.42,2.42,2.42,2.46,,2.42,,,234688,567944.96,391,F1,1,,,,,
2026-10-06,2026-10-06,CM,NSE,STK,10866,INE382T01030,GVPTECH,BE,,,,,GVP INFOTECH LIMITED,7.52,7.73,7.15,7.31,7.30,7.52,,7.31,,,27384,202399.85,162,F1,1,,,,,
2026-10-06,2026-10-06,CM,NSE,STK,764050,INE724A01017,GYFTR,EQ,,,,,GYFTR LIMITED,157.86,175.10,157.86,169.30,169.85,156.11,,169.31,,,1294182,217571019.11,11741,F1,1,,,,,
2026-10-06,2026-10-06,CM,NSE,STK,762712,INE640B01021,HBESD,EQ,,,,,H B ESTATE DEVELOPERS L,86.00,90.97,73.99,75.03,75.30,78.13,,74.90,,,180036,14860614.05,2615,F1,1,,,,,
2026-10-06,2026-10-06,CM,NSE,STK,1672,INE926X01010,HGINFRA,EQ,,,,,H.G.INFRA ENGINEERING LTD,403.80,425.75,398.55,417.20,418.00,403.75,,417.20,,,470243,193834585.45,20881,F1,1,,,,,
2026-10-06,2026-10-06,CM,NSE,STK,760715,INE115S01010,HALDER,EQ,,,,,HALDER VENTURE LIMITED,258.12,266.00,255.23,263.84,260.50,258.03,,263.07,,,2684,703166.63,211,F1,1,,,,,
2026-10-06,2026-10-06,CM,NSE,STK,762705,INE506D01020,HALDYNGL,EQ,,,,,HALDYN GLASS LTD.,144.95,144.95,140.30,142.27,142.50,142.85,,142.29,,,43552,6192657.44,987,F1,1,,,,,
2026-10-06,2026-10-06,CM,NSE,STK,21551,INE320X01016,HALEOSLABS,EQ,,,,,HALEOS LABS LIMITED,1560.00,1596.90,1560.00,1587.80,1588.80,1549.20,,1587.55,,,782,1236393.40,162,F1,1,,,,,
2026-10-06,2026-10-06,CM,NSE,STK,765075,INE299D01022,HAMPTON,EQ,,,,,HAMPTON SKY REALTY LTD.,8.40,8.40,7.87,8.09,8.10,8.00,,8.08,,,3587,28762.17,40,F1,1,,,,,
2026-10-06,2026-10-06,CM,NSE,STK,13592,INE596H01014,HGM,EQ,,,,,HANDSON GBL MNGMNT LTD,39.00,41.95,38.98,39.28,39.00,38.97,,39.53,,,4397,174360.99,71,F1,1,,,,,
2026-10-06,2026-10-06,CM,NSE,STK,48,INE419U01012,HAPPSTMNDS,EQ,,,,,HAPPIEST MINDS TECHNO LTD,305.05,306.70,302.05,303.35,304.50,304.20,,303.35,,,276347,83953219.65,7893,F1,1,,,,,
2026-10-06,2026-10-06,CM,NSE,STK,20854,INE330T01021,HAPPYFORGE,EQ,,,,,HAPPY FORGINGS LIMITED,2040.00,2040.00,1950.00,1989.40,2000.00,2013.20,,1989.42,,,185386,367034839.80,30897,F1,1,,,,,
2026-10-06,2026-10-06,CM,NSE,STK,757665,INE0TLP01015,WHITEFORCE,SM,,,,,HAPPY SQUARE OUTSOURC S L,37.50,37.50,37.50,37.50,37.50,37.50,,37.50,,,1600,60000.00,1,F1,1600,,,,,
2026-10-06,2026-10-06,CM,NSE,STK,764131,INE1GFG01011,HAPPY,SM,,,,,HAPPY STEELS LIMITED,75.95,80.10,75.95,80.10,80.10,75.95,,80.10,,,14000,1098700.00,7,F1,2000,,,,,
2026-10-06,2026-10-06,CM,NSE,STK,8962,INE626Z01029,HARDWYN,EQ,,,,,HARDWYN INDIA LIMITED,9.41,9.99,9.11,9.22,9.31,9.34,,9.22,,,826036,7719607.97,1390,F1,1,,,,,
2026-10-06,2026-10-06,CM,NSE,STK,8968,INE00EV01017,HARIOMPIPE,EQ,,,,,HARIOM PIPE INDUSTRIES L,328.00,339.95,325.00,336.50,337.00,324.60,,336.56,,,78836,26277918.90,3691,F1,1,,,,,
2026-10-06,2026-10-06,CM,NSE,STK,764703,INE400G01011,HRYNSHP,EQ,,,,,HARIYANA SHIP BREAKERS L,96.65,96.65,95.87,95.90,95.90,96.65,,95.08,,,296,28517.55,16,F1,1,,,,,
2026-10-06,2026-10-06,CM,NSE,STK,1313,INE544A01019,HARRMALAYA,EQ,,,,,HARRISON MALAYALAM LTD,178.50,178.50,172.70,175.08,175.55,173.00,,175.08,,,8051,1405592.97,172,F1,1,,,,,
2026-10-06,2026-10-06,CM,NSE,STK,11162,INE0JUS01029,HARSHA,EQ,,,,,HARSHA ENGINEERS INT LTD,465.80,468.90,460.25,464.65,465.25,462.30,,464.64,,,78390,36379061.30,3705,F1,1,,,,,
2026-10-06,2026-10-06,CM,NSE,STK,18154,INE982F01036,HATHWAY,EQ,,,,,HATHWAY CABLE & DATACOM,9.37,10.00,9.37,9.80,9.85,9.40,,9.80,,,2497478,24077968.99,2866,F1,1,,,,,
2026-10-06,2026-10-06,CM,NSE,STK,3892,INE473B01035,HATSUN,EQ,,,,,HATSUN AGRO PRODUCT LTD.,1143.50,1175.00,1137.30,1150.00,1150.00,1143.50,,1150.05,,,24484,28307945.90,2962,F1,1,,,,,
2026-10-06,2026-10-06,CM,NSE,STK,9819,INE176B01034,HAVELLS,EQ,,,,,HAVELLS INDIA LIMITED,1050.00,1057.00,1039.60,1057.00,1057.00,1046.70,,1057.00,,,946495,992790523.90,27274,F1,1,,,,,
2026-10-06,2026-10-06,CM,NSE,STK,4444,INE979B01015,HAWKINCOOK,EQ,,,,,HAWKINS COOKERS LTD,8053.00,8099.00,7961.50,8009.50,8015.00,7977.00,,8009.50,,,831,6660763.00,484,F1,1,,,,,
2026-10-06,2026-10-06,CM,NSE,STK,764693,INE550F01049,HAZOOR,EQ,,,,,HAZOOR MULTI PROJECTS LTD,18.11,18.30,17.57,18.00,18.00,17.75,,18.00,,,2456480,43792466.17,3491,F1,1,,,,,
2026-10-06,2026-10-06,CM,NSE,STK,765080,INE638B01025,HBPOR,EQ,,,,,HB PORTFOLIO LTD.,59.45,62.89,59.08,59.27,59.27,61.30,,59.28,,,196,11630.80,15,F1,1,,,,,
2026-10-06,2026-10-06,CM,NSE,STK,4116,INE550B01022,HBSL,EQ,,,,,HB STOCKHOLDINGS LIMITED,56.00,58.40,55.82,57.91,57.90,55.82,,57.94,,,4061,232262.59,93,F1,1,,,,,
2026-10-06,2026-10-06,CM,NSE,STK,13966,INE292B01021,HBLENGINE,EQ,,,,,HBL ENGINEERING LTD,767.00,771.20,762.00,764.30,764.00,763.60,,764.30,,,620183,474334861.25,21548,F1,1,,,,,
2026-10-06,2026-10-06,CM,NSE,STK,1327,INE236A01020,HCL-INSYS,EQ,,,,,HCL INFOSYSTEMS LTD,9.92,10.49,9.92,10.15,10.08,10.00,,10.14,,,148330,1498966.27,558,F1,1,,,,,
2026-10-06,2026-10-06,CM,NSE,STK,7229,INE860A01027,HCLTECH,EQ,,,,,HCL TECHNOLOGIES LTD,1202.00,1208.90,1188.20,1204.40,1204.40,1201.90,,1204.39,,,2002132,2394941952.10,71236,F1,1,,,,,
2026-10-06,2026-10-06,CM,NSE,STK,757772,INE756I01012,HDBFS,EQ,,,,,HDB FINANCIAL SERVICES L,626.00,629.00,613.05,616.75,618.30,622.55,,616.61,,,943452,582815587.20,28552,F1,1,,,,,
2026-10-06,2026-10-06,CM,NSE,STK,4244,INE127D01025,HDFCAMC,EQ,,,,,HDFC AMC LIMITED,2359.00,2366.90,2336.10,2352.40,2352.40,2346.00,,2352.40,,,885381,2085869162.20,48283,F1,1,,,,,
2026-10-06,2026-10-06,CM,NSE,STK,1333,INE040A01034,HDFCBANK,EQ,,,,,HDFC BANK LTD,705.60,714.70,701.00,711.45,711.45,704.80,,711.44,,,26568270,18851409176.50,212931,F1,1,,,,,
2026-10-06,2026-10-06,CM,NSE,STK,19543,INF179KC1981,HDFCGOLD,EQ,,,,,HDFC GOLD ETF,125.30,125.72,124.57,125.61,125.60,125.72,,125.61,,,3814587,478230023.71,10460,F1,1,,,,,
2026-10-06,2026-10-06,CM,NSE,STK,467,INE795G01014,HDFCLIFE,EQ,,,,,HDFC LIFE INS CO LTD,533.45,551.40,528.05,543.95,543.95,531.00,,543.95,,,8334621,4537278533.40,72150,F1,1,,,,,
2026-10-06,2026-10-06,CM,NSE,STK,14230,INF179KC1EZ4,HDFCBSE500,EQ,,,,,HDFCAMC - HDFCBSE500,35.66,35.75,35.38,35.71,35.65,35.48,,35.71,,,1003242,35786585.67,279,F1,1,,,,,
2026-10-06,2026-10-06,CM,NSE,STK,11241,INF179KC1DJ0,HDFCGROWTH,EQ,,,,,HDFCAMC - HDFCGROWTH,109.08,111.65,109.08,109.72,110.23,109.95,,109.72,,,15007,1644673.36,152,F1,1,,,,,
2026-10-06,2026-10-06,CM,NSE,STK,18279,INF179KC1JG3,HDFCLIQUID,EQ,,,,,HDFCAMC - HDFCLIQUID,1080.77,1080.92,1080.61,1080.91,1080.92,1080.77,,1080.91,,,46756,50538875.82,66,F1,1,,,,,
2026-10-06,2026-10-06,CM,NSE,STK,11547,INF179KC1HU8,HDFCLOWVOL,EQ,,,,,HDFCAMC - HDFCLOWVOL,19.15,19.43,19.15,19.35,19.24,19.16,,19.42,,,1418,27351.19,55,F1,1,,,,,
2026-10-06,2026-10-06,CM,NSE,STK,14236,INF179KC1HT0,HDFCMID150,EQ,,,,,HDFCAMC - HDFCMID150,22.50,22.77,22.00,22.20,22.25,22.22,,22.18,,,272593,6047828.84,1294,F1,1,,,,,
2026-10-06,2026-10-06,CM,NSE,STK,11538,INF179KC1HV6,HDFCMOMENT,EQ,,,,,HDFCAMC - HDFCMOMENT,29.96,30.25,29.71,30.13,30.14,29.71,,30.13,,,173732,5222823.45,453,F1,1,,,,,
2026-10-06,2026-10-06,CM,NSE,STK,10619,INF179KC1HS2,HDFCNEXT50,EQ,,,,,HDFCAMC - HDFCNEXT50,71.22,71.65,70.61,71.54,71.59,70.81,,71.54,,,79683,5682075.54,530,F1,1,,,,,
2026-10-06,2026-10-06,CM,NSE,STK,10633,INF179KC1HR4,HDFCNIF100,EQ,,,,,HDFCAMC - HDFCNIF100,24.46,24.74,24.45,24.62,24.74,24.46,,24.63,,,31920,784436.27,233,F1,1,,,,,
2026-10-06,2026-10-06,CM,NSE,STK,22433,INF179KC1HY0,HDFCNIFBAN,EQ,,,,,HDFCAMC - HDFCNIFBAN,56.19,56.88,56.19,56.61,56.60,56.23,,56.61,,,80567,4560946.67,315,F1,1,,,,,
2026-10-06,2026-10-06,CM,NSE,STK,12101,INF179KC1IA8,HDFCNIFIT,EQ,,,,,HDFCAMC - HDFCNIFIT,30.15,30.31,29.81,29.94,30.10,30.15,,29.94,,,118523,3554094.98,296,F1,1,,,,,
2026-10-06,2026-10-06,CM,NSE,STK,11591,INF179KC1965,HDFCNIFTY,EQ,,,,,HDFCAMC - HDFCNIFTY,254.91,257.58,254.29,256.42,256.00,254.91,,256.42,,,1368678,350250365.81,1289,F1,1,,,,,
2026-10-06,2026-10-06,CM,NSE,STK,764336,INF179KC1KT4,HDFCNIMEG,EQ,,,,,HDFCAMC - HDFCNIMEG,125.61,126.38,125.16,125.71,125.16,124.97,,125.71,,,100633,12658171.85,53,F1,1,,,,,
2026-10-06,2026-10-06,CM,NSE,STK,12108,INF179KC1HZ7,HDFCPVTBAN,EQ,,,,,HDFCAMC - HDFCPVTBAN,27.31,27.72,27.31,27.57,27.72,27.30,,27.55,,,168807,4656480.15,282,F1,1,,,,,
2026-10-06,2026-10-06,CM,NSE,STK,11255,INF179KC1DL6,HDFCQUAL,EQ,,,,,HDFCAMC - HDFCQUAL,55.02,55.54,55.01,55.45,55.22,55.06,,55.45,,,3447,190315.19,69,F1,1,,,,,
2026-10-06,2026-10-06,CM,NSE,STK,11593,INF179KC1HX2,HDFCSENSEX,EQ,,,,,HDFCAMC - HDFCSENSEX,82.02,82.91,82.02,82.75,82.80,82.04,,82.76,,,41455,3426088.02,550,F1,1,,,,,
2026-10-06,2026-10-06,CM,NSE,STK,10876,INF179KC1DI2,HDFCSILVER,EQ,,,,,HDFCAMC - HDFCSILVER,210.41,210.79,208.21,210.63,210.45,212.02,,210.63,,,2776923,582044096.39,10096,F1,1,,,,,
2026-10-06,2026-10-06,CM,NSE,STK,14233,INF179KC1FB2,HDFCSML250,EQ,,,,,HDFCAMC - HDFCSML250,177.84,181.90,177.84,180.96,181.69,178.32,,180.96,,,4177041,752915625.66,18558,F1,1,,,,,
2026-10-06,2026-10-06,CM,NSE,STK,11260,INF179KC1DK8,HDFCVALUE,EQ,,,,,HDFCAMC - HDFCVALUE,118.64,119.14,118.46,118.58,119.14,118.12,,118.69,,,12239,1454694.26,78,F1,1,,,,,
2026-10-06,2026-10-06,CM,NSE,STK,22595,INF179KC1HW4,HDFCPSUBK,EQ,,,,,HDFCAMC HDFCPSUBK,81.06,82.05,80.50,80.82,81.29,81.09,,80.82,,,28643,2319341.38,210,F1,1,,,,,
2026-10-06,2026-10-06,CM,NSE,STK,19205,INE759V01019,HEADSUP,EQ,,,,,HEADS UP VENTURES LIMITED,6.55,6.55,6.20,6.52,6.53,6.14,,6.52,,,3719,24125.39,36,F1,1,,,,,
2026-10-06,2026-10-06,CM,NSE,STK,20063,INE019J01013,HEALTHX,EQ,,,,,HEALTH X PLATFORM LIMITED,277.00,285.85,276.00,284.95,285.85,277.00,,284.92,,,7721,2191833.20,116,F1,1,,,,,
2026-10-06,2026-10-06,CM,NSE,STK,15555,INE075I01017,HCG,EQ,,,,,HEALTHCARE GLOB. ENT. LTD,678.50,683.80,652.80,680.55,680.90,669.05,,680.55,,,115342,77159568.40,15875,F1,1,,,,,
2026-10-06,2026-10-06,CM,NSE,STK,7425,INE558R01013,HECPROJECT,EQ,,,,,HEC INFRA PROJECTS LTD,110.90,115.49,110.90,112.79,114.00,110.87,,112.79,,,3866,438469.34,140,F1,1,,,,,
2026-10-06,2026-10-06,CM,NSE,STK,1336,INE545A01024,HEGAM,EQ,,,,,HEG ADVANCED MATERIAL LTD,235.59,256.47,235.59,252.21,253.00,233.77,,252.21,,,4802303,1203665562.85,68002,F1,1,,,,,
2026-10-06,2026-10-06,CM,NSE,STK,2316,INE578A01017,HEIDELBERG,EQ,,,,,HEIDELBERGCEMENT (I) LTD,130.49,130.95,127.41,127.78,127.80,130.11,,127.78,,,275926,35374837.04,3774,F1,1,,,,,
2026-10-06,2026-10-06,CM,NSE,STK,701,INE0AJG01018,HEMIPROP,EQ,,,,,HEMISPHERE PROP IND LTD,111.53,113.88,111.50,113.53,113.40,111.53,,113.52,,,195940,22142930.05,2920,F1,1,,,,,
2026-10-06,2026-10-06,CM,NSE,STK,2614,INE694N01015,HERANBA,EQ,,,,,HERANBA INDUSTRIES LTD,167.15,173.90,166.20,169.00,170.90,167.58,,169.04,,,30617,5217109.71,1143,F1,1,,,,,
2026-10-06,2026-10-06,CM,NSE,STK,4598,INE978A01027,HERITGFOOD,EQ,,,,,HERITAGE FOODS LTD,394.60,408.40,392.00,406.10,405.00,394.75,,406.05,,,271576,109229951.65,9213,F1,1,,,,,
2026-10-06,2026-10-06,CM,NSE,STK,1348,INE158A01026,HEROMOTOCO,EQ,,,,,HERO MOTOCORP LIMITED,5095.00,5113.50,5041.00,5075.00,5075.00,5089.50,,5075.00,,,388296,1969898147.50,47541,F1,1,,,,,
2026-10-06,2026-10-06,CM,NSE,STK,766171,INE012G01022,HEROMOTORS,EQ,,,,,HERO MOTORS LIMITED,168.40,169.63,163.33,167.52,168.30,169.63,,167.54,,,52806263,8780640537.91,288404,F1,1,,,,,
2026-10-06,2026-10-06,CM,NSE,STK,7048,INE782E01017,HESTERBIO,EQ,,,,,HESTER BIOSCIENCES LTD,2130.00,2184.90,2090.20,2174.10,2184.10,2105.50,,2176.62,,,4424,9510023.30,821,F1,1,,,,,
2026-10-06,2026-10-06,CM,NSE,STK,27008,INE750M01017,HEXATRADEX,EQ,,,,,HEXA TRADEX LIMITED,157.00,157.00,152.28,155.85,155.98,153.58,,155.85,,,2219,343626.46,63,F1,1,,,,,
2026-10-06,2026-10-06,CM,NSE,STK,750116,INE0JUI01012,HEXAGON,BE,,,,,HEXAGON NUTRITION LIMITED,70.29,73.25,68.80,71.13,71.00,69.77,,71.11,,,1499472,108051004.79,2351,F1,1,,,,,
2026-10-06,2026-10-06,CM,NSE,STK,29666,INE093A01041,HEXT,EQ,,,,,HEXAWARE TECHNOLOGIES LTD,499.50,504.00,490.30,500.30,500.00,495.15,,500.32,,,99472,49610134.80,13162,F1,1,,,,,
2026-10-06,2026-10-06,CM,NSE,STK,21954,INE548A01028,HFCL,BE,,,,,HFCL LIMITED,262.78,262.78,256.00,262.78,262.78,250.27,,262.77,,,6656282,1745509472.47,24167,F1,1,,,,,
2026-10-06,2026-10-06,CM,NSE,STK,25622,INE957N08151,920HFL30,N0,,,,,HFL 9.20% 2030 SR 67,104849.00,104849.00,104849.00,104849.00,104849.00,105278.04,,104849.00,,,1,104849.00,1,F1,1,,,,,
2026-10-06,2026-10-06,CM,NSE,STK,18794,INE0PIC01017,HIGREEN,SM,,,,,HI GREEN CARBON LIMITED,112.00,119.60,112.00,118.80,119.60,115.80,,118.80,,,10400,1211480.00,12,F1,800,,,,,
2026-10-06,2026-10-06,CM,NSE,STK,2868,INE106T01025,HITECH,EQ,,,,,HI-TECH PIPES LIMITED,72.85,76.24,72.20,74.68,74.80,70.05,,74.68,,,6307495,466424610.21,35200,F1,1,,,,,
2026-10-06,2026-10-06,CM,NSE,STK,759103,INE00RL01028,HILINFRA,EQ,,,,,HIGHWAY INFRASTRUCTURE L,44.70,45.71,43.66,45.36,45.40,43.71,,45.37,,,145388,6537581.04,2243,F1,1,,,,,
2026-10-06,2026-10-06,CM,NSE,STK,9668,INE475B01022,HIKAL,EQ,,,,,HIKAL LIMITED,215.30,227.16,213.21,226.43,226.86,214.45,,226.43,,,608833,134985030.34,12191,F1,1,,,,,
2026-10-06,2026-10-06,CM,NSE,STK,14627,INE788H01017,HILTON,EQ,,,,,HILTON METAL FORGING LTD,16.99,17.18,16.62,16.75,16.70,16.77,,16.75,,,54257,915545.25,284,F1,1,,,,,
2026-10-06,2026-10-06,CM,NSE,STK,14334,INE019C01026,HSCL,EQ,,,,,HIMADRI SPECIALITY CHEM L,664.00,670.00,661.30,668.55,670.00,659.85,,668.56,,,1016587,676885656.50,19329,F1,1,,,,,
2026-10-06,2026-10-06,CM,NSE,STK,766376,INE1B7I01014,HIMALAYAN,ST,,,,,HIMALAYAN SOLAR LIMITED,81.00,83.90,80.65,80.80,80.70,84.85,,80.80,,,403200,33343560.00,63,F1,1200,,,,,
2026-10-06,2026-10-06,CM,NSE,STK,1360,INE049A01027,HIMATSEIDE,EQ,,,,,HIMATSINGKA SEIDE LTD,64.00,65.95,63.86,65.36,65.05,64.64,,65.36,,,356115,23206461.36,4459,F1,1,,,,,
2026-10-06,2026-10-06,CM,NSE,STK,765085,INE227B01019,HINDALUMI,EQ,,,,,HIND ALUMINIUM INDS. LTD.,91.83,92.84,89.99,90.32,89.99,91.83,,89.86,,,2250,204398.89,107,F1,1,,,,,
2026-10-06,2026-10-06,CM,NSE,STK,1363,INE038A01020,HINDALCO,EQ,,,,,HINDALCO  INDUSTRIES  LTD,945.35,950.40,935.10,940.50,940.50,938.40,,940.50,,,2991457,2811023560.50,61758,F1,1,,,,,
2026-10-06,2026-10-06,CM,NSE,STK,4924,INE642Y01029,HINDCON,BE,,,,,HINDCON CHEMICALS LIMITED,30.06,30.06,30.06,30.06,30.06,31.64,,30.06,,,23518,706951.08,147,F1,1,,,,,
2026-10-06,2026-10-06,CM,NSE,STK,11796,INE05X901010,HPIL,EQ,,,,,HINDPRAKASH INDUSTRY LTD,115.00,117.98,113.75,116.49,116.58,110.64,,116.49,,,486,56552.90,54,F1,1,,,,,
2026-10-06,2026-10-06,CM,NSE,STK,14712,INE170I01016,HGS,EQ,,,,,HINDUJA GLOBAL SOLS. LTD.,364.00,366.40,360.10,361.40,360.55,364.95,,361.40,,,13171,4772498.40,1123,F1,1,,,,,
2026-10-06,2026-10-06,CM,NSE,STK,764698,INE074C01013,HINDADH,EQ,,,,,HINDUSTAN ADHESIVES LTD.,388.00,390.60,380.15,384.35,386.75,384.50,,381.02,,,1531,590189.35,54,F1,1,,,,,
2026-10-06,2026-10-06,CM,NSE,STK,2303,INE066F01020,HAL,EQ,,,,,HINDUSTAN AERONAUTICS LTD,4680.00,4837.10,4680.00,4816.00,4816.00,4680.00,,4816.00,,,935720,4476119964.10,71654,F1,1,,,,,
2026-10-06,2026-10-06,CM,NSE,STK,1372,INE310C01029,HINDCOMPOS,EQ,,,,,HINDUSTAN COMPOSITES LTD.,406.00,406.00,397.00,401.45,401.00,400.65,,401.36,,,13778,5530989.95,333,F1,1,,,,,
2026-10-06,2026-10-06,CM,NSE,STK,1375,INE549A01026,HCC,EQ,,,,,HINDUSTAN CONSTRUCTION CO,20.06,20.56,20.06,20.26,20.28,20.00,,20.26,,,11477346,232772427.40,20386,F1,1,,,,,
2026-10-06,2026-10-06,CM,NSE,STK,17939,INE531E01026,HINDCOPPER,EQ,,,,,HINDUSTAN COPPER LTD,483.90,487.60,480.25,485.50,486.25,478.65,,485.51,,,3645773,1764344810.75,50351,F1,1,,,,,
2026-10-06,2026-10-06,CM,NSE,STK,12173,INE254N01026,HNDFDS,EQ,,,,,HINDUSTAN FOODS LIMITED,570.00,591.00,570.00,584.75,585.15,570.05,,584.77,,,68825,40167970.75,5531,F1,1,,,,,
2026-10-06,2026-10-06,CM,NSE,STK,19215,INE871K01015,HMVL,BE,,,,,HINDUSTAN MEDIA VENT LTD,78.25,79.80,72.20,74.91,75.20,76.00,,74.92,,,110904,8239398.21,357,F1,1,,,,,
2026-10-06,2026-10-06,CM,NSE,STK,1403,INE345A01011,HINDOILEXP,EQ,,,,,HINDUSTAN OIL EXPLORATION,164.01,167.79,164.01,166.35,166.80,164.87,,166.35,,,254603,42356360.86,3933,F1,1,,,,,
2026-10-06,2026-10-06,CM,NSE,STK,1406,INE094A01015,HINDPETRO,EQ,,,,,HINDUSTAN PETROLEUM CORP,344.05,351.75,343.45,351.00,351.00,342.35,,351.00,,,3973902,1382547534.30,46101,F1,1,,,,,
2026-10-06,2026-10-06,CM,NSE,STK,1394,INE030A01027,HINDUNILVR,EQ,,,,,HINDUSTAN UNILEVER LTD.,1847.90,1895.20,1834.20,1895.20,1895.20,1838.40,,1895.18,,,1576062,2958465693.90,57721,F1,1,,,,,
2026-10-06,2026-10-06,CM,NSE,STK,1424,INE267A01025,HINDZINC,EQ,,,,,HINDUSTAN ZINC LIMITED,564.15,567.40,557.05,557.65,557.65,560.95,,557.69,,,2198787,1234343487.35,44302,F1,1,,,,,
2026-10-06,2026-10-06,CM,NSE,STK,15883,INE05AN01011,HINDWAREAP,EQ,,,,,HINDWARE HME INOVATON LTD,173.13,173.13,170.00,170.75,171.84,171.63,,170.74,,,59957,10209915.77,3132,F1,1,,,,,
2026-10-06,2026-10-06,CM,NSE,STK,13890,INE835D01023,HIRECT,EQ,,,,,HIRECT LIMITED,1102.00,1157.00,1088.40,1146.80,1142.10,1109.40,,1146.81,,,46766,52958445.70,4937,F1,1,,,,,
2026-10-06,2026-10-06,CM,NSE,STK,19322,INE598C01011,HISARMETAL,EQ,,,,,HISAR METAL IND. LIMITED,146.00,147.00,145.30,145.30,145.30,145.22,,145.30,,,242,35413.61,18,F1,1,,,,,
2026-10-06,2026-10-06,CM,NSE,STK,18457,INE07Y701011,POWERINDIA,EQ,,,,,HITACHI ENERGY INDIA LTD,31510.00,31970.00,31450.00,31640.00,31640.00,31500.00,,31641.09,,,73665,2338587555.00,20601,F1,1,,,,,
2026-10-06,2026-10-06,CM,NSE,STK,15165,INE120D01012,HITECHCORP,BE,,,,,HITECH CORPORATION LTD,340.00,344.40,340.00,342.40,342.50,342.00,,342.37,,,30000,10243639.10,240,F1,1,,,,,
2026-10-06,2026-10-06,CM,NSE,STK,2289,INE461D01028,HLEGLAS,EQ,,,,,HLE GLASCOAT LIMITED,424.05,447.10,424.05,447.10,447.10,425.85,,447.10,,,134283,59315920.35,2724,F1,1,,,,,
2026-10-06,2026-10-06,CM,NSE,STK,1448,INE102A01024,HLVLTD,EQ,,,,,HLV LIMITED,6.12,6.33,6.05,6.13,6.18,6.21,,6.14,,,199838,1238357.52,580,F1,1,,,,,
2026-10-06,2026-10-06,CM,NSE,STK,17053,INE0ECP01024,HMAAGRO,EQ,,,,,HMA AGRO INDUSTRIES LTD,23.40,24.74,23.31,24.56,24.74,23.40,,24.56,,,2144577,51885892.41,4834,F1,1,,,,,
2026-10-06,2026-10-06,CM,NSE,STK,19698,INE262A01018,HMT,BZ,,,,,HMT LTD -,58.99,59.98,57.00,58.53,58.60,58.99,,58.28,,,9014,524460.97,126,F1,1,,,,,
2026-10-06,2026-10-06,CM,NSE,STK,23826,INE0S6S01017,HOACFOODS,ST,,,,,HOAC FOODS INDIA LIMITED,930.00,930.00,930.00,930.00,930.00,923.05,,930.00,,,4125,3836250.00,9,F1,375,,,,,
2026-10-06,2026-10-06,CM,NSE,STK,18649,INE0LXA01019,HOLMARC,SM,,,,,HOLMARC OPTO MECHATRO L,123.70,125.40,123.70,125.40,125.40,123.75,,125.40,,,2250,280875.00,3,F1,750,,,,,
2026-10-06,2026-10-06,CM,NSE,STK,2056,INE481N01025,HOMEFIRST,EQ,,,,,HOME FIRST FIN CO IND LTD,1091.30,1118.00,1091.30,1111.50,1105.40,1096.20,,1111.58,,,212389,234811333.40,11958,F1,1,,,,,
2026-10-06,2026-10-06,CM,NSE,STK,13526,INE0N7F01017,HOMESFY,SM,,,,,HOMESFY REALTY LIMITED,121.60,121.60,121.60,121.60,121.60,116.00,,121.60,,,300,36480.00,1,F1,300,,,,,
2026-10-06,2026-10-06,CM,NSE,STK,19813,INE0J5401028,HONASA,EQ,,,,,HONASA CONSUMER LIMITED,449.00,493.00,446.70,478.30,476.65,442.10,,478.30,,,24467750,11694656575.85,357380,F1,1,,,,,
2026-10-06,2026-10-06,CM,NSE,STK,3138,INE634A01018,HONDAPOWER,EQ,,,,,HONDA I POWER PRODUCT LTD,1865.20,1914.90,1850.00,1885.90,1906.40,1865.20,,1885.99,,,2399,4521566.90,475,F1,1,,,,,
2026-10-06,2026-10-06,CM,NSE,STK,3417,INE671A01010,HONAUT,EQ,,,,,HONEYWELL AUTOMATION IND,34000.00,34080.00,33600.00,33780.00,33600.00,33785.00,,33779.67,,,2116,71409525.00,1344,F1,1,,,,,
2026-10-06,2026-10-06,CM,NSE,STK,765356,INE685T01010,HORIZONIND,EQ,,,,,HORIZON INDUSTRIAL PRKS L,47.60,51.08,47.06,49.20,49.40,47.75,,49.20,,,6215607,308294824.57,35704,F1,1,,,,,
2026-10-06,2026-10-06,CM,NSE,STK,17920,INE191I01012,HDIL,BZ,,,,,HOUSING DEV & INFRA LTD,1.49,1.50,1.41,1.44,1.44,1.47,,1.42,,,95603,140019.12,182,F1,1,,,,,
2026-10-06,2026-10-06,CM,NSE,STK,7376,INE0GSL01024,HPAL,EQ,,,,,HP ADHESIVES LIMITED,34.40,34.69,33.30,34.37,34.49,33.90,,34.37,,,43421,1478811.49,521,F1,1,,,,,
2026-10-06,2026-10-06,CM,NSE,STK,29879,INE0VA601019,HPTL,ST,,,,,HP TELECOM INDIA LIMITED,432.00,432.00,430.00,430.00,430.00,431.00,,430.00,,,2400,1033800.00,4,F1,600,,,,,
2026-10-06,2026-10-06,CM,NSE,STK,18679,INE495S01016,HPL,EQ,,,,,HPL ELECTRIC & POWER LTD,263.00,277.00,263.00,272.70,274.20,264.75,,272.70,,,119882,32453410.70,4063,F1,1,,,,,
2026-10-06,2026-10-06,CM,NSE,STK,21107,INE0R3501012,HRHNEXT,SM,,,,,HRH NEXT SERVICES LIMITED,23.20,23.20,23.20,23.20,23.20,24.00,,23.20,,,4500,104400.00,2,F1,1500,,,,,
2026-10-06,2026-10-06,CM,NSE,STK,761506,INF336L01RX2,HSBCGOLD,EQ,,,,,HSBCAMC - HSBCGOLD,126.55,128.08,126.55,128.02,127.93,128.04,,128.02,,,1507,192122.59,39,F1,1,,,,,
2026-10-06,2026-10-06,CM,NSE,STK,20825,INE031A01017,HUDCO,EQ,,,,,HSG & URBAN DEV CORPN LTD,162.95,165.80,155.80,161.04,160.89,162.09,,161.06,,,9805265,1557807480.21,103433,F1,1,,,,,
2026-10-06,2026-10-06,CM,NSE,STK,11979,INE501G01024,HTMEDIA,EQ,,,,,HT MEDIA LIMITED,22.14,23.15,22.00,22.99,22.67,22.14,,22.88,,,46073,1052597.29,270,F1,1,,,,,
2026-10-06,2026-10-06,CM,NSE,STK,14203,INE703H01016,HUBTOWN,EQ,,,,,HUBTOWN LIMITED,169.11,174.65,168.01,170.00,171.24,168.09,,170.01,,,598209,102029609.06,5563,F1,1,,,,,
2026-10-06,2026-10-06,CM,NSE,STK,2562,INE275B01026,HUHTAMAKI,EQ,,,,,HUHTAMAKI INDIA LIMITED,230.00,235.00,228.00,233.45,234.45,227.52,,233.43,,,48214,11187902.26,4904,F1,1,,,,,
2026-10-06,2026-10-06,CM,NSE,STK,25708,INE0TO501019,HVAX,SM,,,,,HVAX TECHNOLOGIES LIMITED,680.00,714.00,680.00,714.00,714.00,680.00,,714.00,,,3000,2111625.00,13,F1,150,,,,,
2026-10-06,2026-10-06,CM,NSE,STK,765467,INE0LEG01024,HTEL,EQ,,,,,HY-TECH ENGINEERS LIMITED,70.53,75.81,70.53,73.81,73.85,70.43,,73.81,,,1595964,117957222.20,12612,F1,1,,,,,
2026-10-06,2026-10-06,CM,NSE,STK,12809,INE965B01022,HYBRIDFIN,EQ,,,,,HYBRID FINANCIAL SERVICE,17.43,17.89,16.81,17.56,17.40,17.43,,17.61,,,4344,75268.14,46,F1,1,,,,,
2026-10-06,2026-10-06,CM,NSE,STK,25844,INE0V6F01027,HYUNDAI,EQ,,,,,HYUNDAI MOTOR INDIA LTD,2008.10,2014.00,1975.00,1989.00,1989.00,2000.00,,1989.01,,,432970,861227429.50,41719,F1,1,,,,,
2026-10-06,2026-10-06,CM,NSE,STK,14086,INE204A01010,IGPL,EQ,,,,,I G PETROCHEMICALS LTD,550.50,599.90,550.50,589.50,588.50,554.00,,589.49,,,175561,103176145.15,8321,F1,1,,,,,
2026-10-06,2026-10-06,CM,NSE,STK,764718,INE684B01029,ISTLTD,EQ,,,,,I S T LTD.,622.30,651.45,620.55,637.20,639.00,610.50,,635.65,,,871,552892.75,111,F1,1,,,,,
2026-10-06,2026-10-06,CM,NSE,STK,21348,INE0O7401018,IBLFL,SM,,,,,IBL FINANCE LIMITED,61.00,61.00,61.00,61.00,61.00,61.00,,61.00,,,4000,244000.00,1,F1,2000,,,,,
2026-10-06,2026-10-06,CM,NSE,STK,764064,INE0XE501015,ICELCO,SM,,,,,IC ELECTRICALS COMPANY L,115.80,118.75,114.65,116.05,116.45,117.00,,116.05,,,56400,6526440.00,40,F1,1200,,,,,
2026-10-06,2026-10-06,CM,NSE,STK,9610,INE613B01010,ICDSLTD,BE,,,,,ICDSLTD,44.61,45.01,44.20,44.27,44.27,44.61,,44.27,,,953,42516.95,12,F1,1,,,,,
2026-10-06,2026-10-06,CM,NSE,STK,489,INE520Y01019,ICEMAKE,EQ,,,,,ICE MAKE REFRIGERAT LTD,623.75,638.80,620.95,631.20,634.00,628.55,,631.20,,,11370,7180547.25,971,F1,1,,,,,
2026-10-06,2026-10-06,CM,NSE,STK,4963,INE090A01021,ICICIBANK,EQ,,,,,ICICI BANK LTD.,1330.10,1343.50,1327.90,1342.80,1342.80,1332.00,,1342.80,,,12201451,16319298114.70,133764,F1,1,,,,,
2026-10-06,2026-10-06,CM,NSE,STK,21770,INE765G01017,ICICIGI,EQ,,,,,ICICI LOMBARD GIC LIMITED,1595.00,1606.00,1576.00,1598.30,1598.30,1600.00,,1598.18,,,333763,532161742.10,21745,F1,1,,,,,
2026-10-06,2026-10-06,CM,NSE,STK,21254,INF109KC19U5,LOWVOLIETF,EQ,,,,,ICICI PR NIF LW VL 30 ETF,20.76,20.81,20.56,20.69,20.64,20.56,,20.69,,,1227270,25464944.20,13683,F1,1,,,,,
2026-10-06,2026-10-06,CM,NSE,STK,18652,INE726G01019,ICICIPRULI,EQ,,,,,ICICI PRU LIFE INS CO LTD,458.00,462.90,453.55,459.50,459.50,454.90,,459.49,,,595212,272547233.00,29096,F1,1,,,,,
2026-10-06,2026-10-06,CM,NSE,STK,17702,INF109KC10W0,MIDSELIETF,EQ,,,,,ICICI PRUD MIDCAP SEL ETF,18.50,18.75,18.21,18.67,18.60,18.49,,18.67,,,193871,3606530.58,536,F1,1,,,,,
2026-10-06,2026-10-06,CM,NSE,STK,30392,INF109KC16V9,NIF100IETF,EQ,,,,,ICICI PRUD NIFTY 100 ETF,27.03,27.03,26.39,26.65,26.55,26.38,,26.65,,,76633,2038325.81,1878,F1,1,,,,,
2026-10-06,2026-10-06,CM,NSE,STK,29553,INF109K012R6,NIFTYIETF,EQ,,,,,ICICI PRUD NIFTY ETF,256.15,258.00,255.58,257.79,257.57,256.15,,257.79,,,448807,115506435.01,13258,F1,1,,,,,
2026-10-06,2026-10-06,CM,NSE,STK,4378,INF346A01034,SENSEXIETF,EQ,,,,,ICICI PRUD SENSEX ETF,836.25,839.50,833.00,838.12,835.21,834.11,,838.09,,,7563,6330152.98,395,F1,1,,,,,
2026-10-06,2026-10-06,CM,NSE,STK,760407,INE346A01027,ICICIAMC,EQ,,,,,ICICI PRUDENTIAL AMC LTD,3062.20,3085.00,3040.00,3071.50,3065.20,3061.20,,3071.55,,,275856,844475197.60,30531,F1,1,,,,,
2026-10-06,2026-10-06,CM,NSE,STK,19679,INF109KC1NT3,GOLDIETF,EQ,,,,,ICICI PRUDENTIAL GOLD ETF,125.67,125.94,124.81,125.85,125.83,126.00,,125.85,,,4880737,611841775.25,31869,F1,1,,,,,
2026-10-06,2026-10-06,CM,NSE,STK,17475,INF109KC11V0,NV20IETF,EQ,,,,,ICICI PRUDENTIAL NV20 ETF,12.80,12.93,12.80,12.85,12.83,12.80,,12.85,,,263032,3384075.32,1737,F1,1,,,,,
2026-10-06,2026-10-06,CM,NSE,STK,522,INF109KB15Y7,ICICIB22,EQ,,,,,ICICIPRAMC - BHARATIWIN,112.08,112.08,109.64,110.00,110.25,109.88,,110.00,,,803316,88293148.88,2288,F1,1,,,,,
2026-10-06,2026-10-06,CM,NSE,STK,30139,INF109K1A021,CASHIETF,EQ,,,,,ICICIPRAMC - CASHIETF,1082.54,1082.56,1082.54,1082.55,1082.56,1082.41,,1082.55,,,683722,740161280.26,127,F1,1,,,,,
2026-10-06,2026-10-06,CM,NSE,STK,755881,INF109K1A153,EVIETF,EQ,,,,,ICICIPRAMC - EVIETF,30.61,30.90,29.97,30.28,30.40,30.01,,30.28,,,225495,6816872.54,580,F1,1,,,,,
2026-10-06,2026-10-06,CM,NSE,STK,13143,INF109KC18O0,GSEC10IETF,EQ,,,,,ICICIPRAMC - ICICI10GS,261.50,262.22,259.10,259.19,262.22,260.00,,259.19,,,4361,1137909.82,7,F1,1,,,,,
2026-10-06,2026-10-06,CM,NSE,STK,3001,INF109KC1V59,BSE500IETF,EQ,,,,,ICICIPRAMC - ICICI500,37.08,38.15,37.08,37.62,37.72,37.08,,37.62,,,128912,4834281.61,1677,F1,1,,,,,
2026-10-06,2026-10-06,CM,NSE,STK,8342,INF109KC14A8,GSEC5IETF,EQ,,,,,ICICIPRAMC - ICICI5GSEC,66.04,66.19,65.28,65.64,65.28,65.39,,65.64,,,20748,1366022.29,42,F1,1,,,,,
2026-10-06,2026-10-06,CM,NSE,STK,22344,INF109KC17V7,ALPL30IETF,EQ,,,,,ICICIPRAMC - ICICIALPLV,25.86,26.17,25.82,25.98,26.17,25.86,,25.98,,,194319,5042368.16,989,F1,1,,,,,
2026-10-06,2026-10-06,CM,NSE,STK,7844,INF109KC10V2,AUTOIETF,EQ,,,,,ICICIPRAMC - ICICIAUTO,26.39,26.57,26.28,26.47,26.57,26.33,,26.47,,,383237,10130601.72,1732,F1,1,,,,,
2026-10-06,2026-10-06,CM,NSE,STK,11386,INF109KC18U7,PVTBANIETF,EQ,,,,,ICICIPRAMC - ICICIBANKP,27.07,27.50,27.07,27.41,27.45,27.07,,27.41,,,2172810,59618947.14,901,F1,1,,,,,
2026-10-06,2026-10-06,CM,NSE,STK,13198,INF109KC19O8,COMMOIETF,EQ,,,,,ICICIPRAMC - ICICICOMMO,93.61,94.45,93.05,93.92,93.72,93.55,,93.92,,,229895,21593489.74,3946,F1,1,,,,,
2026-10-06,2026-10-06,CM,NSE,STK,6446,INF109KC1V42,CONSUMIETF,EQ,,,,,ICICIPRAMC - ICICICONSU,113.90,119.70,113.83,114.90,115.24,113.58,,114.81,,,5551,635382.73,146,F1,1,,,,,
2026-10-06,2026-10-06,CM,NSE,STK,5306,INF109KC19V3,FMCGIETF,EQ,,,,,ICICIPRAMC - ICICIFMCG,48.86,48.86,47.72,48.39,48.44,47.67,,48.39,,,707110,34044691.01,2707,F1,1,,,,,
2026-10-06,2026-10-06,CM,NSE,STK,10723,INF109KC16E5,INFRAIETF,EQ,,,,,ICICIPRAMC - ICICIINFRA,90.15,91.13,89.52,90.52,90.15,90.15,,90.50,,,48309,4355410.05,4766,F1,1,,,,,
2026-10-06,2026-10-06,CM,NSE,STK,4838,INF109KC1KT9,LIQUIDIETF,EQ,,,,,ICICIPRAMC - ICICILIQ,999.99,1000.01,999.99,999.99,1000.00,999.99,,999.99,,,209100,209099934.07,196,F1,1,,,,,
2026-10-06,2026-10-06,CM,NSE,STK,17152,INF109KC11W8,MIDCAPIETF,EQ,,,,,ICICIPRAMC - ICICIM150,22.58,22.87,22.50,22.73,22.80,22.49,,22.73,,,549270,12463993.32,2000,F1,1,,,,,
2026-10-06,2026-10-06,CM,NSE,STK,10585,INF109KC17C7,MOM30IETF,EQ,,,,,ICICIPRAMC - ICICIMOM30,30.56,30.56,29.98,30.47,30.53,29.96,,30.47,,,552255,16793780.83,1115,F1,1,,,,,
2026-10-06,2026-10-06,CM,NSE,STK,4529,INF109KC1NS5,NEXT50IETF,EQ,,,,,ICICIPRAMC - ICICINXT50,77.00,77.00,72.80,74.04,74.15,73.17,,74.04,,,412683,30430586.25,4307,F1,1,,,,,
2026-10-06,2026-10-06,CM,NSE,STK,3626,INF109KC1Q72,HEALTHIETF,EQ,,,,,ICICIPRAMC - ICICIPHARM,164.46,170.00,162.35,165.45,165.79,164.02,,165.42,,,104323,17119125.78,3660,F1,1,,,,,
2026-10-06,2026-10-06,CM,NSE,STK,17808,INF109KC18V5,QUAL30IETF,EQ,,,,,ICICIPRAMC - ICICIQTY30,19.96,20.90,19.65,19.83,19.89,19.57,,19.83,,,183674,3625607.56,296,F1,1,,,,,
2026-10-06,2026-10-06,CM,NSE,STK,7942,INF109KC1Y56,SILVERIETF,EQ,,,,,ICICIPRAMC - ICICISILVE,219.70,220.19,217.66,219.99,219.99,221.18,,219.99,,,3092376,677070768.16,16441,F1,1,,,,,
2026-10-06,2026-10-06,CM,NSE,STK,22365,INF109KC16I6,ITIETF,EQ,,,,,ICICIPRAMC - ICICITECH,31.56,31.56,31.10,31.22,31.28,31.39,,31.22,,,233795,7298222.68,978,F1,1,,,,,
2026-10-06,2026-10-06,CM,NSE,STK,764364,INF109K1A567,INSUREIETF,EQ,,,,,ICICIPRAMC - INSUREIETF,14.62,14.95,14.49,14.72,14.77,14.54,,14.72,,,1433175,20969780.24,323,F1,1,,,,,
2026-10-06,2026-10-06,CM,NSE,STK,11037,INF109KC15I8,BANKIETF,EQ,,,,,ICICIPRAMC - IPRU5008,56.70,56.70,56.07,56.48,56.45,56.07,,56.48,,,664234,37561967.36,959,F1,1,,,,,
2026-10-06,2026-10-06,CM,NSE,STK,24861,INF109KC19W1,METALIETF,EQ,,,,,ICICIPRAMC - METALIETF,12.71,12.72,12.55,12.63,12.64,12.55,,12.63,,,4178947,52918411.98,7514,F1,1,,,,,
2026-10-06,2026-10-06,CM,NSE,STK,24533,INF109KC18W3,OILIETF,EQ,,,,,ICICIPRAMC - OILIETF,10.71,10.89,10.66,10.82,10.89,10.68,,10.82,,,590598,6365092.01,1711,F1,1,,,,,
2026-10-06,2026-10-06,CM,NSE,STK,14584,INF109KC10S8,PSUBNKIETF,EQ,,,,,ICICIPRAMC - PSUBANKICI,80.50,81.99,79.69,81.24,81.50,80.95,,81.26,,,35723,2903191.22,495,F1,1,,,,,
2026-10-06,2026-10-06,CM,NSE,STK,754612,INF109K1A476,SMALLIETF,EQ,,,,,ICICIPRAMC - SMALLIETF,17.84,18.09,17.75,18.01,18.01,17.61,,18.01,,,36414,650850.79,95,F1,1,,,,,
2026-10-06,2026-10-06,CM,NSE,STK,757781,INF109K1A344,TOP15IETF,EQ,,,,,ICICIPRAMC - TOP15IETF,9.35,9.35,9.17,9.30,9.29,9.17,,9.30,,,46067,424885.81,146,F1,1,,,,,
2026-10-06,2026-10-06,CM,NSE,STK,25851,INF109KC16X5,VAL30IETF,EQ,,,,,ICICIPRAMC - VAL30IETF,14.62,14.62,14.31,14.34,14.39,14.33,,14.34,,,105011,1507835.27,374,F1,1,,,,,
2026-10-06,2026-10-06,CM,NSE,STK,12578,INF109KC17L8,FINIETF,EQ,,,,,ICICIPRAMC-ICICIFIN,30.12,30.75,30.12,30.43,30.75,30.12,,30.43,,,243361,7390576.12,1000,F1,1,,,,,
2026-10-06,2026-10-06,CM,NSE,STK,14523,INE725G01011,ICRA,EQ,,,,,ICRA LIMITED,4297.50,4396.80,4271.70,4356.70,4351.00,4297.50,,4356.70,,,20311,88418384.70,3576,F1,1,,,,,
2026-10-06,2026-10-06,CM,NSE,STK,1476,INE008A01015,IDBI,EQ,,,,,IDBI BANK LIMITED,86.10,87.25,84.82,87.01,87.05,86.31,,87.01,,,7936021,685304574.87,31413,F1,1,,,,,
2026-10-06,2026-10-06,CM,NSE,STK,17140,INE349Y01013,IDEAFORGE,EQ,,,,,IDEAFORGE TECHNO LTD,700.00,728.00,695.85,723.40,726.00,701.65,,723.38,,,229168,163606571.85,12579,F1,1,,,,,
2026-10-06,2026-10-06,CM,NSE,STK,28574,INE0TD101011,IDENTICAL,SM,,,,,IDENTICAL BRAINS STUDIO L,21.35,21.35,21.35,21.35,21.35,18.45,,21.35,,,2000,42700.00,1,F1,2000,,,,,
2026-10-06,2026-10-06,CM,NSE,STK,11184,INE092T01019,IDFCFIRSTB,EQ,,,,,IDFC FIRST BANK LIMITED,81.98,82.29,78.89,81.56,81.56,82.22,,81.56,,,29054579,2347283367.46,78746,F1,1,,,,,
2026-10-06,2026-10-06,CM,NSE,STK,1482,INE076C01018,IFBAGRO,EQ,,,,,IFB AGRO INDUSTRIES LTD,872.00,883.00,863.10,874.15,871.50,872.00,,874.48,,,1401,1224864.70,332,F1,1,,,,,
2026-10-06,2026-10-06,CM,NSE,STK,1485,INE559A01017,IFBIND,EQ,,,,,IFB INDUSTRIES LTD,1188.00,1218.80,1177.80,1212.30,1217.00,1178.80,,1212.29,,,18184,21848535.30,2111,F1,1,,,,,
2026-10-06,2026-10-06,CM,NSE,STK,1491,INE039A01010,IFCI,EQ,,,,,IFCI LTD,64.85,66.08,63.90,65.51,65.51,64.28,,65.51,,,29555126,1933675506.28,76489,F1,1,,,,,
2026-10-06,2026-10-06,CM,NSE,STK,436,INE133Y01011,IFGLEXPOR,EQ,,,,,IFGL REFRACTORIES LIMITED,183.86,186.89,179.10,180.65,180.00,183.99,,180.56,,,34436,6281985.19,1160,F1,1,,,,,
2026-10-06,2026-10-06,CM,NSE,STK,634,INE188B01013,IGARASHI,EQ,,,,,IGARASHI MOTORS INDIA LTD,390.60,417.40,389.65,401.40,402.80,389.65,,401.41,,,187399,76083083.90,9512,F1,1,,,,,
2026-10-06,2026-10-06,CM,NSE,STK,761116,INE530B07658,837IIFL28,Y4,,,,,IIFL 8.37% TR I SR I,990.00,990.00,985.00,985.00,985.00,981.20,,985.00,,,110,108850.00,6,F1,1,,,,,
2026-10-06,2026-10-06,CM,NSE,STK,756144,INE530B07476,975IIFL28,Y0,,,,,IIFL 9.75% TR I SR VI,1037.00,1040.80,1037.00,1040.80,1040.80,1035.96,,1040.80,,,68,70569.20,3,F1,1,,,,,
2026-10-06,2026-10-06,CM,NSE,STK,756141,INE530B07534,930IIFL27,NX,,,,,IIFL 9:30% TR I SR III,1025.20,1025.20,1025.20,1025.20,1025.20,1022.50,,1025.20,,,1,1025.20,1,F1,1,,,,,
2026-10-06,2026-10-06,CM,NSE,STK,13072,INE489L01022,IIFLCAPS,EQ,,,,,IIFL CAPITAL SERVICES LTD,346.00,346.00,343.60,345.15,346.00,345.20,,345.15,,,154566,53321197.65,5169,F1,1,,,,,
2026-10-06,2026-10-06,CM,NSE,STK,11809,INE530B01024,IIFL,EQ,,,,,IIFL FINANCE LIMITED,601.65,603.70,590.45,601.70,602.00,601.15,,601.69,,,1097013,656140922.20,40497,F1,1,,,,,
2026-10-06,2026-10-06,CM,NSE,STK,756142,INE530B07526,IIFL21425,NY,,,,,IIFL TR I SR IV,1125.00,1125.00,1125.00,1125.00,1125.00,1125.00,,1125.00,,,9,10125.00,1,F1,1,,,,,
2026-10-06,2026-10-06,CM,NSE,STK,761122,INE530B07583,IIFL060326,YA,,,,,IIFL TR I SR VII,1025.00,1025.01,1025.00,1025.01,1025.01,1025.00,,1025.01,,,255,261375.30,6,F1,1,,,,,
2026-10-06,2026-10-06,CM,NSE,STK,761123,INE530B07625,IIFL60326,YB,,,,,IIFL TR I SR VIII,1015.00,1015.00,1015.00,1015.00,1015.00,1015.00,,1015.00,,,990,1004850.00,4,F1,1,,,,,
2026-10-06,2026-10-06,CM,NSE,STK,16822,INE0LOJ01019,IKIO,EQ,,,,,IKIO TECHNOLOGIES LIMITED,192.00,198.20,192.00,195.87,195.20,192.22,,195.86,,,80513,15655179.33,2479,F1,1,,,,,
2026-10-06,2026-10-06,CM,NSE,STK,9380,INE369I01014,IL&FSENGG,BZ,,,,,IL&FS ENG AND CONS CO LTD,39.78,40.05,39.00,39.54,40.05,39.78,,39.60,,,142150,5546416.78,53,F1,1,,,,,
2026-10-06,2026-10-06,CM,NSE,STK,6711,INE050B01023,IVC,EQ,,,,,IL&FS INVESTMENT MANAGERS,7.98,8.10,7.85,8.00,8.01,7.85,,8.00,,,161487,1291857.87,871,F1,1,,,,,
2026-10-06,2026-10-06,CM,NSE,STK,9381,INE975G01012,IL&FSTRANS,BZ,,,,,IL&FS TRANS NET LTD,1.98,1.98,1.91,1.94,1.94,1.94,,1.94,,,23767,46081.10,67,F1,1,,,,,
2026-10-06,2026-10-06,CM,NSE,STK,7672,INE172N01012,IMAGICAA,EQ,,,,,IMAGICAAWORLD ENT LTD,48.76,50.29,48.76,49.92,50.00,48.76,,49.91,,,435420,21698693.04,3842,F1,1,,,,,
2026-10-06,2026-10-06,CM,NSE,STK,17507,INE452L01012,INCREDIBLE,EQ,,,,,INCREDIBLE INDUSTRIES LTD,32.25,32.25,31.12,31.42,31.72,31.48,,31.42,,,754,24007.93,18,F1,1,,,,,
2026-10-06,2026-10-06,CM,NSE,STK,12009,INE547E01014,IMPAL,EQ,,,,,IND MOTOR PART & ACC LTD,1034.30,1050.00,1027.10,1036.50,1050.00,1026.20,,1036.50,,,725,749365.20,100,F1,1,,,,,
2026-10-06,2026-10-06,CM,NSE,STK,4870,INE915B01019,INDSWFTLAB,EQ,,,,,IND SWIFT LABORATORIES LT,388.70,401.50,386.90,400.45,400.85,385.75,,400.44,,,369560,145626961.35,8434,F1,1,,,,,
2026-10-06,2026-10-06,CM,NSE,STK,21957,INE611L01021,INDTERRAIN,EQ,,,,,IND TERRAIN FASHIONS LTD,29.04,29.73,29.04,29.22,29.15,29.36,,29.22,,,16070,468907.59,110,F1,1,,,,,
2026-10-06,2026-10-06,CM,NSE,STK,16933,INE841B01017,INDBANK,EQ,,,,,INDBANK MERCH BANK,25.20,25.50,24.88,25.23,25.40,25.17,,25.23,,,35543,896377.27,466,F1,1,,,,,
2026-10-06,2026-10-06,CM,NSE,STK,29678,INE0O9T01021,BAJAJINDEF,EQ,,,,,INDEF MANUFACTURING LTD,204.08,209.69,202.03,207.21,207.60,202.19,,207.49,,,9974,2057075.13,406,F1,1,,,,,
2026-10-06,2026-10-06,CM,NSE,STK,23693,INE065X01017,INDGN,EQ,,,,,INDEGENE LIMITED,595.00,598.40,591.00,596.30,597.00,598.45,,596.30,,,133215,79189770.95,12795,F1,1,,,,,
2026-10-06,2026-10-06,CM,NSE,STK,1521,INE560A01023,INDIAGLYCO,EQ,,,,,INDIA GLYCOLS LTD,305.00,324.75,303.05,318.95,319.90,303.35,,318.93,,,613990,195215976.50,18358,F1,1,,,,,
2026-10-06,2026-10-06,CM,NSE,STK,4747,INE092B01025,INDNIPPON,EQ,,,,,INDIA NIPPON ELECT  LTD,1233.70,1248.50,1215.10,1241.70,1246.20,1220.30,,1241.55,,,24214,29724558.60,2884,F1,1,,,,,
2026-10-06,2026-10-06,CM,NSE,STK,4934,INE0D6701023,IPL,EQ,,,,,INDIA PESTICIDES LIMITED,129.00,133.30,127.50,132.60,132.85,128.75,,132.58,,,220828,28835427.77,4635,F1,1,,,,,
2026-10-06,2026-10-06,CM,NSE,STK,20556,INE922K01024,INDIASHLTR,EQ,,,,,INDIA SHELTER FIN CORP L,641.00,648.30,635.00,636.35,635.00,646.60,,636.43,,,37403,23948230.15,3842,F1,1,,,,,
2026-10-06,2026-10-06,CM,NSE,STK,19299,INE353K01014,ITDC,EQ,,,,,INDIA TOUR. DEV. CO. LTD.,664.80,678.00,662.40,675.25,678.00,664.80,,675.26,,,74057,49758144.75,5218,F1,1,,,,,
2026-10-06,2026-10-06,CM,NSE,STK,24999,INE126M01010,IBULLSLTD,EQ,,,,,INDIABULLS LIMITED,29.80,30.95,29.70,30.95,30.95,29.48,,30.95,,,18672512,571998691.94,13377,F1,1,,,,,
2026-10-06,2026-10-06,CM,NSE,STK,10726,INE933S01016,INDIAMART,EQ,,,,,INDIAMART INTERMESH LTD,1584.00,1616.00,1584.00,1592.90,1592.00,1591.50,,1592.96,,,41629,66456212.30,6811,F1,1,,,,,
2026-10-06,2026-10-06,CM,NSE,STK,14309,INE562A01011,INDIANB,EQ,,,,,INDIAN BANK,812.00,819.00,807.70,813.00,813.00,810.00,,812.96,,,888598,721558512.75,34868,F1,1,,,,,
2026-10-06,2026-10-06,CM,NSE,STK,4422,INE061A01014,INDIANCARD,EQ,,,,,INDIAN CARD CLOTHING CO.,190.00,190.00,184.83,187.86,189.83,184.82,,187.86,,,216,40152.27,26,F1,1,,,,,
2026-10-06,2026-10-06,CM,NSE,STK,23792,INE0RRU01016,IEML,ST,,,,,INDIAN EMULSIFIERS LTD,49.80,50.90,47.35,47.35,47.35,49.80,,47.35,,,113500,5391275.00,116,F1,500,,,,,
2026-10-06,2026-10-06,CM,NSE,STK,220,INE022Q01020,IEX,EQ,,,,,INDIAN ENERGY EXC LTD,105.30,105.48,104.41,104.86,104.86,104.30,,104.84,,,2589786,271951735.89,22706,F1,1,,,,,
2026-10-06,2026-10-06,CM,NSE,STK,1530,INE323C01030,INDIANHUME,EQ,,,,,INDIAN HUME PIPE CO. LTD.,337.70,342.50,333.60,341.20,340.80,335.70,,341.20,,,40380,13670489.65,1903,F1,1,,,,,
2026-10-06,2026-10-06,CM,NSE,STK,19235,INE919H01018,IMFA,EQ,,,,,INDIAN METALS & FERRO,1159.10,1195.00,1158.90,1190.60,1188.00,1158.90,,1190.58,,,78676,93250129.60,7984,F1,1,,,,,
2026-10-06,2026-10-06,CM,NSE,STK,1624,INE242A01010,IOC,EQ,,,,,INDIAN OIL CORP LTD,131.00,131.60,129.55,131.60,131.60,130.50,,131.59,,,6515655,851311640.43,48135,F1,1,,,,,
2026-10-06,2026-10-06,CM,NSE,STK,9348,INE565A01014,IOB,EQ,,,,,INDIAN OVERSEAS BANK,31.40,31.62,30.94,31.46,31.31,31.35,,31.46,,,2269424,70900312.18,17017,F1,1,,,,,
2026-10-06,2026-10-06,CM,NSE,STK,25033,INE0DHF01018,IPHL,SM,,,,,INDIAN PHOSPHATE LIMITED,69.00,70.00,67.50,68.00,68.00,68.80,,68.00,,,8400,577560.00,7,F1,1200,,,,,
2026-10-06,2026-10-06,CM,NSE,STK,13611,INE335Y01020,IRCTC,EQ,,,,,INDIAN RAIL TOUR CORP LTD,452.80,460.05,451.50,454.80,454.95,452.80,,454.81,,,718299,326987634.15,26586,F1,1,,,,,
2026-10-06,2026-10-06,CM,NSE,STK,2029,INE053F01010,IRFC,EQ,,,,,INDIAN RAILWAY FIN CORP L,76.98,78.07,76.33,77.10,77.10,76.50,,77.10,,,6659066,514644168.82,37906,F1,1,,,,,
2026-10-06,2026-10-06,CM,NSE,STK,20261,INE202E01016,IREDA,EQ,,,,,INDIAN RENEWABLE ENERGY,110.00,110.23,108.80,109.00,109.00,109.00,,108.99,,,3014460,329643905.42,23992,F1,1,,,,,
2026-10-06,2026-10-06,CM,NSE,STK,762727,INE586E01020,IWP,EQ,,,,,INDIAN WOOD PRODUCTS CO L,39.00,39.00,35.85,37.38,37.16,38.73,,37.50,,,16737,625845.18,301,F1,1,,,,,
2026-10-06,2026-10-06,CM,NSE,STK,2048,INE09VQ01012,INDIGOPNTS,EQ,,,,,INDIGO PAINTS LIMITED,1045.00,1069.20,1032.50,1062.40,1060.00,1040.00,,1062.37,,,40882,42926287.40,5999,F1,1,,,,,
2026-10-06,2026-10-06,CM,NSE,STK,20988,INE219X23014,INDIGRID,IV,,,,,INDIGRID INFRASTRUCT TRST,170.20,170.20,169.20,169.41,169.25,169.75,,169.42,,,664201,112606923.35,11456,F1,1,,,,,
2026-10-06,2026-10-06,CM,NSE,STK,757845,INE06ST01018,INDIQUBE,EQ,,,,,INDIQUBE SPACES LIMITED,196.03,199.58,195.51,197.32,197.00,197.40,,197.32,,,13399,2641933.03,375,F1,1,,,,,
2026-10-06,2026-10-06,CM,NSE,STK,9116,INE760F01028,INDOAMIN,EQ,,,,,INDO AMINES LIMITED,146.90,168.00,145.69,161.16,160.62,143.31,,161.17,,,8043089,1294851828.91,90360,F1,1,,,,,
2026-10-06,2026-10-06,CM,NSE,STK,8614,INE803D01021,INDOBORAX,EQ,,,,,INDO BORAX & CHEMICAL LTD,465.70,497.60,459.00,491.75,488.00,460.65,,491.73,,,194721,94892599.80,8687,F1,1,,,,,
2026-10-06,2026-10-06,CM,NSE,STK,11987,INE483B01026,ICIL,EQ,,,,,INDO COUNT INDUSTRIES LTD,449.00,475.00,448.90,473.15,471.00,446.20,,473.13,,,981220,461614429.60,29623,F1,1,,,,,
2026-10-06,2026-10-06,CM,NSE,STK,29025,INE622H01018,INDOFARM,EQ,,,,,INDO FARM EQUIPMENT LTD,131.70,137.00,130.11,134.32,135.40,129.43,,134.33,,,165385,22103255.22,2743,F1,1,,,,,
2026-10-06,2026-10-06,CM,NSE,STK,10993,INE156A01020,INDORAMA,EQ,,,,,INDO RAMA SYNTHETICS LTD,93.68,96.34,92.42,95.10,95.50,93.69,,95.10,,,603328,57020080.45,7690,F1,1,,,,,
2026-10-06,2026-10-06,CM,NSE,STK,13275,INE332H01014,INDOTECH,EQ,,,,,INDO TECH TRANSFORM LTD.,3275.40,3400.00,3275.40,3352.80,3341.00,3275.40,,3352.13,,,22557,75383444.20,3126,F1,1,,,,,
2026-10-06,2026-10-06,CM,NSE,STK,25608,INE337M01021,INDOTHAI,EQ,,,,,INDO THAI SEC LTD,37.59,38.78,37.09,38.78,38.78,36.94,,38.78,,,552471,21186895.01,2159,F1,1,,,,,
2026-10-06,2026-10-06,CM,NSE,STK,25503,INE250Z01010,INDOUS,EQ,,,,,INDO US BIOTECH LTD,78.92,78.92,73.99,75.53,75.10,75.50,,75.50,,,6111,464811.77,317,F1,1,,,,,
2026-10-06,2026-10-06,CM,NSE,STK,764301,INE084101034,INDOMIM,EQ,,,,,INDO-MIM LIMITED,1329.90,1360.00,1305.00,1350.20,1345.00,1320.40,,1350.18,,,953041,1273521875.20,33136,F1,1,,,,,
2026-10-06,2026-10-06,CM,NSE,STK,6782,INE567A01028,NIPPOBATRY,EQ,,,,,INDO-NATIONAL LIMITED,320.30,321.90,318.00,319.45,318.00,318.75,,319.45,,,388,123740.60,44,F1,1,,,,,
2026-10-06,2026-10-06,CM,NSE,STK,11677,INE873D01024,INDOCO,EQ,,,,,INDOCO REMEDIES LTD.,248.15,249.95,244.50,247.15,247.75,246.80,,247.17,,,168290,41585774.10,3710,F1,1,,,,,
2026-10-06,2026-10-06,CM,NSE,STK,757801,INE05J901018,IGCL,EQ,,,,,INDOGULF CROPSCIENCES LTD,52.60,58.00,52.60,57.36,56.99,53.40,,57.37,,,412022,22644295.83,1940,F1,1,,,,,
2026-10-06,2026-10-06,CM,NSE,STK,764708,INE716F01012,INDOKEM,EQ,,,,,INDOKEM LTD.,614.95,614.95,592.10,596.85,596.00,598.25,,596.83,,,3482,2085112.20,268,F1,1,,,,,
2026-10-06,2026-10-06,CM,NSE,STK,19955,INE866K01023,WAAREEINDO,EQ,,,,,INDOSOLAR LIMITED,209.28,209.89,204.62,208.05,207.39,204.89,,208.08,,,85113,17635584.86,1992,F1,1,,,,,
2026-10-06,2026-10-06,CM,NSE,STK,3088,INE896L01010,INDOSTAR,EQ,,,,,INDOSTAR CAPITAL FIN LTD,206.56,207.90,197.58,199.55,199.00,204.33,,199.54,,,161211,32616501.57,2671,F1,1,,,,,
2026-10-06,2026-10-06,CM,NSE,STK,14952,INE227G01018,INDOWIND,EQ,,,,,INDOWIND ENERGY LTD,8.55,8.80,8.50,8.56,8.55,8.41,,8.53,,,85003,735409.64,538,F1,1,,,,,
2026-10-06,2026-10-06,CM,NSE,STK,11262,INE203G01027,IGL,EQ,,,,,INDRAPRASTHA GAS LTD,142.10,142.43,140.32,141.38,141.41,142.10,,141.38,,,1219033,172253636.14,29616,F1,1,,,,,
2026-10-06,2026-10-06,CM,NSE,STK,4751,INE681B01017,INDRAMEDCO,EQ,,,,,INDRAPRASTHA MEDICAL CORP,334.00,336.55,327.35,335.15,334.90,333.95,,335.14,,,209881,70072123.65,7157,F1,1,,,,,
2026-10-06,2026-10-06,CM,NSE,STK,23036,INE0NHL23019,INDUSINVIT,IV,,,,,INDUS INFRA TRUST,129.35,131.44,128.50,130.13,129.57,128.80,,130.13,,,148481,19238352.63,7091,F1,1,,,,,
2026-10-06,2026-10-06,CM,NSE,STK,29135,INE121J01017,INDUSTOWER,EQ,,,,,INDUS TOWERS LIMITED,382.80,392.30,382.70,389.10,389.10,380.20,,389.10,,,5484978,2137135226.35,47981,F1,1,,,,,
2026-10-06,2026-10-06,CM,NSE,STK,5258,INE095A01012,INDUSINDBK,EQ,,,,,INDUSIND BANK LIMITED,886.00,907.00,883.55,906.10,906.10,886.60,,906.10,,,2405486,2167648030.75,69294,F1,1,,,,,
2026-10-06,2026-10-06,CM,NSE,STK,762717,INE620D01011,INDPRUD,EQ,,,,,INDUSTRIAL & PRU INV CO L,6400.00,6400.00,6050.00,6299.50,6299.50,6350.00,,6299.50,,,227,1395674.50,16,F1,1,,,,,
2026-10-06,2026-10-06,CM,NSE,STK,19525,INE886A01014,IITL,EQ,,,,,INDUSTRIAL INV TRUST LTD,133.50,137.00,128.00,132.25,136.50,129.40,,132.25,,,100782,13204716.14,1081,F1,1,,,,,
2026-10-06,2026-10-06,CM,NSE,STK,15036,INE0MRE01011,INFINIUM,SM,,,,,INFINIUM PHARMACHEM LTD,324.50,324.50,306.50,307.35,310.00,311.80,,307.35,,,9000,2792500.00,16,F1,500,,,,,
2026-10-06,2026-10-06,CM,NSE,STK,757602,INE0MYZ01012,INFLUX,SM,,,,,INFLUX HEALTHTECH LIMITED,265.00,273.50,265.00,272.00,272.00,265.65,,272.00,,,34800,9400680.00,54,F1,600,,,,,
2026-10-06,2026-10-06,CM,NSE,STK,13751,INE663F01032,NAUKRI,EQ,,,,,INFO EDGE (I) LTD,1208.70,1241.00,1197.40,1241.00,1241.00,1201.70,,1241.00,,,1622862,1977534362.70,48054,F1,1,,,,,
2026-10-06,2026-10-06,CM,NSE,STK,11027,INE344S01016,INFOBEAN,EQ,,,,,INFOBEANS TECHNO. LTD.,150.00,150.65,147.01,149.46,150.00,148.08,,149.44,,,116776,17378822.89,2005,F1,1,,,,,
2026-10-06,2026-10-06,CM,NSE,STK,16588,INE0NNZ01013,INFOLLION,SM,,,,,INFOLLION RESEARCH SER L,160.00,167.90,158.00,159.80,158.00,160.40,,159.80,,,64000,10430620.00,56,F1,400,,,,,
2026-10-06,2026-10-06,CM,NSE,STK,13693,INE669A01022,INFOMEDIA,EQ,,,,,INFOMEDIA PRESS LIMITED,5.47,5.47,5.15,5.21,5.26,5.21,,5.21,,,10232,53126.55,72,F1,1,,,,,
2026-10-06,2026-10-06,CM,NSE,STK,1594,INE009A01021,INFY,EQ,,,,,INFOSYS LIMITED,1018.00,1020.50,1003.15,1013.85,1013.85,1020.50,,1013.85,,,8252213,8325028589.50,125495,F1,1,,,,,
2026-10-06,2026-10-06,CM,NSE,STK,1597,INE177A01018,INGERRAND,EQ,,,,,INGERSOLL-RAND INDIA LTD,4154.00,4187.90,4117.00,4130.80,4144.10,4154.20,,4131.77,,,5472,22678768.80,1676,F1,1,,,,,
2026-10-06,2026-10-06,CM,NSE,STK,25323,INE0S1D01010,INNOMET,ST,,,,,INNOMET ADVANCED MATERI L,281.00,281.00,267.00,277.25,277.25,281.00,,277.25,,,195000,53508690.00,57,F1,600,,,,,
2026-10-06,2026-10-06,CM,NSE,STK,21062,INE0DUT01020,INNOVACAP,EQ,,,,,INNOVA CAPTAB LIMITED,1145.40,1159.20,1115.00,1141.80,1143.00,1145.40,,1141.79,,,71879,82013255.20,9894,F1,1,,,,,
2026-10-06,2026-10-06,CM,NSE,STK,27754,INE403Y01018,INNOVANA,EQ,,,,,INNOVANA THINKLABS LTD,298.25,303.45,292.90,294.85,293.20,302.30,,294.89,,,22993,6801636.85,498,F1,1,,,,,
2026-10-06,2026-10-06,CM,NSE,STK,27266,INE070Y01023,ITTL,ST,,,,,INNOVATIVE TYRE & TUBE LT,60.75,60.75,60.75,60.75,60.75,60.75,,60.75,,,105,6378.75,1,F1,105,,,,,
2026-10-06,2026-10-06,CM,NSE,STK,761528,INE0ADB01012,INNOVISION,EQ,,,,,INNOVISION LIMITED,254.00,258.10,252.20,256.50,256.90,254.25,,256.61,,,7240,1843421.80,389,F1,1,,,,,
2026-10-06,2026-10-06,CM,NSE,STK,12188,INE510W01014,INOXGREEN,EQ,,,,,INOX GREEN ENERGY SER LTD,149.95,152.20,144.10,146.59,146.10,149.95,,146.59,,,2572640,379375663.86,27020,F1,1,,,,,
2026-10-06,2026-10-06,CM,NSE,STK,20607,INE616N01034,INOXINDIA,EQ,,,,,INOX INDIA LIMITED,2125.00,2146.00,2068.00,2077.30,2089.00,2089.10,,2077.31,,,331952,698259794.40,48762,F1,1,,,,,
2026-10-06,2026-10-06,CM,NSE,STK,7852,INE066P01011,INOXWIND,EQ,,,,,INOX WIND LIMITED,68.01,70.24,67.51,68.70,68.70,67.80,,68.70,,,10428766,720934940.34,50197,F1,1,,,,,
2026-10-06,2026-10-06,CM,NSE,STK,14657,INE070I01018,INSECTICID,EQ,,,,,INSECTICIDES (I) LTD,583.95,585.00,579.25,584.15,585.00,578.80,,584.17,,,7785,4527938.65,550,F1,1,,,,,
2026-10-06,2026-10-06,CM,NSE,STK,761099,INE0LGX01024,INA,EQ,,,,,INSOLATION ENERGY LIMITED,84.59,85.34,83.40,83.81,84.00,83.44,,83.81,,,478784,40268671.40,4853,F1,1,,,,,
2026-10-06,2026-10-06,CM,NSE,STK,19154,INE0NDX01019,INSPIRE,SM,,,,,INSPIRE FILMS LIMITED,9.90,9.90,9.90,9.90,9.90,9.45,,9.90,,,8000,79200.00,3,F1,2000,,,,,
2026-10-06,2026-10-06,CM,NSE,STK,13730,INE020G01017,INSPIRISYS,EQ,,,,,INSPIRISYS SOLUTIONS LTD,84.00,85.79,82.60,83.76,85.79,83.02,,83.76,,,1388,115702.85,42,F1,1,,,,,
2026-10-06,2026-10-06,CM,NSE,STK,30323,INE418N01035,ESSENTIA,EQ,,,,,INTEGRA ESSENTIA LIMITED,1.01,1.03,1.01,1.01,1.02,1.01,,1.01,,,646672,657860.46,544,F1,1,,,,,
2026-10-06,2026-10-06,CM,NSE,STK,11903,INE02EE01019,IPSL,SM,,,,,INTEGRATED PERSO SER LTD,192.20,204.90,192.20,204.90,204.90,210.00,,204.90,,,1500,300950.00,3,F1,500,,,,,
2026-10-06,2026-10-06,CM,NSE,STK,5926,INE306R01017,INTELLECT,EQ,,,,,INTELLECT DESIGN ARENA,600.00,608.00,595.00,601.40,600.90,600.20,,601.42,,,288653,173295267.90,19338,F1,1,,,,,
2026-10-06,2026-10-06,CM,NSE,STK,20071,INE781A01025,INTENTECH,EQ,,,,,INTENSE TECHNOLOGIES LTD,80.18,84.50,80.18,84.10,82.00,80.58,,84.09,,,94403,7698489.97,462,F1,1,,,,,
2026-10-06,2026-10-06,CM,NSE,STK,24909,INE00M901018,INTERARCH,EQ,,,,,INTERARCH BLDNG SOLTN LTD,1678.30,1709.90,1661.70,1685.60,1678.10,1661.70,,1685.62,,,57491,96997466.50,6889,F1,1,,,,,
2026-10-06,2026-10-06,CM,NSE,STK,11195,INE646L01027,INDIGO,EQ,,,,,INTERGLOBE AVIATION LTD,4954.90,5057.60,4925.10,5050.50,5050.50,4935.00,,5050.48,,,613781,3072454039.60,53812,F1,1,,,,,
2026-10-06,2026-10-06,CM,NSE,STK,22770,INE0OPC01015,INM,SM,,,,,INTERIORS & MORE LIMITED,141.00,141.00,139.50,139.50,139.50,141.00,,139.50,,,3000,419400.00,3,F1,600,,,,,
2026-10-06,2026-10-06,CM,NSE,STK,5606,INE575C01027,INTLCONV,EQ,,,,,INTL CONVEYORS LIMITED,80.86,81.80,80.00,80.02,80.00,80.06,,80.02,,,19239,1543886.87,296,F1,1,,,,,
2026-10-06,2026-10-06,CM,NSE,STK,28378,INE0Q9301021,IGIL,EQ,,,,,INTL GEMOLOGICAL INST LTD,316.40,321.35,313.05,319.60,319.10,316.25,,319.60,,,436001,138333115.15,17060,F1,1,,,,,
2026-10-06,2026-10-06,CM,NSE,STK,18483,INE566K01011,ISFT,BE,,,,,INTRASOFT TECH. LTD,99.50,100.49,97.11,98.32,98.28,99.82,,98.32,,,8338,824142.56,63,F1,1,,,,,
2026-10-06,2026-10-06,CM,NSE,STK,24870,INE878H01024,INVENTURE,EQ,,,,,INVENTURE GRO & SEC LTD,0.85,0.86,0.85,0.85,0.86,0.85,,0.85,,,472880,404072.08,262,F1,1,,,,,
2026-10-06,2026-10-06,CM,NSE,STK,28125,INE115Q01022,IKS,EQ,,,,,INVENTURUS KNOWLEDGE SO L,1758.10,1777.10,1745.50,1761.00,1759.80,1766.80,,1760.99,,,66106,116365302.10,13022,F1,1,,,,,
2026-10-06,2026-10-06,CM,NSE,STK,18292,INF205KA1BP1,IVZINGOLD,EQ,,,,,INVESCO INDIA GOLD ETF,126.30,128.60,126.30,128.20,128.60,128.20,,128.20,,,126913,16212547.50,386,F1,1,,,,,
2026-10-06,2026-10-06,CM,NSE,STK,24217,INF205KA1CC7,IVZINNIFTY,EQ,,,,,INVESCO INDIA NIFTY ETF,265.70,265.70,258.62,261.31,261.31,259.22,,261.31,,,127,33121.20,34,F1,1,,,,,
2026-10-06,2026-10-06,CM,NSE,STK,762725,INE155E01016,INVPRECQ,BE,,,,,INVESTMENT & PREC CAST L,1655.00,1675.00,1560.00,1571.30,1563.50,1612.10,,1572.34,,,6162,9906543.90,295,F1,1,,,,,
2026-10-06,2026-10-06,CM,NSE,STK,760139,INE0XJ501010,INVICTA,SM,,,,,INVICTA DIAGNOSTIC LTD,67.05,67.05,66.80,66.80,66.80,66.10,,66.80,,,3200,214160.00,2,F1,1600,,,,,
2026-10-06,2026-10-06,CM,NSE,STK,20413,INE485C01029,IOLCP,EQ,,,,,IOL CHEM AND PHARMA LTD,206.50,216.55,204.73,214.90,216.30,205.71,,214.88,,,3889322,827085243.96,44109,F1,1,,,,,
2026-10-06,2026-10-06,CM,NSE,STK,1630,INE570A01022,IONEXCHANG,EQ,,,,,ION EXCHANGE (INDIA) LTD,402.85,411.00,399.65,409.20,409.00,401.75,,409.20,,,113442,46237971.85,8762,F1,1,,,,,
2026-10-06,2026-10-06,CM,NSE,STK,764713,INE558A01019,IPRINGLTD,EQ,,,,,IP RINGS LTD.,137.15,144.00,137.00,143.67,144.00,137.15,,143.67,,,834,119142.08,20,F1,1,,,,,
2026-10-06,2026-10-06,CM,NSE,STK,1633,INE571A01038,IPCALAB,EQ,,,,,IPCA LABORATORIES LTD,1951.20,1965.00,1932.00,1945.50,1936.10,1951.30,,1945.53,,,271603,527419831.80,30479,F1,1,,,,,
2026-10-06,2026-10-06,CM,NSE,STK,15313,INE821I01022,IRB,EQ,,,,,IRB INFRA DEV LTD.,16.92,18.23,16.84,17.84,17.85,16.87,,17.84,,,14815112,260200250.52,25247,F1,1,,,,,
2026-10-06,2026-10-06,CM,NSE,STK,20817,INE183W23014,IRBINVIT,IV,,,,,IRB INVIT FUND,64.27,64.27,63.61,63.85,63.87,63.93,,63.85,,,319473,20411667.67,4637,F1,1,,,,,
2026-10-06,2026-10-06,CM,NSE,STK,4986,INE962Y01021,IRCON,EQ,,,,,IRCON INTERNATIONAL LTD,106.98,109.58,106.46,107.86,107.82,106.88,,107.86,,,2577615,278600078.37,27923,F1,1,,,,,
2026-10-06,2026-10-06,CM,NSE,STK,1391,INE202E07138,880IREDA29,N5,,,,,IREDA 8.80NCDTR I SR II B,1132.45,1132.45,1132.45,1132.45,1132.45,1115.36,,1128.73,,,82,92860.90,1,F1,1,,,,,
2026-10-06,2026-10-06,CM,NSE,STK,1393,INE202E07153,880IREDA34,N6,,,,,IREDA 8.80NCDTR I SR IIIB,1288.00,1288.00,1288.00,1288.00,1288.00,1266.00,,1258.00,,,50,64400.00,1,F1,1,,,,,
2026-10-06,2026-10-06,CM,NSE,STK,2275,INE01GN01025,IRISDOREME,EQ,,,,,IRIS CLOTHINGS LIMITED,60.35,60.58,58.20,58.45,58.50,59.69,,58.45,,,130667,7703510.94,1698,F1,1,,,,,
2026-10-06,2026-10-06,CM,NSE,STK,6489,INE864K01010,IRIS,EQ,,,,,IRIS REGTECH SOLUTION LTD,220.22,226.99,217.80,221.57,222.98,220.46,,221.57,,,18132,4001266.94,606,F1,1,,,,,
2026-10-06,2026-10-06,CM,NSE,STK,19597,INE07U701015,IRMENERGY,EQ,,,,,IRM ENERGY LIMITED,256.20,264.45,256.20,262.10,262.00,259.50,,262.10,,,37776,9869745.05,2302,F1,1,,,,,
2026-10-06,2026-10-06,CM,NSE,STK,763789,INE413U07475,920ISF28,N0,,,,,ISF 9.20% 2028,9850.00,9850.00,9644.80,9669.02,9669.02,9865.00,,9669.02,,,75,729458.27,22,F1,1,,,,,
2026-10-06,2026-10-06,CM,NSE,STK,757708,INE413U07426,950ISF27C,N0,,,,,ISF 9.50% 2027,9920.00,9920.00,9920.00,9920.00,9920.00,9920.00,,9920.00,,,1,9920.00,1,F1,1,,,,,
2026-10-06,2026-10-06,CM,NSE,STK,3329,INE858B01029,ISGEC,EQ,,,,,ISGEC HEAVY ENG LTD,899.60,913.45,898.00,905.00,905.00,899.30,,905.02,,,52570,47479442.35,4031,F1,1,,,,,
2026-10-06,2026-10-06,CM,NSE,STK,30249,INE561M01018,ISHANCH,EQ,,,,,ISHAN DYES N CHEMICALS L,47.39,48.96,46.05,47.92,47.51,47.39,,47.93,,,10450,498819.46,105,F1,1,,,,,
2026-10-06,2026-10-06,CM,NSE,STK,10995,INE0LCW01025,ISHAN,SM,,,,,ISHAN INTERNATIONAL LTD,0.50,0.50,0.45,0.45,0.45,0.50,,0.45,,,192000,88800.00,4,F1,48000,,,,,
2026-10-06,2026-10-06,CM,NSE,STK,29251,INE379A01028,ITCHOTELS,EQ,,,,,ITC HOTELS LIMITED,159.50,160.80,158.30,160.21,160.80,158.96,,160.21,,,1237693,197519746.72,22313,F1,1,,,,,
2026-10-06,2026-10-06,CM,NSE,STK,1660,INE154A01025,ITC,EQ,,,,,ITC LTD,269.00,269.40,263.95,266.70,266.70,268.90,,266.70,,,22132738,5885344327.50,172400,F1,1,,,,,
2026-10-06,2026-10-06,CM,NSE,STK,1675,INE248A01017,ITI,EQ,,,,,ITI LTD,241.00,253.98,241.00,247.84,248.89,240.75,,247.84,,,567023,140835724.56,16721,F1,1,,,,,
2026-10-06,2026-10-06,CM,NSE,STK,764723,INE478D01014,ITL,EQ,,,,,ITL INDUSTRIES LTD.,356.00,370.00,352.05,366.75,368.75,355.40,,355.54,,,1583,571465.65,52,F1,1,,,,,
2026-10-06,2026-10-06,CM,NSE,STK,759041,INE056801025,IVALUE,EQ,,,,,IVALUE INFOSOLUTIONS LTD,226.02,232.56,226.01,229.45,229.50,228.29,,229.44,,,93436,21420975.29,2496,F1,1,,,,,
2026-10-06,2026-10-06,CM,NSE,STK,8857,INE043C01018,IVP,BE,,,,,IVP LIMITED,220.26,230.12,220.26,228.92,226.55,219.17,,228.99,,,20377,4630851.37,214,F1,1,,,,,
2026-10-06,2026-10-06,CM,NSE,STK,757644,INE1AII01014,IWARE,ST,,,,,IWARE SUPPLYCHAIN SER LTD,384.30,384.30,373.00,373.00,373.00,372.30,,373.00,,,4800,1802880.00,8,F1,600,,,,,
2026-10-06,2026-10-06,CM,NSE,STK,14174,INE848A01014,IZMO,EQ,,,,,IZMO LIMITED,870.00,875.95,860.60,864.30,868.00,870.70,,864.29,,,43464,37609156.80,2941,F1,1,,,,,
2026-10-06,2026-10-06,CM,NSE,STK,5633,INE168A01041,J&KBANK,EQ,,,,,J & K BANK LTD.,141.50,142.25,139.00,139.50,140.00,141.53,,139.50,,,1505658,211409381.21,22384,F1,1,,,,,
2026-10-06,2026-10-06,CM,NSE,STK,23056,INE0MB501011,JGCHEM,EQ,,,,,J.G.CHEMICALS LIMITED,611.00,668.50,611.00,665.45,668.00,609.65,,665.43,,,750821,487296661.00,25935,F1,1,,,,,
2026-10-06,2026-10-06,CM,NSE,STK,13211,INE199G01027,JAGRAN,EQ,,,,,JAGRAN PRAKASHAN LIMITED,61.33,62.14,61.33,61.72,61.51,61.33,,61.72,,,99565,6153170.47,1129,F1,1,,,,,
2026-10-06,2026-10-06,CM,NSE,STK,4410,INE048B01035,JAGSNPHARM,EQ,,,,,JAGSONPAL PHARMACEUTICALS,228.90,235.99,227.01,233.63,235.00,229.47,,233.63,,,58557,13656322.37,2038,F1,1,,,,,
2026-10-06,2026-10-06,CM,NSE,STK,11256,INE091G01026,JAIBALAJI,EQ,,,,,JAI BALAJI INDUSTRIES LTD,62.49,64.17,61.53,64.17,64.17,61.12,,64.17,,,469887,29951075.96,1177,F1,1,,,,,
2026-10-06,2026-10-06,CM,NSE,STK,5143,INE070D01027,JAICORPLTD,EQ,,,,,JAI CORP LIMITED,89.46,90.40,88.36,90.17,90.01,88.49,,90.17,,,301894,27081459.73,4455,F1,1,,,,,
2026-10-06,2026-10-06,CM,NSE,STK,25684,IN9175A01010,JISLDVREQS,EQ,,,,,JAIN DVR EQUITY SHARES,18.99,19.39,18.60,18.96,19.00,18.89,,18.96,,,7394,140300.25,143,F1,1,,,,,
2026-10-06,2026-10-06,CM,NSE,STK,10397,INE175A01038,JISLJALEQS,EQ,,,,,JAIN IRRIGATION SYSTEMS,26.86,27.10,26.50,26.65,26.74,26.81,,26.65,,,1608630,43078569.05,4151,F1,1,,,,,
2026-10-06,2026-10-06,CM,NSE,STK,759244,INE0YD401026,JAINREC,EQ,,,,,JAIN RESOURCE RECYCLING L,291.85,292.90,288.60,290.15,290.00,290.45,,290.15,,,439000,127728093.70,11997,F1,1,,,,,
2026-10-06,2026-10-06,CM,NSE,STK,6012,INE02KC01010,JAINAM,SM,,,,,JAINAM FER ALLOYS (I) LTD,200.00,211.55,200.00,211.55,211.55,201.50,,211.55,,,1000,205775.00,2,F1,500,,,,,
2026-10-06,2026-10-06,CM,NSE,STK,758306,INE0XIL01012,JAINIK,ST,,,,,JAINIK POWER CABLES LTD,180.00,185.90,180.00,185.90,185.90,186.35,,185.90,,,10800,1958280.00,5,F1,1200,,,,,
2026-10-06,2026-10-06,CM,NSE,STK,11763,INE351F01018,JPPOWER,EQ,,,,,JAIPRAKASH POWER VEN. LTD,15.00,15.23,14.96,15.00,15.05,14.91,,15.00,,,30812762,464829615.85,671977,F1,1,,,,,
2026-10-06,2026-10-06,CM,NSE,STK,20930,INE349X01015,JALAN,ST,,,,,JALAN TRANSOLU. INDIA LTD,1.60,1.65,1.60,1.65,1.65,1.60,,1.65,,,9000,14550.00,3,F1,3000,,,,,
2026-10-06,2026-10-06,CM,NSE,STK,20778,INE039C01032,JAMNAAUTO,EQ,,,,,JAMNA AUTO IND LTD,136.00,145.44,134.45,144.21,144.40,134.45,,144.21,,,6124884,874306521.32,71188,F1,1,,,,,
2026-10-06,2026-10-06,CM,NSE,STK,22663,INE953L01027,JSFB,EQ,,,,,JANA SMALL FIN BANK LTD,498.60,503.10,496.50,499.85,500.00,498.60,,499.85,,,340187,170104206.55,20209,F1,1,,,,,
2026-10-06,2026-10-06,CM,NSE,STK,759951,INE00YJ01010,JARO,EQ,,,,,JARO INS OF TEC MG N RE L,405.70,416.90,405.70,413.85,415.05,405.15,,413.87,,,112093,46081551.05,2728,F1,1,,,,,
2026-10-06,2026-10-06,CM,NSE,STK,13982,INE039O01029,JASH,EQ,,,,,JASH ENGINEERING LIMITED,600.00,600.00,586.00,594.95,599.00,598.10,,595.03,,,176581,104705897.50,8499,F1,1,,,,,
2026-10-06,2026-10-06,CM,NSE,STK,25037,INE0SMY01017,JAYBEE,SM,,,,,JAY BEE LAMINATIONS LTD,97.40,97.40,92.75,93.55,93.20,93.70,,93.55,,,14000,1328225.00,24,F1,500,,,,,
2026-10-06,2026-10-06,CM,NSE,STK,1708,INE571B01036,JAYBARMARU,EQ,,,,,JAY BHARAT MARUTI LTD,129.80,134.37,126.70,134.37,134.37,127.98,,134.37,,,809825,106813182.70,12867,F1,1,,,,,
2026-10-06,2026-10-06,CM,NSE,STK,10892,INE0J6801010,KORE,ST,,,,,JAY JALARAM TECHNO LTD,200.55,200.55,191.95,195.00,195.00,191.00,,195.00,,,3750,729837.50,10,F1,250,,,,,
2026-10-06,2026-10-06,CM,NSE,STK,4041,INE785A01026,JAYAGROGN,EQ,,,,,JAYANT AGRO ORGANICS LTD,213.80,221.49,213.80,219.16,221.45,211.82,,219.16,,,7595,1651223.23,307,F1,1,,,,,
2026-10-06,2026-10-06,CM,NSE,STK,2331,INE854B01010,JAYNECOIND,EQ,,,,,JAYASWAL NECO INDUSTR LTD,91.00,95.31,90.75,94.45,94.09,91.00,,94.46,,,3108994,290147068.79,24449,F1,1,,,,,
2026-10-06,2026-10-06,CM,NSE,STK,759159,INE1AE401014,JAYESH,SM,,,,,JAYESH LOGISTICS LIMITED,121.40,137.95,121.05,124.45,124.95,118.85,,124.45,,,31000,3884550.00,16,F1,1000,,,,,
2026-10-06,2026-10-06,CM,NSE,STK,760073,INE903A01025,JAYKAY,EQ,,,,,JAYKAY ENTERPRISES LTD,230.33,243.89,228.01,240.02,241.70,221.97,,240.01,,,6303237,1488085661.46,89958,F1,1,,,,,
2026-10-06,2026-10-06,CM,NSE,STK,766244,IN9903A01015,JAYKAYPP,E1,,,,,JAYKAY RE.0.50 PPD UP,180.00,196.00,180.00,193.11,195.99,175.78,,193.07,,,64823,12273361.58,638,F1,1,,,,,
2026-10-06,2026-10-06,CM,NSE,STK,1720,INE364A01020,JAYSREETEA,EQ,,,,,JAYSHREE TEA & INDUSTRIES,83.90,87.26,82.62,85.74,85.02,82.70,,85.75,,,24644,2102799.80,658,F1,1,,,,,
2026-10-06,2026-10-06,CM,NSE,STK,11655,INE927D01051,JBMA,EQ,,,,,JBM AUTO LIMITED,544.55,559.45,544.35,555.65,559.00,544.55,,555.41,,,252185,139606450.75,13744,F1,1,,,,,
2026-10-06,2026-10-06,CM,NSE,STK,758115,INE0J5801029,JSLL,EQ,,,,,JEENA SIKHO LIFECARE LTD,450.95,456.70,440.00,441.25,442.95,449.90,,441.33,,,742814,331873650.75,30097,F1,1,,,,,
2026-10-06,2026-10-06,CM,NSE,STK,764728,INE354A01013,JENBURPH,EQ,,,,,JENBURKT PHARMACEUTICAL L,900.40,920.85,893.05,905.55,902.30,900.40,,905.55,,,1456,1314038.00,141,F1,1,,,,,
2026-10-06,2026-10-06,CM,NSE,STK,7211,INE982V01025,JETFREIGHT,EQ,,,,,JET FREIGHT LOGISTICS LTD,19.85,20.24,19.46,19.80,19.74,19.85,,19.80,,,104313,2072327.25,1225,F1,1,,,,,
2026-10-06,2026-10-06,CM,NSE,STK,25147,INE0RXB01022,JEYYAM,SM,,,,,JEYYAM GLOBAL FOODS LTD,20.90,22.45,20.75,21.90,22.45,20.45,,21.90,,,42000,896700.00,19,F1,2000,,,,,
2026-10-06,2026-10-06,CM,NSE,STK,10885,INE0LA901015,JFLLIFE,SM,,,,,JFL LIFE SCIENCES LIMITED,10.15,10.15,9.80,9.80,9.80,10.25,,9.80,,,12000,119700.00,2,F1,6000,,,,,
2026-10-06,2026-10-06,CM,NSE,STK,13723,INE544H01014,JHS,BE,,,,,JHS SVEND. LAB. LTD,10.39,10.75,10.01,10.36,10.44,10.53,,10.21,,,214870,2187787.68,438,F1,1,,,,,
2026-10-06,2026-10-06,CM,NSE,STK,24147,INE03DD01011,RETAIL,BE,,,,,JHS SVENDGAARD RETAIL V L,31.54,31.54,31.54,31.54,31.54,33.19,,31.54,,,2926,92286.04,19,F1,1,,,,,
2026-10-06,2026-10-06,CM,NSE,STK,31507,INE147P01019,JPOLYINVST,EQ,,,,,JIND POL INV & FIN CO LTD,892.90,929.00,892.90,923.90,928.00,891.20,,923.70,,,2637,2405037.50,454,F1,1,,,,,
2026-10-06,2026-10-06,CM,NSE,STK,13875,INE742C01031,JINDRILL,EQ,,,,,JINDAL DRILLING IND. LTD,588.00,593.00,584.60,590.70,588.65,585.95,,590.70,,,94159,55542291.85,3540,F1,1,,,,,
2026-10-06,2026-10-06,CM,NSE,STK,11743,INE796G01012,JINDALPHOT,EQ,,,,,JINDAL PHOTO LIMITED,1024.50,1049.80,1012.00,1024.80,1020.10,1024.70,,1024.75,,,1695,1729324.30,166,F1,1,,,,,
2026-10-06,2026-10-06,CM,NSE,STK,1756,INE197D01010,JINDALPOLY,EQ,,,,,JINDAL POLY FILMS LIMITED,655.45,670.00,647.15,658.35,657.00,641.60,,658.22,,,13687,8978437.10,1081,F1,1,,,,,
2026-10-06,2026-10-06,CM,NSE,STK,3024,INE324A01032,JINDALSAW,EQ,,,,,JINDAL SAW LIMITED,276.50,283.70,274.75,282.40,281.50,275.00,,282.38,,,1056608,295559352.80,25914,F1,1,,,,,
2026-10-06,2026-10-06,CM,NSE,STK,11236,INE220G01021,JSL,EQ,,,,,JINDAL STAINLESS LIMITED,742.50,759.60,742.05,750.95,750.00,742.00,,750.94,,,476717,358924675.25,48556,F1,1,,,,,
2026-10-06,2026-10-06,CM,NSE,STK,6733,INE749A01030,JINDALSTEL,EQ,,,,,JINDAL STEEL LIMITED,1090.00,1090.00,1034.80,1085.90,1085.90,1097.30,,1085.90,,,4442649,4760417501.60,67531,F1,1,,,,,
2026-10-06,2026-10-06,CM,NSE,STK,766187,INE1DLO01028,JSIPL,BE,,,,,JINDAL SUPREME (INDIA) L,186.12,186.12,186.12,186.12,186.12,177.26,,188.66,,,24283,4519551.96,285,F1,1,,,,,
2026-10-06,2026-10-06,CM,NSE,STK,20642,INE247D01039,JINDWORLD,EQ,,,,,JINDAL WORLDWIDE LTD,45.37,45.97,45.10,45.39,45.50,45.37,,45.40,,,1298991,59047763.71,5419,F1,1,,,,,
2026-10-06,2026-10-06,CM,NSE,STK,759205,INE1FF001016,JKIPL,EQ,,,,,JINKUSHAL INDUSTRIES LTD,94.83,97.98,94.50,95.52,95.05,95.13,,95.48,,,4014,385793.30,80,F1,1,,,,,
2026-10-06,2026-10-06,CM,NSE,STK,18143,INE758E01017,JIOFIN,EQ,,,,,JIO FIN SERVICES LTD,212.90,219.38,211.70,217.90,217.90,212.00,,217.88,,,16691895,3620496833.77,99904,F1,1,,,,,
2026-10-06,2026-10-06,CM,NSE,STK,765307,INF22M001184,NIFTYJBLK,EQ,,,,,JIOBLACKROCKAMC-NIFTYJBLK,11.87,11.87,11.58,11.65,11.69,11.59,,11.65,,,74343,866510.69,574,F1,1,,,,,
2026-10-06,2026-10-06,CM,NSE,STK,764208,INF22M030019,PSIFHLSRG,SF,,,,,JIOBLACKROCKAMC-PSIFHLSRG,11.00,11.00,11.00,11.00,11.00,10.00,,11.00,,,1,11.00,1,F1,1,,,,,
2026-10-06,2026-10-06,CM,NSE,STK,19691,INE863T01013,JITFINFRA,EQ,,,,,JITF INFRALOGISTICS LTD,270.90,278.00,268.00,275.10,275.00,266.50,,275.00,,,9775,2652060.10,559,F1,1,,,,,
2026-10-06,2026-10-06,CM,NSE,STK,13270,INE823G01014,JKCEMENT,EQ,,,,,JK CEMENT LIMITED,4952.50,5000.00,4945.50,4960.00,4965.00,4981.50,,4959.78,,,9886,49135265.00,3019,F1,1,,,,,
2026-10-06,2026-10-06,CM,NSE,STK,13491,INE786A01032,JKLAKSHMI,EQ,,,,,JK LAKSHMI CEMENT LTD,467.05,486.00,467.05,478.45,478.30,466.80,,478.45,,,114155,54656374.25,9801,F1,1,,,,,
2026-10-06,2026-10-06,CM,NSE,STK,11860,INE789E01012,JKPAPER,EQ,,,,,JK PAPER LIMITED,387.50,400.75,385.65,393.45,393.00,385.65,,393.43,,,307769,121368367.60,14289,F1,1,,,,,
2026-10-06,2026-10-06,CM,NSE,STK,14435,INE573A01042,JKTYRE,EQ,,,,,JK TYRE & INDUSTRIES LTD,340.30,342.25,338.05,339.35,339.00,338.85,,339.36,,,354281,120354079.20,11290,F1,1,,,,,
2026-10-06,2026-10-06,CM,NSE,STK,15266,INE576I01022,JKIL,EQ,,,,,JKUMAR INFR.LTD.,453.70,455.30,445.15,448.30,449.95,453.70,,448.29,,,52805,23680780.45,2947,F1,1,,,,,
2026-10-06,2026-10-06,CM,NSE,STK,13637,INE780C01023,JMFINANCIL,EQ,,,,,JM FINANCIAL LIMITED,123.25,125.25,123.00,124.00,124.10,123.10,,124.00,,,1300787,161668782.03,17989,F1,1,,,,,
2026-10-06,2026-10-06,CM,NSE,STK,23621,INE0OAF01028,JNKINDIA,EQ,,,,,JNK INDIA LIMITED,436.95,443.65,429.05,440.95,441.00,432.20,,440.97,,,59918,26333765.40,3788,F1,1,,,,,
2026-10-06,2026-10-06,CM,NSE,STK,16927,INE839G01010,JOCIL,EQ,,,,,JOCIL LIMITED,147.84,149.69,147.00,148.47,147.62,147.84,,148.47,,,937,138054.20,41,F1,1,,,,,
2026-10-06,2026-10-06,CM,NSE,STK,762623,INE515A01019,COCKERILL,EQ,,,,,JOHN COCKERILL INDIA LTD.,7834.00,8004.00,7834.00,7978.50,7931.00,7868.50,,7975.18,,,2569,20402086.00,819,F1,1,,,,,
2026-10-06,2026-10-06,CM,NSE,STK,758460,INE718I01012,JSWCEMENT,EQ,,,,,JSW CEMENT LIMITED,111.35,113.60,110.48,113.20,113.50,111.09,,113.20,,,1257168,141379158.58,39727,F1,1,,,,,
2026-10-06,2026-10-06,CM,NSE,STK,1467,INE133A01011,JSWDULUX,EQ,,,,,JSW DULUX LIMITED,2970.00,3019.80,2955.10,3004.80,3019.00,2964.80,,3004.60,,,17773,53162813.10,5999,F1,1,,,,,
2026-10-06,2026-10-06,CM,NSE,STK,17869,INE121E01018,JSWENERGY,EQ,,,,,JSW ENERGY LIMITED,492.00,505.20,490.65,494.90,494.90,491.80,,494.90,,,3951551,1968475452.20,55833,F1,1,,,,,
2026-10-06,2026-10-06,CM,NSE,STK,11880,INE824G01012,JSWHL,EQ,,,,,JSW HOLDINGS LIMITED,11380.00,11445.00,11265.00,11313.00,11350.00,11350.00,,11313.12,,,2550,28869098.00,1077,F1,1,,,,,
2026-10-06,2026-10-06,CM,NSE,STK,19020,INE880J01026,JSWINFRA,EQ,,,,,JSW INFRASTRUCTURE LTD,361.50,366.95,359.40,363.05,364.00,359.40,,363.05,,,2318315,841037041.60,44360,F1,1,,,,,
2026-10-06,2026-10-06,CM,NSE,STK,11723,INE019A01038,JSWSTEEL,EQ,,,,,JSW STEEL LIMITED,1241.90,1261.50,1233.50,1259.60,1259.60,1235.30,,1259.60,,,1326118,1662697686.00,44457,F1,1,,,,,
2026-10-06,2026-10-06,CM,NSE,STK,3237,INE643A01035,JTEKTINDIA,EQ,,,,,JTEKT INDIA LIMITED,114.05,115.95,113.55,115.38,115.08,113.68,,115.37,,,65534,7523290.62,1134,F1,1,,,,,
2026-10-06,2026-10-06,CM,NSE,STK,7287,INE391J01032,JTLIND,EQ,,,,,JTL INDUSTRIES LIMITED,84.90,86.54,83.57,84.53,84.30,84.98,,84.53,,,3609155,304347783.93,11293,F1,1,,,,,
2026-10-06,2026-10-06,CM,NSE,STK,29590,INE03CC01015,JUBLCPL,EQ,,,,,JUBILANT AGRI N CON PRO L,2023.60,2063.90,1994.70,2003.50,2009.00,2021.80,,2002.47,,,4932,9977851.90,680,F1,1,,,,,
2026-10-06,2026-10-06,CM,NSE,STK,18096,INE797F01020,JUBLFOOD,EQ,,,,,JUBILANT FOODWORKS LTD,445.55,462.10,444.45,449.75,449.75,445.70,,449.77,,,1587592,725613552.10,43011,F1,1,,,,,
2026-10-06,2026-10-06,CM,NSE,STK,2783,INE0BY001018,JUBLINGREA,EQ,,,,,JUBILANT INGREVIA LIMITED,633.20,647.90,629.15,644.25,645.95,632.20,,644.24,,,188089,121022854.80,10791,F1,1,,,,,
2026-10-06,2026-10-06,CM,NSE,STK,3637,INE700A01033,JUBLPHARMA,EQ,,,,,JUBILANT PHARMOVA LTD,982.00,996.60,970.10,989.20,985.00,981.60,,989.18,,,174777,172259449.20,17332,F1,1,,,,,
2026-10-06,2026-10-06,CM,NSE,STK,7109,INE412C01023,JMA,EQ,,,,,JULLUNDUR MOT AGENCY LTD,87.07,88.80,86.00,86.92,87.00,87.07,,86.92,,,8435,734901.11,163,F1,1,,,,,
2026-10-06,2026-10-06,CM,NSE,STK,764408,INE05C901015,JNPR,EQ,,,,,JUNIPER GREEN ENERGY LTD,271.30,284.50,271.20,280.60,280.85,271.30,,280.57,,,766346,213403101.05,20882,F1,1,,,,,
2026-10-06,2026-10-06,CM,NSE,STK,22824,INE696F01016,JUNIPER,EQ,,,,,JUNIPER HOTELS LIMITED,218.90,220.59,214.81,218.36,218.98,216.00,,218.36,,,110549,24079748.63,4655,F1,1,,,,,
2026-10-06,2026-10-06,CM,NSE,STK,18553,INE682M01020,JLHL,EQ,,,,,JUPITER LIFE LINE HOSP L,258.85,258.85,252.00,253.85,253.80,253.90,,253.86,,,46251,11725744.85,3833,F1,1,,,,,
2026-10-06,2026-10-06,CM,NSE,STK,20224,INE209L01016,JWL,EQ,,,,,JUPITER WAGONS LIMITED,223.50,226.90,221.78,224.64,225.00,223.44,,224.65,,,775749,174332586.74,15727,F1,1,,,,,
2026-10-06,2026-10-06,CM,NSE,STK,29962,INE599M01018,JUSTDIAL,EQ,,,,,JUSTDIAL LTD.,651.00,661.95,650.00,658.95,657.00,651.35,,658.97,,,52473,34340626.10,2886,F1,1,,,,,
2026-10-06,2026-10-06,CM,NSE,STK,15146,INE668F01031,JYOTHYLAB,EQ,,,,,JYOTHY LABS LIMITED,181.50,183.93,180.94,183.32,183.75,180.93,,183.33,,,128353,23444619.68,6687,F1,1,,,,,
2026-10-06,2026-10-06,CM,NSE,STK,21334,INE980O01024,JYOTICNC,EQ,,,,,JYOTI CNC AUTOMATION LTD,1042.70,1077.00,1029.10,1073.10,1075.00,1029.60,,1073.10,,,557011,591302599.90,28891,F1,1,,,,,
2026-10-06,2026-10-06,CM,NSE,STK,758221,INE1M3T01017,JYOTIGLOBL,SM,,,,,JYOTI GLOBAL PLAST LTD,48.60,48.60,44.20,44.20,44.20,46.50,,44.20,,,30000,1345600.00,15,F1,2000,,,,,
2026-10-06,2026-10-06,CM,NSE,STK,764733,INE577D01013,JYOTIRES,EQ,,,,,JYOTI RESINS & ADHESIVE L,840.00,850.00,832.00,849.60,849.90,832.90,,849.46,,,4245,3562813.35,468,F1,1,,,,,
2026-10-06,2026-10-06,CM,NSE,STK,1802,INE197A01024,JYOTISTRUC,EQ,,,,,JYOTI STRUCTURES LTD,8.61,8.99,8.61,8.94,8.97,8.67,,8.94,,,3309242,29351901.77,3087,F1,1,,,,,
2026-10-06,2026-10-06,CM,NSE,STK,764743,INE533C01018,KJMCFIN,EQ,,,,,K J M C FINANCIAL SERV L,59.32,59.32,57.20,59.03,58.30,58.25,,58.87,,,737,43507.26,16,F1,1,,,,,
2026-10-06,2026-10-06,CM,NSE,STK,764748,INE879K01018,KMCSHIL,EQ,,,,,K M C SPECIALITY HOSP I L,171.39,171.39,165.50,170.36,170.90,169.38,,170.34,,,346101,58239957.68,6528,F1,1,,,,,
2026-10-06,2026-10-06,CM,NSE,STK,14671,INE157H01023,KMSUGAR,BE,,,,,K M SUGAR MILLS LTD,27.16,27.49,26.30,26.53,26.88,26.96,,26.55,,,117055,3135853.46,450,F1,1,,,,,
2026-10-06,2026-10-06,CM,NSE,STK,27079,INE127T01021,KPEL,EQ,,,,,K.P. ENERGY LIMITED,215.00,217.89,212.10,215.47,215.01,213.74,,215.46,,,207525,44503444.56,5435,F1,1,,,,,
2026-10-06,2026-10-06,CM,NSE,STK,23459,INE0DEZ01013,K2INFRA,SM,,,,,K2 INFRAGEN LIMITED,38.25,41.00,38.25,40.10,40.10,39.65,,40.10,,,28800,1148340.00,48,F1,600,,,,,
2026-10-06,2026-10-06,CM,NSE,STK,29192,INE0XOW01017,KKJEWELS,SM,,,,,KABRA JEWELS LIMITED,96.95,99.90,96.95,99.90,99.90,94.80,,99.90,,,8000,785900.00,6,F1,1000,,,,,
2026-10-06,2026-10-06,CM,NSE,STK,8784,INE900B01029,KABRAEXTRU,BE,,,,,KABRAEXTRUSION,795.40,824.90,771.05,815.70,817.95,799.40,,815.06,,,51133,41158670.90,1187,F1,1,,,,,
2026-10-06,2026-10-06,CM,NSE,STK,1808,INE217B01036,KAJARIACER,EQ,,,,,KAJARIA CERAMICS LTD,1218.00,1229.80,1197.10,1213.80,1208.70,1214.40,,1213.40,,,388375,469925549.20,24519,F1,1,,,,,
2026-10-06,2026-10-06,CM,NSE,STK,1811,INE437B01014,KAKATCEM,EQ,,,,,KAKATIYA CEM SUGAR &IND L,105.90,108.60,104.00,105.44,106.99,104.79,,105.44,,,3216,339725.11,99,F1,1,,,,,
2026-10-06,2026-10-06,CM,NSE,STK,758558,INE227J01012,KALPATARU,EQ,,,,,KALPATARU LIMITED,274.60,275.45,268.60,269.80,268.65,272.30,,269.75,,,77594,20978803.65,915,F1,1,,,,,
2026-10-06,2026-10-06,CM,NSE,STK,1814,INE220B01022,KPIL,EQ,,,,,KALPATARU PROJECT INT LTD,1378.80,1490.00,1378.80,1451.50,1455.00,1378.80,,1451.54,,,652356,949218024.60,46056,F1,1,,,,,
2026-10-06,2026-10-06,CM,NSE,STK,2955,INE303R01014,KALYANKJIL,EQ,,,,,KALYAN JEWELLERS IND LTD,557.00,581.90,546.55,548.15,548.15,556.85,,548.14,,,14873008,8385934036.25,150181,F1,1,,,,,
2026-10-06,2026-10-06,CM,NSE,STK,15160,INE314G01014,KALYANIFRG,BE,,,,,KALYANI FORGE LIMITED,915.00,933.90,891.00,905.00,902.00,920.05,,905.93,,,3045,2746236.45,198,F1,1,,,,,
2026-10-06,2026-10-06,CM,NSE,STK,21119,INE029L01018,KICL,EQ,,,,,KALYANI INVEST CO LTD,4664.00,4837.50,4664.00,4808.30,4810.00,4709.80,,4808.30,,,686,3289044.30,142,F1,1,,,,,
2026-10-06,2026-10-06,CM,NSE,STK,18889,INE907A01026,KSL,EQ,,,,,KALYANI STEELS LIMITED,923.00,949.00,923.00,942.80,939.05,921.30,,942.77,,,65980,62075513.15,4071,F1,1,,,,,
2026-10-06,2026-10-06,CM,NSE,STK,762732,INE411F01010,KAMAHOLD,EQ,,,,,KAMA HOLDINGS LTD.,2260.00,2319.00,2230.20,2253.30,2264.00,2229.30,,2252.05,,,1608,3623611.60,276,F1,1,,,,,
2026-10-06,2026-10-06,CM,NSE,STK,764738,INE344D01018,KAMANWALA,EQ,,,,,KAMANWALA HOUSING CONST L,17.80,17.80,16.60,17.40,17.40,16.60,,17.40,,,299,5076.51,11,F1,1,,,,,
2026-10-06,2026-10-06,CM,NSE,STK,1826,INE967C01018,KAMATHOTEL,EQ,,,,,KAMAT HOTELS (I) LTD,249.65,264.89,249.64,258.82,259.50,245.99,,258.82,,,574646,148875992.01,14881,F1,1,,,,,
2026-10-06,2026-10-06,CM,NSE,STK,13457,INE390H01020,KAMDHENU,EQ,,,,,KAMDHENU LIMITED,37.15,37.94,36.41,37.31,37.50,36.73,,37.31,,,716062,26610009.38,4361,F1,1,,,,,
2026-10-06,2026-10-06,CM,NSE,STK,13814,INE0BTI01037,KAMOPAINTS,EQ,,,,,KAMDHENU VENTURES LIMITED,4.11,4.19,4.10,4.11,4.13,4.11,,4.10,,,120710,497645.60,477,F1,1,,,,,
2026-10-06,2026-10-06,CM,NSE,STK,25786,INE879E01037,KANANIIND,EQ,,,,,KANANI INDUSTRIES LTD,1.31,1.37,1.26,1.35,1.35,1.30,,1.35,,,100373,135203.33,350,F1,1,,,,,
2026-10-06,2026-10-06,CM,NSE,STK,762737,INE081G01019,KANCHI,EQ,,,,,KANCHI KARPOORAM LTD.,375.00,381.45,365.10,371.65,374.90,378.70,,378.97,,,1771,665138.85,103,F1,1,,,,,
2026-10-06,2026-10-06,CM,NSE,STK,765090,INE398L01017,KANCOTEA,EQ,,,,,KANCO TEA & INDS. LTD.,54.00,54.00,48.33,50.47,50.05,51.69,,50.47,,,482,24303.07,20,F1,1,,,,,
2026-10-06,2026-10-06,CM,NSE,STK,11208,INE0MOT01016,KANDARP,SM,,,,,KANDARP DG SMART BPO LTD,54.15,59.05,54.15,59.00,59.05,57.00,,59.00,,,9000,508850.00,9,F1,1000,,,,,
2026-10-06,2026-10-06,CM,NSE,STK,766021,INE877D01025,KANOHAR,EQ,,,,,KANOHAR ELECTRICALS LTD,1037.00,1047.60,915.00,942.50,955.00,1020.25,,942.41,,,11936772,11782041784.20,350959,F1,1,,,,,
2026-10-06,2026-10-06,CM,NSE,STK,9805,INE138C01024,KANORICHEM,BE,,,,,KANORIACHEMICALS-,186.70,187.35,175.01,182.10,183.00,182.71,,181.50,,,28727,5167838.66,346,F1,1,,,,,
2026-10-06,2026-10-06,CM,NSE,STK,1782,INE694E01014,KANPRPLA,EQ,,,,,KANPUR PLASTIPACK LIMITED,256.70,257.00,245.00,250.90,252.50,252.24,,250.89,,,9852,2483675.48,582,F1,1,,,,,
2026-10-06,2026-10-06,CM,NSE,STK,1196,INE531A01024,KANSAINER,EQ,,,,,KANSAI NEROLAC PAINTS LTD,178.95,184.85,176.09,184.00,184.01,176.97,,183.98,,,331156,59940329.89,16313,F1,1,,,,,
2026-10-06,2026-10-06,CM,NSE,STK,18967,INE542Z01028,KAPSTON,EQ,,,,,KAPSTON SERVICES LIMITED,555.00,555.00,541.35,547.25,549.00,548.60,,547.25,,,49283,27002864.85,2231,F1,1,,,,,
2026-10-06,2026-10-06,CM,NSE,STK,766056,INE590T01012,KARAMTARA,EQ,,,,,KARAMTARA ENGINEERING L,421.00,444.00,414.10,438.80,443.70,416.30,,438.87,,,3070483,1326918616.85,50698,F1,1,,,,,
2026-10-06,2026-10-06,CM,NSE,STK,24385,INE725L01011,KARMAENG,EQ,,,,,KARMA ENERGY LIMITED,35.00,36.90,35.00,36.28,36.05,35.90,,36.24,,,1261,46112.15,64,F1,1,,,,,
2026-10-06,2026-10-06,CM,NSE,STK,8054,INE614B01018,KTKBANK,EQ,,,,,KARNATAKA BANK LIMITED,329.00,329.90,323.00,324.25,325.00,326.75,,324.25,,,1512757,492813516.60,28609,F1,1,,,,,
2026-10-06,2026-10-06,CM,NSE,STK,19465,INE0MGA01012,KARNIKA,SM,,,,,KARNIKA INDUSTRIES LTD,119.65,120.95,115.15,120.95,120.95,120.30,,120.95,,,29000,3426900.00,24,F1,1000,,,,,
2026-10-06,2026-10-06,CM,NSE,STK,1838,INE036D01028,KARURVYSYA,EQ,,,,,KARUR VYSYA BANK LTD,324.55,329.35,323.00,325.20,324.85,324.70,,325.20,,,1631557,531948150.80,40720,F1,1,,,,,
2026-10-06,2026-10-06,CM,NSE,STK,24531,INE0SVY01018,KATARIA,ST,,,,,KATARIA INDUSTRIES LTD,160.00,164.75,159.00,162.60,162.90,161.15,,162.60,,,9600,1550250.00,16,F1,600,,,,,
2026-10-06,2026-10-06,CM,NSE,STK,15140,INE234I01028,KAUSHALYA,BE,,,,,KAUSHALYA INFRA DEV LTD.,834.00,843.90,804.05,822.70,806.10,813.35,,822.70,,,188,156601.75,22,F1,1,,,,,
2026-10-06,2026-10-06,CM,NSE,STK,21189,INE0Q2V01012,KLL,ST,,,,,KAUSHALYA LOGISTICS LTD,40.95,41.20,39.30,40.90,40.90,39.25,,40.90,,,21600,880200.00,22,F1,800,,,,,
2026-10-06,2026-10-06,CM,NSE,STK,14972,INE455I01029,KSCL,EQ,,,,,KAVERI SEED CO. LTD.,702.85,723.55,702.05,717.45,718.20,701.55,,717.45,,,170806,121977047.45,7998,F1,1,,,,,
2026-10-06,2026-10-06,CM,NSE,STK,15248,INE641C01019,KAVDEFENCE,BE,,,,,KAVVERI DFS & WIR TEC LTD,83.90,85.55,83.90,85.55,85.55,81.48,,85.55,,,167209,14280235.87,1009,F1,1,,,,,
2026-10-06,2026-10-06,CM,NSE,STK,21173,INE0RCG01017,KCEIL,SM,,,,,KAY CEE ENERGY & INFRA L,77.70,80.15,75.05,77.25,77.25,77.70,,77.25,,,12000,929625.00,20,F1,500,,,,,
2026-10-06,2026-10-06,CM,NSE,STK,10282,INE587G01015,KAYA,BE,,,,,KAYA LIMITED,300.30,308.90,295.00,305.55,308.00,306.70,,305.55,,,8502,2566825.75,72,F1,1,,,,,
2026-10-06,2026-10-06,CM,NSE,STK,12092,INE918Z01012,KAYNES,EQ,,,,,KAYNES TECHNOLOGY IND LTD,3430.80,3430.80,3333.00,3405.00,3405.00,3394.80,,3404.52,,,908631,3076555047.50,60260,F1,1,,,,,
2026-10-06,2026-10-06,CM,NSE,STK,758868,INE13ZD01013,KAYTEX,SM,,,,,KAYTEX FABRICS LIMITED,57.05,57.75,56.90,57.75,57.75,57.75,,57.75,,,5600,320840.00,7,F1,800,,,,,
2026-10-06,2026-10-06,CM,NSE,STK,10296,INE0J1E01027,KCK,ST,,,,,KCK INDUSTRIES LTD,15.00,15.00,14.40,15.00,15.00,14.65,,15.00,,,152500,2268375.00,50,F1,2500,,,,,
2026-10-06,2026-10-06,CM,NSE,STK,1841,INE805C01028,KCP,EQ,,,,,KCP LTD,155.60,158.99,151.35,154.41,155.00,155.61,,154.41,,,200701,31018834.19,2782,F1,1,,,,,
2026-10-06,2026-10-06,CM,NSE,STK,8849,INE790B01024,KCPSUGIND,BE,,,,,KCPSUGARINDUS,25.60,26.69,24.15,24.43,24.15,25.42,,24.45,,,463776,11758428.61,1047,F1,1,,,,,
2026-10-06,2026-10-06,CM,NSE,STK,765105,INE348N01042,KDGREEN,EQ,,,,,KD GREEN INDUSTRIES LTD,46.83,51.43,46.83,49.19,49.00,48.29,,49.21,,,47418,2328100.86,607,F1,1,,,,,
2026-10-06,2026-10-06,CM,NSE,STK,14908,INE291D01011,KDDL,EQ,,,,,KDDL LIMITED,3963.20,4073.90,3958.90,3999.90,3998.00,3943.40,,3999.93,,,19017,76522437.50,4590,F1,1,,,,,
2026-10-06,2026-10-06,CM,NSE,STK,13260,INE389H01022,KEC,EQ,,,,,KEC INTL. LIMITED,373.70,376.95,369.05,374.90,375.00,370.55,,374.90,,,941989,352897075.30,48888,F1,1,,,,,
2026-10-06,2026-10-06,CM,NSE,STK,13310,INE878B01027,KEI,EQ,,,,,KEI INDUSTRIES LTD.,4626.20,4639.00,4557.40,4557.40,4557.40,4638.20,,4557.40,,,413199,1900853626.70,34576,F1,1,,,,,
2026-10-06,2026-10-06,CM,NSE,STK,13430,INE164B01030,KELLTONTEC,EQ,,,,,KELLTON TECH SOL LTD,12.12,12.50,12.10,12.41,12.38,12.18,,12.40,,,1263362,15459403.95,3801,F1,1,,,,,
2026-10-06,2026-10-06,CM,NSE,STK,29547,INE15DO01012,KEN,SM,,,,,KEN ENTERPRISES LIMITED,41.35,42.85,41.35,42.85,42.85,42.25,,42.85,,,6000,254820.00,5,F1,1200,,,,,
2026-10-06,2026-10-06,CM,NSE,STK,11841,INE717A01029,KENNAMET,EQ,,,,,KENNAMETAL INDIA LIMITED,4193.60,4301.90,4193.60,4268.60,4264.00,4193.70,,4269.02,,,18118,77266296.30,4828,F1,1,,,,,
2026-10-06,2026-10-06,CM,NSE,STK,13121,INE202H01019,KERNEX,EQ,,,,,KERNEX MICROSYS(I) LTD,1660.00,1770.00,1658.90,1749.70,1748.90,1661.80,,1749.87,,,208295,359258379.10,18068,F1,1,,,,,
2026-10-06,2026-10-06,CM,NSE,STK,1859,INE087A01019,KESORAMIND,EQ,,,,,KESORAM INDUSTRIES LTD,10.27,10.76,10.27,10.76,10.76,10.25,,10.76,,,595493,6357598.01,1376,F1,1,,,,,
2026-10-06,2026-10-06,CM,NSE,STK,13381,INE401H01017,KKCL,EQ,,,,,KEWAL KIRAN CLOTHING LTD,475.00,475.95,461.55,474.55,474.50,470.40,,474.36,,,14216,6677668.75,880,F1,1,,,,,
2026-10-06,2026-10-06,CM,NSE,STK,4157,INE681C01015,KEYFINSERV,EQ,,,,,KEYNOTE FIN SERV LTD.,247.90,247.90,235.33,241.53,241.00,237.01,,241.53,,,631,152822.33,33,F1,1,,,,,
2026-10-06,2026-10-06,CM,NSE,STK,12219,INE263M01029,RUSTOMJEE,EQ,,,,,KEYSTONE REALTORS LIMITED,368.00,370.00,362.85,368.55,370.00,368.50,,368.55,,,11367,4171472.90,577,F1,1,,,,,
2026-10-06,2026-10-06,CM,NSE,STK,13359,INE138Y01010,KFINTECH,EQ,,,,,KFIN TECHNOLOGIES LIMITED,870.00,887.00,858.65,863.80,863.80,867.50,,863.73,,,518303,451545408.80,26756,F1,1,,,,,
2026-10-06,2026-10-06,CM,NSE,STK,433,INE834I01025,KHADIM,BE,,,,,KHADIM INDIA LIMITED,114.90,115.00,114.70,114.70,114.70,115.40,,114.85,,,4001,459723.10,42,F1,1,,,,,
2026-10-06,2026-10-06,CM,NSE,STK,3912,INE731C01018,KHAITANLTD,EQ,,,,,KHAITAN (INDIA)LTD.,143.00,146.90,139.40,145.60,145.50,144.31,,145.61,,,1721,248362.41,48,F1,1,,,,,
2026-10-06,2026-10-06,CM,NSE,STK,896,INE745B01028,KHAICHEM,EQ,,,,,KHAITAN CHEM & FERT LTD,48.85,48.99,48.01,48.73,48.50,48.03,,48.73,,,130507,6324338.14,1206,F1,1,,,,,
2026-10-06,2026-10-06,CM,NSE,STK,9641,INE060B01014,KHANDSE,EQ,,,,,KHANDWALA SECURITIES LTD,17.58,17.58,16.52,16.97,17.00,16.92,,16.97,,,153,2594.10,25,F1,1,,,,,
2026-10-06,2026-10-06,CM,NSE,STK,766214,INE0HOL01013,KHERIAAUTO,ST,,,,,KHERIA AUTOCOMP LIMITED,90.75,91.00,87.15,89.45,91.00,91.70,,89.45,,,123600,10884840.00,84,F1,1200,,,,,
2026-10-06,2026-10-06,CM,NSE,STK,762747,INE338F01015,KLBRENG-B,EQ,,,,,KILBURN ENGINEERING LTD.,523.00,537.00,520.00,528.40,531.00,524.30,,528.39,,,147354,78129774.55,5238,F1,1,,,,,
2026-10-06,2026-10-06,CM,NSE,STK,19937,INE729D01010,KILITCH,EQ,,,,,KILITCH DRUGS INDIA LTD,244.00,267.80,236.30,260.70,261.00,233.74,,260.74,,,661834,169204245.68,14893,F1,1,,,,,
2026-10-06,2026-10-06,CM,NSE,STK,18944,INE473D01015,KINGFA,EQ,,,,,KINGFA SCI & TEC IND LTD.,6700.00,6996.00,6676.50,6932.00,6949.00,6669.00,,6932.02,,,24558,169078863.00,6999,F1,1,,,,,
2026-10-06,2026-10-06,CM,NSE,STK,19126,INE880L01014,KIOCL,EQ,,,,,KIOCL LIMITED,326.20,347.95,324.30,344.60,345.00,322.65,,344.63,,,139535,47166552.25,6560,F1,1,,,,,
2026-10-06,2026-10-06,CM,NSE,STK,762742,INE555P01013,KIRANVYPAR,EQ,,,,,KIRAN VYAPAR LTD.,178.19,182.90,176.00,177.05,177.00,179.99,,177.05,,,997,177321.60,47,F1,1,,,,,
2026-10-06,2026-10-06,CM,NSE,STK,16639,INE415I01015,KIRIINDUS,EQ,,,,,KIRI INDUSTRIES LIMITED,544.00,567.70,544.00,564.10,563.20,542.40,,564.12,,,712617,399845574.20,20856,F1,1,,,,,
2026-10-06,2026-10-06,CM,NSE,STK,18581,INE732A01036,KIRLOSBROS,EQ,,,,,KIRLOSKAR BROTHERS LTD,1746.50,1765.00,1735.10,1745.30,1740.00,1742.40,,1745.33,,,26434,46241805.90,5001,F1,1,,,,,
2026-10-06,2026-10-06,CM,NSE,STK,18220,INE134B01017,KECL,EQ,,,,,KIRLOSKAR ELECTRIC CO LTD,127.60,129.30,124.13,128.11,127.70,125.42,,128.10,,,151467,19209661.14,2903,F1,1,,,,,
2026-10-06,2026-10-06,CM,NSE,STK,14466,INE884B01025,KIRLFER,EQ,,,,,KIRLOSKAR FERROUS IND LTD,461.10,475.05,461.10,472.75,471.90,465.00,,472.88,,,57417,27040526.20,3398,F1,1,,,,,
2026-10-06,2026-10-06,CM,NSE,STK,19025,INE250A01039,KIRLOSIND,EQ,,,,,KIRLOSKAR INDUSTRIES LTD,3529.00,3600.50,3471.00,3542.50,3503.50,3467.00,,3542.49,,,8925,31654492.00,1746,F1,1,,,,,
2026-10-06,2026-10-06,CM,NSE,STK,20936,INE146L01010,KIRLOSENG,EQ,,,,,KIRLOSKAR OIL ENG LTD,2258.80,2275.50,2221.00,2266.10,2267.20,2243.70,,2268.35,,,392965,883434652.00,53317,F1,1,,,,,
2026-10-06,2026-10-06,CM,NSE,STK,15180,INE811A01038,KIRLPNU,EQ,,,,,KIRLOSKAR PNEUMATIC COM L,675.00,714.45,672.50,710.85,710.00,677.60,,710.81,,,250315,174167426.15,16537,F1,1,,,,,
2026-10-06,2026-10-06,CM,NSE,STK,28899,INE602G01020,KITEX,EQ,,,,,KITEX GARMENTS LTD,117.71,121.48,116.84,118.96,118.70,118.02,,118.97,,,266370,31809958.88,4773,F1,1,,,,,
2026-10-06,2026-10-06,CM,NSE,STK,17781,INE239T01016,KKVAPOW,SM,,,,,KKV AGRO POWERS LTD.,290.10,290.10,290.10,290.10,290.10,305.00,,290.10,,,342,99214.20,2,F1,171,,,,,
2026-10-06,2026-10-06,CM,NSE,STK,760923,INE0KNW01016,KNAGRI,EQ,,,,,KN AGRI RESOURCES LIMITED,201.70,209.10,201.70,205.00,204.00,198.83,,205.00,,,4087,842176.88,157,F1,1,,,,,
2026-10-06,2026-10-06,CM,NSE,STK,763839,INE17QZ01016,KNACK,EQ,,,,,KNACK PACKAGING LIMITED,190.45,201.32,188.15,197.34,197.00,188.91,,197.34,,,2606145,509568110.61,36975,F1,1,,,,,
2026-10-06,2026-10-06,CM,NSE,STK,27084,INE0CJD01029,KMEW,EQ,,,,,KNOWLEDGE MARINE & EN W L,3028.00,3242.00,2996.10,3202.30,3196.00,2992.50,,3202.25,,,268808,851697928.70,44113,F1,1,,,,,
2026-10-06,2026-10-06,CM,NSE,STK,758431,INE1JAR25012,KRT,RR,,,,,KNOWLEDGE REALTY TRUST,112.50,112.87,111.81,112.40,112.10,112.57,,112.40,,,886926,99619623.47,8596,F1,1,,,,,
2026-10-06,2026-10-06,CM,NSE,STK,15283,INE634I01029,KNRCON,EQ,,,,,KNR CONSTRU LTD.,111.96,116.41,111.96,115.65,115.90,111.89,,115.61,,,1452660,167033214.52,15750,F1,1,,,,,
2026-10-06,2026-10-06,CM,NSE,STK,18754,INE0Q7P01013,KODYTECH,ST,,,,,KODY TECHNOLAB LIMITED,1580.00,1593.80,1550.00,1556.55,1560.00,1576.80,,1556.55,,,8800,13891115.00,47,F1,100,,,,,
2026-10-06,2026-10-06,CM,NSE,STK,3009,INE080B01012,KOHINOOR,EQ,,,,,KOHINOOR FOODS LIMITED,29.02,29.69,28.71,28.89,28.97,28.95,,28.89,,,105472,3053382.56,2267,F1,1,,,,,
2026-10-06,2026-10-06,CM,NSE,STK,16827,INE760A01029,KOKUYOCMLN,EQ,,,,,KOKUYO CAMLIN LIMITED,75.82,76.00,74.00,74.57,74.85,75.82,,74.57,,,23294,1736614.10,343,F1,1,,,,,
2026-10-06,2026-10-06,CM,NSE,STK,15124,INE094I01018,KOLTEPATIL,EQ,,,,,KOLTE PATIL DEV. LTD.,427.50,437.20,427.15,433.55,432.20,430.45,,433.58,,,55259,23918241.60,2696,F1,1,,,,,
2026-10-06,2026-10-06,CM,NSE,STK,22475,INE0QEI01011,KONSTELEC,ST,,,,,KONSTELEC ENGINEERS LTD,53.40,53.50,49.95,50.00,50.00,51.00,,50.00,,,11000,564100.00,10,F1,1000,,,,,
2026-10-06,2026-10-06,CM,NSE,STK,19287,INE0KZ301010,KONTOR,SM,,,,,KONTOR SPACE LIMITED,56.75,56.75,54.50,54.50,54.50,50.00,,54.50,,,1800,100200.00,3,F1,600,,,,,
2026-10-06,2026-10-06,CM,NSE,STK,1919,INE082A01010,KOPRAN,EQ,,,,,KOPRAN LTD,268.70,274.70,265.00,269.60,270.00,268.70,,269.62,,,359825,97121396.35,5884,F1,1,,,,,
2026-10-06,2026-10-06,CM,NSE,STK,16758,INE0O4R01018,KDL,SM,,,,,KORE DIGITAL LIMITED,42.65,42.65,42.65,42.65,42.65,44.85,,42.65,,,7500,319875.00,25,F1,150,,,,,
2026-10-06,2026-10-06,CM,NSE,STK,14858,INF174KA1HJ8,GOLD1,EQ,,,,,KOTAK GOLD ETF,122.40,122.86,121.66,122.72,122.74,122.78,,122.72,,,2150532,263086701.26,18557,F1,1,,,,,
2026-10-06,2026-10-06,CM,NSE,STK,1922,INE237A01036,KOTAKBANK,EQ,,,,,KOTAK MAHINDRA BANK LTD,422.00,435.30,421.30,431.90,431.90,416.00,,431.90,,,40021922,17260889223.20,303701,F1,1,,,,,
2026-10-06,2026-10-06,CM,NSE,STK,18102,INF174K014P6,NIFTY1,EQ,,,,,KOTAK NIFTY ETF,256.76,256.76,250.34,252.54,252.90,250.50,,252.54,,,55643,14029810.73,1403,F1,1,,,,,
2026-10-06,2026-10-06,CM,NSE,STK,15061,INF174KA1A86,PSUBANK,EQ,,,,,KOTAK PSU BANK,80.41,80.70,79.90,80.09,80.70,80.31,,80.09,,,320783,25696515.17,470,F1,1,,,,,
2026-10-06,2026-10-06,CM,NSE,STK,759885,INF174KA1XV0,CHEMICAL,EQ,,,,,KOTAKMAMC - CHEMICAL,28.09,28.82,28.09,28.63,28.82,27.95,,28.63,,,291598,8302296.44,714,F1,1,,,,,
2026-10-06,2026-10-06,CM,NSE,STK,7412,INF174KA1IA5,ALPHA,EQ,,,,,KOTAKMAMC - KOTAKALPHA,51.49,52.78,51.49,52.70,52.78,51.40,,52.70,,,1499557,78458276.28,2474,F1,1,,,,,
2026-10-06,2026-10-06,CM,NSE,STK,10512,INF174KA1ZF8,CONS,EQ,,,,,KOTAKMAMC - KOTAKCONS,11.32,11.45,11.28,11.40,11.45,11.28,,11.40,,,3393,38586.80,142,F1,1,,,,,
2026-10-06,2026-10-06,CM,NSE,STK,2627,INF174KA1GC5,IT,EQ,,,,,KOTAKMAMC - KOTAKIT,31.32,31.98,31.00,31.19,31.32,31.32,,31.19,,,340246,10630682.16,1010,F1,1,,,,,
2026-10-06,2026-10-06,CM,NSE,STK,13950,INF174KA1LV5,LIQUID1,EQ,,,,,KOTAKMAMC - KOTAKLIQ,1133.66,1133.66,1125.66,1125.67,1125.66,1125.52,,1125.67,,,748917,843035829.33,1581,F1,1,,,,,
2026-10-06,2026-10-06,CM,NSE,STK,8632,INF174KA1IY5,LOWVOL1,EQ,,,,,KOTAKMAMC - KOTAKLOVOL,19.71,20.18,19.61,19.85,19.70,19.58,,19.85,,,784855,15516713.56,12746,F1,1,,,,,
2026-10-06,2026-10-06,CM,NSE,STK,8077,INF174KA1ZC5,MIDCAP,EQ,,,,,KOTAKMAMC - KOTAKMID50,17.31,17.58,17.26,17.42,17.45,17.31,,17.42,,,270504,4712281.08,916,F1,1,,,,,
2026-10-06,2026-10-06,CM,NSE,STK,10676,INF174KA1JF2,MNC,EQ,,,,,KOTAKMAMC - KOTAKMNC,31.38,31.59,30.85,31.48,31.36,30.95,,31.48,,,33839,1056239.44,391,F1,1,,,,,
2026-10-06,2026-10-06,CM,NSE,STK,13082,INF174KA1ZD3,SILVER1,EQ,,,,,KOTAKMAMC - KOTAKSILVE,21.39,21.40,21.16,21.37,21.36,21.51,,21.37,,,8578942,182682439.86,4967,F1,1,,,,,
2026-10-06,2026-10-06,CM,NSE,STK,11457,INF174KA1ZE1,NV20,EQ,,,,,KOTAKMAMC - KTKNV20ETF,13.46,13.46,13.15,13.23,13.42,13.20,,13.23,,,89694,1186076.78,284,F1,1,,,,,
2026-10-06,2026-10-06,CM,NSE,STK,30469,INF174KA1VW2,MID150,EQ,,,,,KOTAKMAMC - MID150,22.12,22.74,22.12,22.31,22.44,22.12,,22.31,,,103001,2298204.85,210,F1,1,,,,,
2026-10-06,2026-10-06,CM,NSE,STK,759488,INF174KA1XS6,MOMENTUM30,EQ,,,,,KOTAKMAMC - MOMENTUM30,29.75,30.07,29.69,29.80,30.07,29.42,,29.80,,,639784,19081109.55,102,F1,1,,,,,
2026-10-06,2026-10-06,CM,NSE,STK,29758,INF174KA1VD2,MSCIINDIA,EQ,,,,,KOTAKMAMC - MSCIINDIA,28.16,28.42,28.04,28.37,28.42,28.04,,28.37,,,5043,142541.80,65,F1,1,,,,,
2026-10-06,2026-10-06,CM,NSE,STK,760709,INF174KA1YO3,NEXT50ETF,EQ,,,,,KOTAKMAMC - NEXT50ETF,69.99,70.68,69.82,70.59,70.58,69.79,,70.59,,,15516,1091023.22,188,F1,1,,,,,
2026-10-06,2026-10-06,CM,NSE,STK,29944,INF174KA1UW4,NIFTY100EW,EQ,,,,,KOTAKMAMC - NIFTY100EW,33.72,33.72,33.09,33.37,33.40,33.10,,33.37,,,32779,1093280.74,283,F1,1,,,,,
2026-10-06,2026-10-06,CM,NSE,STK,764195,INF174KA1A94,PVTBANK,EQ,,,,,KOTAKMAMC - PVTBANK,26.93,27.25,26.93,27.14,27.20,26.79,,27.14,,,11604,314231.67,47,F1,1,,,,,
2026-10-06,2026-10-06,CM,NSE,STK,757946,INF174KA1WT6,QUALITY30,EQ,,,,,KOTAKMAMC - QUALITY30,19.71,19.85,18.98,19.40,19.45,19.71,,19.40,,,34240,663602.09,170,F1,1,,,,,
2026-10-06,2026-10-06,CM,NSE,STK,5851,INF174KA1ZB7,BANKNIFTY1,EQ,,,,,KOTAKMAMC-KOTAKBKETF,56.98,57.29,56.94,57.05,57.15,56.80,,57.05,,,268750,15350675.56,641,F1,1,,,,,
2026-10-06,2026-10-06,CM,NSE,STK,762752,INE972A01020,KOTIC,EQ,,,,,KOTHARI INDUSTRIAL CORP L,150.24,152.47,146.00,147.33,146.90,148.68,,147.62,,,4545,675472.22,231,F1,1,,,,,
2026-10-06,2026-10-06,CM,NSE,STK,4594,INE720A01015,KOTHARIPET,EQ,,,,,KOTHARI PETROCHEM LTD,127.59,129.59,125.60,127.53,128.73,125.53,,127.53,,,42054,5370895.55,990,F1,1,,,,,
2026-10-06,2026-10-06,CM,NSE,STK,5528,INE823A01017,KOTHARIPRO,EQ,,,,,KOTHARI PRODUCTS LTD,65.76,65.76,63.50,64.64,65.00,63.44,,64.64,,,1756,112654.02,114,F1,1,,,,,
2026-10-06,2026-10-06,CM,NSE,STK,11648,INE419A01022,KOTARISUG,BE,,,,,KOTHARI SUG & CHEM LTD.,25.50,26.99,25.50,26.15,26.65,25.83,,26.15,,,46264,1221518.52,194,F1,1,,,,,
2026-10-06,2026-10-06,CM,NSE,STK,761335,INE0J0B01017,KOTYARK,EQ,,,,,KOTYARK INDUSTRIES LTD,28.86,30.25,26.51,29.98,29.05,28.26,,29.97,,,516636,14997383.32,1927,F1,1,,,,,
2026-10-06,2026-10-06,CM,NSE,STK,5192,INE177F01017,KOVAI,EQ,,,,,KOVAI MEDICAL CENTER & HO,5925.50,5994.00,5924.00,5936.00,5924.00,5963.00,,5935.07,,,4135,24553437.50,706,F1,1,,,,,
2026-10-06,2026-10-06,CM,NSE,STK,5108,INE542W01025,KPIGREEN,EQ,,,,,KPI GREEN ENERGY LIMITED,326.30,335.45,319.10,326.80,326.90,321.85,,326.79,,,1238987,404379517.05,34321,F1,1,,,,,
2026-10-06,2026-10-06,CM,NSE,STK,9683,INE04I401011,KPITTECH,EQ,,,,,KPIT TECHNOLOGIES LIMITED,490.30,497.90,488.30,492.70,492.70,489.50,,492.71,,,965926,475905049.20,19417,F1,1,,,,,
2026-10-06,2026-10-06,CM,NSE,STK,14912,INE930H01031,KPRMILL,EQ,,,,,KPR MILL LTD.,1080.50,1103.00,1074.10,1100.40,1102.00,1072.60,,1100.36,,,75276,82251631.40,9746,F1,1,,,,,
2026-10-06,2026-10-06,CM,NSE,STK,10577,INE001B01026,KRBL,EQ,,,,,KRBL LIMITED,382.50,402.45,381.55,389.15,388.00,382.15,,389.16,,,688266,270183794.40,20723,F1,1,,,,,
2026-10-06,2026-10-06,CM,NSE,STK,1937,INE268B01013,KREBSBIO,EQ,,,,,KREBS BIOCHEMICALS & IND,63.65,63.65,57.20,58.86,59.00,63.96,,58.86,,,81033,4813530.40,1282,F1,1,,,,,
2026-10-06,2026-10-06,CM,NSE,STK,11480,INE524L01026,KRIDHANINF,EQ,,,,,KRIDHAN INFRA LIMITED,1.93,1.93,1.88,1.88,1.88,1.89,,1.88,,,9034,17091.64,34,F1,1,,,,,
2026-10-06,2026-10-06,CM,NSE,STK,12847,INE506W01020,KRISHANA,EQ,,,,,KRISHANA PHOSCHEM LIMITED,190.00,196.50,186.52,193.66,194.00,185.83,,193.66,,,1697639,325890635.13,10700,F1,1,,,,,
2026-10-06,2026-10-06,CM,NSE,STK,16133,INE0NR701018,KRISHCA,SM,,,,,KRISHCA STRAPPING SLTN L,209.00,213.00,204.05,209.90,209.00,203.65,,209.90,,,16000,3338650.00,27,F1,500,,,,,
2026-10-06,2026-10-06,CM,NSE,STK,756782,INE0GGO01015,KRISHIVAL,EQ,,,,,KRISHIVAL FOODS LIMITED,406.05,408.00,403.50,404.45,405.00,406.50,,404.45,,,2752,1117372.30,164,F1,1,,,,,
2026-10-06,2026-10-06,CM,NSE,STK,761192,INE0J5601015,KRISHNADEF,EQ,,,,,KRISHNA DEF AND ALD IND L,1294.00,1329.00,1226.10,1312.30,1319.00,1201.00,,1312.30,,,1729929,2206236611.80,99314,F1,1,,,,,
2026-10-06,2026-10-06,CM,NSE,STK,4847,INE967H01025,KIMS,EQ,,,,,KRISHNA INST OF MED SCI L,710.15,711.95,691.00,693.40,694.00,705.45,,693.40,,,913768,635839219.60,48856,F1,1,,,,,
2026-10-06,2026-10-06,CM,NSE,STK,6417,INE479D01038,KRITI,EQ,,,,,KRITI INDUSTRIES IND LTD,61.99,61.99,58.15,60.03,60.00,60.92,,60.03,,,7079,422045.64,184,F1,1,,,,,
2026-10-06,2026-10-06,CM,NSE,STK,11432,INE798K01010,KRITINUT,EQ,,,,,KRITI NUTRIENTS LIMITED,70.11,72.72,70.11,72.61,72.60,69.26,,72.61,,,9501,686684.27,225,F1,1,,,,,
2026-10-06,2026-10-06,CM,NSE,STK,9288,INE00Z501029,KRITIKA,EQ,,,,,KRITIKA WIRES LIMITED,4.99,4.99,4.70,4.95,4.98,4.78,,4.95,,,55178,270569.15,346,F1,1,,,,,
2026-10-06,2026-10-06,CM,NSE,STK,760624,INE1MTV01019,KRMAYURVED,SM,,,,,KRM AYURVEDA LIMITED,273.00,293.00,273.00,291.80,292.80,271.90,,291.80,,,76000,21500600.00,69,F1,1000,,,,,
2026-10-06,2026-10-06,CM,NSE,STK,25643,INE0Q3J01015,KRN,EQ,,,,,KRN HEAT EXCHANGE N REF L,1402.20,1462.30,1400.00,1462.30,1462.30,1392.70,,1463.48,,,105952,154029238.60,5190,F1,1,,,,,
2026-10-06,2026-10-06,CM,NSE,STK,24026,INE0ATZ01017,KRONOX,BE,,,,,KRONOX LAB SCIENCES LTD,196.81,206.65,191.30,206.65,206.65,196.81,,207.05,,,39741,8103788.77,285,F1,1,,,,,
2026-10-06,2026-10-06,CM,NSE,STK,25252,INE0O6601022,KROSS,EQ,,,,,KROSS LIMITED,253.60,256.20,244.75,253.20,255.00,253.60,,253.19,,,458241,115048607.05,11696,F1,1,,,,,
2026-10-06,2026-10-06,CM,NSE,STK,5359,INE08LI01020,KRSNAA,EQ,,,,,KRSNAA DIAGNOSTICS LTD,558.95,564.00,550.00,552.70,553.40,559.35,,552.69,,,33501,18588787.35,4294,F1,1,,,,,
2026-10-06,2026-10-06,CM,NSE,STK,23175,INE0QN801017,KRYSTAL,EQ,,,,,KRYSTAL INTEGRATED SER L,654.65,674.00,640.00,656.65,659.00,654.65,,656.58,,,15827,10446681.20,1261,F1,1,,,,,
2026-10-06,2026-10-06,CM,NSE,STK,1949,INE999A01023,KSB,EQ,,,,,KSB LIMITED,805.00,814.30,793.05,809.10,805.00,803.95,,809.11,,,139737,112200112.10,10256,F1,1,,,,,
2026-10-06,2026-10-06,CM,NSE,STK,764753,INE953E01022,KSE,EQ,,,,,KSE LTD.,173.00,178.80,173.00,176.86,178.80,174.60,,176.46,,,6800,1199073.44,243,F1,1,,,,,
2026-10-06,2026-10-06,CM,NSE,STK,760433,INE987S01020,KSHINTL,EQ,,,,,KSH INTERNATIONAL LIMITED,1036.00,1054.80,1025.00,1034.10,1033.50,1036.70,,1034.10,,,281870,292570074.00,36773,F1,1,,,,,
2026-10-06,2026-10-06,CM,NSE,STK,10412,INE013801027,KSHITIJPOL,BE,,,,,KSHITIJ POLYLINE LIMITED,3.57,3.93,3.57,3.64,3.80,3.75,,3.64,,,20575662,75980606.94,4066,F1,1,,,,,
2026-10-06,2026-10-06,CM,NSE,STK,11060,INE0D6I01023,KSOLVES,EQ,,,,,KSOLVES INDIA LIMITED,246.97,251.00,245.00,248.96,248.80,248.86,,248.98,,,21403,5305722.09,1012,F1,1,,,,,
2026-10-06,2026-10-06,CM,NSE,STK,759989,INE1SPP01016,KSR,BE,,,,,KSR FOOTWEAR LIMITED,38.35,39.99,38.00,38.30,38.11,38.35,,38.30,,,18875,733971.82,46,F1,1,,,,,
2026-10-06,2026-10-06,CM,NSE,STK,13870,INE529I01021,KUANTUM,EQ,,,,,KUANTUM PAPERS LIMITED,77.43,77.57,74.60,75.31,75.61,76.43,,75.31,,,66071,5022018.80,1395,F1,1,,,,,
2026-10-06,2026-10-06,CM,NSE,STK,764116,INE0ISX01025,KUSUMGAR,EQ,,,,,KUSUMGAR LIMITED,603.00,631.95,601.20,611.00,610.15,602.00,,611.01,,,329899,204347618.00,12780,F1,1,,,,,
2026-10-06,2026-10-06,CM,NSE,STK,762757,INE552U01010,KPL,EQ,,,,,KWALITY PHARMACEUTICALS L,3644.20,3777.00,3580.50,3745.00,3767.80,3644.20,,3745.70,,,29281,108261410.10,4991,F1,1,,,,,
2026-10-06,2026-10-06,CM,NSE,STK,760946,INE2KCE01013,KWIL,EQ,,,,,KWALITY WALL'S (INDIA) L,38.10,38.87,37.99,38.29,38.37,37.88,,38.29,,,5805866,222946733.24,21873,F1,1,,,,,
2026-10-06,2026-10-06,CM,NSE,STK,765100,INE341H01023,LKPSEC,EQ,,,,,L K P SECURITIES LTD.,14.58,14.58,13.80,14.30,14.00,14.26,,14.13,,,9479,134815.73,161,F1,1,,,,,
2026-10-06,2026-10-06,CM,NSE,STK,24948,INE498L01015,LTF,EQ,,,,,L&T FINANCE LIMITED,264.00,265.30,261.40,264.40,264.40,263.75,,264.40,,,3148329,829819451.75,33601,F1,1,,,,,
2026-10-06,2026-10-06,CM,NSE,STK,18564,INE010V01017,LTTS,EQ,,,,,L&T TECHNOLOGY SER. LTD.,3219.50,3258.30,3185.00,3246.00,3252.00,3219.50,,3246.23,,,40233,129338425.90,12415,F1,1,,,,,
2026-10-06,2026-10-06,CM,NSE,STK,14423,INE059D01020,LAOPALA,EQ,,,,,LA OPALA RG LIMITED,154.00,159.90,154.00,159.07,158.46,154.47,,159.06,,,125550,19713886.49,4025,F1,1,,,,,
2026-10-06,2026-10-06,CM,NSE,STK,764761,INE519D01015,LADDERUP,BE,,,,,LADDERUP FINANCE LTD.,50.25,52.20,50.25,52.20,52.20,52.16,,52.20,,,33,1687.50,4,F1,1,,,,,
2026-10-06,2026-10-06,CM,NSE,STK,5865,INE548Z01017,LAGNAM,EQ,,,,,LAGNAM SPINTEX LIMITED,76.70,76.70,68.83,73.59,73.50,71.10,,73.59,,,1365,97629.98,31,F1,1,,,,,
2026-10-06,2026-10-06,CM,NSE,STK,762762,INE515C01023,LAHOTIOV,EQ,,,,,LAHOTI OVERSEAS LTD.,39.03,40.00,39.00,39.12,39.50,39.98,,39.12,,,5017,199648.09,42,F1,1,,,,,
2026-10-06,2026-10-06,CM,NSE,STK,7902,INE850E01012,LFIC,EQ,,,,,LAKSHMI FIN IND CORP LTD,128.00,133.00,127.20,130.42,133.00,128.62,,130.42,,,434,56245.83,39,F1,1,,,,,
2026-10-06,2026-10-06,CM,NSE,STK,764763,INE938C01019,LAKSHMIMIL,EQ,,,,,LAKSHMI MILLS CO. LTD.,7800.00,7991.50,7600.00,7733.50,7871.00,7855.00,,7733.50,,,115,895605.00,35,F1,1,,,,,
2026-10-06,2026-10-06,CM,NSE,STK,4774,INE651C01018,LAKPRE,BZ,,,,,LAKSHMI PRE SCRE LTD,5.00,5.25,5.00,5.25,5.25,5.25,,5.25,,,331,1662.50,8,F1,1,,,,,
2026-10-06,2026-10-06,CM,NSE,STK,25860,INE0VZS01015,LAKSHYA,SM,,,,,LAKSHYA POWERTECH LIMITED,95.00,95.00,93.00,93.05,93.00,97.05,,93.05,,,20000,1873840.00,14,F1,800,,,,,
2026-10-06,2026-10-06,CM,NSE,STK,765361,INE0K9O01026,LALITHAA,EQ,,,,,LALITHAA JEWELLERY MART L,395.80,408.25,389.95,405.45,405.75,392.60,,405.41,,,2951065,1177321688.60,33124,F1,1,,,,,
2026-10-06,2026-10-06,CM,NSE,STK,6407,INE112F01022,LAMBODHARA,EQ,,,,,LAMBODHARA TEXTILES LTD.,126.60,142.00,126.60,135.95,136.20,126.51,,135.95,,,67140,9134864.56,1639,F1,1,,,,,
2026-10-06,2026-10-06,CM,NSE,STK,27225,INE0R0201012,LAMOSAIC,ST,,,,,LAMOSAIC INDIA LIMITED,47.05,49.30,44.95,47.70,49.30,47.30,,47.70,,,81600,3742830.00,85,F1,600,,,,,
2026-10-06,2026-10-06,CM,NSE,STK,9392,INE359U01028,LANCER,EQ,,,,,LANCER CONTAINER LINES L,11.49,11.49,11.16,11.28,11.30,11.15,,11.28,,,184522,2082587.79,593,F1,1,,,,,
2026-10-06,2026-10-06,CM,NSE,STK,23030,INE572G01025,LANCORHOL,BE,,,,,LANCOR HOLDINGS LIMITED,31.84,32.50,31.06,32.21,32.50,31.22,,32.27,,,25327,804752.64,120,F1,1,,,,,
2026-10-06,2026-10-06,CM,NSE,STK,13276,INE559R01029,LANDMARK,EQ,,,,,LANDMARK CARS LIMITED,475.00,484.00,469.85,480.60,483.00,470.70,,480.59,,,71976,34396130.90,2791,F1,1,,,,,
2026-10-06,2026-10-06,CM,NSE,STK,16863,INE197J01017,LPDC,EQ,,,,,LANDMARK PR.DEV.CO.LTD,6.29,6.30,6.15,6.23,6.21,6.30,,6.27,,,20099,125159.27,151,F1,1,,,,,
2026-10-06,2026-10-06,CM,NSE,STK,17376,INE688J01023,LANDSMILL,EQ,,,,,LANDSMILL GREEN LIMITED,1.02,1.05,0.93,0.93,0.93,1.03,,0.93,,,11262310,10851997.10,1832,F1,1,,,,,
2026-10-06,2026-10-06,CM,NSE,STK,11483,INE018A01030,LT,EQ,,,,,LARSEN & TOUBRO LTD.,3742.50,3774.10,3730.00,3770.00,3770.00,3750.00,,3770.01,,,1994276,7482304178.00,85491,F1,1,,,,,
2026-10-06,2026-10-06,CM,NSE,STK,764126,INE17IR01028,LASERPOWER,EQ,,,,,LASER POWER & INFRA LTD,271.00,279.95,265.85,278.80,279.50,267.75,,278.81,,,681633,186745513.65,10536,F1,1,,,,,
2026-10-06,2026-10-06,CM,NSE,STK,6818,INE0I7C01011,LATENTVIEW,EQ,,,,,LATENT VIEW ANALYTICS LTD,237.00,238.77,232.50,233.28,234.97,235.68,,233.28,,,267880,62811993.03,7654,F1,1,,,,,
2026-10-06,2026-10-06,CM,NSE,STK,15840,INE262Z01023,LATTEYS,EQ,,,,,LATTEYS INDUSTRIES LTD,20.41,23.98,20.41,21.89,21.70,20.40,,21.89,,,135856,2955591.30,467,F1,1,,,,,
2026-10-06,2026-10-06,CM,NSE,STK,19234,INE947Q01028,LAURUSLABS,EQ,,,,,LAURUS LABS LIMITED,1968.90,2054.90,1958.00,2050.00,2050.00,1971.40,,2050.04,,,2197316,4414933409.30,57291,F1,1,,,,,
2026-10-06,2026-10-06,CM,NSE,STK,6568,INE801V01019,LAXMICOT,EQ,,,,,LAXMI COTSPIN LIMITED,12.91,13.29,12.43,12.63,12.50,12.91,,12.63,,,8119,104261.49,90,F1,1,,,,,
2026-10-06,2026-10-06,CM,NSE,STK,29171,INE0WO601020,LAXMIDENTL,EQ,,,,,LAXMI DENTAL LIMITED,190.54,192.38,188.21,190.53,191.68,190.54,,190.54,,,34854,6641189.85,1161,F1,1,,,,,
2026-10-06,2026-10-06,CM,NSE,STK,19876,INE258Y01016,LGHL,EQ,,,,,LAXMI GOLDORNA HOUSE LTD,224.00,224.00,210.00,213.69,214.89,213.99,,213.69,,,18433,3941956.91,670,F1,1,,,,,
2026-10-06,2026-10-06,CM,NSE,STK,758863,INE06WU01026,LAXMIINDIA,EQ,,,,,LAXMI INDIA FINANCE LTD,114.40,114.96,111.00,111.59,112.10,112.94,,111.59,,,110943,12473827.21,2446,F1,1,,,,,
2026-10-06,2026-10-06,CM,NSE,STK,2841,INE576O01020,LXCHEM,EQ,,,,,LAXMI ORGANIC INDUS LTD,177.15,190.90,177.15,188.86,189.20,177.08,,188.85,,,4355804,816599835.92,45949,F1,1,,,,,
2026-10-06,2026-10-06,CM,NSE,STK,7537,INE938A01021,LCCINFOTEC,BE,,,,,LCC INFOTECH LTD,3.78,3.78,3.53,3.59,3.65,3.71,,3.59,,,69594,247290.90,106,F1,1,,,,,
2026-10-06,2026-10-06,CM,NSE,STK,766044,INE1FPN01026,LCCPROJECT,EQ,,,,,LCC PROJECTS LIMITED,142.03,146.90,138.80,144.08,144.56,148.44,,144.21,,,1374162,196822202.92,16227,F1,1,,,,,
2026-10-06,2026-10-06,CM,NSE,STK,760300,INE0G1L01025,LEMERITE,EQ,,,,,LE MERITE EXPORTS LIMITED,20.60,20.60,19.40,19.80,19.89,20.04,,19.80,,,142615,2844314.90,257,F1,1,,,,,
2026-10-06,2026-10-06,CM,NSE,STK,24067,INE0HV901016,IXIGO,EQ,,,,,LE TRAVENUES TECHNOLOGY L,161.03,161.83,158.24,160.13,160.25,161.00,,160.13,,,1707336,272912508.96,24973,F1,1,,,,,
2026-10-06,2026-10-06,CM,NSE,STK,14204,INE0H4B01011,LRRPL,SM,,,,,LEAD REC AND RUB PROD LTD,101.00,101.00,100.70,100.70,100.70,106.00,,100.70,,,7500,756150.00,5,F1,1500,,,,,
2026-10-06,2026-10-06,CM,NSE,STK,764523,INE00GO01025,LEAPIND,EQ,,,,,LEAP INDIA LIMITED,142.88,145.48,141.94,142.48,142.20,141.35,,142.48,,,1035046,148576517.20,17175,F1,1,,,,,
2026-10-06,2026-10-06,CM,NSE,STK,765098,INE791B01014,LEENEE,BE,,,,,LEE & NEE SOFTWARES (E) L,7.49,7.79,7.12,7.39,7.44,7.49,,7.36,,,13445,98016.01,60,F1,1,,,,,
2026-10-06,2026-10-06,CM,NSE,STK,757014,INE0AQ201015,THELEELA,EQ,,,,,LEELA PALACES HOTEL LTD,582.00,589.70,566.50,582.70,583.00,577.60,,582.69,,,514330,298145916.95,53185,F1,1,,,,,
2026-10-06,2026-10-06,CM,NSE,STK,2606,INE970X01018,LEMONTREE,EQ,,,,,LEMON TREE HOTELS LTD,107.86,110.50,107.50,110.12,109.80,107.86,,110.12,,,4208738,458737418.22,38133,F1,1,,,,,
2026-10-06,2026-10-06,CM,NSE,STK,759605,INE956O01016,LENSKART,EQ,,,,,LENSKART SOLUTIONS LTD,692.15,695.00,682.50,684.85,685.00,692.75,,684.85,,,2891155,1987734627.25,69347,F1,1,,,,,
2026-10-06,2026-10-06,CM,NSE,STK,14459,INE500X01013,LEXUS,EQ,,,,,LEXUS GRANITO (INDIA) LTD,10.91,10.93,10.50,10.81,10.70,10.81,,10.81,,,11175,120464.62,145,F1,1,,,,,
2026-10-06,2026-10-06,CM,NSE,STK,18321,INE337A01034,LGBBROSLTD,EQ,,,,,LG BALAKRISHNAN & BROS,1674.90,1674.90,1640.00,1657.80,1670.00,1663.50,,1657.84,,,27432,45451815.80,4048,F1,1,,,,,
2026-10-06,2026-10-06,CM,NSE,STK,760213,INE324D01010,LGEINDIA,EQ,,,,,LG ELECTRONICS INDIA LTD,1775.00,1789.60,1750.00,1758.60,1758.80,1770.90,,1758.60,,,687055,1214226885.00,43659,F1,1,,,,,
2026-10-06,2026-10-06,CM,NSE,STK,11082,INE908V01012,LIBAS,EQ,,,,,LIBAS CONSU PRODUCTS LTD,11.42,12.00,11.00,11.51,11.65,11.21,,11.51,,,128333,1455621.36,181,F1,1,,,,,
2026-10-06,2026-10-06,CM,NSE,STK,1994,INE557B01019,LIBERTSHOE,EQ,,,,,LIBERTY SHOES LTD,212.44,219.50,211.71,218.57,218.99,212.42,,218.57,,,14502,3143042.71,676,F1,1,,,,,
2026-10-06,2026-10-06,CM,NSE,STK,1997,INE115A01026,LICHSGFIN,EQ,,,,,LIC HOUSING FINANCE LTD,505.30,507.55,498.85,502.00,502.00,505.00,,501.98,,,1198970,602493903.75,15491,F1,1,,,,,
2026-10-06,2026-10-06,CM,NSE,STK,25640,INF767K01SM1,LICMFGOLD,EQ,,,,,LIC MF - LIC GOLD ETF,132.30,132.35,131.25,132.00,131.80,132.35,,131.96,,,77864,10259430.65,572,F1,1,,,,,
2026-10-06,2026-10-06,CM,NSE,STK,11319,INF767K01OS7,LICNETFN50,EQ,,,,,LICNAMC - LICNFENGP,255.04,255.84,253.87,255.83,255.83,254.27,,255.83,,,80,20440.23,15,F1,1,,,,,
2026-10-06,2026-10-06,CM,NSE,STK,11441,INF767K01OT5,LICNETFSEN,EQ,,,,,LICNAMC - LICNFESGP,866.00,866.00,823.00,823.00,823.00,822.49,,824.81,,,2,1689.00,2,F1,1,,,,,
2026-10-06,2026-10-06,CM,NSE,STK,15229,INF767K01PC8,LICNFNHGP,EQ,,,,,LICNAMC - LICNFNHGP,261.09,266.28,261.04,262.40,262.40,261.09,,261.96,,,83,21764.76,10,F1,1,,,,,
2026-10-06,2026-10-06,CM,NSE,STK,6062,INF767K01MV5,LICNETFGSC,EQ,,,,,LICNAMC - LICNMFET,29.25,29.25,28.99,29.02,29.00,28.99,,29.02,,,5566,161674.52,80,F1,1,,,,,
2026-10-06,2026-10-06,CM,NSE,STK,22722,INF767K01RN1,LICNMID100,EQ,,,,,LICNAMC - LICNMID100,59.22,59.85,59.07,59.62,59.63,59.48,,59.62,,,2932,175028.30,56,F1,1,,,,,
2026-10-06,2026-10-06,CM,NSE,STK,9480,INE0J1Y01017,LICI,EQ,,,,,LIFE INSURA CORP OF INDIA,390.00,392.20,386.50,390.00,390.00,388.70,,390.00,,,3373619,1316110911.25,30163,F1,1,,,,,
2026-10-06,2026-10-06,CM,NSE,STK,578,INE060901027,LIKHITHA,EQ,,,,,LIKHITHA INFRASTRUC LTD,225.47,228.68,223.51,226.66,225.77,227.43,,226.68,,,24710,5587468.29,1079,F1,1,,,,,
2026-10-06,2026-10-06,CM,NSE,STK,6951,INE802B01027,LINC,EQ,,,,,LINC LIMITED,87.53,88.60,87.00,88.25,87.81,87.53,,88.23,,,4395,387154.78,153,F1,1,,,,,
2026-10-06,2026-10-06,CM,NSE,STK,11596,INE405C01035,LINCOLN,EQ,,,,,LINCOLN PHARMA LTD,573.40,586.65,569.20,577.80,581.00,567.20,,577.81,,,15982,9192558.80,1348,F1,1,,,,,
2026-10-06,2026-10-06,CM,NSE,STK,1627,INE473A01011,LINDEINDIA,EQ,,,,,LINDE INDIA LIMITED,6030.00,6171.00,6029.50,6152.50,6166.00,6041.00,,6152.54,,,17348,106276220.50,5443,F1,1,,,,,
2026-10-06,2026-10-06,CM,NSE,STK,17801,INE093R01011,LLOYDSENGG,EQ,,,,,LLOYDS ENGG WORK LIMITED,102.86,103.79,99.63,101.15,101.15,102.20,,101.15,,,10878549,1103087990.34,53107,F1,1,,,,,
2026-10-06,2026-10-06,CM,NSE,STK,25807,INE080I01025,LLOYDSENT,EQ,,,,,LLOYDS ENTERPRISES LTD,80.04,81.84,78.17,78.83,78.66,79.63,,78.82,,,3341137,266882947.84,17786,F1,1,,,,,
2026-10-06,2026-10-06,CM,NSE,STK,11472,INE0DTQ01028,LLOYDS,SM,,,,,LLOYDS LUXURIES LIMITED,62.00,62.00,62.00,62.00,62.00,62.00,,62.00,,,1000,62000.00,1,F1,1000,,,,,
2026-10-06,2026-10-06,CM,NSE,STK,17313,INE281B01032,LLOYDSME,EQ,,,,,LLOYDS METALS N ENERGY L,1834.00,1869.00,1827.10,1858.20,1856.00,1802.50,,1858.32,,,569041,1051902278.40,43076,F1,1,,,,,
2026-10-06,2026-10-06,CM,NSE,STK,1979,INE269B01029,LMW,EQ,,,,,LMW LIMITED,16620.00,17101.00,16534.00,16910.00,17079.00,16530.00,,16910.58,,,3635,61396253.00,1518,F1,1,,,,,
2026-10-06,2026-10-06,CM,NSE,STK,3220,INE670K01029,LODHA,EQ,,,,,LODHA DEVELOPERS LIMITED,1125.00,1141.90,1119.30,1135.60,1135.60,1132.50,,1135.60,,,1572481,1781007919.70,44238,F1,1,,,,,
2026-10-06,2026-10-06,CM,NSE,STK,764296,INE0QJW01029,LCL,EQ,,,,,LOHIA CORP LIMITED,582.70,634.45,581.55,627.55,629.10,578.95,,627.57,,,2300964,1424414372.60,88493,F1,1,,,,,
2026-10-06,2026-10-06,CM,NSE,STK,13436,INE397H01017,LOKESHMACH,EQ,,,,,LOKESH MACHINES LTD,438.70,471.20,431.25,455.70,451.50,446.25,,455.65,,,687289,312566124.55,27611,F1,1,,,,,
2026-10-06,2026-10-06,CM,NSE,STK,18232,INE846D01012,LORDSCHLO,EQ,,,,,LORDS CHLORO ALKALI LTD,138.20,145.25,137.35,139.21,139.90,137.66,,139.21,,,37635,5319293.78,1097,F1,1,,,,,
2026-10-06,2026-10-06,CM,NSE,STK,14924,INE740X01023,LAL,EQ,,,,,LORENZINI APPARELS LTD,8.45,8.79,8.36,8.50,8.59,8.45,,8.55,,,13135,111593.64,74,F1,1,,,,,
2026-10-06,2026-10-06,CM,NSE,STK,764768,INE026D01011,LOTUSCHO,EQ,,,,,LOTUS CHOCOLATE CO. LTD.,562.00,585.00,549.00,579.65,585.00,536.80,,579.81,,,6149,3484969.55,581,F1,1,,,,,
2026-10-06,2026-10-06,CM,NSE,STK,16807,INE947I01017,LOTUSEYE,EQ,,,,,LOTUS EYE HOSP & INST L,114.85,115.80,114.85,115.37,115.80,115.61,,115.37,,,12509,1443566.07,112,F1,1,,,,,
2026-10-06,2026-10-06,CM,NSE,STK,22415,INE597L01014,LOVABLE,EQ,,,,,LOVABLE LINGERIE LTD,69.00,70.50,68.25,69.00,69.40,68.80,,69.00,,,2810,194516.29,108,F1,1,,,,,
2026-10-06,2026-10-06,CM,NSE,STK,10590,INE970D01010,LOYALTEX,EQ,,,,,LOYAL TEXTILE MILLS LTD,205.20,207.00,205.20,207.00,207.00,206.50,,207.00,,,11,2259.00,2,F1,1,,,,,
2026-10-06,2026-10-06,CM,NSE,STK,13816,INE818H01020,LTFOODS,EQ,,,,,LT FOODS LIMITED,405.80,416.60,405.45,408.15,409.35,405.80,,408.15,,,285857,117387670.30,14039,F1,1,,,,,
2026-10-06,2026-10-06,CM,NSE,STK,17818,INE214T01019,LTM,EQ,,,,,LTM LIMITED,4011.90,4036.20,3952.10,3971.10,3971.10,4010.00,,3971.14,,,176859,703533370.50,16336,F1,1,,,,,
2026-10-06,2026-10-06,CM,NSE,STK,14014,INE872H01027,LUMAXTECH,EQ,,,,,LUMAX AUTO TECH LTD,1990.00,1990.00,1842.50,1856.90,1848.00,1967.60,,1856.96,,,311867,588544736.80,37967,F1,1,,,,,
2026-10-06,2026-10-06,CM,NSE,STK,2018,INE162B01018,LUMAXIND,EQ,,,,,LUMAX INDUSTRIES LTD,5439.50,5510.50,5396.00,5435.50,5430.00,5439.00,,5435.53,,,7818,42602397.00,2402,F1,1,,,,,
2026-10-06,2026-10-06,CM,NSE,STK,765524,INE185Q01025,LUMINO,EQ,,,,,LUMINO INDUSTRIES LIMITED,99.48,103.10,97.50,101.67,102.80,98.88,,101.68,,,5939874,593637476.38,27580,F1,1,,,,,
2026-10-06,2026-10-06,CM,NSE,STK,10440,INE326A01037,LUPIN,EQ,,,,,LUPIN LIMITED,2011.00,2031.40,2003.00,2029.30,2029.30,2011.00,,2029.30,,,1066347,2158561256.70,46799,F1,1,,,,,
2026-10-06,2026-10-06,CM,NSE,STK,11301,INE150G01020,LUXIND,EQ,,,,,LUX INDUSTRIES LIMITED,1169.70,1195.00,1165.00,1177.00,1178.00,1183.90,,1177.00,,,25557,30190654.20,3237,F1,1,,,,,
2026-10-06,2026-10-06,CM,NSE,STK,7248,INE933A01014,LYKALABS,BE,,,,,LYKA LABS LTD.,77.48,78.39,75.00,75.26,75.80,77.48,,75.17,,,42595,3232267.65,143,F1,1,,,,,
2026-10-06,2026-10-06,CM,NSE,STK,758150,INE08N601015,MBEL,EQ,,,,,M AND B ENGINEERING LTD,246.20,258.25,246.20,255.41,255.50,247.63,,255.41,,,116396,29542586.72,4940,F1,1,,,,,
2026-10-06,2026-10-06,CM,NSE,STK,765120,INE227F01010,MKEXIM,EQ,,,,,M K EXIM (INDIA) LTD.,67.00,67.00,64.47,64.59,64.47,66.32,,64.61,,,3449,223582.57,63,F1,1,,,,,
2026-10-06,2026-10-06,CM,NSE,STK,16736,INE964W01021,MKPL,EQ,,,,,M K PROTEINS LIMITED,3.97,4.60,3.90,3.99,4.00,3.90,,3.99,,,359653,1473271.38,494,F1,1,,,,,
2026-10-06,2026-10-06,CM,NSE,STK,22360,INE813V01022,MCL,EQ,,,,,M TEK COPPER LIMITED,53.49,54.97,52.80,54.82,54.96,52.08,,54.82,,,58157,3145327.10,1468,F1,1,,,,,
2026-10-06,2026-10-06,CM,NSE,STK,13285,INE774D01024,M&MFIN,EQ,,,,,M&M FIN. SERVICES LTD,327.00,329.85,322.30,327.75,329.05,326.20,,327.75,,,1798943,584511336.30,38486,F1,1,,,,,
2026-10-06,2026-10-06,CM,NSE,STK,22976,INE0SGC01015,MVKAGRO,SM,,,,,M.V.K. AGRO FOOD PROD LTD,226.95,227.00,217.25,217.30,217.25,228.65,,217.30,,,57300,12594555.00,102,F1,300,,,,,
2026-10-06,2026-10-06,CM,NSE,STK,15017,INE215I01027,MAANALU,EQ,,,,,MAAN ALUMINIUM LIMITED,106.00,106.57,103.10,105.03,105.00,104.98,,105.03,,,43861,4608089.23,1730,F1,1,,,,,
2026-10-06,2026-10-06,CM,NSE,STK,762782,INE435D01014,MCCHRLS-B,EQ,,,,,MAC CHARLES (INDIA) LTD.,665.00,679.00,620.00,674.25,665.00,683.15,,672.88,,,460,298555.70,70,F1,1,,,,,
2026-10-06,2026-10-06,CM,NSE,STK,24545,INE0R0J01010,MACOBSTECH,SM,,,,,MACOBS TECHNOLOGIES LTD,194.00,203.70,194.00,203.70,203.70,202.00,,203.70,,,4000,785360.00,3,F1,800,,,,,
2026-10-06,2026-10-06,CM,NSE,STK,22347,INE155Z01011,MACPOWER,EQ,,,,,MACPOWER CNC MACHINES LTD,2198.50,2198.50,2044.10,2090.10,2097.00,2160.50,,2090.10,,,44507,94223409.60,6580,F1,1,,,,,
2026-10-06,2026-10-06,CM,NSE,STK,762767,INE631R01026,MADHAVIPL,EQ,,,,,MADHAV INFRA PROJECTS L,7.26,7.45,7.21,7.35,7.37,7.26,,7.35,,,76389,560435.51,197,F1,1,,,,,
2026-10-06,2026-10-06,CM,NSE,STK,15151,INE925C01016,MADHAV,EQ,,,,,MADHAV MARBLE & GRANITE,33.60,35.44,33.60,33.93,34.25,34.08,,33.93,,,10225,345389.79,75,F1,1,,,,,
2026-10-06,2026-10-06,CM,NSE,STK,13671,INE378D01032,MADHUCON,EQ,,,,,MADHUCON PROJECTS LTD.,3.88,4.05,3.79,3.96,3.96,3.88,,3.96,,,24076,94432.84,59,F1,1,,,,,
2026-10-06,2026-10-06,CM,NSE,STK,765476,INE1P5601010,MADHURKNIT,SM,,,,,MADHUR KNIT CRAFTS LTD,55.00,56.70,54.00,55.10,55.10,55.80,,55.10,,,16800,927840.00,14,F1,1200,,,,,
2026-10-06,2026-10-06,CM,NSE,STK,18738,INE0P6701019,MADHUSUDAN,ST,,,,,MADHUSUDAN MASALA LIMITED,230.00,232.00,227.15,227.15,227.15,235.00,,227.15,,,3000,689150.00,3,F1,1000,,,,,
2026-10-06,2026-10-06,CM,NSE,STK,12686,INE900L01028,MBAPL,EQ,,,,,MADHYA BHARAT AGRO P. LTD,164.00,167.50,164.00,166.95,167.00,163.66,,166.95,,,444655,73819084.01,5196,F1,1,,,,,
2026-10-06,2026-10-06,CM,NSE,STK,4911,INE414A01015,MADRASFERT,EQ,,,,,MADRAS FERTILISERS LTD,58.40,59.50,57.61,58.98,59.50,57.61,,58.98,,,30663,1800347.77,705,F1,1,,,,,
2026-10-06,2026-10-06,CM,NSE,STK,762772,INE270B01035,MAFATIND,EQ,,,,,MAFATLAL INDUSTRIES LTD.,111.00,116.80,109.81,115.64,116.00,109.26,,115.64,,,37850,4294124.90,1358,F1,1,,,,,
2026-10-06,2026-10-06,CM,NSE,STK,21392,INE347W01011,MAGADSUGAR,EQ,,,,,MAGADH SUGAR & ENERGY LTD,547.50,566.60,542.85,552.45,552.65,539.40,,552.47,,,57458,31904944.50,3321,F1,1,,,,,
2026-10-06,2026-10-06,CM,NSE,STK,29482,INE613C01026,MCLOUD,EQ,,,,,MAGELLANIC CLOUD LIMITED,24.88,25.05,24.45,24.85,25.02,24.54,,24.85,,,1349922,33522049.79,3271,F1,1,,,,,
2026-10-06,2026-10-06,CM,NSE,STK,14957,INE387I01016,MAGNUM,EQ,,,,,MAGNUM VENTURES LTD.,18.17,18.60,18.05,18.19,18.18,18.26,,18.31,,,5858,106705.13,94,F1,1,,,,,
2026-10-06,2026-10-06,CM,NSE,STK,17088,INE0O1S01012,MAGSON,SM,,,,,MAGSON RETAIL AND DIST L,189.00,192.00,182.05,183.00,183.00,185.50,,183.00,,,36000,6745300.00,25,F1,1000,,,,,
2026-10-06,2026-10-06,CM,NSE,STK,5239,INE843B01013,MAHAPEXLTD,EQ,,,,,MAHA RASHTRA APEX COPR. L,51.00,51.99,49.23,50.84,50.00,50.46,,50.84,,,1786,90480.87,61,F1,1,,,,,
2026-10-06,2026-10-06,CM,NSE,STK,24937,INE0US801024,MFML,EQ,,,,,MAHALAXMI FABRIC MILLS LT,18.50,19.54,18.16,19.19,19.50,18.16,,19.19,,,478,8826.88,26,F1,1,,,,,
2026-10-06,2026-10-06,CM,NSE,STK,7889,INE112D01035,MHLXMIRU,BE,,,,,MAHALAXMI RUBTECH LIMITED,166.40,177.95,166.40,171.12,170.33,171.00,,171.12,,,2836,497002.57,37,F1,1,,,,,
2026-10-06,2026-10-06,CM,NSE,STK,17531,INE451L01014,MAHASTEEL,BE,,,,,MAHAMAYA STEEL INDS LTD,1162.00,1162.00,1131.40,1139.30,1132.10,1167.10,,1141.66,,,892,1021371.50,136,F1,1,,,,,
2026-10-06,2026-10-06,CM,NSE,STK,17534,INE002S01010,MGL,EQ,,,,,MAHANAGAR GAS LTD.,1041.50,1048.40,1033.00,1039.80,1039.20,1043.70,,1039.80,,,57016,59187018.80,9104,F1,1,,,,,
2026-10-06,2026-10-06,CM,NSE,STK,2294,INE153A01019,MTNL,EQ,,,,,MAHANAGAR TELEPHONE NIGAM,23.24,23.58,23.20,23.28,23.24,23.19,,23.28,,,893842,20846203.77,3058,F1,1,,,,,
2026-10-06,2026-10-06,CM,NSE,STK,2085,INE288A01013,MAHSCOOTER,EQ,,,,,MAHARASHTRA SCOOTERS LTD,12465.00,12567.00,12281.00,12315.00,12318.00,12507.00,,12314.77,,,5136,63351350.00,2435,F1,1,,,,,
2026-10-06,2026-10-06,CM,NSE,STK,2088,INE271B01025,MAHSEAMLES,EQ,,,,,MAHARASHTRA SEAMLESS LTD,686.10,696.00,683.00,685.70,683.00,685.05,,685.71,,,219713,151440045.20,21920,F1,1,,,,,
2026-10-06,2026-10-06,CM,NSE,STK,758688,INE632Q01018,MRIL,ST,,,,,MAHENDRA REALTO & INFRA L,70.00,70.00,68.60,68.60,68.60,72.20,,68.60,,,17600,1209600.00,11,F1,1600,,,,,
2026-10-06,2026-10-06,CM,NSE,STK,9576,INE263W01010,MAHESHWARI,EQ,,,,,MAHESHWARI LOGISTICS LTD.,72.48,72.48,70.53,71.44,71.44,72.48,,71.44,,,999,71102.62,31,F1,1,,,,,
2026-10-06,2026-10-06,CM,NSE,STK,2031,INE101A01026,M&M,EQ,,,,,MAHINDRA & MAHINDRA LTD,2849.00,2866.00,2837.30,2855.00,2855.00,2857.60,,2854.98,,,2611087,7443735746.10,106207,F1,1,,,,,
2026-10-06,2026-10-06,CM,NSE,STK,17603,INE215D01010,MAHEPC,EQ,,,,,MAHINDRA EPC IRRIG LTD,96.75,99.80,95.18,98.97,99.49,96.75,,98.81,,,10718,1052209.36,413,F1,1,,,,,
2026-10-06,2026-10-06,CM,NSE,STK,17333,INE998I01010,MHRIL,EQ,,,,,MAHINDRA HOLIDAYS LTD,194.81,197.25,194.31,196.71,195.00,194.81,,196.71,,,41115,8059524.84,1998,F1,1,,,,,
2026-10-06,2026-10-06,CM,NSE,STK,8050,INE813A01018,MAHLIFE,EQ,,,,,MAHINDRA LIFESPACE DEVLTD,351.00,353.70,346.05,352.20,353.70,351.10,,352.19,,,101799,35626528.85,5484,F1,1,,,,,
2026-10-06,2026-10-06,CM,NSE,STK,385,INE766P01016,MAHLOG,EQ,,,,,MAHINDRA LOGISTIC LIMITED,403.50,417.25,403.50,415.05,416.50,406.75,,415.03,,,89588,36981551.15,5460,F1,1,,,,,
2026-10-06,2026-10-06,CM,NSE,STK,24538,INE683C01011,MAITHANALL,EQ,,,,,MAITHAN ALLOYS LTD,914.90,923.70,908.05,911.00,912.00,905.60,,910.90,,,26492,24192996.20,2449,F1,1,,,,,
2026-10-06,2026-10-06,CM,NSE,STK,19809,INE0PLQ01011,MAITREYA,SM,,,,,MAITREYA MEDICARE LIMITED,113.05,116.00,113.05,113.50,113.50,117.40,,113.50,,,4800,550980.00,10,F1,400,,,,,
2026-10-06,2026-10-06,CM,NSE,STK,762780,INE201B01022,MAJESAUT,BE,,,,,MAJESTIC AUTO LTD.,360.50,370.50,360.50,369.15,369.75,365.80,,365.45,,,1540,568288.45,86,F1,1,,,,,
2026-10-06,2026-10-06,CM,NSE,STK,764773,INE987A01010,MAKERSL,EQ,,,,,MAKERS LABORATORIES LTD.,177.01,186.99,177.00,183.00,183.00,177.40,,183.00,,,296,53643.53,49,F1,1,,,,,
2026-10-06,2026-10-06,CM,NSE,STK,7965,INE389C01015,MALLCOM,EQ,,,,,MALLCOM (INDIA) LIMITED,912.35,924.75,892.20,903.30,910.00,911.65,,903.46,,,5552,5059369.40,313,F1,1,,,,,
2026-10-06,2026-10-06,CM,NSE,STK,13352,INE383H01017,MALUPAPER,EQ,,,,,MALU PAPER MILLS LIMITED,31.19,32.94,30.95,32.40,32.50,31.19,,32.40,,,13408,429410.53,162,F1,1,,,,,
2026-10-06,2026-10-06,CM,NSE,STK,28687,INE0TO701015,MAMATA,EQ,,,,,MAMATA MACHINERY LIMITED,404.90,404.90,394.00,395.65,395.00,402.95,,395.69,,,73276,29150448.90,2226,F1,1,,,,,
2026-10-06,2026-10-06,CM,NSE,STK,7413,INE830Q01018,MANAKCOAT,EQ,,,,,MAN COAT METAL & IND LTD,126.10,131.49,125.95,129.32,131.00,126.17,,129.33,,,367367,47423520.77,2438,F1,1,,,,,
2026-10-06,2026-10-06,CM,NSE,STK,11884,INE993A01026,MANINDS,EQ,,,,,MAN INDUSTRIES (I) LTD.,885.10,928.00,882.05,922.05,924.10,888.25,,922.04,,,456249,418405607.15,23763,F1,1,,,,,
2026-10-06,2026-10-06,CM,NSE,STK,18226,INE949H01023,MANINFRA,EQ,,,,,MAN INFRA LTD,123.30,124.99,122.35,123.24,123.39,123.78,,123.24,,,1146888,142139501.55,5329,F1,1,,,,,
2026-10-06,2026-10-06,CM,NSE,STK,7420,INE859Q01017,MANAKALUCO,EQ,,,,,MANAK ALUMINIUM CO. LTD.,33.40,34.44,33.10,33.24,33.50,33.66,,33.24,,,35396,1179918.94,450,F1,1,,,,,
2026-10-06,2026-10-06,CM,NSE,STK,15199,INE015D01022,MANAKSIA,EQ,,,,,MANAKSIA LTD.,58.80,59.79,57.57,59.05,59.42,57.99,,59.05,,,50235,2935972.12,1269,F1,1,,,,,
2026-10-06,2026-10-06,CM,NSE,STK,7482,INE824Q01011,MANAKSTEEL,BE,,,,,MANAKSIA STEELS LTD,103.45,108.88,100.35,108.88,108.88,103.70,,108.88,,,51919,5474872.06,230,F1,1,,,,,
2026-10-06,2026-10-06,CM,NSE,STK,13796,INE201A01024,MANALIPETC,EQ,,,,,MANALI PETROCHEMICALS LT,88.00,92.80,87.45,92.36,92.00,87.19,,92.36,,,10482494,955175522.10,52131,F1,1,,,,,
2026-10-06,2026-10-06,CM,NSE,STK,19061,INE522D01027,MANAPPURAM,EQ,,,,,MANAPPURAM FINANCE LTD,311.40,312.95,305.95,310.20,310.20,310.70,,310.18,,,3956853,1221100427.25,27853,F1,1,,,,,
2026-10-06,2026-10-06,CM,NSE,STK,759351,INE0U4H01011,MPEL,SM,,,,,MANAS POLYMER N ENERGIE L,22.75,25.05,22.75,22.80,22.75,23.90,,22.80,,,2419200,55595120.00,202,F1,1600,,,,,
2026-10-06,2026-10-06,CM,NSE,STK,25597,INE939X01013,MANBA,EQ,,,,,MANBA FINANCE LIMITED,140.08,142.00,138.50,141.35,141.00,138.60,,141.31,,,43633,6103078.75,539,F1,1,,,,,
2026-10-06,2026-10-06,CM,NSE,STK,24823,INE545L01039,MANCREDIT,EQ,,,,,MANGAL CREDIT N FINCORP L,225.90,238.00,221.41,231.90,232.98,221.10,,231.90,,,213610,49374828.08,3059,F1,1,,,,,
2026-10-06,2026-10-06,CM,NSE,STK,758748,INE0PKD01011,MEIL,EQ,,,,,MANGAL ELECTRICAL IND L,256.65,268.50,256.65,263.45,263.40,256.65,,263.48,,,52828,13900902.00,1689,F1,1,,,,,
2026-10-06,2026-10-06,CM,NSE,STK,19137,INE00C401011,MAL,ST,,,,,MANGALAM ALLOYS LIMITED,37.55,38.00,37.50,38.00,38.00,39.05,,38.00,,,19200,722240.00,10,F1,1600,,,,,
2026-10-06,2026-10-06,CM,NSE,STK,2106,INE347A01017,MANGLMCEM,EQ,,,,,MANGALAM CEMENT LTD,990.00,994.65,982.25,988.10,994.65,990.80,,988.11,,,24374,24092276.75,1445,F1,1,,,,,
2026-10-06,2026-10-06,CM,NSE,STK,11817,INE584F01014,MANGALAM,EQ,,,,,MANGALAM DRUG & CHEM LTD,29.01,32.00,28.98,31.86,31.99,29.19,,31.86,,,50506,1552944.92,577,F1,1,,,,,
2026-10-06,2026-10-06,CM,NSE,STK,1593,INE0APB01032,MGEL,EQ,,,,,MANGALAM GLOBAL ENT LTD,15.68,16.08,15.41,15.78,15.98,15.79,,15.78,,,578303,9119904.33,1538,F1,1,,,,,
2026-10-06,2026-10-06,CM,NSE,STK,6422,INE370D01013,MANORG,EQ,,,,,MANGALAM ORGANICS LIMITED,431.00,444.85,426.10,436.10,440.00,432.30,,436.12,,,7004,3046764.80,235,F1,1,,,,,
2026-10-06,2026-10-06,CM,NSE,STK,764783,INE829S01016,MSL,EQ,,,,,MANGALAM SEEDS LTD.,148.45,148.45,139.00,140.00,139.00,148.45,,139.71,,,632,88557.86,43,F1,1,,,,,
2026-10-06,2026-10-06,CM,NSE,STK,759169,INE0JYY01029,MWL,EQ,,,,,MANGALAM WORLDWIDE LTD,41.33,41.93,41.02,41.66,41.55,41.53,,41.66,,,358670,14889237.73,1547,F1,1,,,,,
2026-10-06,2026-10-06,CM,NSE,STK,24629,INE0R3101011,MIEL,SM,,,,,MANGLAM INFRA & ENG LTD,13.00,13.00,12.50,12.50,12.50,13.10,,12.50,,,4000,51000.00,2,F1,2000,,,,,
2026-10-06,2026-10-06,CM,NSE,STK,766139,INE0KWF01020,MANIKA,EQ,,,,,MANIKA PLASTECH LIMITED,43.50,51.73,42.55,51.52,51.56,43.11,,51.51,,,8545846,413604447.84,29873,F1,1,,,,,
2026-10-06,2026-10-06,CM,NSE,STK,760174,INE1ERK01013,MANILAM,SM,,,,,MANILAM INDUSTRIES IND L,35.30,36.20,32.50,34.85,35.00,36.00,,34.85,,,66000,2264000.00,26,F1,2000,,,,,
2026-10-06,2026-10-06,CM,NSE,STK,764357,INE459N01021,MANIPALHOS,EQ,,,,,MANIPAL HEALTH ENTERPRI L,675.60,695.00,668.05,690.50,695.00,667.00,,690.40,,,822841,559802780.05,29658,F1,1,,,,,
2026-10-06,2026-10-06,CM,NSE,STK,766051,INE241U01028,MPIMANIPAL,EQ,,,,,MANIPAL PAYMENT & IDE S L,394.90,394.90,363.70,366.05,366.10,389.70,,366.12,,,1189124,445827690.65,36443,F1,1,,,,,
2026-10-06,2026-10-06,CM,NSE,STK,15380,INE634S01028,MANKIND,EQ,,,,,MANKIND PHARMA LIMITED,2481.00,2508.90,2464.50,2500.00,2500.00,2479.00,,2499.92,,,297524,741842648.80,22661,F1,1,,,,,
2026-10-06,2026-10-06,CM,NSE,STK,19015,INE0KNT01012,MVGJL,EQ,,,,,MANOJ VAIBHAV GEM N JEW L,208.40,208.40,201.12,203.16,202.70,204.36,,203.17,,,120816,24668662.42,3244,F1,1,,,,,
2026-10-06,2026-10-06,CM,NSE,STK,13753,INE784W01015,MANOMAY,EQ,,,,,MANOMAY TEX INDIA LTD,240.70,242.65,235.65,240.14,239.15,237.09,,240.17,,,174673,41967552.67,6045,F1,1,,,,,
2026-10-06,2026-10-06,CM,NSE,STK,10227,INE00VM01036,MANORAMA,EQ,,,,,MANORAMA INDUSTRIES LTD,1960.00,1999.80,1960.00,1985.60,1986.00,1944.90,,1985.57,,,207581,412380079.40,17579,F1,1,,,,,
2026-10-06,2026-10-06,CM,NSE,STK,13575,INE867A01022,MANUGRAPH,BE,,,,,MANUGRAPH INDIA LIMITED,16.29,16.58,15.60,16.45,16.58,16.30,,16.46,,,40356,650623.73,186,F1,1,,,,,
2026-10-06,2026-10-06,CM,NSE,STK,2112,INE882A01013,MARALOVER,EQ,,,,,MARAL OVERSEAS LTD,58.50,59.00,57.00,57.99,57.48,57.59,,57.99,,,3906,226580.53,126,F1,1,,,,,
2026-10-06,2026-10-06,CM,NSE,STK,18659,INE182D01020,MARATHON,EQ,,,,,MARATHON NXTGEN REALT LTD,381.40,386.60,373.20,374.60,374.80,380.30,,374.61,,,163989,61971723.15,3705,F1,1,,,,,
2026-10-06,2026-10-06,CM,NSE,STK,760456,INE0TD401015,MARC,ST,,,,,MARC TECHNOCRATS LIMITED,144.95,148.45,144.95,148.45,148.45,141.40,,148.45,,,19200,2831460.00,15,F1,1200,,,,,
2026-10-06,2026-10-06,CM,NSE,STK,18773,INE0QP001012,MARCO,SM,,,,,MARCO CABLE & CONDUCTOR L,29.60,29.60,28.90,28.90,28.90,29.00,,28.90,,,4500,131250.00,3,F1,1500,,,,,
2026-10-06,2026-10-06,CM,NSE,STK,4067,INE196A01026,MARICO,EQ,,,,,MARICO LIMITED,796.95,796.95,784.50,794.15,794.15,790.00,,794.18,,,1467158,1159490618.45,49358,F1,1,,,,,
2026-10-06,2026-10-06,CM,NSE,STK,1328,INE01JE01028,MARINE,EQ,,,,,MARINE ELECTRICAL (I) LTD,473.85,490.00,461.40,478.85,477.20,469.15,,478.85,,,2220066,1061117099.65,52808,F1,1,,,,,
2026-10-06,2026-10-06,CM,NSE,STK,760204,INE0FW001016,MARKOLINES,EQ,,,,,MARKOLINES PAVEMENT TEC L,169.81,170.69,168.73,170.41,170.15,169.29,,170.43,,,52816,8975009.65,461,F1,1,,,,,
2026-10-06,2026-10-06,CM,NSE,STK,10579,INE750C01026,MARKSANS,EQ,,,,,MARKSANS PHARMA LIMITED,332.75,341.95,322.20,324.40,325.70,331.65,,324.40,,,3112693,1029664184.75,64216,F1,1,,,,,
2026-10-06,2026-10-06,CM,NSE,STK,761386,INE415B01044,MARSONS,EQ,,,,,MARSONS LIMITED,114.63,122.73,114.31,119.24,120.44,114.30,,119.23,,,3015676,358858222.66,19570,F1,1,,,,,
2026-10-06,2026-10-06,CM,NSE,STK,761042,INE0X7G01013,MARUSHIKA,SM,,,,,MARUSHIKA TECHNOLOGY LTD,116.00,117.00,114.00,114.00,114.00,116.00,,114.00,,,25200,2907540.00,15,F1,1200,,,,,
2026-10-06,2026-10-06,CM,NSE,STK,10999,INE585B01010,MARUTI,EQ,,,,,MARUTI SUZUKI INDIA LTD.,11485.00,11625.00,11451.00,11625.00,11625.00,11532.00,,11624.88,,,263958,3048175281.00,29392,F1,1,,,,,
2026-10-06,2026-10-06,CM,NSE,STK,2132,INE575Z01010,MDL,SM,,,,,MARVEL DECOR LIMITED,56.50,59.70,56.00,58.35,59.70,64.90,,58.35,,,7000,397700.00,7,F1,1000,,,,,
2026-10-06,2026-10-06,CM,NSE,STK,199,INE348L01012,MASFIN,EQ,,,,,MAS FINANCIAL SERV LTD,265.00,269.90,265.00,266.90,266.50,267.75,,266.90,,,94219,25213366.35,3226,F1,1,,,,,
2026-10-06,2026-10-06,CM,NSE,STK,18727,INE885F01015,MASKINVEST,EQ,,,,,MASK INVESTMENTS LIMITED,142.00,147.49,140.00,147.49,147.49,142.37,,147.49,,,93,13118.07,14,F1,1,,,,,
2026-10-06,2026-10-06,CM,NSE,STK,24278,INE0SH001010,MASON,SM,,,,,MASON INFRATECH LIMITED,105.00,105.00,103.85,104.35,104.00,103.55,,104.35,,,9500,992350.00,18,F1,500,,,,,
2026-10-06,2026-10-06,CM,NSE,STK,2124,INE759A01021,MASTEK,EQ,,,,,MASTEK LTD,1604.50,1624.70,1591.10,1616.30,1617.80,1608.20,,1616.29,,,66881,107998377.00,10417,F1,1,,,,,
2026-10-06,2026-10-06,CM,NSE,STK,19011,INE0OJM01017,MASTER,SM,,,,,MASTER COMPONENTS LIMITED,390.15,411.00,390.00,410.50,411.00,408.50,,410.50,,,3000,1207050.00,6,F1,500,,,,,
2026-10-06,2026-10-06,CM,NSE,STK,27047,INE677D01037,MASTERTR,EQ,,,,,MASTER TRUST LIMITED,81.80,83.23,81.68,82.62,83.00,81.13,,82.61,,,127755,10522104.87,631,F1,1,,,,,
2026-10-06,2026-10-06,CM,NSE,STK,21726,INE866R01028,MATRIMONY,EQ,,,,,MATRIMONY.COM LIMITED,508.60,521.40,503.15,509.60,513.00,514.05,,509.44,,,7753,3965039.70,586,F1,1,,,,,
2026-10-06,2026-10-06,CM,NSE,STK,759945,INE132901013,MGSL,SM,,,,,MATRIX GEO SOLUTIONS LTD,59.45,59.95,58.50,58.95,58.50,59.45,,58.95,,,10800,642000.00,9,F1,1200,,,,,
2026-10-06,2026-10-06,CM,NSE,STK,17022,INE636A01039,MAWANASUG,EQ,,,,,MAWANA SUGARS LIMITED,148.96,152.99,145.92,147.89,147.60,145.96,,147.90,,,436659,65136088.07,8094,F1,1,,,,,
2026-10-06,2026-10-06,CM,NSE,STK,19646,INE03EI01018,MAXESTATES,EQ,,,,,MAX ESTATES LIMITED,564.00,578.45,559.40,564.95,566.50,563.40,,564.97,,,111480,63385569.25,6958,F1,1,,,,,
2026-10-06,2026-10-06,CM,NSE,STK,2142,INE180A01020,MFSL,EQ,,,,,MAX FINANCIAL SERV LTD,1350.00,1362.70,1330.20,1361.00,1361.00,1348.00,,1361.00,,,2855802,3851918217.30,51216,F1,1,,,,,
2026-10-06,2026-10-06,CM,NSE,STK,22377,INE027H01010,MAXHEALTH,EQ,,,,,MAX HEALTHCARE INS LTD,921.55,921.60,892.25,902.50,902.50,917.00,,902.50,,,2407174,2173286936.55,62453,F1,1,,,,,
2026-10-06,2026-10-06,CM,NSE,STK,22428,INE0CG601016,MAXIND,EQ,,,,,MAX INDIA LIMITED,150.00,168.00,150.00,165.84,165.00,150.13,,165.84,,,422790,69089659.29,7219,F1,1,,,,,
2026-10-06,2026-10-06,CM,NSE,STK,21691,INE0ECC01022,MAXPOSURE,SM,,,,,MAXPOSURE LIMITED,35.60,35.60,35.00,35.00,35.00,36.00,,35.00,,,3000,105600.00,3,F1,1000,,,,,
2026-10-06,2026-10-06,CM,NSE,STK,29645,INE10A501018,MAXVOLT,SM,,,,,MAXVOLT ENERGY INDUS L,413.00,440.90,412.15,440.75,440.90,419.95,,440.75,,,69600,30370500.00,141,F1,400,,,,,
2026-10-06,2026-10-06,CM,NSE,STK,757587,INE0ZTO01018,MAYASHEEL,SM,,,,,MAYASHEEL VENTURES LTD,36.45,36.45,36.20,36.20,36.20,32.90,,36.20,,,6000,217950.00,2,F1,3000,,,,,
2026-10-06,2026-10-06,CM,NSE,STK,28906,INE040D01038,MAYURUNIQ,EQ,,,,,MAYUR UNIQUOTERS LTD,713.00,766.00,710.05,761.15,758.75,706.55,,761.17,,,181493,135605016.30,9789,F1,1,,,,,
2026-10-06,2026-10-06,CM,NSE,STK,509,INE249Z01020,MAZDOCK,EQ,,,,,MAZAGON DOCK SHIPBUIL LTD,2080.00,2111.00,2078.80,2101.00,2101.00,2074.00,,2101.54,,,403608,846534489.70,22287,F1,1,,,,,
2026-10-06,2026-10-06,CM,NSE,STK,18870,INE885E01042,MAZDA,BE,,,,,MAZDA LIMITED,284.00,289.90,275.55,283.40,283.95,282.90,,283.97,,,18785,5309421.00,275,F1,1,,,,,
2026-10-06,2026-10-06,CM,NSE,STK,18029,INE912H01013,MBLINFRA,EQ,,,,,MBL INFRASTRUCTURE LTD,23.16,25.09,23.16,25.05,25.09,23.90,,25.09,,,209858,5236200.23,682,F1,1,,,,,
2026-10-06,2026-10-06,CM,NSE,STK,11943,INE942G01012,MCLEODRUSS,EQ,,,,,MCLEOD RUSSEL INDIA LTD.,41.57,43.65,41.52,42.60,42.50,41.58,,42.60,,,206559,8878704.38,1093,F1,1,,,,,
2026-10-06,2026-10-06,CM,NSE,STK,13687,INE748A01024,MBECL,BE,,,,,MCNALLY BHARAT ENGIN CO L,513.90,513.90,493.80,493.80,493.80,503.85,,493.78,,,18808,9482295.10,273,F1,1,,,,,
2026-10-06,2026-10-06,CM,NSE,STK,14574,INE0O4M01019,MCON,SM,,,,,MCON RASAYAN INDIA LTD,40.00,40.00,39.00,39.95,39.95,40.25,,39.95,,,9000,353050.00,7,F1,1000,,,,,
2026-10-06,2026-10-06,CM,NSE,STK,21705,INE456Z01021,MEDIASSIST,EQ,,,,,MEDI ASSIST HEALTH SER L,299.90,308.35,297.00,306.25,304.50,297.20,,306.25,,,183195,55315920.55,12782,F1,1,,,,,
2026-10-06,2026-10-06,CM,NSE,STK,765113,INE442D01010,MEDICAPQ,BE,,,,,MEDI CAPS LTD.,24.26,24.99,24.26,24.99,24.99,24.75,,24.95,,,705,17324.34,14,F1,1,,,,,
2026-10-06,2026-10-06,CM,NSE,STK,762802,INE200D01020,MMWL,EQ,,,,,MEDIA MATRIX WORLDWIDE L,17.14,17.14,17.14,17.14,17.14,16.33,,17.28,,,44579,764084.06,63,F1,1,,,,,
2026-10-06,2026-10-06,CM,NSE,STK,6281,INE646B01010,MEDICAMEQ,BE,,,,,MEDICAMEN BIOTECH LIMITED,308.00,317.85,304.00,311.95,312.00,308.00,,312.68,,,14802,4580186.65,265,F1,1,,,,,
2026-10-06,2026-10-06,CM,NSE,STK,9667,INE630Y01024,MEDICO,EQ,,,,,MEDICO REMEDIES LIMITED,21.94,22.40,21.21,22.17,22.25,21.68,,22.17,,,125095,2747334.87,1010,F1,1,,,,,
2026-10-06,2026-10-06,CM,NSE,STK,7254,INE804L01022,MEDPLUS,EQ,,,,,MEDPLUS HEALTH SERV LTD,649.90,655.55,642.10,651.45,651.65,644.40,,651.41,,,121423,78915313.45,13551,F1,1,,,,,
2026-10-06,2026-10-06,CM,NSE,STK,760229,INE0VDM01015,MEESHO,EQ,,,,,MEESHO LIMITED,229.00,244.00,228.51,238.22,238.00,226.50,,238.23,,,39917541,9515812137.19,300447,F1,1,,,,,
2026-10-06,2026-10-06,CM,NSE,STK,10971,INE0G1D01014,MEGAFLEX,SM,,,,,MEGA FLEX PLASTICS LTD,120.00,120.25,120.00,120.25,120.25,114.55,,120.25,,,2000,240250.00,2,F1,1000,,,,,
2026-10-06,2026-10-06,CM,NSE,STK,8153,INE00EM01016,MEGASTAR,EQ,,,,,MEGASTAR FOODS LIMITED,267.87,297.65,263.11,289.97,292.00,267.87,,289.65,,,6688,1882948.11,257,F1,1,,,,,
2026-10-06,2026-10-06,CM,NSE,STK,22560,INE531R01010,MEGATHERM,SM,,,,,MEGATHERM INDUCTION LTD,252.00,252.00,239.25,245.90,245.90,248.50,,245.90,,,37600,9164540.00,67,F1,400,,,,,
2026-10-06,2026-10-06,CM,NSE,STK,5394,INE0CT101020,MOL,EQ,,,,,MEGHMANI ORGANICS LIMITED,55.00,61.85,54.88,60.25,60.39,54.83,,60.24,,,1833781,108193454.95,12871,F1,1,,,,,
2026-10-06,2026-10-06,CM,NSE,STK,764778,INE898Q01015,MIIL,EQ,,,,,MEGHNA INFRACON INFRA L,685.00,692.45,671.60,675.50,683.10,670.40,,675.59,,,68421,46599220.60,1550,F1,1,,,,,
2026-10-06,2026-10-06,CM,NSE,STK,6961,INE071D01033,MENONBE,EQ,,,,,MENON BEARINGS LIMITED,285.00,309.65,285.00,304.95,309.00,286.00,,304.90,,,189774,57272429.85,5589,F1,1,,,,,
2026-10-06,2026-10-06,CM,NSE,STK,762790,INE650G01029,MENNPIS,BE,,,,,MENON PISTONS LTD.,70.98,70.98,70.00,70.19,70.10,70.55,,70.17,,,14117,994160.74,110,F1,1,,,,,
2026-10-06,2026-10-06,CM,NSE,STK,25882,INE776I01010,MEP,BZ,,,,,MEP INFRA. DEVELOPERS LTD,0.66,0.67,0.66,0.67,0.67,0.66,,0.68,,,39561,26454.87,29,F1,1,,,,,
2026-10-06,2026-10-06,CM,NSE,STK,762792,INE689O01013,MERCANTILE,EQ,,,,,MERCANTILE VENTURES LTD.,22.45,23.79,22.00,22.85,22.86,22.45,,22.82,,,4008,91355.18,46,F1,1,,,,,
2026-10-06,2026-10-06,CM,NSE,STK,763663,INE763M01028,MERCURYEV,EQ,,,,,MERCURY EV-TECH LIMITED,37.00,37.89,36.75,36.97,37.49,36.81,,36.98,,,95003,3534425.58,1334,F1,1,,,,,
2026-10-06,2026-10-06,CM,NSE,STK,764278,INE1II801013,METALIC,ST,,,,,METALIC TECHNOFORGE LTD,176.05,184.00,172.90,172.90,172.90,181.95,,172.90,,,84800,14961200.00,46,F1,1600,,,,,
2026-10-06,2026-10-06,CM,NSE,STK,7242,INE317I01021,METROBRAND,EQ,,,,,METRO BRANDS LIMITED,822.95,822.95,807.30,818.85,818.00,812.50,,818.88,,,32863,26767875.60,4198,F1,1,,,,,
2026-10-06,2026-10-06,CM,NSE,STK,762797,INE085D01033,METROGLOBL,EQ,,,,,METROGLOBAL LTD.,134.00,134.00,127.10,130.00,130.00,132.97,,130.00,,,455,59271.51,23,F1,1,,,,,
2026-10-06,2026-10-06,CM,NSE,STK,9581,INE112L01020,METROPOLIS,EQ,,,,,METROPOLIS HEALTHCARE LTD,565.35,565.35,537.60,552.65,546.00,553.60,,552.64,,,367729,201350901.45,25375,F1,1,,,,,
2026-10-06,2026-10-06,CM,NSE,STK,7165,INE287C01037,MICEL,BE,,,,,MIC ELECTRONICS LTD,35.00,35.00,34.60,34.60,34.60,35.28,,34.58,,,81646,2834590.28,533,F1,1,,,,,
2026-10-06,2026-10-06,CM,NSE,STK,759517,INE0XAD01024,MIDWESTLTD,EQ,,,,,MIDWEST LIMITED,925.00,1006.20,919.30,1006.20,1006.20,914.75,,1006.69,,,61917,60065269.05,3480,F1,1,,,,,
2026-10-06,2026-10-06,CM,NSE,STK,765125,INE588G01021,MLKFOOD,EQ,,,,,MILKFOOD LTD.,84.59,85.65,81.05,84.66,85.38,84.59,,84.69,,,13390,1133319.88,141,F1,1,,,,,
2026-10-06,2026-10-06,CM,NSE,STK,765274,INE00IT01020,MILKYMIST,BE,,,,,MILKY MIST DAIRY FOOD L,303.95,319.20,301.00,319.20,319.20,304.00,,319.20,,,1662386,524074000.30,11948,F1,1,,,,,
2026-10-06,2026-10-06,CM,NSE,STK,765118,INE097E01028,MINALIND,BE,,,,,MINAL INDUSTRIES LTD.,4.17,4.17,4.17,4.17,4.17,4.25,,4.19,,,2521,10512.57,6,F1,1,,,,,
2026-10-06,2026-10-06,CM,NSE,STK,25897,INE842C01021,MINDACORP,EQ,,,,,MINDA CORPORATION LTD,648.00,661.50,648.00,659.60,661.00,647.85,,659.59,,,149067,98088399.25,13955,F1,1,,,,,
2026-10-06,2026-10-06,CM,NSE,STK,22308,INE0CCU25019,MINDSPACE,RR,,,,,MINDSPACE BUSINESS P REIT,499.88,500.80,496.00,496.63,496.91,497.72,,496.65,,,116357,57946030.25,12060,F1,1,,,,,
2026-10-06,2026-10-06,CM,NSE,STK,18049,INE110B01017,MINDTECK,EQ,,,,,MINDTECK (INDIA) LIMITED,151.31,154.02,138.53,143.72,142.65,151.31,,143.73,,,111163,16097013.90,2955,F1,1,,,,,
2026-10-06,2026-10-06,CM,NSE,STK,19640,INF769K01KU7,ALPHAETF,EQ,,,,,MIRAEAMC - ALPHAETF,25.22,25.62,25.22,25.61,25.62,25.14,,25.61,,,624672,15973541.96,761,F1,1,,,,,
2026-10-06,2026-10-06,CM,NSE,STK,17419,INF769K01KR3,BANKETF,EQ,,,,,MIRAEAMC - BANKETF,559.69,562.67,559.35,561.20,561.63,557.48,,561.20,,,73896,41454418.71,320,F1,1,,,,,
2026-10-06,2026-10-06,CM,NSE,STK,25725,INF769K01LZ4,BANKPSU,EQ,,,,,MIRAEAMC - BANKPSU,80.94,81.17,80.46,80.60,80.75,80.72,,80.60,,,7918,640638.43,80,F1,1,,,,,
2026-10-06,2026-10-06,CM,NSE,STK,28969,INF769K01NS5,CONSUMER,EQ,,,,,MIRAEAMC - CONSUMER,11.37,11.37,11.20,11.31,11.33,11.15,,11.31,,,51388,580206.97,219,F1,1,,,,,
2026-10-06,2026-10-06,CM,NSE,STK,761046,INF769K01QC2,DEFENCE,EQ,,,,,MIRAEAMC - DEFENCE,78.21,78.21,76.76,78.10,77.87,76.68,,78.10,,,174437,13587055.86,574,F1,1,,,,,
2026-10-06,2026-10-06,CM,NSE,STK,760412,INF769K01PY8,DIVIDEND,EQ,,,,,MIRAEAMC - DIVIDEND,32.95,33.90,32.95,33.74,33.82,33.80,,33.74,,,4091,138188.56,85,F1,1,,,,,
2026-10-06,2026-10-06,CM,NSE,STK,759780,INF769K01PR2,ENERGY,EQ,,,,,MIRAEAMC - ENERGY,36.84,37.28,36.84,37.21,37.28,36.83,,37.19,,,112302,4175919.58,803,F1,1,,,,,
2026-10-06,2026-10-06,CM,NSE,STK,30121,INF769K01OA1,EQUAL200,EQ,,,,,MIRAEAMC - EQUAL200,13.07,13.14,13.06,13.13,13.14,13.01,,13.13,,,27110,355422.22,35,F1,1,,,,,
2026-10-06,2026-10-06,CM,NSE,STK,757142,INF769K01OO2,EQUAL50,EQ,,,,,MIRAEAMC - EQUAL50,310.43,316.64,310.43,312.60,312.60,310.43,,312.60,,,20652,6441859.48,63,F1,1,,,,,
2026-10-06,2026-10-06,CM,NSE,STK,24461,INF769K01LQ3,EVINDIA,EQ,,,,,MIRAEAMC - EVINDIA,30.00,30.34,29.98,30.28,30.34,30.04,,30.29,,,80305,2427774.17,1276,F1,1,,,,,
2026-10-06,2026-10-06,CM,NSE,STK,760986,INF769K01QA6,HEALTHCARE,EQ,,,,,MIRAEAMC - HEALTHCARE,20.40,21.57,20.40,21.02,21.05,20.81,,21.03,,,11356,238371.14,167,F1,1,,,,,
2026-10-06,2026-10-06,CM,NSE,STK,764333,INF769K01RJ5,HYBRIDETF,EQ,,,,,MIRAEAMC - HYBRIDETF,9.78,9.86,9.64,9.83,9.83,9.78,,9.83,,,131241,1288680.31,51,F1,1,,,,,
2026-10-06,2026-10-06,CM,NSE,STK,761030,INF769K01QB4,INFRA,EQ,,,,,MIRAEAMC - INFRA,11.54,11.60,11.53,11.59,11.60,11.44,,11.59,,,7326,84834.57,97,F1,1,,,,,
2026-10-06,2026-10-06,CM,NSE,STK,758595,INF769K01PB6,INTERNET,EQ,,,,,MIRAEAMC - INTERNET,13.55,13.79,13.55,13.78,13.75,13.46,,13.78,,,214061,2936321.73,212,F1,1,,,,,
2026-10-06,2026-10-06,CM,NSE,STK,19633,INF769K01KV5,ITETF,EQ,,,,,MIRAEAMC - ITETF,30.10,30.24,29.63,29.72,29.89,29.95,,29.72,,,442262,13156132.21,795,F1,1,,,,,
2026-10-06,2026-10-06,CM,NSE,STK,765313,INF769K01RK3,LARGEMID50,EQ,,,,,MIRAEAMC - LARGEMID50,34.51,34.63,34.46,34.63,34.63,34.31,,34.63,,,25,864.48,8,F1,1,,,,,
2026-10-06,2026-10-06,CM,NSE,STK,17572,INF769K01KS1,LIQUID,EQ,,,,,MIRAEAMC - LIQUID,999.99,1000.00,999.99,999.99,1000.00,999.99,,999.99,,,104280,104279764.66,164,F1,1,,,,,
2026-10-06,2026-10-06,CM,NSE,STK,27075,INF769K01MY5,LIQUIDPLUS,EQ,,,,,MIRAEAMC - LIQUIDPLUS,1107.99,1111.63,1104.99,1106.32,1106.33,1106.10,,1106.32,,,411888,455683550.43,294,F1,1,,,,,
2026-10-06,2026-10-06,CM,NSE,STK,1200,INF769K01GS9,ESG,EQ,,,,,MIRAEAMC - MAESGETF,38.19,39.60,38.19,38.88,38.99,38.59,,38.88,,,35325,1373512.86,47,F1,1,,,,,
2026-10-06,2026-10-06,CM,NSE,STK,3507,INF769K01HF4,MAFANG,EQ,,,,,MIRAEAMC - MAFANG,263.90,283.35,259.21,276.13,278.38,259.42,,276.17,,,1473840,403485338.89,29494,F1,1,,,,,
2026-10-06,2026-10-06,CM,NSE,STK,5220,INF769K01HI8,BFSI,EQ,,,,,MIRAEAMC - MAFSETF,25.78,26.00,25.75,25.90,25.98,25.66,,25.91,,,95227,2468536.39,548,F1,1,,,,,
2026-10-06,2026-10-06,CM,NSE,STK,14286,INF769K01JP9,GOLDETF,EQ,,,,,MIRAEAMC - MAGOLDETF,142.57,143.20,141.83,142.99,142.91,142.97,,142.99,,,1471383,209992760.83,6889,F1,1,,,,,
2026-10-06,2026-10-06,CM,NSE,STK,14938,INF769K01KF8,GSEC10YEAR,EQ,,,,,MIRAEAMC - MAGS813ETF,30.33,30.33,29.73,29.79,29.73,30.18,,29.79,,,4454,133443.45,32,F1,1,,,,,
2026-10-06,2026-10-06,CM,NSE,STK,7074,INF769K01HS7,MAHKTECH,EQ,,,,,MIRAEAMC - MAHKTECH,22.10,22.44,21.99,22.25,22.30,21.99,,22.25,,,477678,10603551.69,3924,F1,1,,,,,
2026-10-06,2026-10-06,CM,NSE,STK,8413,INF769K01IC9,MIDCAPETF,EQ,,,,,MIRAEAMC - MAM150ETF,22.37,22.50,22.24,22.42,22.50,22.23,,22.42,,,3690091,82649682.23,10657,F1,1,,,,,
2026-10-06,2026-10-06,CM,NSE,STK,7979,INF769K01IB1,MAKEINDIA,EQ,,,,,MIRAEAMC - MAMFGETF,156.82,157.92,154.97,157.00,157.21,154.82,,156.98,,,21627,3379850.28,340,F1,1,,,,,
2026-10-06,2026-10-06,CM,NSE,STK,6353,INF769K01EG9,NIFTYETF,EQ,,,,,MIRAEAMC - MAN50ETF,246.38,248.38,245.60,247.58,248.38,245.60,,247.58,,,274217,67725012.74,1309,F1,1,,,,,
2026-10-06,2026-10-06,CM,NSE,STK,14786,INF769K01JU9,LOWVOL,EQ,,,,,MIRAEAMC - MANV30F,196.04,196.04,191.64,193.43,193.25,192.20,,193.43,,,709,137266.27,27,F1,1,,,,,
2026-10-06,2026-10-06,CM,NSE,STK,17181,INF769K01FN2,NEXT50,EQ,,,,,MIRAEAMC - MANXT50,719.51,724.64,714.92,723.61,722.11,714.71,,723.62,,,27793,20058993.22,1961,F1,1,,,,,
2026-10-06,2026-10-06,CM,NSE,STK,16777,INF769K01KG6,SILVERAG,EQ,,,,,MIRAEAMC - MASILVER,215.00,215.00,212.24,214.75,214.81,215.75,,214.75,,,533554,114491488.29,1882,F1,1,,,,,
2026-10-06,2026-10-06,CM,NSE,STK,5782,INF769K01HP3,MASPTOP50,EQ,,,,,MIRAEAMC - MASPTOP50,108.16,117.79,106.02,111.05,111.72,107.09,,111.07,,,2426241,274817137.15,20588,F1,1,,,,,
2026-10-06,2026-10-06,CM,NSE,STK,25744,INF769K01LY7,METAL,EQ,,,,,MIRAEAMC - METAL,12.92,12.92,12.57,12.72,12.73,12.61,,12.72,,,1523264,19366519.00,4842,F1,1,,,,,
2026-10-06,2026-10-06,CM,NSE,STK,23855,INF769K01LJ8,MIDSMALL,EQ,,,,,MIRAEAMC - MIDSMALL,49.26,50.35,48.91,50.32,50.35,49.59,,50.32,,,241661,12128345.04,511,F1,1,,,,,
2026-10-06,2026-10-06,CM,NSE,STK,764198,INF769K01RC0,MOMMIDCAP,EQ,,,,,MIRAEAMC - MOMMIDCAP,12.16,12.75,12.16,12.61,12.62,12.41,,12.61,,,918394,11569666.51,273,F1,1,,,,,
2026-10-06,2026-10-06,CM,NSE,STK,25080,INF769K01LX9,MULTICAP,EQ,,,,,MIRAEAMC - MULTICAP,15.99,16.15,15.86,16.02,16.01,15.83,,16.02,,,171855,2742603.02,403,F1,1,,,,,
2026-10-06,2026-10-06,CM,NSE,STK,30109,INF769K01ON4,SELECTIPO,EQ,,,,,MIRAEAMC - SELECTIPO,46.01,46.65,46.01,46.64,46.65,45.79,,46.64,,,18943,879508.64,68,F1,1,,,,,
2026-10-06,2026-10-06,CM,NSE,STK,19224,INF769K01KT9,SENSEXETF,EQ,,,,,MIRAEAMC - SENSEXETF,75.30,75.44,74.71,75.41,75.44,74.67,,75.38,,,26787,2013573.79,234,F1,1,,,,,
2026-10-06,2026-10-06,CM,NSE,STK,759814,INF769K01PQ4,SMALL250,EQ,,,,,MIRAEAMC - SMALL250,17.77,18.20,17.33,17.96,17.98,17.68,,17.96,,,503365,8995442.20,605,F1,1,,,,,
2026-10-06,2026-10-06,CM,NSE,STK,22832,INF769K01LC3,SMALLCAP,EQ,,,,,MIRAEAMC - SMALLCAP,47.60,48.42,47.47,48.24,48.26,47.47,,48.24,,,1195165,57391745.83,2768,F1,1,,,,,
2026-10-06,2026-10-06,CM,NSE,STK,760415,INF769K01PZ5,TOP20,EQ,,,,,MIRAEAMC - TOP20,8.38,8.42,8.36,8.40,8.41,8.34,,8.40,,,30049,252179.83,143,F1,1,,,,,
2026-10-06,2026-10-06,CM,NSE,STK,761511,INF769K01QV2,VALUE,EQ,,,,,MIRAEAMC - VALUE,15.00,15.52,14.92,15.25,15.26,15.22,,15.25,,,31145,476999.49,93,F1,1,,,,,
2026-10-06,2026-10-06,CM,NSE,STK,4394,INE771A01026,MIRZAINT,EQ,,,,,MIRZA INTERNATIONAL LIMIT,27.65,28.34,27.36,27.72,28.04,27.83,,27.72,,,74096,2052887.67,689,F1,1,,,,,
2026-10-06,2026-10-06,CM,NSE,STK,2463,INE099Z01011,MIDHANI,EQ,,,,,MISHRA DHATU NIGAM LTD,441.00,465.85,439.70,462.35,461.50,440.10,,462.36,,,2140471,982370269.05,58168,F1,1,,,,,
2026-10-06,2026-10-06,CM,NSE,STK,8469,INE828O01033,MITCON,EQ,,,,,MITCON CON & ENG SER LTD,81.14,82.00,78.56,79.35,79.00,81.14,,79.35,,,3935,313804.37,72,F1,1,,,,,
2026-10-06,2026-10-06,CM,NSE,STK,18562,INE997Y01027,MITTAL,EQ,,,,,MITTAL LIFE STYLE LIMITED,0.70,0.72,0.69,0.71,0.72,0.70,,0.71,,,1139464,807782.66,267,F1,1,,,,,
2026-10-06,2026-10-06,CM,NSE,STK,13844,INE227C01017,MMFL,EQ,,,,,MM FORGINGS LTD,550.00,583.00,550.00,579.15,579.00,552.50,,579.15,,,80544,46194334.40,5357,F1,1,,,,,
2026-10-06,2026-10-06,CM,NSE,STK,16395,INE511Y01018,MMP,EQ,,,,,MMP INDUSTRIES LIMITED,473.30,485.10,463.40,480.55,485.00,468.05,,480.55,,,51091,24221046.20,2619,F1,1,,,,,
2026-10-06,2026-10-06,CM,NSE,STK,17957,INE123F01029,MMTC,EQ,,,,,MMTC LIMITED,57.16,57.52,56.65,57.01,57.00,56.33,,57.01,,,653249,37241561.44,7562,F1,1,,,,,
2026-10-06,2026-10-06,CM,NSE,STK,2241,INE794W01014,MODTHREAD,EQ,,,,,MODERN THREADS INDIA LTD,46.34,55.88,46.34,48.99,48.99,46.58,,48.99,,,618,30850.91,60,F1,1,,,,,
2026-10-06,2026-10-06,CM,NSE,STK,760277,INE537F01012,MODINATUR,EQ,,,,,MODI NATURALS LIMITED,330.00,334.95,315.00,317.50,319.90,325.05,,317.48,,,8478,2755758.05,216,F1,1,,,,,
2026-10-06,2026-10-06,CM,NSE,STK,2229,INE832A01018,MODIRUBBER,EQ,,,,,MODI RUBBER LTD,121.00,121.60,118.00,118.58,118.30,121.85,,118.58,,,2252,267671.30,73,F1,1,,,,,
2026-10-06,2026-10-06,CM,NSE,STK,759752,INE0L0L01012,MODIS,EQ,,,,,MODIS NAVNIRMAN LTD,380.00,387.00,370.00,380.85,381.00,372.25,,380.85,,,38246,14506144.50,853,F1,1,,,,,
2026-10-06,2026-10-06,CM,NSE,STK,3325,INE737D01021,MODISONLTD,BE,,,,,MODISON LIMITED,467.95,491.30,452.00,491.30,491.30,467.95,,491.77,,,57126,27449318.70,978,F1,1,,,,,
2026-10-06,2026-10-06,CM,NSE,STK,29423,INE954E01012,MOHITIND,EQ,,,,,MOHIT INDUSTRIES LTD,22.51,22.98,22.27,22.78,22.63,22.64,,22.78,,,1859,42021.13,45,F1,1,,,,,
2026-10-06,2026-10-06,CM,NSE,STK,765130,INE154B01023,MOHITE,EQ,,,,,MOHITE INDUSTRIES LTD.,2.50,2.54,2.40,2.49,2.44,2.43,,2.49,,,86578,211559.93,81,F1,1,,,,,
2026-10-06,2026-10-06,CM,NSE,STK,20830,INE490G01020,MOIL,EQ,,,,,MOIL LIMITED,237.00,240.40,236.94,239.20,239.25,236.49,,239.20,,,228758,54646271.46,5542,F1,1,,,,,
2026-10-06,2026-10-06,CM,NSE,STK,3586,INE514Y01020,MOKSH,EQ,,,,,MOKSH ORNAMENTS LIMITED,9.07,9.70,9.07,9.31,9.25,9.31,,9.31,,,91299,842045.96,324,F1,1,,,,,
2026-10-06,2026-10-06,CM,NSE,STK,764548,INE869T01028,MOLBIO,EQ,,,,,MOLBIO DIAGNOSTICS LTD,1509.40,1540.00,1475.00,1501.10,1493.00,1503.40,,1501.02,,,1128691,1697754317.80,54285,F1,1,,,,,
2026-10-06,2026-10-06,CM,NSE,STK,6713,INE893J01029,MOLDTKPAC,EQ,,,,,MOLD-TEK PACKAGING LTD,682.00,694.00,670.25,678.00,676.00,680.70,,678.07,,,90503,61989344.90,4945,F1,1,,,,,
2026-10-06,2026-10-06,CM,NSE,STK,17629,INE835B01035,MOLDTECH,BE,,,,,MOLD-TEK TECHNOLOGIES LTD,217.77,220.00,215.01,216.72,218.00,213.50,,216.74,,,52216,11343801.23,853,F1,1,,,,,
2026-10-06,2026-10-06,CM,NSE,STK,7679,INE903D01011,MONARCH,EQ,,,,,MONARCH NETWORTH CAP LTD,346.00,353.55,341.80,344.65,344.00,348.65,,344.65,,,83365,28939261.70,2160,F1,1,,,,,
2026-10-06,2026-10-06,CM,NSE,STK,759384,INE296Q01012,MONEYBOXX,BE,,,,,MONEYBOXX FINANCE LIMITED,52.03,53.90,52.03,53.48,53.24,54.76,,53.48,,,24999,1309700.36,86,F1,1,,,,,
2026-10-06,2026-10-06,CM,NSE,STK,766325,INE0PTN01011,MONEYVIEW,EQ,,,,,MONEYVIEW LIMITED,51.80,53.00,48.34,50.50,50.59,51.51,,50.50,,,151735994,7573915468.21,307095,F1,1,,,,,
2026-10-06,2026-10-06,CM,NSE,STK,18392,INE0OIP01012,MONOPHARMA,SM,,,,,MONO PHARMACARE LIMITED,8.30,8.30,8.30,8.30,8.30,8.55,,8.30,,,2000,16600.00,1,F1,2000,,,,,
2026-10-06,2026-10-06,CM,NSE,STK,756958,INE1DV401010,MONOLITH,SM,,,,,MONOLITHISCH INDIA LTD,1223.60,1279.00,1223.60,1239.85,1230.00,1229.05,,1239.85,,,21000,26331987.50,75,F1,250,,,,,
2026-10-06,2026-10-06,CM,NSE,STK,5938,INE950M01013,MONTECARLO,EQ,,,,,MONTE CARLO FASHIONS LTD.,520.00,527.35,518.00,524.30,523.00,516.90,,524.30,,,17793,9325689.45,1300,F1,1,,,,,
2026-10-06,2026-10-06,CM,NSE,STK,2259,INE083A01026,MOREPENLAB,EQ,,,,,MOREPEN LAB. LTD,135.70,145.25,135.61,143.96,144.49,135.29,,143.95,,,22422554,3180777073.28,105552,F1,1,,,,,
2026-10-06,2026-10-06,CM,NSE,STK,15051,INE0N7S01028,MOS,SM,,,,,MOS UTILITY LIMITED,6.30,6.40,6.00,6.00,6.00,6.30,,6.00,,,476000,2875600.00,77,F1,4000,,,,,
2026-10-06,2026-10-06,CM,NSE,STK,29459,INE935B01025,MOSCHIP,EQ,,,,,MOSCHIP TECHNOLOGIES LTD,196.79,199.49,190.78,197.70,197.85,195.84,,197.71,,,1094914,216276269.23,13873,F1,1,,,,,
2026-10-06,2026-10-06,CM,NSE,STK,8596,INE0FS801015,MSUMI,EQ,,,,,MOTHERSON SUMI WRNG IND L,32.96,33.38,32.81,33.31,33.28,32.89,,33.31,,,3809743,126189320.27,19044,F1,1,,,,,
2026-10-06,2026-10-06,CM,NSE,STK,21423,INF247L01023,MOM100,EQ,,,,,MOTILAL OS MIDCAP100 ETF,64.19,64.95,63.60,64.60,64.78,63.68,,64.60,,,436902,28092332.15,2096,F1,1,,,,,
2026-10-06,2026-10-06,CM,NSE,STK,22739,INF247L01AP3,MON100,EQ,,,,,MOTILAL OS NASDAQ100 ETF,331.84,331.84,325.00,330.43,330.04,325.35,,330.44,,,689763,226999387.82,16215,F1,1,,,,,
2026-10-06,2026-10-06,CM,NSE,STK,14947,INE338I01027,MOTILALOFS,EQ,,,,,MOTILAL OSWAL FIN LTD,1019.50,1086.00,1017.10,1081.15,1081.15,1011.10,,1081.04,,,2179004,2307064780.25,53066,F1,1,,,,,
2026-10-06,2026-10-06,CM,NSE,STK,19289,INF247L01536,MOM50,EQ,,,,,MOTILAL OSWAL M50 ETF,240.32,240.32,237.00,238.46,238.25,235.61,,238.46,,,13336,3172343.52,104,F1,1,,,,,
2026-10-06,2026-10-06,CM,NSE,STK,1507,INF247L01AK4,MOGSEC,EQ,,,,,MOTILALAMC - G5,65.49,65.50,64.40,64.86,64.53,64.61,,64.88,,,436710,28299469.29,70,F1,1,,,,,
2026-10-06,2026-10-06,CM,NSE,STK,757669,INF247L01FR8,MOALPHA50,EQ,,,,,MOTILALAMC - MOALPHA50,53.66,54.60,53.66,54.34,54.58,53.66,,54.34,,,3952,214752.14,60,F1,1,,,,,
2026-10-06,2026-10-06,CM,NSE,STK,761693,INF247L01GV8,MOBANK10,EQ,,,,,MOTILALAMC - MOBANK10,16.28,16.79,16.27,16.43,16.41,16.22,,16.43,,,1436,23529.04,47,F1,1,,,,,
2026-10-06,2026-10-06,CM,NSE,STK,30065,INF247L01EV3,MOCAPITAL,EQ,,,,,MOTILALAMC - MOCAPITAL,52.40,52.92,51.45,52.89,52.91,51.37,,52.89,,,457066,24008201.69,2543,F1,1,,,,,
2026-10-06,2026-10-06,CM,NSE,STK,24944,INF247L01DJ0,MODEFENCE,EQ,,,,,MOTILALAMC - MODEFENCE,101.53,102.50,100.52,102.41,102.50,100.54,,102.41,,,793992,80942187.60,5651,F1,1,,,,,
2026-10-06,2026-10-06,CM,NSE,STK,759374,INF247L01GH7,MOENERGY,EQ,,,,,MOTILALAMC - MOENERGY,37.61,37.61,36.71,37.11,37.15,36.87,,37.11,,,66850,2480023.91,459,F1,1,,,,,
2026-10-06,2026-10-06,CM,NSE,STK,757791,INF247L01FY4,MOGOLD,EQ,,,,,MOTILALAMC - MOGOLD,145.50,145.55,143.85,145.35,145.05,145.55,,145.38,,,25184,3648312.90,293,F1,1,,,,,
2026-10-06,2026-10-06,CM,NSE,STK,10508,INF247L01BB1,MOHEALTH,EQ,,,,,MOTILALAMC - MOHEALTH,50.48,51.40,49.85,50.86,50.86,49.99,,50.96,,,30847,1557217.25,478,F1,1,,,,,
2026-10-06,2026-10-06,CM,NSE,STK,757031,INF247L01FL1,MOINFRA,EQ,,,,,MOTILALAMC - MOINFRA,56.27,56.98,56.00,56.67,56.98,56.11,,56.67,,,2574,145725.56,37,F1,1,,,,,
2026-10-06,2026-10-06,CM,NSE,STK,759891,INF247L01GI5,MOIPO,EQ,,,,,MOTILALAMC - MOIPO,46.23,46.84,46.19,46.74,46.84,47.31,,46.74,,,5556,257779.78,69,F1,1,,,,,
2026-10-06,2026-10-06,CM,NSE,STK,8654,INF247L01BL0,MOLOWVOL,EQ,,,,,MOTILALAMC - MOLOWVOL,34.09,34.43,34.09,34.25,34.43,33.95,,34.26,,,76357,2610268.70,25,F1,1,,,,,
2026-10-06,2026-10-06,CM,NSE,STK,25606,INF247L01DK8,MOMENTUM50,EQ,,,,,MOTILALAMC - MOMENTUM50,52.64,53.46,52.25,53.24,53.41,52.21,,53.23,,,400877,21239772.54,14480,F1,1,,,,,
2026-10-06,2026-10-06,CM,NSE,STK,764402,INF247L01HG7,MOMETAL,EQ,,,,,MOTILALAMC - MOMETAL,12.53,12.66,12.52,12.62,12.62,12.55,,12.62,,,11500,145015.42,34,F1,1,,,,,
2026-10-06,2026-10-06,CM,NSE,STK,757099,INF247L01FK3,MOMGF,EQ,,,,,MOTILALAMC - MOMGF,152.00,153.94,152.00,153.92,153.94,152.03,,153.92,,,1438,220060.62,23,F1,1,,,,,
2026-10-06,2026-10-06,CM,NSE,STK,757817,INF247L01FQ0,MOMIDMTM,EQ,,,,,MOTILALAMC - MOMIDMTM,61.71,62.31,61.48,62.14,62.30,61.09,,62.14,,,51021,3167819.75,249,F1,1,,,,,
2026-10-06,2026-10-06,CM,NSE,STK,760054,INF247L01GK1,MOMNC,EQ,,,,,MOTILALAMC - MOMNC,30.25,31.10,30.25,30.72,30.59,30.00,,30.72,,,1561,47346.67,25,F1,1,,,,,
2026-10-06,2026-10-06,CM,NSE,STK,8182,INF247L01BK2,MOMOMENTUM,EQ,,,,,MOTILALAMC - MOMOMENTUM,60.75,60.86,59.56,60.72,60.86,59.56,,60.72,,,35609,2152982.04,302,F1,1,,,,,
2026-10-06,2026-10-06,CM,NSE,STK,756900,INF247L01FC0,MON50EQUAL,EQ,,,,,MOTILALAMC - MON50EQUAL,31.87,31.99,31.12,31.79,31.51,31.10,,31.79,,,4717,147793.50,59,F1,1,,,,,
2026-10-06,2026-10-06,CM,NSE,STK,757167,INF247L01FD8,MONEXT50,EQ,,,,,MOTILALAMC - MONEXT50,69.50,69.97,69.42,69.80,69.80,69.16,,69.80,,,14915,1043258.62,49,F1,1,,,,,
2026-10-06,2026-10-06,CM,NSE,STK,759371,INF247L01GG9,MONIFTY100,EQ,,,,,MOTILALAMC - MONIFTY100,24.08,24.08,23.86,23.91,23.86,23.80,,23.91,,,64739,1552925.35,70,F1,1,,,,,
2026-10-06,2026-10-06,CM,NSE,STK,19237,INF247L01BU1,MONIFTY500,EQ,,,,,MOTILALAMC - MONIFTY500,22.67,22.85,22.51,22.74,22.78,22.53,,22.70,,,359516,8147457.93,1075,F1,1,,,,,
2026-10-06,2026-10-06,CM,NSE,STK,7422,INF247L01AU3,MONQ50,EQ,,,,,MOTILALAMC - MONQ50,204.90,240.69,200.00,219.20,222.50,200.60,,219.22,,,3041295,669792234.81,38747,F1,1,,,,,
2026-10-06,2026-10-06,CM,NSE,STK,764405,INF247L01HH5,MOOILGAS,EQ,,,,,MOTILALAMC - MOOILGAS,10.57,11.00,10.53,10.74,10.73,10.57,,10.74,,,33923,361274.49,59,F1,1,,,,,
2026-10-06,2026-10-06,CM,NSE,STK,757431,INF247L01FO5,MOPSE,EQ,,,,,MOTILALAMC - MOPSE,93.05,95.57,93.05,94.99,94.99,94.95,,94.99,,,3159,300204.58,13,F1,1,,,,,
2026-10-06,2026-10-06,CM,NSE,STK,10822,INF247L01BH8,MOQUALITY,EQ,,,,,MOTILALAMC - MOQUALITY,190.37,196.20,187.65,191.38,190.44,190.65,,192.00,,,5140,971025.10,73,F1,1,,,,,
2026-10-06,2026-10-06,CM,NSE,STK,23184,INF247L01CI4,MOREALTY,EQ,,,,,MOTILALAMC - MOREALTY,82.95,84.63,82.95,83.96,84.29,83.89,,83.98,,,162773,13673364.85,1033,F1,1,,,,,
2026-10-06,2026-10-06,CM,NSE,STK,760001,INF247L01GJ3,MOSERVICE,EQ,,,,,MOTILALAMC - MOSERVICE,30.20,30.20,29.25,29.33,29.33,29.21,,29.33,,,199,5829.03,33,F1,1,,,,,
2026-10-06,2026-10-06,CM,NSE,STK,758457,INF247L01FZ1,MOSILVER,EQ,,,,,MOTILALAMC - MOSILVER,218.08,218.45,215.66,218.15,217.61,218.63,,218.32,,,48465,10538318.75,446,F1,1,,,,,
2026-10-06,2026-10-06,CM,NSE,STK,23181,INF247L01CH6,MOSMALL250,EQ,,,,,MOTILALAMC - MOSMALL250,17.87,18.00,17.72,17.95,17.97,17.72,,17.95,,,751052,13441663.36,1644,F1,1,,,,,
2026-10-06,2026-10-06,CM,NSE,STK,757443,INF247L01FP2,MOTOUR,EQ,,,,,MOTILALAMC - MOTOUR,75.58,76.80,75.58,76.55,76.80,75.19,,76.55,,,5598,426320.39,96,F1,1,,,,,
2026-10-06,2026-10-06,CM,NSE,STK,10825,INF247L01BE5,MOVALUE,EQ,,,,,MOTILALAMC - MOVALUE,106.82,107.88,106.50,106.86,107.00,106.82,,106.86,,,52125,5576283.29,629,F1,1,,,,,
2026-10-06,2026-10-06,CM,NSE,STK,20788,INE0FRK01020,MOTISONS,EQ,,,,,MOTISONS JEWELLERS LTD,17.98,18.12,17.50,17.61,17.61,17.74,,17.61,,,14292565,254659674.23,17972,F1,1,,,,,
2026-10-06,2026-10-06,CM,NSE,STK,2268,INE861B01023,MOTOGENFIN,EQ,,,,,MOTOR & GENERAL FINANCE L,24.90,26.00,24.45,25.77,25.84,24.53,,25.77,,,39767,1009340.32,428,F1,1,,,,,
2026-10-06,2026-10-06,CM,NSE,STK,757810,INE0XM301010,MMEL,SM,,,,,MOVING MEDIA ENTER LTD,27.25,27.25,27.00,27.00,27.00,28.50,,27.00,,,6000,162900.00,3,F1,2000,,,,,
2026-10-06,2026-10-06,CM,NSE,STK,4503,INE356A01018,MPHASIS,EQ,,,,,MPHASIS LIMITED,2290.00,2306.00,2265.50,2298.00,2298.00,2297.10,,2298.00,,,286928,655774512.90,19324,F1,1,,,,,
2026-10-06,2026-10-06,CM,NSE,STK,10578,INE943D01017,MPSLTD,EQ,,,,,MPS LIMITED,2667.00,2729.90,2628.10,2681.20,2652.20,2637.40,,2681.08,,,9345,25053454.50,2117,F1,1,,,,,
2026-10-06,2026-10-06,CM,NSE,STK,2277,INE883A01011,MRF,EQ,,,,,MRF LTD,123500.00,124560.00,123250.00,124080.00,124280.00,123330.00,,124080.44,,,2176,269519460.00,1627,F1,1,,,,,
2026-10-06,2026-10-06,CM,NSE,STK,2283,INE103A01014,MRPL,EQ,,,,,MRPL,173.00,176.95,171.11,174.72,175.11,172.43,,174.71,,,9705261,1689922853.03,63510,F1,1,,,,,
2026-10-06,2026-10-06,CM,NSE,STK,1628,INE495P01020,BECTORFOOD,EQ,,,,,MRS BECTORS FOOD SPE LTD,211.25,214.99,211.11,212.16,212.54,210.83,,212.17,,,335112,71271597.74,10034,F1,1,,,,,
2026-10-06,2026-10-06,CM,NSE,STK,11919,INE752G01015,MSPL,EQ,,,,,MSP STEEL & POWER LTD.,31.51,32.64,31.10,32.34,32.49,31.65,,32.34,,,538757,17330788.42,2454,F1,1,,,,,
2026-10-06,2026-10-06,CM,NSE,STK,9356,INE255X01014,MSTCLTD,EQ,,,,,MSTC LIMITED,694.00,725.60,693.95,714.30,715.05,693.75,,714.27,,,174093,124437946.15,8939,F1,1,,,,,
2026-10-06,2026-10-06,CM,NSE,STK,31413,INE472M01018,MTEDUCARE,BE,,,,,MT EDUCARE LTD,1.71,1.71,1.60,1.63,1.63,1.68,,1.63,,,31691,52166.09,42,F1,1,,,,,
2026-10-06,2026-10-06,CM,NSE,STK,2715,INE864I01014,MTARTECH,BE,,,,,MTAR TECHNOLOGIES LIMITED,7512.00,7789.00,7426.00,7718.50,7723.00,7654.00,,7718.61,,,98802,757750867.00,14348,F1,1,,,,,
2026-10-06,2026-10-06,CM,NSE,STK,19783,INE08KJ01020,MUFIN,EQ,,,,,MUFIN GREEN FINANCE LTD,133.30,136.45,132.25,135.17,135.00,132.89,,135.17,,,2282224,308025032.04,7197,F1,1,,,,,
2026-10-06,2026-10-06,CM,NSE,STK,11325,INE304A01026,MUKANDLTD,EQ,,,,,MUKAND LTD.,182.20,184.95,175.00,181.55,178.61,182.20,,181.60,,,476026,86252188.99,7901,F1,1,,,,,
2026-10-06,2026-10-06,CM,NSE,STK,22981,INE0CG401037,MUKKA,BE,,,,,MUKKA PROTEINS LIMITED,26.59,27.20,26.26,26.97,27.06,26.67,,26.93,,,112572,3015743.96,522,F1,1,,,,,
2026-10-06,2026-10-06,CM,NSE,STK,8687,INE374B01019,MUKTAARTS,EQ,,,,,MUKTA ARTS LIMITED,54.30,59.99,53.10,57.04,57.98,54.89,,57.04,,,904,51089.34,28,F1,1,,,,,
2026-10-06,2026-10-06,CM,NSE,STK,31181,INE745G01043,MCX,EQ,,,,,MULTI COMMODITY EXCHANGE,3195.00,3323.00,3185.00,3310.00,3310.00,3181.70,,3310.20,,,1520917,4968604903.60,89254,F1,1,,,,,
2026-10-06,2026-10-06,CM,NSE,STK,759416,INE1K8Y01018,MUNISH,SM,,,,,MUNISH FORGE LIMITED,86.45,86.45,86.45,86.45,86.45,86.45,,86.45,,,1200,103740.00,1,F1,1200,,,,,
2026-10-06,2026-10-06,CM,NSE,STK,13511,INE672B01032,MUNJALAU,EQ,,,,,MUNJAL AUTO IND. LTD.,106.45,106.98,103.74,105.33,105.95,105.56,,105.33,,,355586,37447188.34,9810,F1,1,,,,,
2026-10-06,2026-10-06,CM,NSE,STK,2307,INE577A01027,MUNJALSHOW,EQ,,,,,MUNJAL SHOWA LTD,125.70,127.00,124.18,124.82,124.45,124.03,,124.80,,,16146,2028169.52,602,F1,1,,,,,
2026-10-06,2026-10-06,CM,NSE,STK,2313,INE692B01014,MURUDCERA,EQ,,,,,MURUDESHWAR CERAMICS LTD,28.70,28.70,27.56,27.97,27.60,28.01,,27.96,,,17500,490272.36,103,F1,1,,,,,
2026-10-06,2026-10-06,CM,NSE,STK,19877,INE919I01024,RADIOCITY,EQ,,,,,MUSIC BROADCAST LIMITED,6.05,6.05,5.80,6.01,6.02,5.90,,6.01,,,18611,109638.74,115,F1,1,,,,,
2026-10-06,2026-10-06,CM,NSE,STK,10415,INE296G01013,MUTHOOTCAP,EQ,,,,,MUTHOOT CAP SERV LTD,229.05,229.05,210.74,216.42,216.80,219.33,,216.30,,,6595,1426449.16,425,F1,1,,,,,
2026-10-06,2026-10-06,CM,NSE,STK,23650,INE414G01012,MUTHOOTFIN,EQ,,,,,MUTHOOT FINANCE LIMITED,2722.90,2724.10,2679.00,2686.00,2686.00,2716.40,,2686.05,,,369508,994684657.50,36350,F1,1,,,,,
2026-10-06,2026-10-06,CM,NSE,STK,20831,INE046W01019,MUTHOOTMF,EQ,,,,,MUTHOOT MICROFIN LIMITED,176.38,179.19,173.12,176.76,174.40,176.38,,176.78,,,193467,33877034.84,4544,F1,1,,,,,
2026-10-06,2026-10-06,CM,NSE,STK,764397,INE0OWZ01020,MVELECTRO,EQ,,,,,MV ELECTROSYSTEMS LIMITED,913.90,970.00,913.50,933.10,931.00,897.55,,933.12,,,4326577,4086750063.05,148487,F1,1,,,,,
2026-10-06,2026-10-06,CM,NSE,STK,763206,INE0JYY07026,10MWL29,N0,,,,,MWL 10% 2029,100475.00,100475.00,100475.00,100475.00,100475.00,100475.85,,100475.00,,,3,301425.00,1,F1,1,,,,,
2026-10-06,2026-10-06,CM,NSE,STK,25208,INE0RVQ01016,MYMUDRA,SM,,,,,MY MUDRA FINCORP LIMITED,75.85,83.60,75.50,82.70,82.40,72.65,,82.70,,,141600,11422020.00,108,F1,1200,,,,,
2026-10-06,2026-10-06,CM,NSE,STK,8220,INE741A01011,MYSORPETRO,BE,,,,,MYSORE PETRO CHEMICALS L,117.98,119.90,112.71,117.13,117.00,115.88,,117.12,,,3104,358978.18,49,F1,1,,,,,
2026-10-06,2026-10-06,CM,NSE,STK,20314,INE740D01017,NRAIL,EQ,,,,,N R AGARWAL INDS LTD,679.00,679.00,655.00,658.25,660.25,661.35,,658.25,,,11965,7921825.75,1020,F1,1,,,,,
2026-10-06,2026-10-06,CM,NSE,STK,757489,INE104101014,NRVANDANA,SM,,,,,N R VANDANA TEX IND LTD,69.60,69.60,69.60,69.60,69.60,73.10,,69.60,,,9000,626400.00,2,F1,3000,,,,,
2026-10-06,2026-10-06,CM,NSE,STK,764798,INE920C01017,NTCIND,EQ,,,,,N T C INDUSTRIES LTD.,140.00,143.00,133.00,134.76,138.00,135.97,,134.88,,,762,103596.31,52,F1,1,,,,,
2026-10-06,2026-10-06,CM,NSE,STK,19111,INE365I01020,NBIFIN,EQ,,,,,N.B.I. IND. FIN. CO. LTD,1850.90,1879.00,1820.00,1828.10,1821.10,1819.00,,1828.10,,,164,303239.10,46,F1,1,,,,,
2026-10-06,2026-10-06,CM,NSE,STK,20425,INE295D01020,NACLIND,EQ,,,,,NACL INDUSTRIES LIMITED,131.83,137.40,130.96,136.63,137.00,130.29,,136.63,,,375897,50702527.46,6914,F1,1,,,,,
2026-10-06,2026-10-06,CM,NSE,STK,18371,INE756C01015,NDGL,EQ,,,,,NAGA DHUNSERI GROUP LTD,2400.00,2437.00,2336.10,2371.80,2371.80,2354.30,,2371.80,,,118,282777.00,48,F1,1,,,,,
2026-10-06,2026-10-06,CM,NSE,STK,14942,INE245I01016,NAGREEKCAP,EQ,,,,,NAGREEKA CAP & INFR.LTD,24.56,27.88,24.56,27.25,27.88,25.49,,27.25,,,17101,457736.73,110,F1,1,,,,,
2026-10-06,2026-10-06,CM,NSE,STK,14702,INE123B01028,NAGREEKEXP,EQ,,,,,NAGREEKA EXPORTS LTD.,20.70,22.48,20.70,21.97,22.18,20.87,,21.97,,,4503,98391.08,81,F1,1,,,,,
2026-10-06,2026-10-06,CM,NSE,STK,15360,INE049I01012,NAHARCAP,EQ,,,,,NAHAR CAP & FIN.,231.60,239.70,230.00,234.66,233.75,233.82,,234.66,,,1700,397884.19,65,F1,1,,,,,
2026-10-06,2026-10-06,CM,NSE,STK,13106,INE289A01011,NAHARINDUS,EQ,,,,,NAHAR INDS ENT LTD,128.15,129.67,126.25,127.66,127.66,127.08,,127.66,,,12859,1644934.08,381,F1,1,,,,,
2026-10-06,2026-10-06,CM,NSE,STK,14445,INE308A01027,NAHARPOLY,EQ,,,,,NAHAR POLY FILMS LIMITED,223.34,225.00,219.99,220.36,221.50,222.21,,220.40,,,5593,1239214.96,427,F1,1,,,,,
2026-10-06,2026-10-06,CM,NSE,STK,14440,INE290A01027,NAHARSPING,EQ,,,,,NAHAR SPINNING MILLS LTD.,254.35,259.85,253.00,257.40,255.55,250.15,,257.40,,,10252,2632957.80,294,F1,1,,,,,
2026-10-06,2026-10-06,CM,NSE,STK,5401,INE236Y01012,NGIL,EQ,,,,,NAKODA GROUP OF IND. LTD,36.82,38.40,35.96,36.15,36.00,36.83,,36.15,,,13331,486317.03,288,F1,1,,,,,
2026-10-06,2026-10-06,CM,NSE,STK,11239,INE023A01030,NSIL,EQ,,,,,NALWA SONS INVESTMENT LTD,5153.00,5324.00,5153.00,5297.50,5315.00,5199.50,,5297.43,,,1675,8830210.50,514,F1,1,,,,,
2026-10-06,2026-10-06,CM,NSE,STK,23382,INE0RJM01010,NAMAN,ST,,,,,NAMAN INDUSTRE PRXIMA LTD,48.20,48.20,48.20,48.20,48.20,48.20,,48.20,,,2400,115680.00,2,F1,800,,,,,
2026-10-06,2026-10-06,CM,NSE,STK,25167,INE08NZ01012,NAMOEWASTE,SM,,,,,NAMO EWASTE MANAGEMENT L,327.95,387.45,327.95,382.90,383.00,323.50,,382.90,,,148000,54333040.00,174,F1,800,,,,,
2026-10-06,2026-10-06,CM,NSE,STK,31258,INE875G01048,NDL,EQ,,,,,NANDAN DENIM LIMITED,2.60,2.70,2.56,2.57,2.59,2.59,,2.57,,,997287,2620334.04,1235,F1,1,,,,,
2026-10-06,2026-10-06,CM,NSE,STK,5516,INE696V01013,JAIPURKURT,EQ,,,,,NANDANI CREATION LIMITED,25.51,28.00,25.51,27.37,27.70,26.01,,27.37,,,99083,2688407.49,281,F1,1,,,,,
2026-10-06,2026-10-06,CM,NSE,STK,11840,INE410P01011,NH,EQ,,,,,NARAYANA HRUDAYALAYA LTD.,1730.20,1739.60,1716.20,1723.80,1725.00,1722.40,,1724.01,,,177934,307123613.00,30437,F1,1,,,,,
2026-10-06,2026-10-06,CM,NSE,STK,11627,INE117Z01029,NARMADA,EQ,,,,,NARMADA AGROBASE LIMITED,12.49,12.49,11.99,12.10,12.00,12.30,,12.10,,,359207,4347972.57,1010,F1,1,,,,,
2026-10-06,2026-10-06,CM,NSE,STK,3918,INE987B01026,NATCOPHARM,EQ,,,,,NATCO PHARMA LTD.,824.70,827.00,815.35,823.65,824.55,821.50,,823.65,,,225113,184762788.00,17214,F1,1,,,,,
2026-10-06,2026-10-06,CM,NSE,STK,11065,INE448G01010,NATHBIOGEN,EQ,,,,,NATH BIO-GENES (I) LTD,138.50,141.98,136.00,138.31,139.50,134.29,,138.34,,,9276,1285899.52,415,F1,1,,,,,
2026-10-06,2026-10-06,CM,NSE,STK,6364,INE139A01034,NATIONALUM,EQ,,,,,NATIONAL ALUMINIUM CO LTD,344.95,348.65,333.35,337.25,337.25,340.00,,337.25,,,6701284,2272999527.25,50695,F1,1,,,,,
2026-10-06,2026-10-06,CM,NSE,STK,13925,INE870D01012,NFL,EQ,,,,,NATIONAL FERT. LTD,63.28,65.25,63.11,64.91,64.61,63.28,,64.90,,,584167,37577331.36,5592,F1,1,,,,,
2026-10-06,2026-10-06,CM,NSE,STK,762807,INE166R01015,NATIONSTD,EQ,,,,,NATIONAL STAND (INDIA) L,112.00,113.98,108.46,110.79,110.15,112.51,,110.99,,,8035,891799.23,284,F1,1,,,,,
2026-10-06,2026-10-06,CM,NSE,STK,29588,INE936B01015,NATCAPSUQ,BE,,,,,NATURAL CAPSULES LIMITED,164.00,168.50,162.30,166.74,166.97,165.15,,166.74,,,837,138689.82,25,F1,1,,,,,
2026-10-06,2026-10-06,CM,NSE,STK,4014,INE725A01030,NAVA,EQ,,,,,NAVA LIMITED,558.00,578.00,558.00,575.00,574.90,556.70,,575.00,,,601625,344432014.95,25030,F1,1,,,,,
2026-10-06,2026-10-06,CM,NSE,STK,14672,INE048G01026,NAVINFLUOR,EQ,,,,,NAVIN FLUORINE INT. LTD,8272.00,8574.00,8272.00,8536.00,8570.00,8272.00,,8536.21,,,112311,947054085.50,25748,F1,1,,,,,
2026-10-06,2026-10-06,CM,NSE,STK,10557,INE278M01019,NAVKARCORP,EQ,,,,,NAVKAR CORPORATION LTD.,85.99,86.28,84.28,85.96,86.10,84.94,,85.96,,,149503,12777172.33,2350,F1,1,,,,,
2026-10-06,2026-10-06,CM,NSE,STK,29146,INE268H01044,NAVKARURB,EQ,,,,,NAVKAR URBANSTRUCTURE LTD,0.85,0.86,0.83,0.85,0.85,0.83,,0.86,,,119787,101798.92,243,F1,1,,,,,
2026-10-06,2026-10-06,CM,NSE,STK,2385,INE060A01024,NAVNETEDUL,EQ,,,,,NAVNEET EDUCATION LTD,123.90,125.11,123.36,124.27,124.05,122.97,,124.22,,,56581,7032729.34,941,F1,1,,,,,
2026-10-06,2026-10-06,CM,NSE,STK,2987,INE418L01047,NAZARA,EQ,,,,,NAZARA TECHNOLOGIES LTD,385.75,387.60,378.80,379.55,379.10,385.80,,379.55,,,732269,279496177.35,15454,F1,1,,,,,
2026-10-06,2026-10-06,CM,NSE,STK,31415,INE095N01031,NBCC,EQ,,,,,NBCC (INDIA) LIMITED,76.50,77.85,76.20,77.05,77.05,76.20,,77.05,,,5142985,395172073.27,33566,F1,1,,,,,
2026-10-06,2026-10-06,CM,NSE,STK,2319,INE868B01028,NCC,EQ,,,,,NCC LIMITED,128.90,129.70,128.20,128.47,128.65,128.79,,128.47,,,1129724,145391074.53,20527,F1,1,,,,,
2026-10-06,2026-10-06,CM,NSE,STK,14490,INE732C01016,NCLIND,EQ,,,,,NCL INDUSTRIES LIMITED,168.85,170.95,165.20,166.80,165.20,168.85,,166.80,,,43369,7276187.78,1100,F1,1,,,,,
2026-10-06,2026-10-06,CM,NSE,STK,14547,INE353A01023,NDLVENTURE,EQ,,,,,NDL VENTURES LIMITED,124.30,124.49,120.74,122.91,123.00,123.17,,122.91,,,5903,726218.35,131,F1,1,,,,,
2026-10-06,2026-10-06,CM,NSE,STK,22255,INE07OG01012,NDRAUTO,EQ,,,,,NDR AUTO COMPONENTS LTD,706.80,709.90,700.00,704.70,703.00,706.80,,704.55,,,8373,5895545.20,724,F1,1,,,,,
2026-10-06,2026-10-06,CM,NSE,STK,11427,INE155G01029,NDTV,EQ,,,,,NDTV LTD,67.44,68.55,66.83,67.08,67.50,67.19,,67.09,,,74085,4996454.17,967,F1,1,,,,,
2026-10-06,2026-10-06,CM,NSE,STK,11927,INE023H01027,NECLIFE,EQ,,,,,NECTAR LIFESCIENCES LTD.,10.62,11.00,10.30,10.95,10.72,10.48,,10.99,,,335891,3632445.50,356,F1,1,,,,,
2026-10-06,2026-10-06,CM,NSE,STK,762812,INE605D01012,NEAGI,EQ,,,,,NEELAMALAI AGRO INDS. L,3452.00,3452.00,3230.10,3284.40,3230.10,3292.90,,3284.40,,,51,169706.50,12,F1,1,,,,,
2026-10-06,2026-10-06,CM,NSE,STK,14761,INE189I01024,NELCAST,EQ,,,,,NELCAST LIMITED,123.00,126.00,119.69,124.48,125.00,121.43,,124.49,,,232684,28611268.72,3893,F1,1,,,,,
2026-10-06,2026-10-06,CM,NSE,STK,2388,INE045B01015,NELCO,EQ,,,,,NELCO LTD,889.40,930.25,889.40,924.15,921.00,885.10,,924.12,,,187172,171947223.15,8807,F1,1,,,,,
2026-10-06,2026-10-06,CM,NSE,STK,760928,INE21UM01018,NEOCHEM,SM,,,,,NEOCHEM BIO SOLUTIONS LTD,105.50,105.85,99.95,105.80,105.80,104.70,,105.80,,,31200,3180840.00,22,F1,1200,,,,,
2026-10-06,2026-10-06,CM,NSE,STK,9917,INE136S01016,NEOGEN,EQ,,,,,NEOGEN CHEMICALS LIMITED,2319.00,2438.50,2319.00,2429.20,2436.00,2311.20,,2429.22,,,91934,220739332.10,12818,F1,1,,,,,
2026-10-06,2026-10-06,CM,NSE,STK,24350,INE0SUN01013,NEPHROCARE,SM,,,,,NEPHRO CARE INDIA LIMITED,86.90,89.90,84.95,87.30,85.00,86.90,,87.30,,,27200,2359080.00,54,F1,400,,,,,
2026-10-06,2026-10-06,CM,NSE,STK,760346,INE428V01029,NEPHROPLUS,EQ,,,,,NEPHROCARE HEALTH SERV L,639.00,642.00,628.00,634.55,639.90,637.65,,634.56,,,438059,276971316.40,23733,F1,1,,,,,
2026-10-06,2026-10-06,CM,NSE,STK,757493,INE156901014,NEPTUNE,SM,,,,,NEPTUNE PETROCHEMICALS L,178.20,178.20,178.20,178.20,178.20,178.20,,178.20,,,500,89100.00,1,F1,500,,,,,
2026-10-06,2026-10-06,CM,NSE,STK,15409,INE317F01035,NESCO,EQ,,,,,NESCO LTD.,1030.20,1045.00,1030.20,1037.10,1037.20,1036.60,,1037.07,,,37988,39461525.60,3544,F1,1,,,,,
2026-10-06,2026-10-06,CM,NSE,STK,17963,INE239A01024,NESTLEIND,EQ,,,,,NESTLE INDIA LIMITED,1303.60,1341.40,1293.40,1341.40,1341.40,1297.10,,1341.36,,,1650856,2176531901.90,52212,F1,1,,,,,
2026-10-06,2026-10-06,CM,NSE,STK,20406,INE518X01015,CBAZAAR,SM,,,,,NET AVENUE TECHNOLOGIES L,5.05,5.45,5.05,5.05,5.05,5.30,,5.05,,,56000,286000.00,7,F1,8000,,,,,
2026-10-06,2026-10-06,CM,NSE,STK,17433,INE0NT901020,NETWEB,EQ,,,,,NETWEB TECH INDIA LTD,4785.00,4847.90,4721.00,4746.20,4742.60,4765.10,,4746.33,,,768777,3676384742.80,62582,F1,1,,,,,
2026-10-06,2026-10-06,CM,NSE,STK,756324,INE0FFK01017,NPST,EQ,,,,,NETWORK PEOPLE SRV TECH L,1848.00,1865.90,1800.00,1835.50,1840.00,1833.50,,1835.48,,,67123,123200155.80,8416,F1,1,,,,,
2026-10-06,2026-10-06,CM,NSE,STK,14111,INE870H01013,NETWORK18,EQ,,,,,NETWORK18 MEDIA & INV LTD,25.58,26.41,25.50,26.22,26.22,25.44,,26.22,,,2445551,63672598.40,7113,F1,1,,,,,
2026-10-06,2026-10-06,CM,NSE,STK,30554,INE333I01044,NEUEON,BE,,,,,NEUEON CORPORATION LTD,14.00,14.50,13.78,13.79,13.94,14.50,,13.79,,,30899,428184.70,117,F1,1,,,,,
2026-10-06,2026-10-06,CM,NSE,STK,2406,INE794A01010,NEULANDLAB,EQ,,,,,NEULAND LAB LTD.,21940.00,21975.00,21410.00,21905.00,21975.00,21875.00,,21904.65,,,61813,1337279690.00,21985,F1,1,,,,,
2026-10-06,2026-10-06,CM,NSE,STK,1164,INE619B01017,NEWGEN,EQ,,,,,NEWGEN SOFTWARE TECH LTD,460.90,463.20,454.15,456.60,457.00,458.75,,456.62,,,432611,197724411.55,20948,F1,1,,,,,
2026-10-06,2026-10-06,CM,NSE,STK,19161,INE0PW501021,NEWJAISA,ST,,,,,NEWJAISA TECHNOLOGIES LTD,17.00,17.00,16.20,16.20,16.20,17.00,,16.20,,,75000,1239300.00,19,F1,1500,,,,,
2026-10-06,2026-10-06,CM,NSE,STK,28801,INE0TP801012,NMSTEEL,SM,,,,,NEWMALAYALAM STEEL LTD,22.90,23.20,22.90,23.20,23.20,23.50,,23.20,,,4800,110400.00,3,F1,1600,,,,,
2026-10-06,2026-10-06,CM,NSE,STK,9867,INE747B01016,NEXTMEDIA,EQ,,,,,NEXT MEDIAWORKS LIMITED,3.57,3.69,3.54,3.56,3.57,3.57,,3.56,,,4292,15320.33,42,F1,1,,,,,
2026-10-06,2026-10-06,CM,NSE,STK,15815,INE0NDH25011,NXST,RR,,,,,NEXUS SELECT TRUST,165.40,165.59,164.55,164.81,164.70,164.99,,164.81,,,389968,64333915.30,2822,F1,1,,,,,
2026-10-06,2026-10-06,CM,NSE,STK,763536,INE0T1501010,NFPSAMPOOR,SM,,,,,NFP SAMPOORNA FOODS LTD,20.30,20.50,19.25,19.80,19.25,20.30,,19.80,,,8000,159300.00,4,F1,2000,,,,,
2026-10-06,2026-10-06,CM,NSE,STK,10277,INE887E01022,NGLFINE,EQ,,,,,NGL FINE CHEM LIMITED,3032.90,3184.00,2995.00,3122.10,3092.70,2988.30,,3120.64,,,18062,55944473.10,3857,F1,1,,,,,
2026-10-06,2026-10-06,CM,NSE,STK,1765,INE557F07181,893NHB29,N6,,,,,NHB 8.93 NCD TR II SR 2 B,5580.00,5632.99,5580.00,5600.36,5632.99,5579.71,,5600.36,,,380,2124269.95,6,F1,1,,,,,
2026-10-06,2026-10-06,CM,NSE,STK,17400,INE848E01016,NHPC,EQ,,,,,NHPC LTD,71.79,73.32,71.35,73.11,73.11,72.00,,73.11,,,5480099,396583095.89,20764,F1,1,,,,,
2026-10-06,2026-10-06,CM,NSE,STK,29487,INE149O01018,NIBE,EQ,,,,,NIBE LIMITED,1221.30,1244.40,1211.30,1240.90,1240.00,1221.30,,1240.71,,,26333,32540538.70,2333,F1,1,,,,,
2026-10-06,2026-10-06,CM,NSE,STK,764793,INE653C01022,NICCOPAR,EQ,,,,,NICCO PARKS & RESORTS LTD,82.45,82.45,79.00,79.00,79.00,80.10,,79.85,,,263,20801.00,6,F1,1,,,,,
2026-10-06,2026-10-06,CM,NSE,STK,6592,INE0J6L01013,NIDAN,SM,,,,,NIDAN LABS AND HEALTH LTD,13.50,13.50,12.70,13.35,13.35,12.60,,13.35,,,11000,143550.00,11,F1,1000,,,,,
2026-10-06,2026-10-06,CM,NSE,STK,17747,INE342G01023,NIITMTS,EQ,,,,,NIIT LEARNING SYSTEMS LTD,202.59,206.52,198.65,204.99,205.00,199.62,,205.02,,,97157,19772334.86,4941,F1,1,,,,,
2026-10-06,2026-10-06,CM,NSE,STK,11522,INE161A01038,NIITLTD,EQ,,,,,NIIT LIMITED,84.25,87.30,83.94,86.78,86.89,83.89,,86.78,,,158264,13613123.80,2788,F1,1,,,,,
2026-10-06,2026-10-06,CM,NSE,STK,758178,INE0FLF01015,NIKITA,SM,,,,,NIKITA GRENTEC RECYCL LTD,73.30,73.30,70.60,72.00,72.00,72.35,,72.00,,,4800,344880.00,4,F1,1200,,,,,
2026-10-06,2026-10-06,CM,NSE,STK,9253,INE937C01029,NILAINFRA,EQ,,,,,NILA INFRASTRUCTURES LTD,6.73,6.85,6.67,6.70,6.72,6.71,,6.70,,,81728,550020.31,327,F1,1,,,,,
2026-10-06,2026-10-06,CM,NSE,STK,7411,INE00S901012,NILASPACES,EQ,,,,,NILA SPACES LIMITED,11.08,11.46,10.86,11.17,11.25,11.00,,11.17,,,669539,7508691.86,1902,F1,1,,,,,
2026-10-06,2026-10-06,CM,NSE,STK,762817,INE445D01013,NILE,EQ,,,,,NILE LTD.,1230.30,1268.40,1228.00,1238.00,1239.00,1226.00,,1238.07,,,5834,7242010.60,903,F1,1,,,,,
2026-10-06,2026-10-06,CM,NSE,STK,2421,INE310A01015,NILKAMAL,EQ,,,,,NILKAMAL LIMITED,1829.90,1832.90,1801.00,1811.50,1816.90,1829.50,,1811.72,,,20452,37164237.20,3520,F1,1,,,,,
2026-10-06,2026-10-06,CM,NSE,STK,761720,INE875B01015,NIMBSPROJ,EQ,,,,,NIMBUS PROJECTS LIMITED,186.94,194.30,182.00,191.57,191.70,187.32,,191.57,,,31024,5771533.84,555,F1,1,,,,,
2026-10-06,2026-10-06,CM,NSE,STK,14194,INE395U01014,NINSYS,EQ,,,,,NINTEC SYSTEMS LIMITED,842.00,867.25,815.30,822.55,825.95,842.00,,822.49,,,7334,6126749.00,682,F1,1,,,,,
2026-10-06,2026-10-06,CM,NSE,STK,11439,INF204KB15I9,BANKBEES,EQ,,,,,NIP IND ETF BANK BEES,571.37,571.60,565.61,569.45,570.33,565.61,,569.46,,,548540,312476459.51,6933,F1,1,,,,,
2026-10-06,2026-10-06,CM,NSE,STK,2435,INF204KA1LD7,CONSUMBEES,EQ,,,,,NIP IND ETF CONSUMPTION,122.10,123.88,121.90,123.30,123.88,122.10,,123.30,,,35903,4412719.54,569,F1,1,,,,,
2026-10-06,2026-10-06,CM,NSE,STK,2636,INF204KA1MS3,DIVOPPBEES,EQ,,,,,NIP IND ETF DIV OPP,72.79,72.79,72.07,72.21,72.15,72.29,,72.21,,,36074,2604645.96,670,F1,1,,,,,
2026-10-06,2026-10-06,CM,NSE,STK,9847,INF204KB18I3,NV20BEES,EQ,,,,,NIP IND ETF ETF NV20,128.49,136.90,128.49,134.00,134.00,131.79,,134.00,,,8931,1183028.18,177,F1,1,,,,,
2026-10-06,2026-10-06,CM,NSE,STK,14428,INF204KB17I5,GOLDBEES,EQ,,,,,NIP IND ETF GOLD BEES,121.05,121.55,120.50,121.46,121.45,121.58,,121.46,,,15580041,1884559422.36,91171,F1,1,,,,,
2026-10-06,2026-10-06,CM,NSE,STK,18284,INF204KB19I1,HNGSNGBEES,EQ,,,,,NIP IND ETF HANGSENG BEES,469.00,469.00,458.03,460.99,461.80,457.63,,461.00,,,63065,29042431.72,3036,F1,1,,,,,
2026-10-06,2026-10-06,CM,NSE,STK,20072,INF732E01268,INFRABEES,EQ,,,,,NIP IND ETF INFRA BEES,898.85,914.79,897.54,909.15,904.08,898.85,,909.16,,,18900,17154182.03,395,F1,1,,,,,
2026-10-06,2026-10-06,CM,NSE,STK,19084,INF204KB15V2,ITBEES,EQ,,,,,NIP IND ETF IT,31.56,31.57,31.07,31.17,31.25,31.35,,31.17,,,5346868,166741002.11,15696,F1,1,,,,,
2026-10-06,2026-10-06,CM,NSE,STK,10939,INF732E01045,JUNIORBEES,EQ,,,,,NIP IND ETF JUNIOR BEES,753.20,761.23,743.00,758.79,760.89,748.46,,758.84,,,404843,305717494.32,14215,F1,1,,,,,
2026-10-06,2026-10-06,CM,NSE,STK,11006,INF732E01037,LIQUIDBEES,EQ,,,,,NIP IND ETF LIQUID BEES,999.99,1000.01,999.99,999.99,1000.01,999.99,,999.99,,,2902299,2902288841.96,4385,F1,1,,,,,
2026-10-06,2026-10-06,CM,NSE,STK,17700,INF204KB1882,LTGILTBEES,EQ,,,,,NIP IND ETF LONGTERM GILT,28.49,29.58,28.49,29.54,29.54,29.49,,29.54,,,2142939,63219520.07,681,F1,1,,,,,
2026-10-06,2026-10-06,CM,NSE,STK,8506,INF204KB1V68,MID150BEES,EQ,,,,,NIP IND ETF MIDCAP 150,226.26,228.50,224.55,227.52,228.45,224.92,,227.52,,,826150,187441815.20,10604,F1,1,,,,,
2026-10-06,2026-10-06,CM,NSE,STK,29577,INF204K014N5,NIF100BEES,EQ,,,,,NIP IND ETF NIFTY 100,251.21,253.66,250.53,253.11,253.66,251.20,,253.11,,,36283,9163460.04,522,F1,1,,,,,
2026-10-06,2026-10-06,CM,NSE,STK,10576,INF204KB14I2,NIFTYBEES,EQ,,,,,NIP IND ETF NIFTY BEES,258.86,259.25,255.80,258.89,258.75,257.29,,258.89,,,7681670,1984482535.95,47100,F1,1,,,,,
2026-10-06,2026-10-06,CM,NSE,STK,15032,INF204KB16I7,PSUBNKBEES,EQ,,,,,NIP IND ETF PSU BANK BEES,89.01,90.00,88.91,89.11,89.24,89.31,,89.11,,,793150,70813098.31,4372,F1,1,,,,,
2026-10-06,2026-10-06,CM,NSE,STK,17044,INF732E01128,SHARIABEES,EQ,,,,,NIP IND ETF SHARIAH BEES,421.48,429.60,421.48,424.70,424.00,421.48,,424.72,,,4737,2007642.45,289,F1,1,,,,,
2026-10-06,2026-10-06,CM,NSE,STK,357,INE298J01013,NAM-INDIA,EQ,,,,,NIPPON L I A M LTD,1067.90,1079.00,1056.10,1073.50,1073.50,1061.00,,1073.47,,,456986,486734307.60,25872,F1,1,,,,,
2026-10-06,2026-10-06,CM,NSE,STK,757725,INF204KC1FU1,LIQGRWBEES,EQ,,,,,NIPPONAMC - LIQGRWBEES,1058.30,1058.32,1058.30,1058.31,1058.30,1058.17,,1058.31,,,85518,90504033.82,288,F1,1,,,,,
2026-10-06,2026-10-06,CM,NSE,STK,758667,INF204KC1GH6,MANUFGBEES,EQ,,,,,NIPPONAMC - MANUFGBEES,153.49,156.00,153.38,155.23,155.65,153.14,,155.23,,,2710,418826.09,138,F1,1,,,,,
2026-10-06,2026-10-06,CM,NSE,STK,7880,INF204KC1337,AUTOBEES,EQ,,,,,NIPPONAMC - NETFAUTO,265.45,266.00,262.30,264.61,265.65,262.82,,264.61,,,161327,42591560.06,2065,F1,1,,,,,
2026-10-06,2026-10-06,CM,NSE,STK,4973,INF204KC1089,PHARMABEES,EQ,,,,,NIPPONAMC - NETFPHARMA,26.85,27.40,26.67,27.30,27.40,26.85,,27.30,,,3580723,97131435.48,10801,F1,1,,,,,
2026-10-06,2026-10-06,CM,NSE,STK,8080,INF204KC1402,SILVERBEES,EQ,,,,,NIPPONAMC - NETFSILVER,210.10,210.83,208.50,210.70,210.66,211.85,,210.70,,,11390233,2388886389.86,61960,F1,1,,,,,
2026-10-06,2026-10-06,CM,NSE,STK,757455,INF204KC1EZ3,SNXT30BEES,EQ,,,,,NIPPONAMC - SNXT30BEES,39.94,40.20,39.94,40.16,40.20,40.02,,40.16,,,3365,135059.69,45,F1,1,,,,,
2026-10-06,2026-10-06,CM,NSE,STK,255,INE368I01016,NIRAJ,EQ,,,,,NIRAJ CEMENT STRUC LTD,27.00,28.40,27.00,27.48,27.50,27.92,,27.48,,,22765,625520.83,74,F1,1,,,,,
2026-10-06,2026-10-06,CM,NSE,STK,18844,INE326T01011,NIRAJISPAT,BE,,,,,NIRAJ ISPAT IND LTD,299.00,299.00,299.00,299.00,299.00,300.00,,299.00,,,1,299.00,1,F1,1,,,,,
2026-10-06,2026-10-06,CM,NSE,STK,2433,INE910A01012,NIRLON,EQ,,,,,NIRLON LTD,613.00,620.40,606.15,619.00,619.90,615.40,,618.90,,,3635,2242101.95,325,F1,1,,,,,
2026-10-06,2026-10-06,CM,NSE,STK,14722,INE0OK701014,NIRMAN,SM,,,,,NIRMAN AGRI GENTICS LTD,26.70,27.75,26.70,27.70,27.70,27.00,,27.70,,,18300,499605.00,33,F1,300,,,,,
2026-10-06,2026-10-06,CM,NSE,STK,13300,INE858F01012,NITCO,EQ,,,,,NITCO LIMITED,82.95,84.90,82.80,83.77,83.76,82.69,,83.77,,,210104,17568581.57,1688,F1,1,,,,,
2026-10-06,2026-10-06,CM,NSE,STK,13175,INE229H01012,NITINSPIN,EQ,,,,,NITIN SPINNERS LIMITED,604.75,621.00,602.95,616.35,617.20,604.75,,616.35,,,63407,38978666.75,4513,F1,1,,,,,
2026-10-06,2026-10-06,CM,NSE,STK,3247,INE439T01012,NITIRAJ,EQ,,,,,NITIRAJ ENGINEERS LTD,203.15,204.95,203.15,203.29,203.15,202.14,,203.29,,,281,57179.90,15,F1,1,,,,,
2026-10-06,2026-10-06,CM,NSE,STK,762824,INE265B01019,NITTAGELA,EQ,,,,,NITTA GELATIN INDIA LTD.,1719.80,1719.80,1665.00,1668.10,1672.70,1668.90,,1668.34,,,1882,3166591.20,455,F1,1,,,,,
2026-10-06,2026-10-06,CM,NSE,STK,27097,INE995S01015,NIVABUPA,EQ,,,,,NIVA BUPA HEALTH INS CO L,76.23,76.84,75.51,76.56,76.15,75.85,,76.56,,,618602,47152353.09,12743,F1,1,,,,,
2026-10-06,2026-10-06,CM,NSE,STK,2439,INE542C01019,NKIND,EQ,,,,,NK INDUSTRIES LTD,57.00,58.90,51.30,57.06,57.00,59.96,,57.06,,,1666,95412.96,49,F1,1,,,,,
2026-10-06,2026-10-06,CM,NSE,STK,8585,INE589A01014,NLCINDIA,EQ,,,,,NLC INDIA LIMITED,253.80,260.00,253.80,254.90,254.90,252.45,,254.89,,,1241729,318553530.85,22368,F1,1,,,,,
2026-10-06,2026-10-06,CM,NSE,STK,15332,INE584A01023,NMDC,EQ,,,,,NMDC LTD.,74.41,74.49,73.74,74.38,74.38,73.74,,74.38,,,10800931,800745330.30,50767,F1,1,,,,,
2026-10-06,2026-10-06,CM,NSE,STK,14180,INE0NNS01018,NSLNISP,EQ,,,,,NMDC STEEL LIMITED,40.60,41.11,40.40,40.90,40.90,40.50,,40.90,,,4387731,178684904.65,14942,F1,1,,,,,
2026-10-06,2026-10-06,CM,NSE,STK,2442,INE163A01018,NOCIL,EQ,,,,,NOCIL LIMITED,166.43,173.20,166.43,171.83,172.34,165.83,,171.82,,,713463,122168974.56,9538,F1,1,,,,,
2026-10-06,2026-10-06,CM,NSE,STK,10786,INE781B01015,NOIDATOLL,EQ,,,,,NOIDA TOLL BRIDGE CO LTD,3.50,3.74,3.50,3.67,3.68,3.56,,3.67,,,134344,490621.14,289,F1,1,,,,,
2026-10-06,2026-10-06,CM,NSE,STK,4160,INE369C01017,NORBTEAEXP,EQ,,,,,NORBEN TEA & EXPORTS LTD,64.59,66.14,62.99,64.21,63.30,65.59,,64.21,,,1241,79313.97,57,F1,1,,,,,
2026-10-06,2026-10-06,CM,NSE,STK,13522,INE553C01016,NECCLTD,EQ,,,,,NORTH EAST CARRY CORP LTD,19.30,20.30,18.51,19.38,19.49,19.12,,19.39,,,129818,2532536.43,563,F1,1,,,,,
2026-10-06,2026-10-06,CM,NSE,STK,25426,INE850M01015,NORTHARC,EQ,,,,,NORTHERN ARC CAPITAL LTD,289.50,300.00,288.70,298.20,297.25,289.45,,298.19,,,960451,283453650.45,13272,F1,1,,,,,
2026-10-06,2026-10-06,CM,NSE,STK,22477,INE02H701025,NOVAAGRI,EQ,,,,,NOVA AGRITECH LIMITED,22.39,22.97,21.85,22.64,22.70,22.39,,22.63,,,33109,744434.07,295,F1,1,,,,,
2026-10-06,2026-10-06,CM,NSE,STK,9007,INE234A01025,NOVARTIND,EQ,,,,,NOVARTIS INDIA LIMITED,1971.00,2076.20,1936.80,2051.20,2060.20,1967.80,,2050.95,,,50956,102266217.00,8644,F1,1,,,,,
2026-10-06,2026-10-06,CM,NSE,STK,7553,INE349A01021,NRBBEARING,EQ,,,,,NRB BEARING LIMITED,536.00,543.30,533.55,536.95,535.50,535.70,,536.86,,,201725,108643616.15,12869,F1,1,,,,,
2026-10-06,2026-10-06,CM,NSE,STK,29733,INE047O01014,NIBL,EQ,,,,,NRB INDUS. BEARINGS LTD.,30.66,32.60,30.66,31.22,31.40,31.33,,31.20,,,4316,135965.47,266,F1,1,,,,,
2026-10-06,2026-10-06,CM,NSE,STK,27176,INE0ONG01011,NTPCGREEN,EQ,,,,,NTPC GREEN ENERGY LIMITED,90.11,90.72,90.00,90.13,90.05,90.09,,90.12,,,796462,71890303.54,12560,F1,1,,,,,
2026-10-06,2026-10-06,CM,NSE,STK,11630,INE733E01010,NTPC,EQ,,,,,NTPC LTD,323.50,324.30,320.05,321.45,321.45,321.80,,321.45,,,7317350,2358224786.70,58787,F1,1,,,,,
2026-10-06,2026-10-06,CM,NSE,STK,10791,INE096B01018,NUCLEUS,EQ,,,,,NUCLEUS SOFTWARE EXPORTS,634.00,642.90,632.00,638.05,636.00,637.75,,638.06,,,14083,8961325.70,1794,F1,1,,,,,
2026-10-06,2026-10-06,CM,NSE,STK,13680,INE0JM501013,NRL,BE,,,,,NUPUR RECYCLERS LIMITED,158.00,158.00,156.25,157.00,157.00,157.00,,157.00,,,66546,10456305.75,156,F1,1,,,,,
2026-10-06,2026-10-06,CM,NSE,STK,2353,INE0DSF01015,NURECA,BE,,,,,NURECA LIMITED,332.65,343.00,332.65,338.55,342.50,339.05,,339.62,,,4187,1425056.45,145,F1,1,,,,,
2026-10-06,2026-10-06,CM,NSE,STK,18721,INE531F01023,NUVAMA,EQ,,,,,NUVAMA WEALTH MANAGE LTD,1826.40,1886.50,1795.50,1838.80,1840.50,1820.80,,1838.81,,,641224,1187807368.10,39337,F1,1,,,,,
2026-10-06,2026-10-06,CM,NSE,STK,5426,INE118D01016,NUVOCO,EQ,,,,,NUVOCO VISTAS CORP LTD,325.00,330.00,323.35,326.50,326.00,326.10,,326.47,,,148942,48532464.50,12289,F1,1,,,,,
2026-10-06,2026-10-06,CM,NSE,STK,8797,INE426Z01016,OBCL,EQ,,,,,OBCL LIMITED,55.91,57.60,55.90,57.44,57.05,55.85,,57.44,,,3579,202576.99,44,F1,1,,,,,
2026-10-06,2026-10-06,CM,NSE,STK,20242,INE093I01010,OBEROIRLTY,EQ,,,,,OBEROI REALTY LIMITED,1748.00,1764.40,1737.90,1751.80,1751.80,1751.20,,1751.81,,,226302,396428293.10,11606,F1,1,,,,,
2026-10-06,2026-10-06,CM,NSE,STK,25923,INE0YHV01011,OBSCP,SM,,,,,OBSC PERFECTION LIMITED,884.05,908.95,880.00,904.80,903.00,888.70,,904.80,,,23200,20754240.00,55,F1,400,,,,,
2026-10-06,2026-10-06,CM,NSE,STK,25920,INE0PK601023,OCCLLTD,BE,,,,,OCCL LIMITED,197.99,207.67,192.10,207.59,207.67,197.79,,207.59,,,193602,39490879.58,1161,F1,1,,,,,
2026-10-06,2026-10-06,CM,NSE,STK,27571,INE054301028,ODIGMA,EQ,,,,,ODIGMA CONSULTANCY SOL L,21.17,21.17,20.51,20.91,20.85,20.66,,20.90,,,8824,183200.18,203,F1,1,,,,,
2026-10-06,2026-10-06,CM,NSE,STK,764803,INE839E01023,ODYCORP,EQ,,,,,ODYSSEY CORPORATION LTD.,6.85,6.99,6.52,6.85,6.87,6.85,,6.85,,,17446,117848.22,85,F1,1,,,,,
2026-10-06,2026-10-06,CM,NSE,STK,2475,INE213A01029,ONGC,EQ,,,,,OIL AND NATURAL GAS CORP.,225.00,225.37,221.30,224.20,224.20,224.90,,224.20,,,19173994,4268118921.08,121739,F1,1,,,,,
2026-10-06,2026-10-06,CM,NSE,STK,8109,INE591A01010,OILCOUNTUB,BE,,,,,OIL COUNTRY TUBULAR LTD.,81.29,81.29,81.29,81.29,81.29,79.70,,81.22,,,61794,5023234.26,118,F1,1,,,,,
2026-10-06,2026-10-06,CM,NSE,STK,17438,INE274J01014,OIL,EQ,,,,,OIL INDIA LTD,445.85,449.95,442.15,447.85,447.85,446.50,,447.85,,,2084230,930936408.00,26893,F1,1,,,,,
2026-10-06,2026-10-06,CM,NSE,STK,24777,INE0LXG01040,OLAELEC,EQ,,,,,OLA ELECTRIC MOBILITY LTD,36.70,37.00,35.73,35.96,36.00,36.68,,35.96,,,57079984,2064527149.80,122316,F1,1,,,,,
2026-10-06,2026-10-06,CM,NSE,STK,10637,INE260D01016,OLECTRA,EQ,,,,,OLECTRA GREENTECH LIMITED,1090.00,1105.00,1076.40,1102.90,1105.00,1078.40,,1102.90,,,215703,236338140.20,15647,F1,1,,,,,
2026-10-06,2026-10-06,CM,NSE,STK,759411,INE1BZC01019,OMFREIGHT,EQ,,,,,OM FREIGHT FORWARDERS LTD,101.80,108.00,97.00,105.00,105.05,100.95,,104.99,,,74988,7803423.43,920,F1,1,,,,,
2026-10-06,2026-10-06,CM,NSE,STK,24231,INE239D01028,OMINFRAL,EQ,,,,,OM INFRA LIMITED,74.05,76.03,72.71,73.33,72.81,74.84,,73.34,,,103269,7675259.50,2314,F1,1,,,,,
2026-10-06,2026-10-06,CM,NSE,STK,762432,INE25E901019,OMPOWER,EQ,,,,,OM POWER TRANSMISSION LTD,154.00,156.82,150.50,153.50,154.35,152.06,,153.57,,,57336,8881435.36,929,F1,1,,,,,
2026-10-06,2026-10-06,CM,NSE,STK,10922,INE090B01011,OMAXAUTO,EQ,,,,,OMAX AUTOS LTD,201.00,213.64,201.00,209.29,209.98,201.44,,209.28,,,122372,25704861.07,2711,F1,1,,,,,
2026-10-06,2026-10-06,CM,NSE,STK,14853,INE800H01010,OMAXE,EQ,,,,,OMAXE LIMITED,107.45,109.20,106.41,107.71,107.99,107.43,,107.71,,,260401,28162467.08,3380,F1,1,,,,,
2026-10-06,2026-10-06,CM,NSE,STK,117,INE338Y01016,OMFURN,SM,,,,,OMFURN INDIA LIMITED,51.00,51.90,49.25,51.90,51.90,51.00,,51.90,,,9600,484620.00,7,F1,1200,,,,,
2026-10-06,2026-10-06,CM,NSE,STK,760865,INE0UH301010,OMNI,EQ,,,,,OMNITECH ENGINEERING LTD,640.00,678.80,638.45,656.95,655.90,632.15,,656.95,,,1269642,840425932.05,48005,F1,1,,,,,
2026-10-06,2026-10-06,CM,NSE,STK,19692,INE00ER01015,ONDOOR,SM,,,,,ON DOOR CONCEPTS LIMITED,267.00,267.00,267.00,267.00,267.00,262.25,,267.00,,,2100,560700.00,1,F1,300,,,,,
2026-10-06,2026-10-06,CM,NSE,STK,6705,INE982J01020,PAYTM,EQ,,,,,ONE 97 COMMUNICATIONS LTD,1698.00,1705.50,1672.10,1694.00,1694.00,1684.00,,1694.02,,,2061099,3478897240.50,58087,F1,1,,,,,
2026-10-06,2026-10-06,CM,NSE,STK,765242,INE670O01013,ONEGLOBAL,EQ,,,,,ONE GLOBAL SERVICE PROV L,559.90,566.95,537.05,564.00,561.00,547.20,,563.99,,,23278,12865898.30,1028,F1,1,,,,,
2026-10-06,2026-10-06,CM,NSE,STK,28046,INE0HLU01028,MOBIKWIK,EQ,,,,,ONE MOBIKWIK SYSTEMS LTD,203.04,242.14,202.06,242.14,242.14,201.79,,242.14,,,58640687,13509449382.51,432767,F1,1,,,,,
2026-10-06,2026-10-06,CM,NSE,STK,9939,INE840Y01029,ONEPOINT,EQ,,,,,ONE POINT ONE SOL LTD,78.90,79.63,77.30,78.65,79.00,78.33,,78.63,,,1960862,153852663.26,16163,F1,1,,,,,
2026-10-06,2026-10-06,CM,NSE,STK,19386,INE0OPS01011,OLIL,SM,,,,,ONECLICK LOGISTICS IND L,423.10,455.00,423.05,440.65,448.00,443.65,,440.65,,,29600,13100100.00,32,F1,400,,,,,
2026-10-06,2026-10-06,CM,NSE,STK,25496,INE912L01015,ONELIFECAP,BE,,,,,ONELIFE CAP ADVISORS LTD,43.03,45.25,42.55,45.00,45.24,43.52,,45.08,,,61571,2698680.60,228,F1,1,,,,,
2026-10-06,2026-10-06,CM,NSE,STK,763294,INE12F801023,KISSHT,EQ,,,,,ONEMI TECHNOLOGY SOL LTD,381.00,384.75,375.30,383.10,381.25,379.20,,383.10,,,692711,263617837.90,19207,F1,1,,,,,
2026-10-06,2026-10-06,CM,NSE,STK,29224,INE013P01021,ONESOURCE,EQ,,,,,ONESOURCE SPECL PHARMA L,1507.50,1544.40,1475.10,1535.80,1531.50,1488.30,,1535.83,,,147840,224805464.50,15068,F1,1,,,,,
2026-10-06,2026-10-06,CM,NSE,STK,2202,INE831A01028,ONIDA,EQ,,,,,ONIDA ELECTRONICS LIMITED,31.30,31.78,30.61,31.11,31.00,31.06,,31.12,,,235196,7378477.48,1046,F1,1,,,,,
2026-10-06,2026-10-06,CM,NSE,STK,764808,INE173M01012,ONIXSOLAR,EQ,,,,,ONIX SOLAR ENERGY LTD.,342.00,347.05,335.00,338.20,335.05,334.60,,338.19,,,254164,86397459.95,3081,F1,1,,,,,
2026-10-06,2026-10-06,CM,NSE,STK,15282,INE809I01019,ONMOBILE,BE,,,,,ONMOBILE GLOBAL LTD.,48.65,50.00,47.50,49.12,49.00,48.23,,49.06,,,35560,1731593.82,347,F1,1,,,,,
2026-10-06,2026-10-06,CM,NSE,STK,2481,INE229A01017,ONWARDTEC,EQ,,,,,ONWARD TECHNOLOGIES LTD,291.90,296.15,287.05,294.60,293.70,290.75,,294.64,,,29818,8746607.00,813,F1,1,,,,,
2026-10-06,2026-10-06,CM,NSE,STK,27143,INE0WVU01018,ONYX,ST,,,,,ONYX BIOTEC LIMITED,36.55,39.35,36.15,39.35,39.35,37.50,,39.35,,,22000,848200.00,11,F1,2000,,,,,
2026-10-06,2026-10-06,CM,NSE,STK,21469,INE350C01017,OPTIEMUS,EQ,,,,,OPTIEMUS INFRACOM LTD,794.00,924.90,793.90,889.90,886.25,786.20,,889.90,,,10818595,9533213092.45,303973,F1,1,,,,,
2026-10-06,2026-10-06,CM,NSE,STK,764813,INE031G01022,OPTIFIN,EQ,,,,,OPTIMUS FINANCE LTD.,14.24,14.96,14.20,14.42,14.66,14.66,,14.42,,,46134,670581.81,269,F1,1,,,,,
2026-10-06,2026-10-06,CM,NSE,STK,764528,INE1JZB01022,OPTIMYSTIX,SM,,,,,OPTIMYSTIX ENT INDIA LTD,132.90,135.00,132.90,133.00,133.00,133.00,,133.00,,,7200,961400.00,8,F1,800,,,,,
2026-10-06,2026-10-06,CM,NSE,STK,758903,INE15B101011,OPTIVALUE,ST,,,,,OPTIVALUE TEK CONSULT LTD,233.90,235.90,230.00,235.45,235.90,224.70,,235.45,,,56000,13127600.00,30,F1,1600,,,,,
2026-10-06,2026-10-06,CM,NSE,STK,10738,INE881D01027,OFSS,EQ,,,,,ORACLE FIN SERV SOFT LTD.,10485.00,10550.00,10382.00,10482.00,10482.00,10470.00,,10482.16,,,165190,1728537308.00,22859,F1,1,,,,,
2026-10-06,2026-10-06,CM,NSE,STK,31475,INE231G01010,ORBTEXP,EQ,,,,,ORBIT EXPORTS LIMITED,247.40,257.05,244.15,246.85,244.50,240.40,,246.51,,,8679,2162900.45,247,F1,1,,,,,
2026-10-06,2026-10-06,CM,NSE,STK,29492,INE215B01022,ORCHASP,EQ,,,,,ORCHASP LIMITED,1.25,1.33,1.24,1.29,1.29,1.24,,1.29,,,179861,228792.29,199,F1,1,,,,,
2026-10-06,2026-10-06,CM,NSE,STK,926,INE191A01027,ORCHPHARMA,EQ,,,,,ORCHID PHARMA LIMITED,967.35,1015.10,965.00,1006.55,1008.00,965.90,,1006.56,,,65666,65791750.90,7358,F1,1,,,,,
2026-10-06,2026-10-06,CM,NSE,STK,17882,INE0OUT01027,ORIANA,SM,,,,,ORIANA POWER LIMITED,299.00,311.40,298.05,303.30,302.05,298.90,,303.30,,,189375,57602043.75,402,F1,375,,,,,
2026-10-06,2026-10-06,CM,NSE,STK,10159,INE730A01022,ORICONENT,EQ,,,,,ORICON ENTERPRISES LTD,53.10,53.10,51.50,52.27,52.50,52.44,,52.27,,,96670,5055714.73,1144,F1,1,,,,,
2026-10-06,2026-10-06,CM,NSE,STK,14278,INE607D01018,ORIENTBELL,EQ,,,,,ORIENT BELL LIMITED,422.40,422.40,410.85,413.55,412.10,417.10,,413.79,,,16464,6835397.00,1219,F1,1,,,,,
2026-10-06,2026-10-06,CM,NSE,STK,766377,INE0J1N01028,ORIENTCABL,EQ,,,,,ORIENT CABLES (INDIA) LTD,380.00,404.00,364.50,396.40,400.65,405.00,,396.43,,,22213407,8377631213.20,284341,F1,1,,,,,
2026-10-06,2026-10-06,CM,NSE,STK,30089,INE876N01018,ORIENTCEM,EQ,,,,,ORIENT CEMENT LTD.,116.10,117.90,115.30,115.76,115.30,116.16,,115.75,,,187615,21863435.54,2435,F1,1,,,,,
2026-10-06,2026-10-06,CM,NSE,STK,13111,INE569C01020,ORIENTCER,EQ,,,,,ORIENT CERATECH LIMITED,44.35,44.69,42.50,44.14,43.71,43.61,,44.14,,,49791,2182095.40,1812,F1,1,,,,,
2026-10-06,2026-10-06,CM,NSE,STK,2972,INE142Z01019,ORIENTELEC,EQ,,,,,ORIENT ELECTRIC LIMITED,156.75,162.78,156.50,160.70,160.10,157.71,,160.70,,,144227,23127179.37,4306,F1,1,,,,,
2026-10-06,2026-10-06,CM,NSE,STK,20110,INE999K01014,GREENPOWER,EQ,,,,,ORIENT GREEN POWER CO LTD,8.65,8.80,8.65,8.74,8.79,8.66,,8.75,,,1136066,9918065.37,2997,F1,1,,,,,
2026-10-06,2026-10-06,CM,NSE,STK,2493,INE750A01020,ORIENTHOT,EQ,,,,,ORIENT HOTELS LTD,142.05,144.39,140.89,143.61,143.90,140.87,,143.61,,,869875,124480239.02,6559,F1,1,,,,,
2026-10-06,2026-10-06,CM,NSE,STK,2496,INE592A01026,ORIENTPPR,EQ,,,,,ORIENT PAPER AND INDS LTD,16.23,16.38,16.17,16.26,16.25,16.17,,16.25,,,71350,1160900.46,262,F1,1,,,,,
2026-10-06,2026-10-06,CM,NSE,STK,18211,INE609C01024,ORIENTLTD,BE,,,,,ORIENT PRESS LIMITED,78.26,78.26,76.00,76.00,76.00,75.52,,76.00,,,375,28506.78,5,F1,1,,,,,
2026-10-06,2026-10-06,CM,NSE,STK,24961,INE0PPK01015,ORIENTTECH,EQ,,,,,ORIENT TECHNOLOGIES LTD,222.53,229.98,222.53,226.35,229.00,222.47,,226.49,,,140422,31584477.97,2607,F1,1,,,,,
2026-10-06,2026-10-06,CM,NSE,STK,10768,INE959C01023,OAL,EQ,,,,,ORIENTAL AROMATICS LTD,526.95,526.95,505.80,511.35,518.00,515.10,,511.35,,,13510,6912358.25,1005,F1,1,,,,,
2026-10-06,2026-10-06,CM,NSE,STK,764818,INE457G01029,ORIRAIL,EQ,,,,,ORIENTAL RAIL INFRA L,122.00,123.88,120.60,122.96,122.49,122.39,,122.91,,,32173,3939705.47,791,F1,1,,,,,
2026-10-06,2026-10-06,CM,NSE,STK,14346,INE998H01012,ORIENTALTL,EQ,,,,,ORIENTAL TRIMEX LTD,4.98,4.99,4.73,4.87,4.88,4.83,,4.87,,,38279,187415.82,181,F1,1,,,,,
2026-10-06,2026-10-06,CM,NSE,STK,19931,INE725E01024,ORISSAMINE,EQ,,,,,ORISSA MIN DEV CO LTD,3588.10,3649.70,3552.10,3609.00,3616.60,3522.20,,3609.07,,,7282,26235590.90,1798,F1,1,,,,,
2026-10-06,2026-10-06,CM,NSE,STK,759569,INE16NZ01023,ORKLAINDIA,EQ,,,,,ORKLA INDIA LIMITED,537.00,551.00,535.50,545.00,541.00,539.20,,544.99,,,54162,29473265.70,4830,F1,1,,,,,
2026-10-06,2026-10-06,CM,NSE,STK,2979,INE749B01020,ORTINGLOBE,EQ,,,,,ORTIN GLOBAL LIMITED,13.82,14.51,13.80,14.39,14.51,13.82,,14.45,,,9315,131982.57,55,F1,1,,,,,
2026-10-06,2026-10-06,CM,NSE,STK,25386,INE0RMF01018,OSELDEVICE,SM,,,,,OSEL DEVICES LIMITED,366.10,378.75,366.10,375.70,373.10,365.80,,375.70,,,12000,4480700.00,45,F1,200,,,,,
2026-10-06,2026-10-06,CM,NSE,STK,766359,INE06IR01021,OSIAHYPER,BZ,,,,,OSIA HYPER RETAIL LIMITED,2.00,2.09,1.99,2.00,2.02,2.09,,2.00,,,387665,780171.19,556,F1,1,,,,,
2026-10-06,2026-10-06,CM,NSE,STK,2514,INE142A01012,OSWALAGRO,EQ,,,,,OSWAL AGRO MILLS LTD,33.78,34.86,32.00,32.85,32.80,32.98,,32.82,,,73055,2423539.61,881,F1,1,,,,,
2026-10-06,2026-10-06,CM,NSE,STK,471,INE143A01010,OSWALGREEN,EQ,,,,,OSWAL GREENTECH LIMITED,19.14,19.75,19.14,19.27,19.33,19.14,,19.28,,,64470,1249021.52,1154,F1,1,,,,,
2026-10-06,2026-10-06,CM,NSE,STK,756802,INE0BYP01024,OSWALPUMPS,EQ,,,,,OSWAL PUMPS LIMITED,264.90,269.20,263.55,264.80,265.70,265.10,,264.80,,,275385,73134773.75,6301,F1,1,,,,,
2026-10-06,2026-10-06,CM,NSE,STK,22911,INE0R8M01017,OWAIS,SM,,,,,OWAIS METAL & MINERAL,67.80,68.85,66.15,67.00,67.00,67.50,,67.00,,,4800,322310.00,34,F1,100,,,,,
2026-10-06,2026-10-06,CM,NSE,STK,765145,INE501F01018,PBMPOLY,EQ,,,,,P B M POLYTEX LTD.,57.50,60.40,55.97,58.75,58.75,58.02,,58.75,,,583,34166.25,19,F1,1,,,,,
2026-10-06,2026-10-06,CM,NSE,STK,25312,INE953R01016,PNGJL,EQ,,,,,P N GADGIL JEWELLERS LTD,573.65,590.45,572.35,588.60,588.00,573.30,,588.61,,,320402,187598703.05,15434,F1,1,,,,,
2026-10-06,2026-10-06,CM,NSE,STK,764845,INE035S01028,POEL,EQ,,,,,P O C L ENTERPRISES LTD.,139.94,141.00,132.15,133.71,132.30,136.27,,133.62,,,35229,4789954.98,1426,F1,1,,,,,
2026-10-06,2026-10-06,CM,NSE,STK,29662,INE0XUS01020,PSRAJ,SM,,,,,P S RAJ STEELS LIMITED,98.00,100.35,98.00,99.75,99.90,98.00,,99.75,,,125000,12464625.00,36,F1,2500,,,,,
2026-10-06,2026-10-06,CM,NSE,STK,2535,INE179A01014,PGHH,EQ,,,,,P&G HYGIENE & HEALTH CARE,6780.50,6900.00,6745.00,6865.00,6866.00,6768.00,,6864.97,,,10760,73375004.50,3799,F1,1,,,,,
2026-10-06,2026-10-06,CM,NSE,STK,8735,INE0KN801013,PROPEQUITY,SM,,,,,P. E. ANALYTICS LIMITED,195.00,195.00,195.00,195.00,195.00,207.70,,195.00,,,1200,234000.00,1,F1,600,,,,,
2026-10-06,2026-10-06,CM,NSE,STK,759342,INE0S3G01027,PACEDIGITK,EQ,,,,,PACE DIGITEK LIMITED,165.00,171.00,164.26,166.28,166.00,164.04,,166.28,,,903214,150675014.52,11431,F1,1,,,,,
2026-10-06,2026-10-06,CM,NSE,STK,764823,INE883C01025,PACIFICI,EQ,,,,,PACIFIC INDUSTRIES LTD.,139.00,139.00,138.99,138.99,138.99,139.50,,138.99,,,48,6671.99,3,F1,1,,,,,
2026-10-06,2026-10-06,CM,NSE,STK,14413,INE761H01022,PAGEIND,EQ,,,,,PAGE INDUSTRIES LTD,37600.00,38465.00,37395.00,37970.00,37970.00,37465.00,,37970.00,,,31600,1200776190.00,13391,F1,1,,,,,
2026-10-06,2026-10-06,CM,NSE,STK,25468,INE420C01059,PAISALO,EQ,,,,,PAISALO DIGITAL LIMITED,82.00,83.25,81.19,83.10,83.25,81.13,,83.10,,,9862392,814998425.93,16289,F1,1,,,,,
2026-10-06,2026-10-06,CM,NSE,STK,17197,INE551D01018,PAKKA,EQ,,,,,PAKKA LIMITED,70.48,73.85,68.66,69.13,69.00,69.79,,69.14,,,695031,49094042.67,7264,F1,1,,,,,
2026-10-06,2026-10-06,CM,NSE,STK,21383,INE471W01019,PALASHSECU,EQ,,,,,PALASH SECURITIES LTD,89.90,89.90,86.00,86.80,86.80,87.94,,86.80,,,607,52571.24,34,F1,1,,,,,
2026-10-06,2026-10-06,CM,NSE,STK,17062,INE218G01033,PALREDTEC,EQ,,,,,PALRED TECHNOLOGIES LTD,41.51,43.00,41.49,41.62,41.49,43.67,,41.62,,,2463,103577.19,87,F1,1,,,,,
2026-10-06,2026-10-06,CM,NSE,STK,4055,INE922B01023,PANACEABIO,EQ,,,,,PANACEA BIOTEC LTD,351.10,364.75,349.20,363.20,362.00,350.25,,363.22,,,66783,24092253.35,2719,F1,1,,,,,
2026-10-06,2026-10-06,CM,NSE,STK,16355,INE895W01019,PANACHE,BE,,,,,PANACHE DIGILIFE LIMITED,569.00,569.00,555.00,569.00,569.00,541.95,,569.00,,,7672,4362744.00,93,F1,1,,,,,
2026-10-06,2026-10-06,CM,NSE,STK,25392,INE305C01029,PANAMAPET,EQ,,,,,PANAMA PETROCHEM LTD,487.90,509.90,480.60,504.10,503.00,482.20,,504.11,,,627296,314434438.90,19642,F1,1,,,,,
2026-10-06,2026-10-06,CM,NSE,STK,764828,INE798F01010,PANCHMAHQ,EQ,,,,,PANCHMAHAL STEEL LTD.,287.50,309.80,287.50,296.40,309.80,287.50,,296.40,,,25,7410.50,3,F1,1,,,,,
2026-10-06,2026-10-06,CM,NSE,STK,765140,INE258R01028,PANORAMA,EQ,,,,,PANORAMA STUDIOS INTL. L,62.80,69.00,62.00,63.05,62.80,63.50,,63.06,,,2527901,167292745.86,10998,F1,1,,,,,
2026-10-06,2026-10-06,CM,NSE,STK,6141,INE697V01011,PANSARI,EQ,,,,,PANSARI DEVELOPERS LTD,274.00,277.55,260.00,265.70,266.20,254.30,,265.70,,,1067,287881.40,35,F1,1,,,,,
2026-10-06,2026-10-06,CM,NSE,STK,5637,INE04LG01015,PAR,BE,,,,,PAR DRUGS AND CHEM LTD,122.00,125.48,122.00,122.74,123.90,125.79,,122.74,,,9174,1134353.31,136,F1,1,,,,,
2026-10-06,2026-10-06,CM,NSE,STK,9741,INE088F01024,PARADEEP,EQ,,,,,PARADEEP PHOSPHATES LTD,153.60,157.44,153.11,156.76,156.40,153.60,,156.75,,,1621070,252325586.41,24029,F1,1,,,,,
2026-10-06,2026-10-06,CM,NSE,STK,17130,INE883N01014,PARAGMILK,EQ,,,,,PARAG MILK FOODS LTD.,283.00,311.00,279.10,308.70,308.60,281.00,,308.70,,,7377044,2235785041.30,99896,F1,1,,,,,
2026-10-06,2026-10-06,CM,NSE,STK,19779,INE0N4G01012,PARAGON,SM,,,,,PARAGON FINE S.C. LTD.,50.00,51.00,49.00,49.20,49.00,49.50,,49.20,,,9600,479400.00,8,F1,1200,,,,,
2026-10-06,2026-10-06,CM,NSE,STK,25069,INE0S2W01018,PARAMATRIX,SM,,,,,PARAMATRIX TECHNOLOGIES L,56.00,56.00,55.00,55.00,55.00,54.90,,55.00,,,3600,199200.00,3,F1,1200,,,,,
2026-10-06,2026-10-06,CM,NSE,STK,13951,INE074B01023,PARACABLES,EQ,,,,,PARAMOUNT COMM LTD,56.11,58.50,56.11,58.22,58.35,56.08,,58.22,,,966467,55728649.19,5873,F1,1,,,,,
2026-10-06,2026-10-06,CM,NSE,STK,25431,INE0Q6001012,PSFL,SM,,,,,PARAMOUNT SPECIALI FORG L,32.50,32.50,32.50,32.50,32.50,36.50,,32.50,,,2000,65000.00,1,F1,2000,,,,,
2026-10-06,2026-10-06,CM,NSE,STK,5911,INE045601023,PARAS,EQ,,,,,PARAS DEF AND SPCE TECH L,1267.70,1332.00,1267.20,1323.30,1328.00,1266.20,,1323.34,,,661178,862637052.60,41002,F1,1,,,,,
2026-10-06,2026-10-06,CM,NSE,STK,3972,INE162C01024,PARASPETRO,EQ,,,,,PARAS PETROFILS LTD.,2.06,2.13,1.96,2.02,2.01,2.06,,2.02,,,195262,399615.61,254,F1,1,,,,,
2026-10-06,2026-10-06,CM,NSE,STK,766227,INE00U801010,PARIN,EQ,,,,,PARIN ENTERPRISES LIMITED,708.50,708.50,682.60,700.05,704.00,701.50,,700.05,,,12525,8720583.00,422,F1,1,,,,,
2026-10-06,2026-10-06,CM,NSE,STK,760351,INE119201023,PARKHOSPS,EQ,,,,,PARK MEDI WORLD LIMITED,270.45,275.95,265.50,274.85,274.00,267.75,,274.85,,,708732,193958554.15,9118,F1,1,,,,,
2026-10-06,2026-10-06,CM,NSE,STK,22649,INE988S01028,PARKHOTELS,EQ,,,,,PARKHOTELS,104.99,105.79,101.41,103.19,103.10,103.83,,103.19,,,233718,24127474.84,2940,F1,1,,,,,
2026-10-06,2026-10-06,CM,NSE,STK,764833,INE383L01019,PARNAXLAB,EQ,,,,,PARNAX LAB LTD.,112.55,115.50,112.50,115.34,115.50,113.23,,115.32,,,450,51177.97,20,F1,1,,,,,
2026-10-06,2026-10-06,CM,NSE,STK,13795,INE561H01026,PARSVNATH,BE,,,,,PARSVNATH DEVELOPER LTD,2.21,2.21,2.21,2.21,2.21,2.17,,2.22,,,12479,27578.59,33,F1,1,,,,,
2026-10-06,2026-10-06,CM,NSE,STK,758217,INE1H7V01011,PARTH,SM,,,,,PARTH ELEC & ENG LTD,505.05,523.95,505.05,512.85,515.00,504.05,,512.85,,,4400,2264840.00,10,F1,400,,,,,
2026-10-06,2026-10-06,CM,NSE,STK,2599,INE06ZX01015,PARTYCRUS,SM,,,,,PARTY CRUISERS LIMITED,95.00,95.00,95.00,95.00,95.00,97.05,,95.00,,,2000,190000.00,2,F1,1000,,,,,
2026-10-06,2026-10-06,CM,NSE,STK,766247,INE06ZX20015,PARTY-RE,ST,,,,,PARTY CRUISERS LTD,0.25,0.30,0.25,0.30,0.30,0.25,,0.30,,,392258,117494.80,86,F1,166,,,,,
2026-10-06,2026-10-06,CM,NSE,STK,757955,INE124Y01028,PASHUPATI,EQ,,,,,PASHUPATI COTSPIN LIMITED,74.70,75.70,69.00,69.91,70.00,74.03,,69.91,,,1469656,103310654.73,6795,F1,1,,,,,
2026-10-06,2026-10-06,CM,NSE,STK,6045,INE818B01023,PASUPTAC,EQ,,,,,PASUPATI ACRYLON LIMITED,67.05,72.00,67.05,70.89,71.56,67.51,,70.91,,,251121,17662845.72,3905,F1,1,,,,,
2026-10-06,2026-10-06,CM,NSE,STK,17029,INE619A01035,PATANJALI,EQ,,,,,PATANJALI FOODS LIMITED,355.70,364.50,350.50,363.00,363.00,355.70,,363.04,,,6485464,2315225429.35,41305,F1,1,,,,,
2026-10-06,2026-10-06,CM,NSE,STK,758732,INE244B07243,1025PATE28,N0,,,,,PATE 10.25% 2028,99400.00,99400.00,99400.00,99400.00,99400.00,98500.00,,99400.00,,,1,99400.00,1,F1,1,,,,,
2026-10-06,2026-10-06,CM,NSE,STK,11699,INE244B01030,PATELENG,EQ,,,,,PATEL ENGINEERING LTD.,25.83,26.09,25.81,25.93,26.09,25.73,,25.93,,,1205652,31300211.86,20891,F1,1,,,,,
2026-10-06,2026-10-06,CM,NSE,STK,15219,INE529D01014,PATINTLOG,EQ,,,,,PATEL INT. LOG. LTD,13.15,13.49,13.01,13.15,13.14,13.02,,13.15,,,30969,408995.94,214,F1,1,,,,,
2026-10-06,2026-10-06,CM,NSE,STK,759439,INE0R8B01010,PATELRMART,EQ,,,,,PATEL RETAIL LIMITED,223.00,230.00,219.92,227.01,226.89,222.90,,227.01,,,102505,23016632.10,2131,F1,1,,,,,
2026-10-06,2026-10-06,CM,NSE,STK,756966,INE17GV01016,PATILAUTOM,ST,,,,,PATIL AUTOMATION LIMITED,325.00,336.35,320.00,336.35,336.35,320.35,,336.35,,,34800,11520900.00,54,F1,600,,,,,
2026-10-06,2026-10-06,CM,NSE,STK,762834,INE291E01019,PML,EQ,,,,,PAUL MERCHANTS LTD.,480.00,484.45,478.00,481.20,478.00,486.95,,481.07,,,216,103772.40,17,F1,1,,,,,
2026-10-06,2026-10-06,CM,NSE,STK,759969,INE111F01024,PAUSHAKLTD,EQ,,,,,PAUSHAK LIMITED,658.00,728.80,658.00,704.30,708.25,657.45,,704.30,,,78776,55144375.90,6233,F1,1,,,,,
2026-10-06,2026-10-06,CM,NSE,STK,16192,INE07S101038,PAVNAIND,EQ,,,,,PAVNA INDUSTRIES LIMITED,15.70,15.70,15.25,15.65,15.70,15.45,,15.65,,,22449,350176.47,100,F1,1,,,,,
2026-10-06,2026-10-06,CM,NSE,STK,6656,INE417T01026,POLICYBZR,EQ,,,,,PB FINTECH LIMITED,984.00,1042.20,972.00,1034.90,1034.90,976.20,,1034.89,,,8051949,8214941652.90,168428,F1,1,,,,,
2026-10-06,2026-10-06,CM,NSE,STK,29124,INE785M01021,PCJEWELLER,EQ,,,,,PC JEWELLER LTD,13.14,13.20,12.85,12.93,12.98,13.06,,12.93,,,133837112,1738751041.95,64087,F1,1,,,,,
2026-10-06,2026-10-06,CM,NSE,STK,2649,INE602A01031,PCBL,EQ,,,,,PCBL CHEMICAL LIMITED,321.80,328.50,320.80,327.70,328.50,320.35,,327.70,,,540498,176040487.40,11910,F1,1,,,,,
2026-10-06,2026-10-06,CM,NSE,STK,761819,INE389Z07104,9PCPL28A,N0,,,,,PCPL 9% 2028,9350.80,9700.00,9350.00,9700.00,9700.00,9800.00,,9700.00,,,29,276167.45,13,F1,1,,,,,
2026-10-06,2026-10-06,CM,NSE,STK,5264,INE111Q01021,PDSL,EQ,,,,,PDS LIMITED,342.00,349.50,341.90,347.40,349.50,342.30,,347.40,,,33706,11632623.35,7174,F1,1,,,,,
2026-10-06,2026-10-06,CM,NSE,STK,14260,INE940H01022,PGIL,EQ,,,,,PEARL GLOBAL IND LIMITED,1264.50,1284.90,1242.00,1266.70,1265.00,1266.50,,1266.71,,,251443,316118122.90,43844,F1,1,,,,,
2026-10-06,2026-10-06,CM,NSE,STK,2610,INE844A01013,PEARLPOLY,EQ,,,,,PEARL POLYMERS LTD,17.20,17.23,17.08,17.20,17.20,17.22,,17.20,,,1798,30882.20,19,F1,1,,,,,
2026-10-06,2026-10-06,CM,NSE,STK,25408,INE0VG601013,PELATRO,SM,,,,,PELATRO LIMITED,374.00,383.00,370.00,379.20,383.00,363.45,,379.20,,,14100,5294340.00,29,F1,300,,,,,
2026-10-06,2026-10-06,CM,NSE,STK,2256,INE138A01028,PENINLAND,EQ,,,,,PENINSULA LAND LIMITED,14.31,14.99,14.31,14.66,14.72,14.50,,14.66,,,120155,1758236.53,357,F1,1,,,,,
2026-10-06,2026-10-06,CM,NSE,STK,20621,INE932A01024,PENIND,EQ,,,,,PENNAR INDUSTRIES LTD,178.20,180.19,176.61,177.85,177.60,178.71,,177.85,,,273804,48820379.49,4750,F1,1,,,,,
2026-10-06,2026-10-06,CM,NSE,STK,17139,INE0ORS01017,PENTAGON,ST,,,,,PENTAGON RUBBER LIMITED,84.70,89.00,84.70,89.00,89.00,84.80,,89.00,,,2000,173700.00,2,F1,1000,,,,,
2026-10-06,2026-10-06,CM,NSE,STK,764838,INE418E01018,PERMAGN,EQ,,,,,PERMANENT MAGNETS LTD.,860.00,862.45,839.80,846.75,856.00,859.00,,846.75,,,2938,2498810.70,316,F1,1,,,,,
2026-10-06,2026-10-06,CM,NSE,STK,18365,INE262H01021,PERSISTENT,EQ,,,,,PERSISTENT SYSTEMS LTD,5520.00,5553.50,5463.50,5521.00,5521.00,5530.00,,5520.97,,,266663,1466589537.00,27200,F1,1,,,,,
2026-10-06,2026-10-06,CM,NSE,STK,24290,INE998U01015,PCCL,SM,,,,,PETRO CARBON AND CHEMI L,413.00,415.00,413.00,415.00,415.00,415.90,,415.00,,,1200,497200.00,3,F1,400,,,,,
2026-10-06,2026-10-06,CM,NSE,STK,11351,INE347G01014,PETRONET,EQ,,,,,PETRONET LNG LIMITED,291.70,297.85,291.00,297.50,297.50,290.00,,297.50,,,5098731,1510151835.20,33212,F1,1,,,,,
2026-10-06,2026-10-06,CM,NSE,STK,760824,INE134E07DJ3,PFCL41A,NE,,,,,PFCL 0% 2041 SR V,1000.00,1000.00,1000.00,1000.00,1000.00,1000.00,,1000.00,,,13,13000.00,1,F1,1,,,,,
2026-10-06,2026-10-06,CM,NSE,STK,2643,INE182A01018,PFIZER,EQ,,,,,PFIZER LTD,3860.00,3868.20,3826.70,3852.20,3861.90,3842.20,,3852.27,,,21026,80926126.50,4004,F1,1,,,,,
2026-10-06,2026-10-06,CM,NSE,STK,759562,INE140A07740,905PFL26,N1,,,,,PFL 9.05% SR II 2026,1083.00,1083.00,1080.00,1080.00,1080.00,1094.27,,1080.00,,,327,353241.00,2,F1,1,,,,,
2026-10-06,2026-10-06,CM,NSE,STK,759564,INE140A07773,935PFL33,N3,,,,,PFL 9.35% SR IV 20233,1100.80,1169.00,1100.80,1169.00,1169.00,1116.00,,1169.00,,,49,55576.00,2,F1,1,,,,,
2026-10-06,2026-10-06,CM,NSE,STK,25358,INE457L01029,PGEL,EQ,,,,,PG ELECTROPLAST LTD,487.70,532.00,483.50,527.65,527.65,487.70,,527.61,,,5927905,3086367149.35,77821,F1,1,,,,,
2026-10-06,2026-10-06,CM,NSE,STK,11612,INE0MLZ01019,PHANTOMFX,SM,,,,,PHANTOM DIGITAL EFF LTD,84.90,85.00,81.25,82.10,82.40,84.90,,82.10,,,15300,1286925.00,39,F1,300,,,,,
2026-10-06,2026-10-06,CM,NSE,STK,2658,INE245B01011,PHOENXINTL,EQ,,,,,PHOENIX INTERNATIONAL LTD,28.15,29.00,27.83,28.01,28.01,28.15,,28.01,,,2562,71801.37,31,F1,1,,,,,
2026-10-06,2026-10-06,CM,NSE,STK,25513,INE0FPO01018,PHOGLOBAL,SM,,,,,PHOENIX OVERSEAS LIMITED,14.70,15.20,14.65,15.20,15.20,16.50,,15.20,,,14000,209500.00,7,F1,2000,,,,,
2026-10-06,2026-10-06,CM,NSE,STK,759723,INE0LP301011,PWL,EQ,,,,,PHYSICSWALLAH LIMITED,131.00,135.40,126.61,131.86,132.20,131.10,,131.86,,,21549039,2822800066.08,121390,F1,1,,,,,
2026-10-06,2026-10-06,CM,NSE,STK,24184,INE603J01030,PIIND,EQ,,,,,PI INDUSTRIES LTD,2220.00,2252.20,2200.00,2250.00,2250.00,2220.00,,2250.00,,,617515,1375309909.10,30698,F1,1,,,,,
2026-10-06,2026-10-06,CM,NSE,STK,757754,INE546C01010,PICCADIL,EQ,,,,,PICCADILY AGRO INDUSTRI L,591.20,598.75,589.30,594.20,596.70,588.45,,594.22,,,65957,39224525.80,5983,F1,1,,,,,
2026-10-06,2026-10-06,CM,NSE,STK,2664,INE318A01026,PIDILITIND,EQ,,,,,PIDILITE INDUSTRIES LTD,1485.90,1524.60,1472.80,1520.50,1520.50,1487.70,,1520.50,,,608466,916517440.90,47474,F1,1,,,,,
2026-10-06,2026-10-06,CM,NSE,STK,30835,INE600A01035,PILITA,EQ,,,,,PIL ITALICA LIFESTYLE LTD,7.35,7.51,7.30,7.35,7.35,7.39,,7.35,,,15116,111416.02,126,F1,1,,,,,
2026-10-06,2026-10-06,CM,NSE,STK,11445,INE417C01014,PILANIINVS,EQ,,,,,PILANI INV & IND COR LTD,4019.90,4080.00,4010.00,4067.10,4076.00,3984.70,,4067.10,,,1530,6200883.10,258,F1,1,,,,,
2026-10-06,2026-10-06,CM,NSE,STK,759820,INE15B701018,PINELABS,EQ,,,,,PINE LABS LIMITED,168.50,173.25,167.83,172.73,173.00,167.16,,172.73,,,10927701,1878082674.34,78196,F1,1,,,,,
2026-10-06,2026-10-06,CM,NSE,STK,13463,INE156C01018,PIONEEREMB,EQ,,,,,PIONEER EMBROIDERIES LTD,20.03,20.84,20.03,20.60,20.60,20.13,,20.60,,,2547,52418.31,30,F1,1,,,,,
2026-10-06,2026-10-06,CM,NSE,STK,762832,INE746D01014,PIONRINV,BE,,,,,PIONEER INVESTCORP LTD.,66.00,66.00,65.89,65.89,65.89,69.35,,65.89,,,1195,78771.66,27,F1,1,,,,,
2026-10-06,2026-10-06,CM,NSE,STK,759551,INE202B01038,PIRAMALFIN,EQ,,,,,PIRAMAL FINANCE LIMITED,1999.00,2046.90,1975.00,2018.50,2026.80,2002.60,,2018.57,,,171616,345749628.70,34539,F1,1,,,,,
2026-10-06,2026-10-06,CM,NSE,STK,11571,INE0DK501011,PPLPHARMA,EQ,,,,,PIRAMAL PHARMA LIMITED,195.48,201.20,193.75,200.52,200.21,194.89,,200.49,,,1719220,340121252.85,29525,F1,1,,,,,
2026-10-06,2026-10-06,CM,NSE,STK,14134,INE450D01021,PITTIENG,EQ,,,,,PITTI ENGINEERING LIMITED,1117.00,1160.40,1117.00,1122.00,1122.00,1127.30,,1121.97,,,63535,72361590.20,5389,F1,1,,,,,
2026-10-06,2026-10-06,CM,NSE,STK,9087,INE751B01018,PIXTRANS,EQ,,,,,PIX TRANSMISSIONS LIMITED,1848.90,1848.90,1786.90,1796.70,1790.10,1834.20,,1796.73,,,20105,36426144.10,2455,F1,1,,,,,
2026-10-06,2026-10-06,CM,NSE,STK,19492,INE0PXD01014,PLADAINFO,SM,,,,,PLADA INFOTECH SERVICES L,12.35,12.35,12.35,12.35,12.35,13.00,,12.35,,,12000,148200.00,4,F1,3000,,,,,
2026-10-06,2026-10-06,CM,NSE,STK,13920,INE083C01022,PLASTIBLEN,EQ,,,,,PLASTIBLENDS INDIA LTD,202.45,205.00,200.00,202.40,202.35,197.79,,202.42,,,54146,10992290.34,1269,F1,1,,,,,
2026-10-06,2026-10-06,CM,NSE,STK,22930,INE0PT501018,PLATIND,EQ,,,,,PLATINUM INDUSTRIES LTD,204.00,207.00,199.75,203.58,204.78,203.83,,203.60,,,45409,9258265.16,1298,F1,1,,,,,
2026-10-06,2026-10-06,CM,NSE,STK,19458,INE0INJ01017,PLAZACABLE,EQ,,,,,PLAZA WIRES LIMITED,55.32,58.08,54.31,58.07,58.08,55.32,,58.38,,,74179,4210360.79,1073,F1,1,,,,,
2026-10-06,2026-10-06,CM,NSE,STK,8736,INE859A01011,PNBGILTS,EQ,,,,,PNB GILTS LIMITED,71.99,73.00,70.50,71.42,71.70,71.72,,71.42,,,408404,29258952.02,3010,F1,1,,,,,
2026-10-06,2026-10-06,CM,NSE,STK,18908,INE572E01012,PNBHOUSING,EQ,,,,,PNB HOUSING FIN LTD.,1103.00,1112.20,1087.80,1102.10,1102.10,1105.80,,1102.18,,,514325,567588405.30,23510,F1,1,,,,,
2026-10-06,2026-10-06,CM,NSE,STK,9385,INE195J01029,PNCINFRA,EQ,,,,,PNC INFRATECH LTD.,137.03,140.20,136.00,138.74,138.30,137.03,,138.74,,,583869,80562152.90,11799,F1,1,,,,,
2026-10-06,2026-10-06,CM,NSE,STK,9342,INE392B01011,PNC,EQ,,,,,PNC MEDIA AND ENT LTD,17.22,18.05,17.02,17.41,17.41,17.22,,17.41,,,2233,38765.49,45,F1,1,,,,,
2026-10-06,2026-10-06,CM,NSE,STK,760242,INE1RDG01013,PNGSREVA,EQ,,,,,PNGS REVA DIAMOND JEWEL L,539.05,560.70,539.05,547.20,550.00,535.30,,547.18,,,335113,183788795.30,14168,F1,1,,,,,
2026-10-06,2026-10-06,CM,NSE,STK,19036,INE371C01013,PODDARMENT,EQ,,,,,PODDAR PIGMENTS LIMITED,252.90,255.00,250.20,253.30,252.00,251.95,,253.97,,,1717,432910.05,83,F1,1,,,,,
2026-10-06,2026-10-06,CM,NSE,STK,17651,INE637C01025,POKARNA,EQ,,,,,POKARNA LIMITED,695.30,714.95,695.30,709.90,710.00,699.20,,709.96,,,48093,33859974.35,2487,F1,1,,,,,
2026-10-06,2026-10-06,CM,NSE,STK,25718,INE205C01021,POLYMED,EQ,,,,,POLY MEDICURE LIMITED,1613.00,1639.90,1611.20,1633.80,1628.10,1619.60,,1633.75,,,94082,153275982.10,9284,F1,1,,,,,
2026-10-06,2026-10-06,CM,NSE,STK,9590,INE455K01017,POLYCAB,EQ,,,,,POLYCAB INDIA LIMITED,8120.00,8173.50,8062.00,8147.00,8147.00,8080.00,,8146.90,,,301660,2449626526.00,32426,F1,1,,,,,
2026-10-06,2026-10-06,CM,NSE,STK,2687,INE633B01018,POLYPLEX,EQ,,,,,POLYPLEX CORPORATION LTD,1020.50,1057.00,999.00,1034.30,1026.00,1020.50,,1034.33,,,109925,112988647.00,8110,F1,1,,,,,
2026-10-06,2026-10-06,CM,NSE,STK,22711,INE517M01028,POLYSIL,SM,,,,,POLYSIL IRRIGATION SYST L,56.00,56.50,53.10,53.10,53.10,55.85,,53.10,,,30000,1613525.00,35,F1,500,,,,,
2026-10-06,2026-10-06,CM,NSE,STK,765150,INE914G01029,POLYSPIN,EQ,,,,,POLYSPIN EXPORTS LTD.,28.88,30.00,28.88,28.95,28.95,28.87,,28.58,,,187,5412.36,17,F1,1,,,,,
2026-10-06,2026-10-06,CM,NSE,STK,14385,INE063E01061,POCL,EQ,,,,,PONDY OXIDES & CHEM LTD,443.00,449.35,442.35,447.25,447.00,439.55,,447.26,,,117171,52363802.00,7094,F1,1,,,,,
2026-10-06,2026-10-06,CM,NSE,STK,10661,INE838E01017,PONNIERODE,EQ,,,,,PONNIE SUGARS (ERODE) LTD,377.50,391.25,370.10,374.55,373.80,368.40,,374.56,,,103001,38857132.05,3654,F1,1,,,,,
2026-10-06,2026-10-06,CM,NSE,STK,766292,INE1C2Q01017,POOJALOGIS,ST,,,,,POOJA LOGISTICS LIMITED,115.75,120.90,115.75,119.90,119.90,119.20,,119.90,,,43200,5156700.00,33,F1,1200,,,,,
2026-10-06,2026-10-06,CM,NSE,STK,11403,INE511C01022,POONAWALLA,EQ,,,,,POONAWALLA FINCORP LTD,451.95,461.85,447.95,460.45,459.75,451.95,,460.45,,,732498,334140955.95,26252,F1,1,,,,,
2026-10-06,2026-10-06,CM,NSE,STK,23142,INE772T01024,PVSL,EQ,,,,,POPULAR VEHICLES N SER L,93.96,94.91,91.00,94.57,94.25,91.08,,94.57,,,15944,1473041.69,526,F1,1,,,,,
2026-10-06,2026-10-06,CM,NSE,STK,24864,INE0S3H01017,POSITRON,SM,,,,,POSITRON ENERGY LIMITED,220.10,226.50,217.50,223.80,223.80,217.15,,223.80,,,4200,934845.00,14,F1,300,,,,,
2026-10-06,2026-10-06,CM,NSE,STK,14299,INE134E01011,PFC,EQ,,,,,POWER FIN CORP LTD.,322.30,327.25,322.30,322.60,322.60,322.00,,322.60,,,7472995,2423600612.30,41250,F1,1,,,,,
2026-10-06,2026-10-06,CM,NSE,STK,14977,INE752E01010,POWERGRID,EQ,,,,,POWER GRID CORP. LTD.,257.00,258.40,256.00,257.20,257.20,257.00,,257.20,,,4808578,1237174099.90,44652,F1,1,,,,,
2026-10-06,2026-10-06,CM,NSE,STK,15716,INE557Z01018,PIGL,EQ,,,,,POWER INSTRUMENT (G) LTD,95.40,99.00,94.00,98.42,97.60,94.55,,98.42,,,66437,6424646.61,1284,F1,1,,,,,
2026-10-06,2026-10-06,CM,NSE,STK,10473,INE211R01019,POWERMECH,EQ,,,,,POWER MECH PROJECTS LTD.,2431.90,2457.60,2398.60,2426.00,2425.00,2431.50,,2426.12,,,22049,53609644.90,4136,F1,1,,,,,
2026-10-06,2026-10-06,CM,NSE,STK,3494,INE0GGX23010,PGINVIT,IV,,,,,POWERGRID INFRA. INVITS,102.40,102.40,101.60,102.23,102.40,102.10,,102.23,,,1061761,108253231.06,5240,F1,1,,,,,
2026-10-06,2026-10-06,CM,NSE,STK,761680,INE921L01032,POWERICA,EQ,,,,,POWERICA LIMITED,588.00,605.00,585.00,601.70,603.50,587.15,,601.69,,,128005,76208686.50,5672,F1,1,,,,,
2026-10-06,2026-10-06,CM,NSE,STK,15213,INE095I01015,PPAP,BE,,,,,PPAP AUTOMOTIVE LIMITED,233.15,239.98,231.20,239.81,239.98,228.56,,240.58,,,11232,2649315.52,118,F1,1,,,,,
2026-10-06,2026-10-06,CM,NSE,STK,30134,INE0I0M01023,PRABHA,EQ,,,,,PRABHA ENERGY LIMITED,221.00,226.01,215.67,221.33,221.50,214.90,,221.32,,,82864,18361137.96,2268,F1,1,,,,,
2026-10-06,2026-10-06,CM,NSE,STK,762839,INE770A01010,PRADPME,EQ,,,,,PRADEEP METALS LTD.,475.00,556.95,475.00,544.25,545.00,470.65,,543.85,,,104979,55745180.65,2447,F1,1,,,,,
2026-10-06,2026-10-06,CM,NSE,STK,2705,INE074A01025,PRAJIND,EQ,,,,,PRAJ INDUSTRIES LTD,305.75,316.00,305.75,315.05,315.40,304.05,,315.05,,,751662,234854387.00,20329,F1,1,,,,,
2026-10-06,2026-10-06,CM,NSE,STK,13941,INE505C01016,PRAENG,EQ,,,,,PRAJAY ENG. SYN. LTD.,19.79,20.39,17.25,19.70,19.94,19.01,,19.71,,,532330,9918635.57,1479,F1,1,,,,,
2026-10-06,2026-10-06,CM,NSE,STK,2708,INE603A01013,PRAKASH,EQ,,,,,PRAKASH INDUSTRIES LTD,120.00,120.90,118.35,119.70,119.15,119.72,,119.70,,,200357,23989668.00,4174,F1,1,,,,,
2026-10-06,2026-10-06,CM,NSE,STK,10297,INE050001010,PPL,EQ,,,,,PRAKASH PIPES LIMITED,256.80,256.80,247.10,252.65,255.00,253.10,,252.62,,,32471,8170070.20,807,F1,1,,,,,
2026-10-06,2026-10-06,CM,NSE,STK,19599,INE696K01024,PRAKASHSTL,EQ,,,,,PRAKASH STEELAGE LTD,3.52,3.59,3.50,3.53,3.55,3.51,,3.54,,,51681,182490.25,257,F1,1,,,,,
2026-10-06,2026-10-06,CM,NSE,STK,18514,INE0O7A01017,PRAMARA,SM,,,,,PRAMARA PROMOTIONS LTD,106.00,106.30,102.00,104.45,104.10,101.25,,104.45,,,10500,1102075.00,21,F1,500,,,,,
2026-10-06,2026-10-06,CM,NSE,STK,765287,INE2JG601017,PRAMODINI,SM,,,,,PRAMODINI MEDICARE LTD,115.00,117.20,112.05,116.35,116.70,113.50,,116.35,,,49200,5649600.00,39,F1,1200,,,,,
2026-10-06,2026-10-06,CM,NSE,STK,766000,INE0H4201019,PRANAV,EQ,,,,,PRANAV CONSTRUCTIONS LTD,92.85,93.88,89.70,90.90,90.98,93.21,,90.94,,,1336798,122494977.93,13382,F1,1,,,,,
2026-10-06,2026-10-06,CM,NSE,STK,25818,INE0VJG01014,PRANIK,SM,,,,,PRANIK LOGISTICS LIMITED,45.15,45.15,45.15,45.15,45.15,44.05,,45.15,,,1600,72240.00,1,F1,1600,,,,,
2026-10-06,2026-10-06,CM,NSE,STK,766016,INE455U01024,PRASOLCHEM,EQ,,,,,PRASOL CHEMICALS LIMITED,791.95,846.90,788.65,821.45,822.80,789.05,,821.38,,,387141,320270081.95,22397,F1,1,,,,,
2026-10-06,2026-10-06,CM,NSE,STK,21840,INE393P01035,DIAMONDYD,EQ,,,,,PRATAAP SNACKS LIMITED,1061.40,1096.00,1056.10,1088.20,1081.20,1058.80,,1088.22,,,15772,16912763.60,767,F1,1,,,,,
2026-10-06,2026-10-06,CM,NSE,STK,23113,INE0QA601016,PRATHAM,SM,,,,,PRATHAM EPC PROJECTS LTD,121.50,124.00,121.50,122.50,122.50,124.00,,122.50,,,27600,3414000.00,20,F1,400,,,,,
2026-10-06,2026-10-06,CM,NSE,STK,762844,INE722B01019,PRAVEG,EQ,,,,,PRAVEG LTD.,234.96,250.00,234.08,247.81,249.63,232.42,,247.84,,,36505,8885732.40,1356,F1,1,,,,,
2026-10-06,2026-10-06,CM,NSE,STK,1204,INE546Y01022,PRAXIS,EQ,,,,,PRAXIS HOME RETAIL LTD,4.57,4.57,4.33,4.45,4.48,4.41,,4.44,,,33632,149398.61,307,F1,1,,,,,
2026-10-06,2026-10-06,CM,NSE,STK,12603,INE484I01029,PRECAM,EQ,,,,,PRECISION CAMSHAFTS LTD.,110.20,113.90,109.50,113.27,113.90,108.91,,113.29,,,111679,12551806.44,2847,F1,1,,,,,
2026-10-06,2026-10-06,CM,NSE,STK,7963,INE0HKW01018,PRECISION,ST,,,,,PRECISION METALIKS LTD,6.65,7.00,6.65,7.00,7.00,6.85,,7.00,,,26000,173600.00,9,F1,2000,,,,,
2026-10-06,2026-10-06,CM,NSE,STK,2717,INE372C01037,PRECWIRE,EQ,,,,,PRECISION WIRES INDIA LTD,509.50,519.00,506.25,515.15,516.25,507.40,,515.09,,,371870,190618325.90,22498,F1,1,,,,,
2026-10-06,2026-10-06,CM,NSE,STK,2711,INE283A01014,PRECOT,EQ,,,,,PRECOT LIMITED,653.00,653.00,585.00,604.50,603.10,605.10,,604.50,,,4943,2974249.05,337,F1,1,,,,,
2026-10-06,2026-10-06,CM,NSE,STK,762849,INE001E01012,PREMCO,EQ,,,,,PREMCO GLOBAL LTD.,399.00,406.80,391.20,405.90,405.85,398.80,,405.90,,,425,171088.60,46,F1,1,,,,,
2026-10-06,2026-10-06,CM,NSE,STK,25049,INE0BS701011,PREMIERENE,EQ,,,,,PREMIER ENERGIES LIMITED,889.40,911.85,885.00,907.00,907.00,891.95,,906.90,,,867775,781730484.25,29159,F1,1,,,,,
2026-10-06,2026-10-06,CM,NSE,STK,17397,INE863B01029,PREMEXPLN,EQ,,,,,PREMIER EXPLOSIVES LTD,685.95,687.35,683.40,685.10,685.05,685.05,,685.09,,,270918,185590801.80,1975,F1,1,,,,,
2026-10-06,2026-10-06,CM,NSE,STK,6248,INE342A01018,PREMIER,BE,,,,,PREMIER LIMITED,2.54,2.64,2.48,2.63,2.57,2.52,,2.63,,,5849,15251.04,29,F1,1,,,,,
2026-10-06,2026-10-06,CM,NSE,STK,3908,INE309M01020,PREMIERPOL,EQ,,,,,PREMIER POLYFILM LTD,102.01,103.52,94.83,97.23,97.56,101.54,,97.26,,,803662,80068506.02,13673,F1,1,,,,,
2026-10-06,2026-10-06,CM,NSE,STK,23764,INE0CFG01012,PRLIND,SM,,,,,PREMIER ROADLINES LIMITED,44.10,44.10,42.30,42.95,42.95,44.55,,42.95,,,28000,1207450.00,24,F1,1000,,,,,
2026-10-06,2026-10-06,CM,NSE,STK,25898,INE0M1F01011,PREMIUM,SM,,,,,PREMIUM PLAST LIMITED,46.50,46.50,46.50,46.50,46.50,46.20,,46.50,,,6000,279000.00,2,F1,3000,,,,,
2026-10-06,2026-10-06,CM,NSE,STK,20506,INE0R1601012,PRESSTONIC,ST,,,,,PRESSTONIC ENGINEERING L,44.05,45.20,41.85,42.80,42.00,44.05,,42.80,,,34400,1480200.00,42,F1,800,,,,,
2026-10-06,2026-10-06,CM,NSE,STK,20302,INE811K01011,PRESTIGE,EQ,,,,,PRESTIGE ESTATE LTD,1446.40,1467.70,1438.00,1467.70,1467.70,1445.00,,1467.64,,,610916,890142988.50,22876,F1,1,,,,,
2026-10-06,2026-10-06,CM,NSE,STK,19631,INE726V01018,PRICOLLTD,EQ,,,,,PRICOL LIMITED,707.40,714.50,667.00,677.65,677.10,704.45,,677.63,,,1812530,1232152790.15,78250,F1,1,,,,,
2026-10-06,2026-10-06,CM,NSE,STK,759075,INE0CQA01020,PRIMECAB,ST,,,,,PRIME CABLE INDUSTRIES L,203.95,203.95,194.00,201.05,201.60,203.95,,201.05,,,33600,6650400.00,21,F1,1600,,,,,
2026-10-06,2026-10-06,CM,NSE,STK,13496,INE367G01038,PFOCUS,EQ,,,,,PRIME FOCUS LIMITED,285.90,297.10,281.70,292.70,293.00,285.65,,292.72,,,4125637,1194717163.25,37749,F1,1,,,,,
2026-10-06,2026-10-06,CM,NSE,STK,11864,INE032B01021,PRIMESECU,EQ,,,,,PRIME SECURITIES LIMITED,300.60,303.80,295.65,297.05,296.25,298.80,,297.05,,,9985,2992008.60,591,F1,1,,,,,
2026-10-06,2026-10-06,CM,NSE,STK,756925,INE607A01022,PRIMO,EQ,,,,,PRIMO CHEMICALS LIMITED,26.60,27.30,26.17,26.97,27.00,26.08,,26.95,,,433840,11626413.67,1626,F1,1,,,,,
2026-10-06,2026-10-06,CM,NSE,STK,16045,INE689W01016,PRINCEPIPE,EQ,,,,,PRINCE PIPES FITTINGS LTD,248.40,259.90,248.40,258.20,258.50,247.45,,258.20,,,117722,30025450.00,4976,F1,1,,,,,
2026-10-06,2026-10-06,CM,NSE,STK,765558,INE15EH01014,PRIORITY,EQ,,,,,PRIORITY JEWELS LIMITED,291.50,314.00,291.30,311.85,312.00,291.20,,311.81,,,704006,213722337.35,14641,F1,1,,,,,
2026-10-06,2026-10-06,CM,NSE,STK,2739,INE010A01011,PRSMJOHNSN,EQ,,,,,PRISM JOHNSON LIMITED,102.99,104.00,101.50,103.48,103.11,102.06,,103.48,,,236606,24299215.53,6155,F1,1,,,,,
2026-10-06,2026-10-06,CM,NSE,STK,765155,INE286N01028,PRISMX,EQ,,,,,PRISMX GLOBAL VENTURES L,0.49,0.51,0.49,0.49,0.50,0.50,,0.49,,,336580,166255.70,150,F1,1,,,,,
2026-10-06,2026-10-06,CM,NSE,STK,8304,INE974Z01015,PRITI,EQ,,,,,PRITI INTERNATIONAL LTD,31.26,33.49,31.26,31.66,31.90,32.04,,31.66,,,4142,131744.48,100,F1,1,,,,,
2026-10-06,2026-10-06,CM,NSE,STK,5292,INE583R01029,PRITIKAUTO,EQ,,,,,PRITIKA AUTO INDUS LTD,16.00,16.50,15.96,16.33,16.50,16.02,,16.33,,,116226,1882255.29,598,F1,1,,,,,
2026-10-06,2026-10-06,CM,NSE,STK,12971,INE0MJQ01020,PRITIKA,SM,,,,,PRITIKA ENG COMPO LTD,62.90,62.90,61.95,62.90,62.90,62.70,,62.90,,,36000,2256900.00,6,F1,2000,,,,,
2026-10-06,2026-10-06,CM,NSE,STK,8825,INE959A01019,PRIVISCL,EQ,,,,,PRIVI SPECIALITY CHE LTD,3430.30,3568.00,3415.00,3504.90,3520.50,3442.20,,3504.81,,,218699,764176016.20,27850,F1,1,,,,,
2026-10-06,2026-10-06,CM,NSE,STK,24511,INE0V9N01017,PRIZOR,ST,,,,,PRIZOR VIZTECH LIMITED,1316.35,1316.35,1316.35,1316.35,1316.35,1253.70,,1316.35,,,2800,3685780.00,7,F1,400,,,,,
2026-10-06,2026-10-06,CM,NSE,STK,757806,INE0VJT01017,PROFX,SM,,,,,PRO FX TECH LIMITED,67.05,67.05,67.05,67.05,67.05,68.25,,67.05,,,1600,107280.00,1,F1,1600,,,,,
2026-10-06,2026-10-06,CM,NSE,STK,940,INE199A01012,PGHL,EQ,,,,,PROCTER & GAMBLE HEALTH L,5300.00,5352.00,5239.00,5306.00,5300.00,5300.00,,5305.94,,,18158,96116096.50,3042,F1,1,,,,,
2026-10-06,2026-10-06,CM,NSE,STK,19352,INE994V01012,PROLIFE,SM,,,,,PROLIFE INDUSTRIES LTD,79.80,79.80,79.80,79.80,79.80,76.00,,79.80,,,500,39900.00,1,F1,500,,,,,
2026-10-06,2026-10-06,CM,NSE,STK,764345,INE1FFX01018,PROPSHOP,SM,,,,,PROPSHOP EVENTS AND EXH L,71.50,71.50,71.50,71.50,71.50,70.50,,71.50,,,2000,143000.00,1,F1,2000,,,,,
2026-10-06,2026-10-06,CM,NSE,STK,758173,INE0BX301013,PROSTARM,EQ,,,,,PROSTARM INFO SYSTEMS LTD,132.88,134.70,131.53,132.91,133.52,132.00,,132.91,,,145980,19469019.79,2640,F1,1,,,,,
2026-10-06,2026-10-06,CM,NSE,STK,29472,INE004A01022,PROTEAN,EQ,,,,,PROTEAN EGOV TECHNO LTD,642.10,699.00,631.60,689.25,687.20,639.05,,689.33,,,1283331,867354586.35,45052,F1,1,,,,,
2026-10-06,2026-10-06,CM,NSE,STK,16483,INE0ONE01016,PROV,SM,,,,,PROVENTUS AGROCOM LIMITED,1980.00,1989.95,1960.00,1960.00,1960.00,1940.00,,1960.00,,,320,631200.00,4,F1,80,,,,,
2026-10-06,2026-10-06,CM,NSE,STK,28859,INE195N01013,PROZONER,EQ,,,,,PROZONE REALTY LIMITED,50.04,53.50,50.04,52.45,52.40,50.54,,52.45,,,176214,9221422.49,2345,F1,1,,,,,
2026-10-06,2026-10-06,CM,NSE,STK,9553,INE00F201020,PRUDENT,EQ,,,,,PRUDENT CORP ADV SER LTD,3108.10,3228.20,3086.00,3204.30,3200.00,3108.10,,3204.41,,,13341,42419277.60,4217,F1,1,,,,,
2026-10-06,2026-10-06,CM,NSE,STK,20527,INE024D01016,PRUDMOULI,EQ,,,,,PRUDENTIAL SUGAR CORPORAT,13.99,14.00,13.55,13.81,13.82,13.87,,13.85,,,13911,194152.92,41,F1,1,,,,,
2026-10-06,2026-10-06,CM,NSE,STK,20877,INE488V01015,PSPPROJECT,EQ,,,,,PSP PROJECTS LIMITED,764.50,770.80,754.65,761.75,755.50,764.55,,761.77,,,28286,21560977.00,2476,F1,1,,,,,
2026-10-06,2026-10-06,CM,NSE,STK,22602,INE560K01014,PFS,EQ,,,,,PTC INDIA FIN SERV LTD,28.73,28.73,27.19,27.29,27.29,28.19,,27.29,,,607649,16774724.10,9362,F1,1,,,,,
2026-10-06,2026-10-06,CM,NSE,STK,11355,INE877F01012,PTC,EQ,,,,,PTC INDIA LIMITED,157.90,158.70,156.10,157.14,157.27,157.52,,157.14,,,3439913,540542986.24,28065,F1,1,,,,,
2026-10-06,2026-10-06,CM,NSE,STK,16682,INE596F01018,PTCIL,EQ,,,,,PTC INDUSTRIES LIMITED,22530.00,23240.00,22330.00,23125.00,23155.00,22530.00,,23124.94,,,20786,476752335.00,7000,F1,1,,,,,
2026-10-06,2026-10-06,CM,NSE,STK,14101,INE034D01049,PTL,EQ,,,,,PTL ENTERPRISES LTD,38.54,38.54,38.10,38.23,38.10,38.21,,38.23,,,49589,1899233.28,840,F1,1,,,,,
2026-10-06,2026-10-06,CM,NSE,STK,15377,INE865T01018,PDMJEPAPER,EQ,,,,,PUDUMJEE PAPER PRO. LTD,96.90,98.30,95.35,96.16,95.62,95.85,,96.15,,,182090,17658612.49,2942,F1,1,,,,,
2026-10-06,2026-10-06,CM,NSE,STK,507,INE335X01014,PULZ,SM,,,,,PULZ ELECTRONICS LIMITED,20.65,21.65,20.60,21.50,21.65,21.65,,21.50,,,8000,168600.00,4,F1,2000,,,,,
2026-10-06,2026-10-06,CM,NSE,STK,21001,INE608A01012,PSB,EQ,,,,,PUNJAB & SIND BANK,21.09,21.16,20.95,21.05,21.07,21.02,,21.05,,,543771,11443007.59,2300,F1,1,,,,,
2026-10-06,2026-10-06,CM,NSE,STK,4344,INE277B01014,PUNJABCHEM,EQ,,,,,PUNJAB CHEM & CROP PROT L,1047.60,1047.90,1028.10,1039.00,1039.00,1036.90,,1038.99,,,2928,3043244.50,421,F1,1,,,,,
2026-10-06,2026-10-06,CM,NSE,STK,10666,INE160A01022,PNB,EQ,,,,,PUNJAB NATIONAL BANK,112.36,113.00,111.17,111.92,111.92,112.35,,111.92,,,8421589,942643437.58,40985,F1,1,,,,,
2026-10-06,2026-10-06,CM,NSE,STK,14922,INE323I01011,PURVA,EQ,,,,,PURAVANKARA LIMITED,206.91,213.00,206.00,210.75,212.60,206.93,,210.71,,,95890,20024850.17,2631,F1,1,,,,,
2026-10-06,2026-10-06,CM,NSE,STK,765568,INE0I1B01016,PERNIASPOP,EQ,,,,,PURPLE STYLE LABS LIMITED,522.80,529.50,513.00,518.60,515.50,523.75,,519.22,,,121346,63021640.05,5367,F1,1,,,,,
2026-10-06,2026-10-06,CM,NSE,STK,28028,INE0P5R01014,PURPLEUTED,SM,,,,,PURPLE UNITED SALES LTD,495.85,495.85,495.85,495.85,495.85,472.25,,495.85,,,21750,10784737.50,49,F1,250,,,,,
2026-10-06,2026-10-06,CM,NSE,STK,757683,INE154801018,PUSHPA,SM,,,,,PUSHPA JEWELLERS LIMITED,120.20,130.00,119.10,120.45,119.40,120.00,,120.45,,,199000,23990200.00,125,F1,1000,,,,,
2026-10-06,2026-10-06,CM,NSE,STK,4010,INE362A01016,PVP,EQ,,,,,PVP VENTURES LIMITED,45.56,50.34,45.56,50.34,50.34,47.95,,50.34,,,2588716,123510253.43,8322,F1,1,,,,,
2026-10-06,2026-10-06,CM,NSE,STK,13147,INE191H01014,PVRINOX,EQ,,,,,PVR INOX LIMITED,1241.50,1261.20,1226.10,1249.40,1251.00,1231.40,,1249.44,,,335983,418310961.50,27684,F1,1,,,,,
2026-10-06,2026-10-06,CM,NSE,STK,18250,INE0MIS01010,PYRAMID,EQ,,,,,PYRAMID TECHNOPLAST LTD,159.88,161.00,155.11,159.71,158.50,157.88,,159.69,,,68129,10862103.08,403,F1,1,,,,,
2026-10-06,2026-10-06,CM,NSE,STK,763594,INE1G2W01011,QLINE,SM,,,,,Q-LINE BIOTECH LIMITED,668.00,677.95,652.10,658.15,657.10,663.55,,658.15,,,40800,27327500.00,89,F1,400,,,,,
2026-10-06,2026-10-06,CM,NSE,STK,751653,INE0FMW01018,QMSMEDI,BE,,,,,QMS MEDICAL ALLIED S LTD,176.60,195.18,176.60,192.71,194.50,185.89,,192.71,,,266762,49472829.83,521,F1,1,,,,,
2026-10-06,2026-10-06,CM,NSE,STK,29087,INE0LRY01011,QUADFUTURE,EQ,,,,,QUADRANT FUTURE TEK LTD,530.80,551.05,528.00,547.40,545.00,529.25,,547.29,,,515075,280102366.70,17782,F1,1,,,,,
2026-10-06,2026-10-06,CM,NSE,STK,765985,INE1XJ401012,QUALIANCE,SM,,,,,QUALIANCE INTERNATIONAL L,172.00,175.55,160.00,166.40,165.00,174.60,,166.40,,,81000,13785100.00,74,F1,1000,,,,,
2026-10-06,2026-10-06,CM,NSE,STK,29711,INE0SII01026,QPOWER,EQ,,,,,QUALITY POWER ELEC EQUP L,1630.20,1681.00,1609.60,1648.80,1643.80,1620.20,,1648.71,,,334224,550942825.60,16879,F1,1,,,,,
2026-10-06,2026-10-06,CM,NSE,STK,15330,INF082J01408,QGOLDHALF,EQ,,,,,QUANTUM GOLD ETF,121.79,123.80,120.82,121.86,121.82,121.83,,121.86,,,336939,40995064.93,866,F1,1,,,,,
2026-10-06,2026-10-06,CM,NSE,STK,16819,INF082J01499,QNIFTY,EQ,,,,,QUANTUM NIFTY 50 ETF,250.00,251.20,248.40,250.58,250.80,248.85,,250.58,,,9127,2284914.76,166,F1,1,,,,,
2026-10-06,2026-10-06,CM,NSE,STK,765392,INF966L01EI5,SILVER001,EQ,,,,,QUANT_AMC - SILVER001,22.50,22.50,22.06,22.31,22.29,22.33,,22.31,,,16924,375283.26,77,F1,1,,,,,
2026-10-06,2026-10-06,CM,NSE,STK,17704,INE615P01015,QUESS,EQ,,,,,QUESS CORP LIMITED,344.85,344.85,332.55,334.45,334.70,341.85,,334.43,,,218679,73340481.75,16509,F1,1,,,,,
2026-10-06,2026-10-06,CM,NSE,STK,23793,INE0TNW01017,QUESTLAB,SM,,,,,QUEST LABORATORIES LTD,95.30,96.00,92.00,92.60,92.60,96.00,,92.60,,,16800,1585080.00,14,F1,1200,,,,,
2026-10-06,2026-10-06,CM,NSE,STK,13116,INE306L01010,QUICKHEAL,EQ,,,,,QUICK HEAL TECH LTD,138.00,141.00,138.00,140.42,140.70,137.91,,140.42,,,61739,8641953.88,1473,F1,1,,,,,
2026-10-06,2026-10-06,CM,NSE,STK,15285,INE0K4D01020,QUICKTOUCH,SM,,,,,QUICKTOUCH TECHNOLOGIES L,14.00,14.00,14.00,14.00,14.00,14.50,,14.00,,,2000,28000.00,3,F1,500,,,,,
2026-10-06,2026-10-06,CM,NSE,STK,762857,INE641R01017,QUINT,BE,,,,,QUINT DIGITAL LTD.,62.05,62.05,62.05,62.05,62.05,65.31,,62.00,,,3360,208488.00,35,F1,1,,,,,
2026-10-06,2026-10-06,CM,NSE,STK,9355,INE033B01011,QUINTEGRA,EQ,,,,,QUINTEGRA SOLUTIONS LTD.,1.47,1.47,1.47,1.47,1.47,1.40,,1.47,,,11789,17329.83,7,F1,1,,,,,
2026-10-06,2026-10-06,CM,NSE,STK,24957,INE0KZF01015,QVCEL,SM,,,,,QVC EXPORTS LIMITED,26.00,26.00,25.75,25.75,25.75,25.15,,25.75,,,6400,165440.00,4,F1,1600,,,,,
2026-10-06,2026-10-06,CM,NSE,STK,23043,INE0NQ801033,RKSWAMY,EQ,,,,,R K SWAMY LIMITED,89.48,89.48,86.45,87.87,88.00,86.07,,87.87,,,7595,668322.19,204,F1,1,,,,,
2026-10-06,2026-10-06,CM,NSE,STK,757836,INE219Y01026,RMDRIP,BE,,,,,R M DRIP & SPRINK SYS LTD,23.36,23.85,22.61,23.55,23.23,23.36,,23.56,,,238838,5569909.97,399,F1,1,,,,,
2026-10-06,2026-10-06,CM,NSE,STK,762864,INE951M01037,RRIL,EQ,,,,,R R I L LTD.,15.35,16.44,15.25,16.18,16.44,15.21,,16.26,,,21385,335273.60,174,F1,1,,,,,
2026-10-06,2026-10-06,CM,NSE,STK,18566,INE777K01022,RRKABEL,EQ,,,,,R R KABEL LIMITED,2667.00,2806.80,2645.00,2789.70,2770.00,2648.00,,2789.66,,,917457,2518651994.80,72488,F1,1,,,,,
2026-10-06,2026-10-06,CM,NSE,STK,762872,INE616F01022,RSDFIN,BE,,,,,R S D FINANCE LTD.,93.53,94.00,92.00,92.00,92.00,94.00,,92.00,,,60,5629.06,6,F1,1,,,,,
2026-10-06,2026-10-06,CM,NSE,STK,13414,INE411H01032,RSYSTEMS,EQ,,,,,R SYS INTERNATIONAL LTD,247.50,251.55,244.50,246.30,247.00,249.90,,246.29,,,760943,187569087.60,13392,F1,1,,,,,
2026-10-06,2026-10-06,CM,NSE,STK,764858,INE005C01017,RTSPOWR,BE,,,,,R T S POWER CORPN. LTD.,103.00,112.33,103.00,103.78,103.65,108.40,,105.80,,,4526,470674.05,97,F1,1,,,,,
2026-10-06,2026-10-06,CM,NSE,STK,758984,INE012Q01039,RNBDENIMS,BE,,,,,R&B DENIMS LIMITED,8.99,9.13,8.81,8.98,8.98,8.97,,8.99,,,59430,531189.37,223,F1,1,,,,,
2026-10-06,2026-10-06,CM,NSE,STK,6429,INE165B01029,RSSOFTWARE,EQ,,,,,R. S. SOFTWARE (INDIA) LI,30.99,30.99,29.50,30.44,30.50,29.79,,30.30,,,8348,253454.39,84,F1,1,,,,,
2026-10-06,2026-10-06,CM,NSE,STK,20760,INE324L01013,RPPINFRA,EQ,,,,,R.P.P INFRA PROJECTS LTD,50.10,52.57,50.10,51.53,51.11,50.82,,51.53,,,33688,1743275.24,630,F1,1,,,,,
2026-10-06,2026-10-06,CM,NSE,STK,762244,INE2PB023011,RIIT,IV,,,,,RAAJMARG INFRA INVEST T,121.96,121.96,120.00,120.69,120.70,120.39,,120.69,,,103570,12508725.67,6291,F1,1,,,,,
2026-10-06,2026-10-06,CM,NSE,STK,15391,INE084Q01012,RACE,EQ,,,,,RACE ECO CHAIN LIMITED,113.60,113.60,108.55,108.75,108.95,108.95,,108.75,,,17139,1874696.09,409,F1,1,,,,,
2026-10-06,2026-10-06,CM,NSE,STK,9854,INE02OY01016,RILINFRA,SM,,,,,RACHANA INFRA LTD,32.95,33.15,31.70,32.50,32.50,33.15,,32.50,,,6700,218230.00,39,F1,100,,,,,
2026-10-06,2026-10-06,CM,NSE,STK,27171,INE704B01017,RACLGEAR,EQ,,,,,RACL GEARTECH LIMITED,1560.00,1608.20,1550.10,1593.40,1598.00,1550.40,,1593.41,,,20828,32836208.20,3598,F1,1,,,,,
2026-10-06,2026-10-06,CM,NSE,STK,10932,INE874F01027,RADAAN,EQ,,,,,RADAAN MEDIAWORKS (I) LTD,2.99,3.15,2.86,2.98,2.95,2.99,,2.98,,,22851,69619.58,70,F1,1,,,,,
2026-10-06,2026-10-06,CM,NSE,STK,10347,INE583V01021,RADHIKAJWE,BE,,,,,RADHIKA JEWELTECH LIMITED,67.10,68.79,65.55,67.39,67.50,67.82,,67.39,,,109530,7383761.47,978,F1,1,,,,,
2026-10-06,2026-10-06,CM,NSE,STK,13580,INE855R01021,RADIANTCMS,EQ,,,,,RADIANT CASH MGMT SER LTD,34.51,35.49,34.42,34.82,34.95,34.92,,34.82,,,86519,3017194.52,1177,F1,1,,,,,
2026-10-06,2026-10-06,CM,NSE,STK,10990,INE944F01028,RADICO,EQ,,,,,RADICO KHAITAN LTD,4300.00,4509.00,4294.00,4460.10,4460.10,4289.10,,4460.15,,,632144,2806359158.30,57216,F1,1,,,,,
2026-10-06,2026-10-06,CM,NSE,STK,23445,INE430U01019,RADIOWALLA,ST,,,,,RADIOWALLA NETWORK LTD,27.50,28.60,27.50,28.60,28.60,28.05,,28.60,,,9600,272800.00,6,F1,1600,,,,,
2026-10-06,2026-10-06,CM,NSE,STK,24735,INE912T01018,RPEL,EQ,,,,,RAGHAV PRODUCTIVITY ENH L,1851.20,1860.00,1799.00,1835.60,1845.00,1825.30,,1835.79,,,51137,93515372.80,7827,F1,1,,,,,
2026-10-06,2026-10-06,CM,NSE,STK,9552,INE415G01027,RVNL,EQ,,,,,RAIL VIKAS NIGAM LIMITED,197.00,201.20,196.64,198.78,198.78,196.95,,198.78,,,3145856,627012768.51,28295,F1,1,,,,,
2026-10-06,2026-10-06,CM,NSE,STK,2431,INE0DD101019,RAILTEL,EQ,,,,,RAILTEL CORP OF IND LTD,253.10,258.55,252.55,257.65,258.55,252.30,,257.66,,,511182,131250821.45,14670,F1,1,,,,,
2026-10-06,2026-10-06,CM,NSE,STK,15337,INE855B01025,RAIN,EQ,,,,,RAIN INDUSTRIES LIMITED,207.80,216.00,207.10,212.63,213.50,208.02,,212.63,,,3477479,742266394.70,21498,F1,1,,,,,
2026-10-06,2026-10-06,CM,NSE,STK,9408,INE961O01016,RAINBOW,EQ,,,,,RAINBOW CHILDRENS MED LTD,1269.20,1273.90,1235.60,1239.70,1242.00,1269.30,,1239.77,,,122566,152788396.60,23042,F1,1,,,,,
2026-10-06,2026-10-06,CM,NSE,STK,359,INE294G01026,ROML,EQ,,,,,RAJ OIL MILLS LIMITED,43.00,43.30,42.65,42.99,43.00,43.00,,43.16,,,1781,76384.23,26,F1,1,,,,,
2026-10-06,2026-10-06,CM,NSE,STK,8428,INE533D01032,RAJRILTD,BE,,,,,RAJ RAYON INDUSTRIES LTD,19.98,20.01,19.71,20.01,20.01,19.62,,20.02,,,6943,138802.85,63,F1,1,,,,,
2026-10-06,2026-10-06,CM,NSE,STK,14407,INE952H01027,RAJTV,BE,,,,,RAJ TV NETWORK LTD,10.90,10.90,10.26,10.72,10.73,10.64,,10.70,,,16428,173096.86,47,F1,1,,,,,
2026-10-06,2026-10-06,CM,NSE,STK,762859,INE296E01026,RAJPALAYAM,EQ,,,,,RAJAPALAYAM MILLS LTD.,755.00,773.00,735.00,743.95,744.20,734.35,,743.95,,,295,219094.20,30,F1,1,,,,,
2026-10-06,2026-10-06,CM,NSE,STK,181,INE610C01014,ARENTERP,EQ,,,,,RAJDARSHAN INDUSTRIES LTD,33.79,34.89,32.70,33.89,33.89,33.79,,33.89,,,177,5879.25,17,F1,1,,,,,
2026-10-06,2026-10-06,CM,NSE,STK,760461,INE343B01030,RAJESHEXPO,BZ,,,,,RAJESH EXPORTS LTD,61.52,63.47,61.51,61.80,62.35,62.35,,61.80,,,160375,9907985.03,1620,F1,1,,,,,
2026-10-06,2026-10-06,CM,NSE,STK,19681,INE0BZQ01011,RCDL,SM,,,,,RAJGOR CASTOR DERIVATI L,15.35,15.35,15.35,15.35,15.35,16.15,,15.35,,,9000,138150.00,3,F1,3000,,,,,
2026-10-06,2026-10-06,CM,NSE,STK,2168,INE00KV01022,RAJMET,EQ,,,,,RAJNANDINI METAL LIMITED,3.06,3.19,3.02,3.08,3.09,3.06,,3.08,,,196261,606025.14,557,F1,1,,,,,
2026-10-06,2026-10-06,CM,NSE,STK,757049,INE535F01024,RAJOOENG,EQ,,,,,RAJOO ENGINEERS LIMITED,55.40,57.50,54.11,56.95,57.29,54.97,,56.94,,,838914,46935742.06,3228,F1,1,,,,,
2026-10-06,2026-10-06,CM,NSE,STK,27269,INE0VHU01019,RAJPUTANA,SM,,,,,RAJPUTANA BIODIESEL LTD,213.90,213.95,205.00,205.25,205.00,206.05,,205.25,,,4000,833675.00,8,F1,500,,,,,
2026-10-06,2026-10-06,CM,NSE,STK,24707,INE0PCU01012,RAJINDLTD,SM,,,,,RAJPUTANA INDUSTRIES LTD,66.45,66.45,66.45,66.45,66.45,64.50,,66.45,,,1500,99675.00,1,F1,1500,,,,,
2026-10-06,2026-10-06,CM,NSE,STK,761439,INE313L01016,RSL,EQ,,,,,RAJPUTANA STAINLESS LTD,175.57,184.90,173.68,176.06,176.00,175.57,,176.08,,,2532342,450433779.93,15888,F1,1,,,,,
2026-10-06,2026-10-06,CM,NSE,STK,18962,INE451D01029,RAJRATAN,EQ,,,,,RAJRATAN GLOBAL WIRE LTD,455.00,475.00,452.95,467.30,470.00,454.60,,467.29,,,96176,44502493.60,5459,F1,1,,,,,
2026-10-06,2026-10-06,CM,NSE,STK,6915,INE760W01023,RPPL,BE,,,,,RAJSHREE POLYPACK LTD,18.98,19.60,18.50,19.03,19.39,18.72,,19.03,,,33977,654784.31,95,F1,1,,,,,
2026-10-06,2026-10-06,CM,NSE,STK,2809,INE562B01019,RAJSREESUG,EQ,,,,,RAJSHREE SUGAR & CHEMICAL,29.25,29.90,28.85,29.58,29.53,28.39,,29.58,,,67148,1982836.15,618,F1,1,,,,,
2026-10-06,2026-10-06,CM,NSE,STK,2816,INE613A01020,RALLIS,EQ,,,,,RALLIS INDIA LTD,198.00,200.93,197.00,200.30,200.20,197.16,,200.30,,,352413,70052783.61,10696,F1,1,,,,,
2026-10-06,2026-10-06,CM,NSE,STK,10485,INE207E01023,RAMRAT,EQ,,,,,RAM RATNA WIRES LIMITED,640.95,648.70,634.45,641.20,641.35,635.20,,641.18,,,264177,169475831.30,15928,F1,1,,,,,
2026-10-06,2026-10-06,CM,NSE,STK,10568,INE809A01032,RAMAPHO,EQ,,,,,RAMA PHOSPHATES LIMITED,118.57,123.34,117.52,117.99,118.00,119.07,,117.99,,,73107,8680964.40,828,F1,1,,,,,
2026-10-06,2026-10-06,CM,NSE,STK,10304,INE230R01035,RAMASTEEL,BE,,,,,RAMA STEEL TUBES LIMITED,4.39,4.39,4.31,4.31,4.31,4.39,,4.32,,,713156,3098785.48,1230,F1,1,,,,,
2026-10-06,2026-10-06,CM,NSE,STK,757777,INE14W901010,RTL,SM,,,,,RAMA TELECOM LIMITED,75.85,77.50,75.85,76.90,77.00,73.00,,76.90,,,14000,1074100.00,7,F1,2000,,,,,
2026-10-06,2026-10-06,CM,NSE,STK,4587,INE614A01028,RAMCOIND,EQ,,,,,RAMCO INDUSTRIES LIMITED,300.00,302.20,293.00,297.75,298.70,298.50,,297.75,,,114309,33974425.35,4481,F1,1,,,,,
2026-10-06,2026-10-06,CM,NSE,STK,7851,INE246B01019,RAMCOSYS,EQ,,,,,RAMCO SYSTEMS LTD.,555.50,565.75,553.00,563.50,565.00,555.30,,563.52,,,33400,18666633.80,2273,F1,1,,,,,
2026-10-06,2026-10-06,CM,NSE,STK,23565,INE0RJH01010,RBS,SM,,,,,RAMDEVBABA SOLVENT LTD,80.00,80.00,80.00,80.00,80.00,80.00,,80.00,,,800,64000.00,1,F1,800,,,,,
2026-10-06,2026-10-06,CM,NSE,STK,11411,INE399G01023,RKFORGE,EQ,,,,,RAMKRISHNA FORGINGS LTD,700.10,736.45,696.10,732.65,730.20,700.45,,732.65,,,992145,720654410.65,30995,F1,1,,,,,
2026-10-06,2026-10-06,CM,NSE,STK,20134,INE874I01013,RAMKY,EQ,,,,,RAMKY INFRA LTD,282.00,288.45,281.60,286.65,286.00,280.95,,286.75,,,28933,8263722.10,1409,F1,1,,,,,
2026-10-06,2026-10-06,CM,NSE,STK,2837,INE625B01014,RANASUG,EQ,,,,,RANA SUGARS LTD.,13.90,14.10,13.75,13.81,13.80,13.62,,13.81,,,443685,6158093.20,1153,F1,1,,,,,
2026-10-06,2026-10-06,CM,NSE,STK,11975,INE050H01012,RML,EQ,,,,,RANE (MADRAS) LIMITED,1382.50,1437.30,1372.00,1394.40,1385.00,1372.20,,1394.83,,,99854,140312150.50,10717,F1,1,,,,,
2026-10-06,2026-10-06,CM,NSE,STK,2844,INE384A01010,RANEHOLDIN,EQ,,,,,RANE HOLDINGS LIMITED,1550.80,1568.90,1533.10,1547.40,1544.90,1550.80,,1547.33,,,4758,7369237.30,593,F1,1,,,,,
2026-10-06,2026-10-06,CM,NSE,STK,30460,INE0QX901013,RAPIDFLEET,SM,,,,,RAPID FLEET MGT SERVICE L,205.00,205.65,205.00,205.65,205.65,196.00,,205.65,,,6600,1354920.00,11,F1,600,,,,,
2026-10-06,2026-10-06,CM,NSE,STK,25610,INE0MVO01012,RAPPID,SM,,,,,RAPPID VALVES (INDIA) LTD,336.90,338.00,336.90,338.00,338.00,327.35,,338.00,,,1800,607080.00,3,F1,600,,,,,
2026-10-06,2026-10-06,CM,NSE,STK,22670,INE0J1F01024,RPTECH,EQ,,,,,RASHI PERIPHERALS LIMITED,945.00,961.20,941.10,958.25,958.00,943.45,,958.24,,,188962,180066706.55,15622,F1,1,,,,,
2026-10-06,2026-10-06,CM,NSE,STK,2866,INE027A01015,RCF,EQ,,,,,RASHTRIYA CHEMICALS & FER,107.40,109.39,107.00,108.94,109.00,106.69,,108.93,,,911292,98459064.42,7797,F1,1,,,,,
2026-10-06,2026-10-06,CM,NSE,STK,7177,INE0CLI01024,RATEGAIN,EQ,,,,,RATEGAIN TRAVEL TECHN LTD,850.00,858.00,842.05,854.45,850.50,849.45,,854.47,,,136700,116230718.95,12588,F1,1,,,,,
2026-10-06,2026-10-06,CM,NSE,STK,13451,INE703B01027,RATNAMANI,EQ,,,,,RATNAMANI MET & TUB LTD.,2570.00,2634.30,2569.60,2601.20,2600.00,2564.90,,2601.12,,,19889,51501175.20,5148,F1,1,,,,,
2026-10-06,2026-10-06,CM,NSE,STK,18423,INE05CZ01011,RATNAVEER,EQ,,,,,RATNAVEER PRECISION ENG L,341.25,343.95,333.90,335.25,335.30,339.35,,335.25,,,1400875,472338028.90,18428,F1,1,,,,,
2026-10-06,2026-10-06,CM,NSE,STK,27297,INE834M01019,RTNINDIA,EQ,,,,,RATTANINDIA ENT LIMITED,25.63,26.24,25.50,26.13,26.07,25.46,,26.13,,,976831,25336490.55,4977,F1,1,,,,,
2026-10-06,2026-10-06,CM,NSE,STK,17520,INE399K01017,RTNPOWER,EQ,,,,,RATTANINDIA POWER LIMITED,6.71,6.83,6.71,6.75,6.77,6.73,,6.75,,,6922772,46911461.50,8789,F1,1,,,,,
2026-10-06,2026-10-06,CM,NSE,STK,20950,INE722J01012,RKDL,EQ,,,,,RAVI KUMAR DIST. LTD.,17.79,17.79,17.15,17.27,17.47,17.05,,17.27,,,9673,167689.95,88,F1,1,,,,,
2026-10-06,2026-10-06,CM,NSE,STK,1565,INE09E501017,RVHL,EQ,,,,,RAVINDER HEIGHTS LIMITED,37.14,38.50,37.00,37.26,37.25,37.46,,37.26,,,6990,262219.87,177,F1,1,,,,,
2026-10-06,2026-10-06,CM,NSE,STK,24596,INE206N01018,RELTD,EQ,,,,,RAVINDRA ENERGY LIMITED,143.51,148.50,143.23,147.25,146.99,144.18,,147.25,,,66967,9822121.59,1699,F1,1,,,,,
2026-10-06,2026-10-06,CM,NSE,STK,25073,INE02ID01020,RAYMONDLSL,EQ,,,,,RAYMOND LIFESTYLE LIMITED,636.00,658.80,630.05,649.85,652.00,628.85,,649.84,,,281558,183171221.55,12229,F1,1,,,,,
2026-10-06,2026-10-06,CM,NSE,STK,2859,INE301A01014,RAYMOND,EQ,,,,,RAYMOND LTD,1312.80,1339.00,1271.70,1294.30,1285.00,1300.70,,1294.28,,,1955260,2566841534.30,85731,F1,1,,,,,
2026-10-06,2026-10-06,CM,NSE,STK,758551,INE1SY401010,RAYMONDREL,EQ,,,,,RAYMOND REALTY LIMITED,698.00,737.90,681.05,707.80,703.70,691.85,,707.76,,,2765917,1987284157.75,79228,F1,1,,,,,
2026-10-06,2026-10-06,CM,NSE,STK,765936,INE1FCO01014,MOMSBELIEF,EQ,,,,,RAYS OF BELIEF LIMITED,228.40,234.80,224.21,232.64,232.40,228.74,,232.65,,,86445,19871818.76,1642,F1,1,,,,,
2026-10-06,2026-10-06,CM,NSE,STK,18391,INE976G01028,RBLBANK,EQ,,,,,RBL BANK LIMITED,416.95,418.00,412.30,414.50,414.50,416.55,,414.47,,,2559971,1060690865.95,28092,F1,1,,,,,
2026-10-06,2026-10-06,CM,NSE,STK,13570,INE0NA301016,RBMINFRA,SM,,,,,RBM INFRACON LIMITED,245.45,246.75,235.85,239.50,239.90,243.05,,239.50,,,11600,2786240.00,54,F1,200,,,,,
2026-10-06,2026-10-06,CM,NSE,STK,20893,INE0PEQ01016,RBZJEWEL,BE,,,,,RBZ JEWELLERS LIMITED,185.70,196.37,180.10,196.15,196.37,187.03,,196.13,,,109729,20992352.90,852,F1,1,,,,,
2026-10-06,2026-10-06,CM,NSE,STK,764850,INE0AK901016,RRECL,EQ,,,,,RDB REAL ESTATE CONS L,134.62,135.00,124.21,125.17,130.00,134.62,,124.64,,,279,37410.64,16,F1,1,,,,,
2026-10-06,2026-10-06,CM,NSE,STK,29561,INE10QL01011,READYMIX,SM,,,,,READYMIX CONSTRU MACHI L,55.00,55.00,54.00,54.35,54.75,54.70,,54.35,,,7000,382550.00,7,F1,1000,,,,,
2026-10-06,2026-10-06,CM,NSE,STK,15355,INE020B01018,RECLTD,EQ,,,,,REC LIMITED,295.55,300.95,294.85,300.00,300.00,295.65,,300.00,,,5488691,1640378557.45,41133,F1,1,,,,,
2026-10-06,2026-10-06,CM,NSE,STK,14255,INE891D01026,REDINGTON,EQ,,,,,REDINGTON LIMITED,414.00,417.40,404.00,405.70,406.25,412.75,,405.70,,,2037976,831768091.20,35963,F1,1,,,,,
2026-10-06,2026-10-06,CM,NSE,STK,17859,INE0LXT01019,REDTAPE,EQ,,,,,REDTAPE LIMITED,114.05,115.49,114.05,114.80,114.85,113.85,,114.80,,,148953,17084581.39,3012,F1,1,,,,,
2026-10-06,2026-10-06,CM,NSE,STK,17764,INE056I01025,REFEX,EQ,,,,,REFEX INDUSTRIES LIMITED,270.85,271.85,263.10,265.15,265.50,271.30,,265.16,,,301675,80299707.50,6501,F1,1,,,,,
2026-10-06,2026-10-06,CM,NSE,STK,758680,INE0MHO01029,REGAAL,EQ,,,,,REGAAL RESOURCES LIMITED,86.00,88.00,85.00,85.94,85.02,85.78,,85.94,,,183472,15829374.19,2979,F1,1,,,,,
2026-10-06,2026-10-06,CM,NSE,STK,4130,INE277C01012,REGENCERAM,EQ,,,,,REGENCY CERAMICS LTD.,32.20,33.80,30.15,33.28,33.40,32.53,,33.41,,,23966,792158.31,235,F1,1,,,,,
2026-10-06,2026-10-06,CM,NSE,STK,24225,INE131B01039,RELAXO,EQ,,,,,RELAXO FOOT LTD.,282.20,291.45,282.20,290.50,290.05,281.95,,290.49,,,92182,26590651.45,5055,F1,1,,,,,
2026-10-06,2026-10-06,CM,NSE,STK,3172,INF204KC1030,GILT5YBEES,EQ,,,,,RELCAPAMC - NETFGILT5Y,65.42,65.69,65.42,65.54,65.61,65.63,,65.54,,,227991,14947845.89,609,F1,1,,,,,
2026-10-06,2026-10-06,CM,NSE,STK,24378,INE375Y01018,RELIABLE,EQ,,,,,RELIABLE DATA SERVICE LTD,144.00,144.00,137.25,139.30,140.70,142.39,,139.30,,,8421,1176116.61,337,F1,1,,,,,
2026-10-06,2026-10-06,CM,NSE,STK,9652,INE750D01016,RELCHEMQ,EQ,,,,,RELIANCE CHEMOTEX IND LTD,113.27,116.00,113.27,113.40,113.27,113.27,,113.59,,,2301,261865.02,105,F1,1,,,,,
2026-10-06,2026-10-06,CM,NSE,STK,13188,INE330H01018,RCOM,BE,,,,,RELIANCE COMMUNICATIONS L,0.86,0.87,0.85,0.86,0.86,0.85,,0.86,,,3334578,2856031.11,1693,F1,1,,,,,
2026-10-06,2026-10-06,CM,NSE,STK,759204,INE217K01011,RHFL,BZ,,,,,RELIANCE HOME FINANCE LTD,1.55,1.58,1.53,1.56,1.57,1.56,,1.56,,,316617,494131.66,625,F1,1,,,,,
2026-10-06,2026-10-06,CM,NSE,STK,2912,INE046A01015,RIIL,EQ,,,,,RELIANCE INDUSTRIAL INFRA,664.10,684.00,661.50,681.70,679.20,664.10,,681.69,,,55354,37434770.00,2743,F1,1,,,,,
2026-10-06,2026-10-06,CM,NSE,STK,2885,INE002A01018,RELIANCE,EQ,,,,,RELIANCE INDUSTRIES LTD,1188.10,1219.10,1188.10,1218.00,1218.00,1186.40,,1218.00,,,18003127,21812045713.20,371754,F1,1,,,,,
2026-10-06,2026-10-06,CM,NSE,STK,4791,INE036A01016,RELINFRA,BE,,,,,RELIANCE INFRASTRUCTU LTD,51.24,51.24,51.24,51.24,51.24,48.80,,51.24,,,79210,4058720.40,519,F1,1,,,,,
2026-10-06,2026-10-06,CM,NSE,STK,15259,INE614G01033,RPOWER,EQ,,,,,RELIANCE POWER LTD.,20.07,21.05,20.00,20.49,20.58,20.09,,20.49,,,48663848,1005035691.63,70154,F1,1,,,,,
2026-10-06,2026-10-06,CM,NSE,STK,765330,INF205KA1CB9,IVZBANKNF,EQ,,,,,RELIGARAMC - IVZBANKNF,54.57,55.14,54.57,55.12,55.12,54.57,,55.12,,,330,18158.22,16,F1,1,,,,,
2026-10-06,2026-10-06,CM,NSE,STK,765327,INF205KA1CA1,IVZSENSEX,EQ,,,,,RELIGARAMC - IVZSENSEX,72.50,74.66,72.38,73.20,74.66,72.45,,73.24,,,716,52119.54,15,F1,1,,,,,
2026-10-06,2026-10-06,CM,NSE,STK,15068,INE621H01010,RELIGARE,EQ,,,,,RELIGARE ENTER. LTD.,224.90,228.97,223.51,227.75,227.70,223.44,,227.75,,,659520,148940310.10,12009,F1,1,,,,,
2026-10-06,2026-10-06,CM,NSE,STK,3965,INE474C01023,REMSONSIND,EQ,,,,,REMSONS INDUSTRIES LTD,110.00,110.90,102.72,108.67,108.20,109.71,,108.68,,,520894,55773565.49,5694,F1,1,,,,,
2026-10-06,2026-10-06,CM,NSE,STK,16154,INE0O5T01011,REMUS,SM,,,,,REMUS PHARMACEUTICALS L,861.30,889.90,837.00,844.45,842.10,867.75,,844.45,,,7700,6606685.00,58,F1,100,,,,,
2026-10-06,2026-10-06,CM,NSE,STK,15129,INE722H01024,RGL,EQ,,,,,RENAISSANCE GLOBAL LTD,161.10,167.49,158.01,163.62,164.00,161.52,,163.62,,,465586,75771561.21,7907,F1,1,,,,,
2026-10-06,2026-10-06,CM,NSE,STK,758157,INE0VZX01015,RNPL,SM,,,,,RENOL POLYCHEM LIMITED,75.95,75.95,75.95,75.95,75.95,72.35,,75.95,,,8400,637980.00,7,F1,1200,,,,,
2026-10-06,2026-10-06,CM,NSE,STK,766077,INE08T701025,RENTOMOJO,EQ,,,,,RENTOMOJO LIMITED,521.40,564.00,517.10,545.20,552.95,510.95,,545.22,,,9174958,4995277175.10,239323,F1,1,,,,,
2026-10-06,2026-10-06,CM,NSE,STK,29598,INE612J01015,REPCOHOME,EQ,,,,,REPCO HOME FINANCE LTD,331.00,337.45,325.65,326.45,325.75,329.25,,326.44,,,65214,21403602.55,3616,F1,1,,,,,
2026-10-06,2026-10-06,CM,NSE,STK,13126,INE461B01014,REPRO,EQ,,,,,REPRO INDIA LIMITED,290.45,310.95,290.45,296.35,294.05,294.25,,296.35,,,18005,5409875.05,1096,F1,1,,,,,
2026-10-06,2026-10-06,CM,NSE,STK,20323,INE688D01026,RESPONIND,EQ,,,,,RESPONSIVE INDUSTRIES LTD,158.20,163.00,154.65,156.31,156.50,158.17,,156.30,,,1662406,261020792.79,8334,F1,1,,,,,
2026-10-06,2026-10-06,CM,NSE,STK,1494,INE07T201019,RBA,EQ,,,,,RESTAURANT BRAND ASIA LTD,93.91,95.68,92.52,95.10,95.39,93.99,,95.09,,,1607028,151815929.43,14482,F1,1,,,,,
2026-10-06,2026-10-06,CM,NSE,STK,25157,INE0DAB01012,RVTH,EQ,,,,,REVATHI EQUIPMENT INDIA L,723.00,760.00,701.00,756.20,738.05,726.45,,754.57,,,1590,1155352.00,240,F1,1,,,,,
2026-10-06,2026-10-06,CM,NSE,STK,29270,INE113601012,REXPRO,SM,,,,,REXPRO ENTERPRISES LTD,35.00,35.00,33.55,33.60,33.60,35.00,,33.60,,,6000,204350.00,6,F1,1000,,,,,
2026-10-06,2026-10-06,CM,NSE,STK,763468,INE0V2V01015,RFBL,ST,,,,,RFBL FLEXI PACK LIMITED,113.00,113.00,106.80,106.80,106.80,112.40,,106.80,,,42000,4567800.00,8,F1,3000,,,,,
2026-10-06,2026-10-06,CM,NSE,STK,759062,INE0KKN01029,RHETAN,EQ,,,,,RHETAN TMT LIMITED,15.02,16.60,15.02,16.59,16.60,15.81,,16.59,,,31432821,508584381.85,54562,F1,1,,,,,
2026-10-06,2026-10-06,CM,NSE,STK,31163,INE743M01012,RHIM,EQ,,,,,RHI MAGNESITA INDIA LTD,373.60,376.80,370.40,373.40,373.55,372.75,,373.40,,,181452,67893345.40,8832,F1,1,,,,,
2026-10-06,2026-10-06,CM,NSE,STK,8208,INE0J1P01015,RICHA,SM,,,,,RICHA INFO SYSTEMS LTD,82.00,84.50,82.00,83.25,84.50,80.50,,83.25,,,2000,166500.00,2,F1,1000,,,,,
2026-10-06,2026-10-06,CM,NSE,STK,2909,INE209B01025,RICOAUTO,EQ,,,,,RICO AUTO INDUSTRIES LTD,120.35,122.50,120.00,121.83,121.70,120.52,,121.83,,,677941,82305276.00,6799,F1,1,,,,,
2026-10-06,2026-10-06,CM,NSE,STK,764121,INE302D01024,RIR,EQ,,,,,RIR POWER ELECTRONICS L,176.19,184.90,175.77,183.49,184.00,174.61,,183.46,,,632621,114038484.66,11398,F1,1,,,,,
2026-10-06,2026-10-06,CM,NSE,STK,18417,INE0N2P01017,RISHABH,EQ,,,,,RISHABH INSTRUMENTS LTD,686.20,709.25,685.60,688.40,690.70,686.20,,688.42,,,178044,123684247.05,8052,F1,1,,,,,
2026-10-06,2026-10-06,CM,NSE,STK,8944,INE01EG01016,RITCO,EQ,,,,,RITCO LOGISTICS LIMITED,286.95,291.10,284.25,285.55,287.15,284.35,,285.55,,,107885,30884289.30,1634,F1,1,,,,,
2026-10-06,2026-10-06,CM,NSE,STK,11910,INE0MRA01019,RITEZONE,SM,,,,,RITE ZONE CHEMCON IND LTD,17.00,17.45,16.15,17.45,17.45,17.00,,17.45,,,8000,132720.00,5,F1,1600,,,,,
2026-10-06,2026-10-06,CM,NSE,STK,3761,INE320J01015,RITES,EQ,,,,,RITES LIMITED,204.52,206.86,202.41,203.51,203.65,205.74,,203.51,,,616591,126175460.78,12169,F1,1,,,,,
2026-10-06,2026-10-06,CM,NSE,STK,1553,INE786W01010,RKEC,BE,,,,,RKEC PROJECTS LIMITED,20.85,21.69,19.81,21.42,21.49,20.85,,21.42,,,34187,694070.32,138,F1,1,,,,,
2026-10-06,2026-10-06,CM,NSE,STK,762346,INE655V01019,RMC,EQ,,,,,RMC SWITCHGEARS LIMITED,194.91,202.85,193.00,196.05,199.00,194.15,,196.25,,,146046,28701798.93,2189,F1,1,,,,,
2026-10-06,2026-10-06,CM,NSE,STK,24589,INE0SA001017,RNFI,SM,,,,,RNFI SERVICES LIMITED,314.00,334.20,312.00,331.00,331.50,313.35,,331.00,,,37800,12326490.00,55,F1,600,,,,,
2026-10-06,2026-10-06,CM,NSE,STK,15157,INE508K01013,RHL,EQ,,,,,ROBUST HOTELS LIMITED,169.50,169.50,161.51,165.25,162.75,164.80,,165.25,,,1708,281332.37,23,F1,1,,,,,
2026-10-06,2026-10-06,CM,NSE,STK,5279,INE645S01024,ROLEXRINGS,EQ,,,,,ROLEX RINGS LIMITED,190.90,191.56,185.60,188.18,187.98,189.77,,188.17,,,2424946,455908181.06,32965,F1,1,,,,,
2026-10-06,2026-10-06,CM,NSE,STK,19108,INE927A01040,ROLLT,BE,,,,,ROLLATAINERS LIMITED,5.21,5.21,5.10,5.21,5.21,4.97,,5.21,,,409730,2130086.01,236,F1,1,,,,,
2026-10-06,2026-10-06,CM,NSE,STK,19410,INE02A801020,ROSSARI,EQ,,,,,ROSSARI BIOTECH LIMITED,427.15,435.00,424.80,427.45,427.00,430.90,,427.44,,,184174,79126911.65,6412,F1,1,,,,,
2026-10-06,2026-10-06,CM,NSE,STK,28913,INE847C01020,ROSSELLIND,EQ,,,,,ROSSELL INDIA LIMITED,50.10,51.30,49.83,50.68,51.00,50.10,,50.73,,,20826,1062342.96,244,F1,1,,,,,
2026-10-06,2026-10-06,CM,NSE,STK,27353,INE0OJW01016,ROSSTECH,EQ,,,,,ROSSELL TECHSYS LIMITED,1624.90,1699.00,1586.40,1612.10,1615.00,1607.20,,1612.33,,,506905,835638786.10,46791,F1,1,,,,,
2026-10-06,2026-10-06,CM,NSE,STK,9049,INE535D01037,ROTO,EQ,,,,,ROTO PUMPS LIMITED,62.85,63.36,61.74,62.24,62.21,62.26,,62.24,,,524832,32679350.36,4037,F1,1,,,,,
2026-10-06,2026-10-06,CM,NSE,STK,128,INE450U01017,ROUTE,EQ,,,,,ROUTE MOBILE LIMITED,435.00,437.30,429.40,430.80,431.50,431.10,,430.82,,,137980,59591480.85,5642,F1,1,,,,,
2026-10-06,2026-10-06,CM,NSE,STK,20167,INE0PDJ01013,ROXHITECH,SM,,,,,ROX HI TECH LIMITED,64.45,71.80,64.00,70.55,70.90,62.45,,70.55,,,513600,35781760.00,283,F1,1600,,,,,
2026-10-06,2026-10-06,CM,NSE,STK,13182,INE283H01019,ROHLTD,EQ,,,,,ROYAL ORCHID HOTELS LTD,296.00,303.25,296.00,300.75,300.70,295.10,,300.71,,,8836,2655243.95,380,F1,1,,,,,
2026-10-06,2026-10-06,CM,NSE,STK,16725,INE105J01010,RPGLIFE,EQ,,,,,RPG LIFE SCIENCES LTD,2905.00,2987.90,2899.60,2933.20,2917.00,2896.40,,2933.31,,,14225,41835615.10,2347,F1,1,,,,,
2026-10-06,2026-10-06,CM,NSE,STK,8119,INE425Y01011,RPSGVENT,EQ,,,,,RPSG VENTURES LIMITED,839.95,842.00,828.00,833.10,842.00,833.90,,833.14,,,13774,11488854.90,981,F1,1,,,,,
2026-10-06,2026-10-06,CM,NSE,STK,2794,INE611A01016,RSWM,EQ,,,,,RSWM LIMITED,203.30,209.00,202.81,207.03,209.00,203.03,,207.03,,,24341,5002637.97,492,F1,1,,,,,
2026-10-06,2026-10-06,CM,NSE,STK,24730,INE642C01025,RUBFILA,EQ,,,,,RUBFILA INTERNATIONAL LTD,62.62,64.40,62.62,63.59,63.50,63.18,,63.63,,,28374,1811330.21,520,F1,1,,,,,
2026-10-06,2026-10-06,CM,NSE,STK,759316,INE506V01022,RUBICON,EQ,,,,,RUBICON RESEARCH LIMITED,1608.50,1612.00,1583.50,1596.80,1592.10,1608.50,,1596.82,,,72117,115276393.50,7457,F1,1,,,,,
2026-10-06,2026-10-06,CM,NSE,STK,4566,INE413B01023,RUCHINFRA,EQ,,,,,RUCHI INFRASTRUCTURE LTD,5.04,5.04,4.85,4.98,5.01,4.85,,4.98,,,20684,102845.77,132,F1,1,,,,,
2026-10-06,2026-10-06,CM,NSE,STK,13821,INE803H01014,RUCHIRA,EQ,,,,,RUCHIRA PAPERS LIMITED,103.39,104.47,102.01,102.78,102.85,103.39,,102.78,,,9363,966613.81,291,F1,1,,,,,
2026-10-06,2026-10-06,CM,NSE,STK,760392,INE027T01023,RUDRA,EQ,,,,,RUDRA GLOBAL INFRA PROD L,18.18,18.39,17.67,17.81,17.80,18.00,,17.81,,,7681,136777.17,98,F1,1,,,,,
2026-10-06,2026-10-06,CM,NSE,STK,1480,INE364Z01019,REPL,EQ,,,,,RUDRABHISHEK ENTERP LTD,58.95,58.95,55.00,56.83,56.51,56.24,,56.83,,,1257,70779.30,78,F1,1,,,,,
2026-10-06,2026-10-06,CM,NSE,STK,23830,INE0R7301013,RULKA,SM,,,,,RULKA ELECTRICALS LIMITED,108.00,108.00,103.20,105.00,105.00,108.00,,105.00,,,11400,1200750.00,29,F1,300,,,,,
2026-10-06,2026-10-06,CM,NSE,STK,766391,INE804W01029,RUNWALENTR,EQ,,,,,RUNWAL ENTERPRISES LTD,296.00,299.75,286.55,290.60,290.00,301.45,,290.59,,,1321433,388077211.75,17908,F1,1,,,,,
2026-10-06,2026-10-06,CM,NSE,STK,25724,INE895B01021,RUPA,EQ,,,,,RUPA & COMPANY LTD,128.00,130.59,128.00,128.99,129.00,128.40,,128.99,,,118983,15407229.18,2890,F1,1,,,,,
2026-10-06,2026-10-06,CM,NSE,STK,24595,INE573K01025,RUSHIL,EQ,,,,,RUSHIL DECOR LIMITED,15.90,15.90,15.41,15.54,15.51,15.46,,15.55,,,108221,1686661.21,385,F1,1,,,,,
2026-10-06,2026-10-06,CM,NSE,STK,764860,INE137M01017,SAB,EQ,,,,,S A B INDUSTRIES LTD.,170.00,170.00,170.00,170.00,170.00,170.00,,170.00,,,10,1700.00,1,F1,1,,,,,
2026-10-06,2026-10-06,CM,NSE,STK,24674,INE0BSN01013,SATECH,SM,,,,,S A TECH SOFTWARE INDIA L,38.95,38.95,37.55,37.55,37.55,36.95,,37.55,,,3000,114350.00,3,F1,1000,,,,,
2026-10-06,2026-10-06,CM,NSE,STK,20698,INE807K01035,SCHAND,EQ,,,,,S CHAND AND COMPANY LTD,140.20,146.00,137.01,145.16,144.20,140.50,,145.16,,,25808,3660645.90,2360,F1,1,,,,,
2026-10-06,2026-10-06,CM,NSE,STK,25528,INE0X6F01017,SDREAMS,SM,,,,,S D RETAIL LIMITED,85.00,86.00,83.15,84.75,84.50,85.00,,84.75,,,8000,676650.00,4,F1,1000,,,,,
2026-10-06,2026-10-06,CM,NSE,STK,11212,INE500L01026,SHK,EQ,,,,,S H KELKAR AND CO. LTD.,138.40,143.86,136.82,142.32,141.80,137.42,,142.32,,,584843,82802692.75,6205,F1,1,,,,,
2026-10-06,2026-10-06,CM,NSE,STK,20542,INE0F3301020,SJLOGISTIC,SM,,,,,S J LOGISTICS (INDIA) LTD,318.60,318.75,302.05,308.90,310.40,314.85,,308.90,,,29500,9184650.00,102,F1,250,,,,,
2026-10-06,2026-10-06,CM,NSE,STK,764940,INE159L01013,SVGLOBAL,EQ,,,,,S V GLOBAL MILL LTD.,140.00,140.99,135.28,140.92,140.94,135.70,,140.92,,,957,134591.45,46,F1,1,,,,,
2026-10-06,2026-10-06,CM,NSE,STK,2951,INE902B01017,S&SPOWER,EQ,,,,,S&S POWER SWITCHGEARS LTD,295.00,299.85,281.50,286.00,291.50,294.55,,286.00,,,4306,1229909.35,125,F1,1,,,,,
2026-10-06,2026-10-06,CM,NSE,STK,18252,INE212I01016,SPAL,EQ,,,,,S. P. APPARELS LIMITED,955.40,958.90,935.10,949.65,955.00,937.90,,949.68,,,18873,17900090.55,2397,F1,1,,,,,
2026-10-06,2026-10-06,CM,NSE,STK,11634,INE658G01014,SALSTEEL,EQ,,,,,S.A.L. STEEL LTD.,92.00,93.00,89.29,89.60,89.30,93.98,,89.58,,,746781,67227406.99,2559,F1,1,,,,,
2026-10-06,2026-10-06,CM,NSE,STK,19112,INE0PSK01027,SAAKSHI,ST,,,,,SAAKSHI MEDTEC N PANELS L,361.00,364.00,361.00,364.00,364.00,358.60,,364.00,,,5400,1953000.00,7,F1,600,,,,,
2026-10-06,2026-10-06,CM,NSE,STK,759057,INE13B501022,SAATVIKGL,EQ,,,,,SAATVIK GREEN ENERGY LTD,406.70,406.70,398.20,402.50,401.00,400.85,,402.50,,,57401,23036109.30,2153,F1,1,,,,,
2026-10-06,2026-10-06,CM,NSE,STK,757409,INE1ARD01016,SACHEEROME,SM,,,,,SACHEEROME LIMITED,502.25,515.00,502.25,511.85,505.35,500.05,,511.85,,,11700,5951610.00,36,F1,300,,,,,
2026-10-06,2026-10-06,CM,NSE,STK,13236,INE226H01026,SADBHAV,EQ,,,,,SADBHAV ENGINEERING LTD,6.75,6.94,6.75,6.85,6.89,6.86,,6.85,,,118920,814802.31,405,F1,1,,,,,
2026-10-06,2026-10-06,CM,NSE,STK,10618,INE764L01010,SADBHIN,EQ,,,,,SADBHAV INFRA PROJ LTD.,2.62,2.62,2.56,2.56,2.58,2.61,,2.56,,,45546,117337.56,146,F1,1,,,,,
2026-10-06,2026-10-06,CM,NSE,STK,15349,INE888C01040,SADHNANIQ,BE,,,,,SADHANA NITROCHEM LIMITED,2.61,2.71,2.60,2.68,2.71,2.59,,2.68,,,1975998,5328296.43,749,F1,1,,,,,
2026-10-06,2026-10-06,CM,NSE,STK,22897,INE0K5H01010,SADHAV,SM,,,,,SADHAV SHIPPING LIMITED,114.35,115.50,114.00,114.50,114.05,115.50,,114.50,,,7800,892320.00,13,F1,600,,,,,
2026-10-06,2026-10-06,CM,NSE,STK,13035,INE429E01023,SAFARI,EQ,,,,,SAFARI IND (INDIA) LTD,1308.60,1344.60,1299.20,1318.00,1312.60,1308.60,,1318.01,,,41056,54300249.30,6117,F1,1,,,,,
2026-10-06,2026-10-06,CM,NSE,STK,757583,INE17D601016,SAFEENTP,SM,,,,,SAFE ENTER RETAIL FIX LTD,253.00,255.50,246.25,250.05,250.70,254.40,,250.05,,,29000,7267500.00,55,F1,500,,,,,
2026-10-06,2026-10-06,CM,NSE,STK,14068,INE229C01021,SAGCEM,EQ,,,,,SAGAR CEMENTS LIMITED,148.68,149.70,145.81,146.60,147.00,148.68,,146.61,,,38480,5653958.24,1112,F1,1,,,,,
2026-10-06,2026-10-06,CM,NSE,STK,8175,INE976T01013,SAGARDEEP,EQ,,,,,SAGARDEEP ALLOYS LIMITED,24.00,24.00,22.00,23.14,23.14,22.10,,23.14,,,4214,94958.68,99,F1,1,,,,,
2026-10-06,2026-10-06,CM,NSE,STK,27052,INE0W2G01015,SAGILITY,EQ,,,,,SAGILITY LIMITED,42.79,43.88,42.51,43.88,43.88,42.57,,43.87,,,8239659,355676374.23,20216,F1,1,,,,,
2026-10-06,2026-10-06,CM,NSE,STK,24478,INE0P4701011,SAHAJSOLAR,SM,,,,,SAHAJ SOLAR LIMITED,89.50,92.00,89.00,91.15,90.00,87.60,,91.15,,,26000,2366980.00,57,F1,400,,,,,
2026-10-06,2026-10-06,CM,NSE,STK,16711,INE0LEX01011,SAHANA,SM,,,,,SAHANA SYSTEM LIMITED,900.00,930.00,900.00,926.60,926.50,889.60,,926.60,,,58800,54034972.50,267,F1,150,,,,,
2026-10-06,2026-10-06,CM,NSE,STK,25668,INE0RBQ01018,SAHASRA,SM,,,,,SAHASRA ELECTRONIC SOLU L,509.00,521.80,475.90,475.90,475.90,500.90,,475.90,,,127600,62067600.00,307,F1,400,,,,,
2026-10-06,2026-10-06,CM,NSE,STK,14900,INE280H01015,SAHYADRI,EQ,,,,,SAHYADRI INDUSTRIES LTD,363.95,367.90,350.00,354.05,353.15,361.40,,354.41,,,8223,2943801.20,508,F1,1,,,,,
2026-10-06,2026-10-06,CM,NSE,STK,764865,INE531X01018,SAICAPI,EQ,,,,,SAI CAPITAL LTD.,155.00,155.00,145.00,150.16,155.00,155.00,,150.41,,,462,67996.00,31,F1,1,,,,,
2026-10-06,2026-10-06,CM,NSE,STK,27839,INE570L01029,SAILIFE,EQ,,,,,SAI LIFE SCIENCES LIMITED,1520.00,1569.00,1495.00,1558.10,1569.00,1511.30,,1558.04,,,277814,426830116.20,27877,F1,1,,,,,
2026-10-06,2026-10-06,CM,NSE,STK,761675,INE0H9F01037,SAIPARENT,EQ,,,,,SAI PARENTERALS LIMITED,502.90,535.00,499.20,522.90,523.75,498.70,,523.03,,,352499,183144458.95,11257,F1,1,,,,,
2026-10-06,2026-10-06,CM,NSE,STK,18755,INE438K01021,KALAMANDIR,EQ,,,,,SAI SILKS (KALAMANDIR) L,75.69,77.90,75.12,77.36,77.22,74.98,,77.35,,,488052,37377068.91,5570,F1,1,,,,,
2026-10-06,2026-10-06,CM,NSE,STK,764880,INE068B01017,SEKURITIND,EQ,,,,,SAINT GOBAIN SEKUR IND L,109.98,110.44,107.50,110.08,109.94,108.72,,110.09,,,31166,3395486.63,688,F1,1,,,,,
2026-10-06,2026-10-06,CM,NSE,STK,25715,INE00MT01022,SAJHOTELS,ST,,,,,SAJ HOTELS LIMITED,30.35,30.35,27.55,29.35,29.35,29.00,,29.35,,,28000,792500.00,9,F1,2000,,,,,
2026-10-06,2026-10-06,CM,NSE,STK,9539,INE732S01012,SAKAR,EQ,,,,,SAKAR HEALTHCARE LIMITED,1013.00,1068.00,1013.00,1048.50,1068.00,1006.80,,1048.50,,,68620,71032052.90,4648,F1,1,,,,,
2026-10-06,2026-10-06,CM,NSE,STK,11794,INE667G01023,SAKSOFT,EQ,,,,,SAKSOFT LIMITED,140.40,144.00,140.31,142.74,142.44,140.72,,142.72,,,112706,15990058.98,2528,F1,1,,,,,
2026-10-06,2026-10-06,CM,NSE,STK,2969,INE623A01011,SAKHTISUG,EQ,,,,,SAKTHI SUGARS LTD,18.07,19.35,18.06,18.88,18.81,17.80,,18.88,,,290628,5487253.72,1767,F1,1,,,,,
2026-10-06,2026-10-06,CM,NSE,STK,13251,INE190H01024,SAKUMA,EQ,,,,,SAKUMA EXPORTS LIMITED,1.57,1.57,1.49,1.51,1.53,1.54,,1.51,,,1647490,2511405.87,947,F1,1,,,,,
2026-10-06,2026-10-06,CM,NSE,STK,21362,INE170V01027,SALASAR,EQ,,,,,SALASAR TECHNO ENGG. LTD.,4.07,4.34,4.04,4.22,4.17,4.04,,4.22,,,5485232,23079576.12,4787,F1,1,,,,,
2026-10-06,2026-10-06,CM,NSE,STK,17351,INE498E01010,SALONA,EQ,,,,,SALONA COTSPIN LTD.,272.95,275.00,268.00,274.20,275.00,268.25,,274.21,,,757,206694.85,60,F1,1,,,,,
2026-10-06,2026-10-06,CM,NSE,STK,11399,INE457F01013,SALZERELEC,EQ,,,,,SALZER ELECTRONICS LTD,523.00,531.40,521.20,524.95,522.00,525.05,,524.94,,,35112,18449767.80,1831,F1,1,,,,,
2026-10-06,2026-10-06,CM,NSE,STK,4127,INE699B01027,SAMBHAAV,EQ,,,,,SAMBHAAV MEDIA LTD,5.41,5.41,5.06,5.25,5.26,5.30,,5.25,,,27220,141841.16,161,F1,1,,,,,
2026-10-06,2026-10-06,CM,NSE,STK,757767,INE12NJ01018,SAMBHV,EQ,,,,,SAMBHV STEEL TUBES LTD,166.00,167.00,161.36,162.19,162.00,164.66,,162.19,,,1575550,257660975.54,17578,F1,1,,,,,
2026-10-06,2026-10-06,CM,NSE,STK,21096,INE0PZA01015,SAIFL,SM,,,,,SAMEERA AGRO AND INFRA L,4.30,4.35,4.20,4.30,4.30,4.20,,4.30,,,56000,239800.00,11,F1,4000,,,,,
2026-10-06,2026-10-06,CM,NSE,STK,18614,INE08U801020,SAMHI,EQ,,,,,SAMHI HOTELS LIMITED,148.60,151.00,147.90,149.73,149.00,150.41,,149.73,,,811325,121264779.39,9663,F1,1,,,,,
2026-10-06,2026-10-06,CM,NSE,STK,30125,INE148I01020,SAMMAANCAP,EQ,,,,,SAMMAAN CAPITAL LIMITED,134.20,134.87,133.00,134.40,134.80,133.11,,134.40,,,2560634,343366731.44,16600,F1,1,,,,,
2026-10-06,2026-10-06,CM,NSE,STK,27303,INE735M01018,SAMPANN,EQ,,,,,SAMPANN UTPADAN INDIA LTD,24.00,24.66,23.90,23.99,23.92,23.91,,24.00,,,10227,247642.77,99,F1,1,,,,,
2026-10-06,2026-10-06,CM,NSE,STK,4204,INE775A01035,MOTHERSON,EQ,,,,,SAMVRDHNA MTHRSN INTL LTD,156.28,160.69,155.68,160.00,160.00,156.50,,160.00,,,7313345,1163587195.46,48068,F1,1,,,,,
2026-10-06,2026-10-06,CM,NSE,STK,28805,INE0JPD01013,SANATHAN,EQ,,,,,SANATHAN TEXTILES LIMITED,528.35,532.30,522.25,525.65,528.10,528.35,,525.71,,,45492,24047307.45,2913,F1,1,,,,,
2026-10-06,2026-10-06,CM,NSE,STK,2988,INE583B01015,SANDESH,EQ,,,,,SANDESH LTD,985.15,1025.55,985.15,1017.40,1006.00,1013.95,,1017.40,,,972,978487.90,69,F1,1,,,,,
2026-10-06,2026-10-06,CM,NSE,STK,2397,INE278H01035,SANDHAR,EQ,,,,,SANDHAR TECHNOLOGIES LTD,557.00,563.75,553.25,558.10,562.00,555.30,,558.20,,,78149,43670767.05,6483,F1,1,,,,,
2026-10-06,2026-10-06,CM,NSE,STK,18359,INE149K01016,SANDUMA,EQ,,,,,SANDUR MANG & IRON ORES L,177.35,185.00,177.35,183.38,183.85,177.35,,183.37,,,525752,95168028.96,10117,F1,1,,,,,
2026-10-06,2026-10-06,CM,NSE,STK,4184,INE495C01010,SANGAMIND,EQ,,,,,SANGAM (INDIA) LTD,638.00,645.30,630.05,642.40,640.80,631.75,,642.42,,,30921,19746206.70,1596,F1,1,,,,,
2026-10-06,2026-10-06,CM,NSE,STK,18035,INE0OVI01010,SANGANI,SM,,,,,SANGANI HOSPITALS LIMITED,57.00,57.20,54.95,57.20,57.20,56.85,,57.20,,,40500,2264325.00,6,F1,1500,,,,,
2026-10-06,2026-10-06,CM,NSE,STK,14058,INE989A01032,SANGHVIMOV,EQ,,,,,SANGHVI MOVERS LTD,410.00,432.95,410.00,419.50,423.20,409.90,,419.47,,,482154,203268409.60,14002,F1,1,,,,,
2026-10-06,2026-10-06,CM,NSE,STK,25222,INE0UOS01011,SANOFICONR,EQ,,,,,SANOFI CONS HEALTHC IND L,3731.00,3764.40,3704.00,3736.50,3726.00,3752.70,,3736.49,,,3430,12773527.10,1307,F1,1,,,,,
2026-10-06,2026-10-06,CM,NSE,STK,1442,INE058A01010,SANOFI,EQ,,,,,SANOFI INDIA LIMITED,3020.10,3057.80,3004.00,3047.00,3046.00,3024.20,,3047.11,,,16503,49924269.80,3192,F1,1,,,,,
2026-10-06,2026-10-06,CM,NSE,STK,5751,INE953O01021,SANSERA,EQ,,,,,SANSERA ENGINEERING LTD,4245.80,4273.60,4085.40,4232.90,4226.00,4291.30,,4232.76,,,261389,1103079760.40,39376,F1,1,,,,,
2026-10-06,2026-10-06,CM,NSE,STK,24582,INE08NE01025,SANSTAR,EQ,,,,,SANSTAR LIMITED,103.93,106.13,103.20,104.07,103.99,104.73,,104.07,,,104195,10880310.92,2312,F1,1,,,,,
2026-10-06,2026-10-06,CM,NSE,STK,46,INE890C01046,SANWARIA,BZ,,,,,SANWARIA CONSUMER LIMITED,0.20,0.20,0.18,0.18,0.18,0.19,,0.18,,,1698397,317480.81,191,F1,1,,,,,
2026-10-06,2026-10-06,CM,NSE,STK,6718,INE806T01020,SAPPHIRE,EQ,,,,,SAPPHIRE FOODS INDIA LTD,214.30,216.02,210.60,215.16,216.02,212.64,,215.16,,,315838,67358935.73,14044,F1,1,,,,,
2026-10-06,2026-10-06,CM,NSE,STK,19863,INE0PUC01020,SARTELE,SM,,,,,SAR TELEVENTURE LIMITED,99.00,100.50,94.25,96.85,96.20,97.70,,96.85,,,59500,5758150.00,96,F1,500,,,,,
2026-10-06,2026-10-06,CM,NSE,STK,762985,INE967G01019,ZSARACOM,EQ,,,,,SARASWATI COMM (INDIA) L,9711.00,9986.00,9710.00,9961.00,9970.00,9787.00,,9961.00,,,35,344294.00,24,F1,1,,,,,
2026-10-06,2026-10-06,CM,NSE,STK,24856,INE0PQ101010,SSDL,EQ,,,,,SARASWATI SAREE DEPOT LTD,69.80,71.28,67.16,68.57,69.00,69.75,,68.58,,,77815,5387142.31,2017,F1,1,,,,,
2026-10-06,2026-10-06,CM,NSE,STK,17758,INE385C01021,SARDAEN,EQ,,,,,SARDA ENERGY & MIN LTD,502.15,503.95,496.50,500.70,502.00,501.00,,500.70,,,188815,94473228.75,7743,F1,1,,,,,
2026-10-06,2026-10-06,CM,NSE,STK,4892,INE979A01025,SAREGAMA,EQ,,,,,SAREGAMA INDIA LIMITED,497.10,506.80,493.00,503.70,503.00,497.10,,503.71,,,166549,83511549.95,11663,F1,1,,,,,
2026-10-06,2026-10-06,CM,NSE,STK,14043,INE453D01025,SARLAPOLY,EQ,,,,,SARLA PERF. FIBERS LTD,95.80,96.79,95.01,96.44,96.68,95.10,,96.44,,,26212,2516261.10,1085,F1,1,,,,,
2026-10-06,2026-10-06,CM,NSE,STK,6843,INE017W01010,SMLT,EQ,,,,,SARTHAK METALS LIMITED,78.88,78.90,73.02,74.06,73.70,78.72,,73.98,,,66008,4978452.21,1651,F1,1,,,,,
2026-10-06,2026-10-06,CM,NSE,STK,12913,INE324X01026,SARVESHWAR,EQ,,,,,SARVESHWAR FOODS LIMITED,3.47,3.60,3.47,3.58,3.60,3.46,,3.58,,,1021600,3619836.93,1780,F1,1,,,,,
2026-10-06,2026-10-06,CM,NSE,STK,11983,INE231F01020,SASKEN,EQ,,,,,SASKEN TECHNOLOGIES LTD,1700.00,1729.00,1666.10,1679.50,1685.00,1683.20,,1679.48,,,18068,30443254.20,2391,F1,1,,,,,
2026-10-06,2026-10-06,CM,NSE,STK,29151,INE0NB801022,SATKARTAR,SM,,,,,SAT KARTAR LIFE LIMITED,180.85,182.00,163.10,166.80,171.70,180.85,,166.80,,,80800,13987000.00,92,F1,800,,,,,
2026-10-06,2026-10-06,CM,NSE,STK,24697,INE0RFP01011,SSEGL,SM,,,,,SATHLOKHAR SYN E&C GLOB L,378.00,402.00,378.00,397.00,396.10,385.65,,397.00,,,37200,14682770.00,128,F1,200,,,,,
2026-10-06,2026-10-06,CM,NSE,STK,24504,INE0RPM01017,SATIPOLY,SM,,,,,SATI POLY PLAST LIMITED,34.10,34.10,34.10,34.10,34.10,32.50,,34.10,,,2000,68200.00,3,F1,500,,,,,
2026-10-06,2026-10-06,CM,NSE,STK,11045,INE170E01023,SATIA,EQ,,,,,SATIA INDUSTRIES LIMITED,69.00,69.40,68.02,69.26,68.65,68.51,,69.26,,,81400,5604880.77,989,F1,1,,,,,
2026-10-06,2026-10-06,CM,NSE,STK,10453,INE836B01017,SATIN,EQ,,,,,SATIN CREDIT NET LTD,216.15,231.22,200.07,228.35,230.00,216.29,,228.35,,,4924729,1057620413.84,56762,F1,1,,,,,
2026-10-06,2026-10-06,CM,NSE,STK,758960,INE14DW01018,SATTVAENGG,SM,,,,,SATTVA ENGINEERING CSTN L,57.75,57.90,55.00,56.10,56.10,57.40,,56.10,,,46400,2600960.00,27,F1,1600,,,,,
2026-10-06,2026-10-06,CM,NSE,STK,3018,INE626A01014,SAURASHCEM,EQ,,,,,SAURASHTRA CEMENT LIMITED,51.05,51.90,50.95,51.47,51.40,51.40,,51.49,,,67553,3475503.96,1144,F1,1,,,,,
2026-10-06,2026-10-06,CM,NSE,STK,3021,INE035D01020,SOTL,EQ,,,,,SAVITA OIL TECHNOLO. LTD,730.00,780.00,722.60,775.50,777.75,727.20,,775.54,,,523424,397133316.30,19339,F1,1,,,,,
2026-10-06,2026-10-06,CM,NSE,STK,757704,INE0UCN01017,SAVY,SM,,,,,SAVY INFRA AND LOGI LTD,129.50,135.00,128.10,135.00,135.00,134.85,,135.00,,,13200,1749360.00,10,F1,1200,,,,,
2026-10-06,2026-10-06,CM,NSE,STK,758444,INE10VS01016,SAWALIYA,SM,,,,,SAWALIYA FOOD PRODUCTS L,177.00,192.35,173.00,191.20,184.20,174.90,,191.20,,,250800,45167190.00,166,F1,600,,,,,
2026-10-06,2026-10-06,CM,NSE,STK,762879,INE318C01014,SAYAJIHOTL,EQ,,,,,SAYAJI HOTELS LTD.,309.80,319.95,306.55,307.35,309.50,306.50,,307.42,,,38,11757.60,31,F1,1,,,,,
2026-10-06,2026-10-06,CM,NSE,STK,764875,INE327G01032,SAYAJIIND,EQ,,,,,SAYAJI INDUSTRIES LTD.,115.00,118.00,114.01,118.00,118.00,120.00,,119.70,,,2098,241168.06,13,F1,1,,,,,
2026-10-06,2026-10-06,CM,NSE,STK,6792,INE04AK01028,SBC,EQ,,,,,SBC EXPORTS LIMITED,62.90,64.43,60.40,61.70,61.75,62.04,,61.69,,,26585618,1646666160.07,44791,F1,1,,,,,
2026-10-06,2026-10-06,CM,NSE,STK,18026,INE423Y01016,SBFC,EQ,,,,,SBFC FINANCE LIMITED,82.51,84.19,82.25,83.28,83.06,82.83,,83.28,,,1721500,143409981.89,21270,F1,1,,,,,
2026-10-06,2026-10-06,CM,NSE,STK,17971,INE018E01016,SBICARD,EQ,,,,,SBI CARDS & PAY SER LTD,566.00,571.50,562.20,569.40,569.40,566.00,,569.45,,,622300,352968789.25,17484,F1,1,,,,,
2026-10-06,2026-10-06,CM,NSE,STK,764173,INE640G01020,SBIFUNDS,EQ,,,,,SBI FUNDS MANAGEMENT LTD,497.20,504.00,494.10,502.85,503.00,495.40,,502.86,,,920580,459588059.25,53427,F1,1,,,,,
2026-10-06,2026-10-06,CM,NSE,STK,21808,INE123W01016,SBILIFE,EQ,,,,,SBI LIFE INSURANCE CO LTD,1720.20,1754.30,1708.90,1750.00,1750.00,1709.50,,1750.00,,,941906,1640374926.30,24500,F1,1,,,,,
2026-10-06,2026-10-06,CM,NSE,STK,17272,INF200KA16D8,SETFGOLD,EQ,,,,,SBI-ETF GOLD,125.08,125.47,124.26,125.36,125.34,125.41,,125.36,,,9150958,1143769824.90,20533,F1,1,,,,,
2026-10-06,2026-10-06,CM,NSE,STK,10176,INF200KA1FS1,SETFNIF50,EQ,,,,,SBI-ETF NIFTY 50,243.13,245.70,243.13,245.14,245.50,243.13,,245.12,,,807354,197439913.56,4164,F1,1,,,,,
2026-10-06,2026-10-06,CM,NSE,STK,7361,INF200KA1580,SETFNIFBK,EQ,,,,,SBI-ETF NIFTY BANK,558.46,568.00,558.46,565.47,564.60,561.27,,565.45,,,186970,105768317.68,581,F1,1,,,,,
2026-10-06,2026-10-06,CM,NSE,STK,7353,INF200KA1598,SETFNN50,EQ,,,,,SBI-ETF NIFTY NEXT 50,744.04,753.99,742.05,751.83,753.99,742.05,,751.83,,,16951,12696585.32,993,F1,1,,,,,
2026-10-06,2026-10-06,CM,NSE,STK,19705,INF200KA13Z8,LIQUIDSBI,EQ,,,,,SBIAMC - LIQUIDSBI,999.99,1000.01,999.99,999.99,999.99,1000.01,,1000.00,,,2452,2451976.94,19,F1,1,,,,,
2026-10-06,2026-10-06,CM,NSE,STK,30290,INF200KB1712,SBIBPB,EQ,,,,,SBIAMC - SBIBPB,46.69,46.85,46.36,46.61,46.68,46.48,,46.61,,,22078,1027330.42,269,F1,1,,,,,
2026-10-06,2026-10-06,CM,NSE,STK,5168,INF200KA1X17,SBIETFCON,EQ,,,,,SBIAMC - SBIETFCON,113.50,114.33,113.00,113.94,114.33,112.72,,113.94,,,2469,280430.27,56,F1,1,,,,,
2026-10-06,2026-10-06,CM,NSE,STK,740,INF200KA1S14,SBIETFIT,EQ,,,,,SBIAMC - SBIETFIT,316.92,316.92,310.00,311.04,311.29,312.96,,311.04,,,2434,757409.36,137,F1,1,,,,,
2026-10-06,2026-10-06,CM,NSE,STK,722,INF200KA1S22,SBIETFPB,EQ,,,,,SBIAMC - SBIETFPB,270.78,277.68,270.78,275.91,275.91,273.52,,275.91,,,4312,1189541.01,85,F1,1,,,,,
2026-10-06,2026-10-06,CM,NSE,STK,7218,INF200KA1WX6,SBIETFQLTY,EQ,,,,,SBIAMC - SBIETFQLTY,206.55,208.00,206.07,207.80,208.00,206.58,,207.80,,,6265,1295787.50,64,F1,1,,,,,
2026-10-06,2026-10-06,CM,NSE,STK,758496,INF200KB1969,SBILIQETF,EQ,,,,,SBIAMC - SBILIQETF,1058.89,1058.91,1058.89,1058.89,1058.89,1058.76,,1058.89,,,437526,463292155.31,121,F1,1,,,,,
2026-10-06,2026-10-06,CM,NSE,STK,761095,INF200KB1AJ0,SBIMIDMOM,EQ,,,,,SBIAMC - SBIMIDMOM,60.98,61.84,60.98,61.56,61.84,60.65,,61.56,,,72718,4475053.29,123,F1,1,,,,,
2026-10-06,2026-10-06,CM,NSE,STK,24524,INF200KB1282,SBINEQWETF,EQ,,,,,SBIAMC - SBINEQWETF,30.48,32.82,30.48,32.01,31.56,31.27,,32.01,,,19042,600920.70,222,F1,1,,,,,
2026-10-06,2026-10-06,CM,NSE,STK,761741,INF200KB1AK8,SBINMID150,EQ,,,,,SBIAMC - SBINMID150,21.85,22.05,21.85,21.98,21.95,21.75,,21.95,,,11520,252451.09,105,F1,1,,,,,
2026-10-06,2026-10-06,CM,NSE,STK,24366,INF200KB1217,SBISILVER,EQ,,,,,SBIAMC - SBISILVER,215.76,216.19,213.63,216.04,216.09,217.32,,216.04,,,801021,172337858.39,5429,F1,1,,,,,
2026-10-06,2026-10-06,CM,NSE,STK,763543,INF200KB1AY9,SBISMLETF,EQ,,,,,SBIAMC - SBISMLETF,17.98,17.98,17.70,17.90,17.90,17.83,,17.90,,,24530,437532.58,203,F1,1,,,,,
2026-10-06,2026-10-06,CM,NSE,STK,763546,INF200KB1AX1,SBIVALETF,EQ,,,,,SBIAMC - SBIVALETF,13.92,13.99,13.90,13.95,13.98,13.92,,13.97,,,6384,88913.84,39,F1,1,,,,,
2026-10-06,2026-10-06,CM,NSE,STK,17395,INF200KA1JT1,SETF10GILT,EQ,,,,,SBIAMC - SETF10GILT,261.00,262.11,259.55,259.78,259.78,260.58,,259.78,,,2444,636585.65,30,F1,1,,,,,
2026-10-06,2026-10-06,CM,NSE,STK,762887,INE099G01011,SCANSTL,BE,,,,,SCAN STEELS LTD.,46.55,48.49,45.31,48.06,48.00,47.15,,48.06,,,34339,1608658.04,150,F1,1,,,,,
2026-10-06,2026-10-06,CM,NSE,STK,1011,INE513A01022,SCHAEFFLER,EQ,,,,,SCHAEFFLER INDIA LIMITED,3874.20,3874.20,3806.90,3818.10,3827.00,3845.00,,3816.83,,,43159,165085051.10,11486,F1,1,,,,,
2026-10-06,2026-10-06,CM,NSE,STK,31234,INE839M01018,SCHNEIDER,EQ,,,,,SCHNEIDER ELECTRIC INFRA,1261.80,1292.80,1250.10,1274.00,1272.00,1268.10,,1273.89,,,127905,162969676.30,18377,F1,1,,,,,
2026-10-06,2026-10-06,CM,NSE,STK,28931,INE148I07VE7,1075SCL34T,N1,,,,,SCL 10.75% 2034 SR XI,1085.50,1090.00,1035.00,1090.00,1090.00,1097.01,,1090.00,,,1480,1579305.00,6,F1,1,,,,,
2026-10-06,2026-10-06,CM,NSE,STK,757460,INE148I07XG8,865SCL27,N4,,,,,SCL 8.65% 2027 SR II,1000.00,1000.00,1000.00,1000.00,1000.00,1000.00,,1000.00,,,2,2000.00,2,F1,1,,,,,
2026-10-06,2026-10-06,CM,NSE,STK,760284,INE148I07YI2,879SCL30,N0,,,,,SCL 8.7923% 2030 SR I,98200.00,98200.00,98200.00,98200.00,98200.00,100000.00,,98200.00,,,2,196400.00,1,F1,1,,,,,
2026-10-06,2026-10-06,CM,NSE,STK,757473,INE148I07XS3,925SCL30A,NH,,,,,SCL 9.25% 2030 SR IX,999.00,999.00,999.00,999.00,999.00,999.00,,999.00,,,2,1998.00,1,F1,1,,,,,
2026-10-06,2026-10-06,CM,NSE,STK,757610,INE148I07XA1,945SCL28,N0,,,,,SCL 9.45% 2028 SR III,102429.31,102429.31,102429.31,102429.31,102429.31,100813.25,,102429.31,,,20,2048586.20,1,F1,1,,,,,
2026-10-06,2026-10-06,CM,NSE,STK,757497,INE148I07XY1,995SCL2035,NM,,,,,SCL 9.95% 2035 SR XII,1000.00,1000.00,1000.00,1000.00,1000.00,1001.00,,1000.00,,,10,10000.00,1,F1,1,,,,,
2026-10-06,2026-10-06,CM,NSE,STK,30210,INE148I07WC9,SCL19325A,N1,,,,,SCL SR III,1143.00,1143.00,1143.00,1143.00,1143.00,1120.00,,1143.00,,,8,9144.00,1,F1,1,,,,,
2026-10-06,2026-10-06,CM,NSE,STK,757478,INE090501011,SCODATUBES,EQ,,,,,SCODA TUBES LIMITED,126.75,126.75,123.39,124.37,124.90,124.62,,124.39,,,116589,14519392.21,1970,F1,1,,,,,
2026-10-06,2026-10-06,CM,NSE,STK,764507,IN1020260114,746AP35,SG,,,,,SDL AP 7.46% 2035,95.00,95.00,95.00,95.00,95.00,95.11,,95.00,,,500,47500.00,1,F1,100,,,,,
2026-10-06,2026-10-06,CM,NSE,STK,20367,IN1520230104,758GJ26,SG,,,,,SDL GJ 7.58% 2026,99.00,101.00,99.00,101.00,101.00,101.00,,101.00,,,200,20000.00,2,F1,100,,,,,
2026-10-06,2026-10-06,CM,NSE,STK,23815,IN1620240037,742HR34,SG,,,,,SDL HR 7.42% 2034,95.00,95.00,95.00,95.00,95.00,95.00,,95.00,,,100,9500.00,1,F1,100,,,,,
2026-10-06,2026-10-06,CM,NSE,STK,20948,IN2020230198,762KL44,SG,,,,,SDL KL 7.62% 2044,95.15,95.15,95.15,95.15,95.15,100.00,,95.15,,,100,9515.00,1,F1,100,,,,,
2026-10-06,2026-10-06,CM,NSE,STK,765438,IN2220260086,763MH39,SG,,,,,SDL MH 7.63% 2039,95.26,95.26,95.26,95.26,95.26,95.00,,95.26,,,100,9526.00,1,F1,100,,,,,
2026-10-06,2026-10-06,CM,NSE,STK,18405,IN2820230133,745PN34A,SG,,,,,SDL PN 7.45% 2034,95.15,95.15,95.15,95.15,95.15,100.00,,95.15,,,100,9515.00,1,F1,100,,,,,
2026-10-06,2026-10-06,CM,NSE,STK,758718,IN2920250163,749RJ35,SG,,,,,SDL RJ 7.49% 2035,98.46,98.46,96.00,96.00,96.00,98.50,,96.00,,,300,29046.00,2,F1,100,,,,,
2026-10-06,2026-10-06,CM,NSE,STK,764145,IN3120260077,739TN34A,SG,,,,,SDL TN 7.39% 2034,91.70,91.70,91.70,91.70,91.70,96.46,,91.70,,,100,9170.00,1,F1,100,,,,,
2026-10-06,2026-10-06,CM,NSE,STK,18404,IN3120230229,743TN33,SG,,,,,SDL TN 7.43% 2033,95.00,95.00,95.00,95.00,95.00,95.00,,95.00,,,100,9500.00,1,F1,100,,,,,
2026-10-06,2026-10-06,CM,NSE,STK,764420,IN3120260093,749TN36,SG,,,,,SDL TN 7.49% 2036,94.32,94.32,94.32,94.32,94.32,94.29,,94.32,,,1000,94320.00,1,F1,100,,,,,
2026-10-06,2026-10-06,CM,NSE,STK,21548,IN3120230377,756TN54,SG,,,,,SDL TN 7.56% 2054,95.00,95.00,95.00,95.00,95.00,95.73,,95.00,,,100,9500.00,1,F1,100,,,,,
2026-10-06,2026-10-06,CM,NSE,STK,764423,IN3120260101,762TN41,SG,,,,,SDL TN 7.62% 2041,95.05,95.05,95.00,95.00,95.00,96.87,,95.00,,,200,19005.00,2,F1,100,,,,,
2026-10-06,2026-10-06,CM,NSE,STK,20480,IN4520230363,77TS38,SG,,,,,SDL TS 7.7% 2038,96.06,96.06,96.06,96.06,96.06,99.50,,96.06,,,200,19212.00,1,F1,100,,,,,
2026-10-06,2026-10-06,CM,NSE,STK,759739,IN3320250092,724UP36,SG,,,,,SDL UP 7.24% 2036,95.00,95.00,95.00,95.00,95.00,95.00,,95.00,,,700,66500.00,1,F1,100,,,,,
2026-10-06,2026-10-06,CM,NSE,STK,760387,IN3420250190,752WB44,SG,,,,,SDL WB 7.52% 2044,95.00,95.00,95.00,95.00,95.00,100.00,,95.00,,,200,19000.00,1,F1,100,,,,,
2026-10-06,2026-10-06,CM,NSE,STK,20643,INE027E07972,935LTF29,N5,,,,,SE RE NCD 9.35% SR.V OP2,1125.00,1125.00,1086.00,1090.00,1090.00,1095.00,,1090.25,,,4,4425.99,4,F1,1,,,,,
2026-10-06,2026-10-06,CM,NSE,STK,2616,INE497B01018,SEAMECLTD,EQ,,,,,SEAMEC LIMITED,1554.00,1604.20,1554.00,1584.90,1588.00,1577.90,,1584.91,,,54558,86571693.00,5273,F1,1,,,,,
2026-10-06,2026-10-06,CM,NSE,STK,7666,INE477L07AP4,IIFLHFZC27,NB,,,,,SEC RE NCD 0% SR.V,1466.00,1466.00,1466.00,1466.00,1466.00,1460.00,,1466.00,,,8,11728.00,2,F1,1,,,,,
2026-10-06,2026-10-06,CM,NSE,STK,20771,INE413U07277,10ISFL26,N3,,,,,SEC RE NCD 10% SR 4,1074.50,1074.50,1073.20,1073.20,1073.20,1067.50,,1073.20,,,44,47246.36,4,F1,1,,,,,
2026-10-06,2026-10-06,CM,NSE,STK,20779,INE413U07269,1003ISFL28,N4,,,,,SEC RE NCD 10.03% SR 5,1009.19,1009.19,1009.19,1009.19,1009.19,1005.38,,1009.19,,,16,16147.04,2,F1,1,,,,,
2026-10-06,2026-10-06,CM,NSE,STK,20116,INE148I07QX7,1003SCL30A,NV,,,,,SEC RE NCD 10.03% SR X,790.00,800.00,720.31,720.31,720.31,720.00,,720.31,,,113,89023.41,6,F1,1,,,,,
2026-10-06,2026-10-06,CM,NSE,STK,23303,INE148I07SS3,1015SCFL29,YY,,,,,SEC RE NCD 10.15% SR VII,1027.50,1055.66,1027.50,1055.66,1055.66,1070.00,,1055.66,,,233,244202.78,3,F1,1,,,,,
2026-10-06,2026-10-06,CM,NSE,STK,25558,INE148I07UK6,1015SCL29B,N1,,,,,SEC RE NCD 10.15% SR VII,891.00,891.00,891.00,891.00,891.00,1105.38,,891.00,,,7,6237.00,1,F1,1,,,,,
2026-10-06,2026-10-06,CM,NSE,STK,23323,INE148I07SQ7,1025SCL34,Z8,,,,,SEC RE NCD 10.25% SR XII,1014.01,1014.01,1014.01,1014.01,1014.01,1010.20,,1014.01,,,10,10140.10,1,F1,1,,,,,
2026-10-06,2026-10-06,CM,NSE,STK,25916,INE583D07513,1040UCL27B,N1,,,,,SEC RE NCD 10.40% SR III,1000.87,1000.87,999.95,1000.00,1000.00,1006.20,,1000.00,,,82,82003.65,7,F1,1,,,,,
2026-10-06,2026-10-06,CM,NSE,STK,20784,INE413U07251,1050ISFL28,N5,,,,,SEC RE NCD 10.50% SR 6,1077.80,1077.80,1075.10,1075.10,1075.10,1065.50,,1075.10,,,220,237089.00,3,F1,1,,,,,
2026-10-06,2026-10-06,CM,NSE,STK,15249,INE244L07556,1003SFIL28,NX,,,,,SEC RE NCD 10.50% SR.VII,377.15,459.99,377.15,433.46,420.00,422.44,,433.46,,,165,70032.00,7,F1,1,,,,,
2026-10-06,2026-10-06,CM,NSE,STK,23123,INE342T07460,1065NFL27,NC,,,,,SEC RE NCD 10.65% SR.IV,1000.00,1005.00,1000.00,1005.00,1005.00,1008.99,,1005.00,,,30,30050.00,2,F1,1,,,,,
2026-10-06,2026-10-06,CM,NSE,STK,25570,INE148I07UW1,1075SCL34C,N1,,,,,SEC RE NCD 10.75% SR XI,1055.00,1055.00,1055.00,1055.00,1055.00,1015.00,,1055.00,,,15,15825.00,2,F1,1,,,,,
2026-10-06,2026-10-06,CM,NSE,STK,23125,INE342T07445,1119NFL27,ND,,,,,SEC RE NCD 11.19% SR.V,1055.50,1055.50,1055.50,1055.50,1055.50,1052.89,,1057.00,,,4,4222.00,1,F1,1,,,,,
2026-10-06,2026-10-06,CM,NSE,STK,3451,INE219X07249,769IGT28,NH,,,,,SEC RE NCD 7.69% SR.IV,1010.00,1010.00,891.00,1000.00,1000.00,1013.99,,950.00,,,120,116040.00,3,F1,1,,,,,
2026-10-06,2026-10-06,CM,NSE,STK,11658,INE0H7R07017,79NHIT35,N1,,,,,SEC RE NCD 7.90% STRPP A,311.00,311.97,311.00,311.87,311.97,309.00,,311.87,,,850,264598.70,8,F1,1,,,,,
2026-10-06,2026-10-06,CM,NSE,STK,7648,INE477L07AN9,820IIFL27,N9,,,,,SEC RE NCD 8.20% SR.III,994.01,998.19,994.01,998.19,998.19,998.00,,998.19,,,22,21910.02,3,F1,1,,,,,
2026-10-06,2026-10-06,CM,NSE,STK,17958,INE121A07RE9,84CIFCL28,NA,,,,,SEC RE NCD 8.40% SR 5,1010.00,1016.00,1010.00,1016.00,1016.00,1015.00,,1016.00,,,1000,1013000.00,4,F1,1,,,,,
2026-10-06,2026-10-06,CM,NSE,STK,7668,INE477L07AQ2,843IHFL29,NC,,,,,SEC RE NCD 8.43% SR.VI,990.05,990.05,990.05,990.05,990.05,992.00,,990.05,,,32,31681.60,1,F1,1,,,,,
2026-10-06,2026-10-06,CM,NSE,STK,17039,INE530B07385,865IFL28,NZ,,,,,SEC RE NCD 8.65% SR.V,992.98,993.00,992.98,993.00,993.00,994.00,,993.00,,,180,178738.60,4,F1,1,,,,,
2026-10-06,2026-10-06,CM,NSE,STK,13852,INE530B07310,865IIFL28,NS,,,,,SEC RE NCD 8.65% SR.V,992.00,994.84,992.00,992.50,992.50,992.68,,992.50,,,130,129117.00,5,F1,1,,,,,
2026-10-06,2026-10-06,CM,NSE,STK,7671,INE477L07AR0,875IHFL29,ND,,,,,SEC RE NCD 8.75% SR.VII,1030.82,1030.82,1030.82,1030.82,1030.82,1030.94,,1030.82,,,10,10308.20,2,F1,1,,,,,
2026-10-06,2026-10-06,CM,NSE,STK,9277,INE148I07LV2,889SCL27,YT,,,,,SEC RE NCD 8.89% SR.VIII,999.99,999.99,999.99,999.99,999.99,999.99,,999.99,,,1,999.99,1,F1,1,,,,,
2026-10-06,2026-10-06,CM,NSE,STK,23706,INE338I07164,897MOFSL29,N4,,,,,SEC RE NCD 8.97% SR V,1030.00,1030.00,1013.10,1024.00,1024.00,1025.00,,1022.83,,,935,953333.30,40,F1,1,,,,,
2026-10-06,2026-10-06,CM,NSE,STK,17041,INE530B07377,9IIFL28,Y0,,,,,SEC RE NCD 9% SR.VI,1002.50,1002.50,1002.50,1002.50,1002.50,1002.50,,1002.50,,,100,100250.00,1,F1,1,,,,,
2026-10-06,2026-10-06,CM,NSE,STK,23946,INE148I07TH4,902SCL27A,ZI,,,,,SEC RE NCD 9.02% SR V,910.00,910.00,910.00,910.00,910.00,975.00,,910.00,,,2,1820.00,1,F1,1,,,,,
2026-10-06,2026-10-06,CM,NSE,STK,23702,INE338I07149,91MOFSL27,N2,,,,,SEC RE NCD 9.10% SR III,1030.00,1030.00,1030.00,1030.00,1030.00,1030.00,,1030.00,,,25,25750.00,1,F1,1,,,,,
2026-10-06,2026-10-06,CM,NSE,STK,11861,INE148I07MZ1,93SCL24A,ZN,,,,,SEC RE NCD 9.15% SR.VIII,999.99,999.99,999.99,999.99,999.99,999.99,,999.99,,,2,1999.98,2,F1,1,,,,,
2026-10-06,2026-10-06,CM,NSE,STK,23710,INE338I07115,93MOFSL34,N6,,,,,SEC RE NCD 9.30% SR VII,1057.00,1057.00,1056.10,1057.00,1057.00,1064.90,,1057.00,,,20,21138.20,8,F1,1,,,,,
2026-10-06,2026-10-06,CM,NSE,STK,23708,INE338I07107,935MOFSL29,N5,,,,,SEC RE NCD 9.35% SR VI,1047.75,1054.90,1044.00,1050.00,1050.00,1047.75,,1050.00,,,867,910320.00,10,F1,1,,,,,
2026-10-06,2026-10-06,CM,NSE,STK,23297,INE148I07SI4,948SCL27,YV,,,,,SEC RE NCD 9.48% SR V,998.00,999.50,998.00,998.58,998.50,927.00,,998.78,,,292,291593.00,12,F1,1,,,,,
2026-10-06,2026-10-06,CM,NSE,STK,25552,INE148I07UC3,948SCL27D,N1,,,,,SEC RE NCD 9.48% SR V,1000.00,1000.00,1000.00,1000.00,1000.00,1000.00,,1000.00,,,6,6000.00,1,F1,1,,,,,
2026-10-06,2026-10-06,CM,NSE,STK,25294,INE423A07336,956AEL29,N6,,,,,SEC RE NCD 9.56% SR VI,1020.00,1031.99,1020.00,1025.06,1031.99,1034.00,,1024.44,,,321,328031.99,25,F1,1,,,,,
2026-10-06,2026-10-06,CM,NSE,STK,25287,INE423A07328,965AEL27,N4,,,,,SEC RE NCD 9.65% SR IV,1012.00,1012.00,1011.00,1012.00,1012.00,1011.50,,1012.50,,,662,669712.00,14,F1,1,,,,,
2026-10-06,2026-10-06,CM,NSE,STK,18487,INE741K07579,970CAGL28,ND,,,,,SEC RE NCD 9.70% SR VII,1019.90,1023.90,1018.00,1023.90,1023.90,1019.00,,1023.90,,,285,290904.32,7,F1,1,,,,,
2026-10-06,2026-10-06,CM,NSE,STK,23712,INE338I07123,97MOFSL34,N7,,,,,SEC RE NCD 9.70% SR VIII,1100.00,1100.00,1100.00,1100.00,1100.00,1099.99,,1100.00,,,10,11000.00,1,F1,1,,,,,
2026-10-06,2026-10-06,CM,NSE,STK,17564,INE148I07OT0,971SCL28I,BC,,,,,SEC RE NCD 9.71% SR VIII,440.00,440.00,440.00,440.00,440.00,440.00,,440.00,,,1,440.00,1,F1,1,,,,,
2026-10-06,2026-10-06,CM,NSE,STK,14038,INE244L07416,985SFIL28,NO,,,,,SEC RE NCD 9.85% SR.VIII,385.01,385.01,385.01,385.01,385.01,385.01,,385.01,,,10,3850.10,1,F1,1,,,,,
2026-10-06,2026-10-06,CM,NSE,STK,25548,INE148I07UE9,990SCL27B,N1,,,,,SEC RE NCD 9.90% SR IV,995.22,995.22,995.22,995.22,995.22,995.05,,995.22,,,2,1990.44,2,F1,1,,,,,
2026-10-06,2026-10-06,CM,NSE,STK,17964,INE121A07RI0,CIFC28,NB,,,,,SEC RE NCD SR 6,1241.00,1241.00,1241.00,1241.00,1241.00,1300.00,,1241.00,,,10,12410.00,1,F1,1,,,,,
2026-10-06,2026-10-06,CM,NSE,STK,28854,INE477L07BA4,IHFL261224,N1,,,,,SEC RE NCD SR II,1143.20,1154.80,1143.20,1154.80,1154.80,1143.21,,1154.80,,,193,220788.40,2,F1,1,,,,,
2026-10-06,2026-10-06,CM,NSE,STK,23299,INE148I07SK0,0SCL27,YW,,,,,SEC RE NCD SR VI,1249.99,1280.20,1249.99,1268.07,1280.20,1233.60,,1268.07,,,397,499474.43,7,F1,1,,,,,
2026-10-06,2026-10-06,CM,NSE,STK,14219,INE00QS24043,IMC1,N1,,,,,SEC RE NCGB 8.25% STRPP B,252.99,252.99,252.99,252.99,252.99,252.99,,252.99,,,100,25299.00,1,F1,1,,,,,
2026-10-06,2026-10-06,CM,NSE,STK,14228,INE00QS24035,IMC1,N3,,,,,SEC RE NCGB 8.25% STRPP D,252.99,252.99,252.99,252.99,252.99,252.99,,252.99,,,61,15432.39,2,F1,1,,,,,
2026-10-06,2026-10-06,CM,NSE,STK,7975,INE804IA7014,1015ECL29,NR,,,,,SEC RED NCD 10.15% SR. VI,1021.98,1021.98,1016.50,1018.21,1018.11,1021.50,,1018.21,,,298,303098.18,10,F1,1,,,,,
2026-10-06,2026-10-06,CM,NSE,STK,16874,INE033L07GU2,84TCHF28,NA,,,,,SEC RED NCD 8.40% SR.V,1069.69,1069.70,1069.69,1069.69,1069.70,1069.75,,1069.69,,,275,294165.50,5,F1,1,,,,,
2026-10-06,2026-10-06,CM,NSE,STK,17159,INE721A07PK7,875SFL27,ZF,,,,,SEC RED NCD 8.75% SR.III,1000.06,1000.06,1000.00,1000.00,1000.00,1015.00,,1000.00,,,40,40000.06,2,F1,1,,,,,
2026-10-06,2026-10-06,CM,NSE,STK,17172,INE721A07PN1,91SFL27,ZI,,,,,SEC RED NCD 9.10% SR.VI,1082.00,1082.00,1082.00,1082.00,1082.00,1083.00,,1082.00,,,21,22722.00,1,F1,1,,,,,
2026-10-06,2026-10-06,CM,NSE,STK,8625,INE721A07ON4,957ICCL25,YW,,,,,SEC RED NCD 9.30% SR. II,1035.00,1040.00,1035.00,1040.00,1040.00,1036.00,,1040.00,,,39,40510.00,3,F1,1,,,,,
2026-10-06,2026-10-06,CM,NSE,STK,1001,INE721A07NX5,94SFL28,YL,,,,,SEC RED NCD 9.40% SR. V,1045.00,1045.00,1044.01,1044.01,1044.01,1042.01,,1044.01,,,105,109645.80,2,F1,1,,,,,
2026-10-06,2026-10-06,CM,NSE,STK,6168,INE721A07OF0,97SFL28,YS,,,,,SEC RED NCD 9.70% SR. V,1100.00,1100.00,1100.00,1100.00,1100.00,1100.00,,1100.00,,,3,3300.00,1,F1,1,,,,,
2026-10-06,2026-10-06,CM,NSE,STK,4292,INE804I079Y6,985ECL28,NK,,,,,SEC RED NCD 9.85% SR. VII,1012.00,1012.99,1012.00,1012.49,1012.99,1010.00,,1012.66,,,2,2024.99,2,F1,1,,,,,
2026-10-06,2026-10-06,CM,NSE,STK,19496,INE0BTM01013,SECMARK,EQ,,,,,SECMARK CONSULTANCY LTD,136.72,141.40,136.72,137.00,137.00,137.41,,137.00,,,175,24348.44,7,F1,1,,,,,
2026-10-06,2026-10-06,CM,NSE,STK,11058,INE650K01021,SECURKLOUD,EQ,,,,,SECUREKLOUD TECH LIMITED,16.25,16.50,15.61,15.71,15.67,16.13,,15.71,,,30534,486363.03,182,F1,1,,,,,
2026-10-06,2026-10-06,CM,NSE,STK,761153,INE00XB01019,SEDEMAC,EQ,,,,,SEDEMAC MECHATRONICS LTD,3395.60,3426.80,3320.10,3399.60,3390.10,3372.30,,3399.63,,,143990,486710897.60,21838,F1,1,,,,,
2026-10-06,2026-10-06,CM,NSE,STK,7091,INE955I01044,SEJALLTD,EQ,,,,,SEJAL GLASS LIMITED,650.00,683.75,649.35,676.55,670.50,651.20,,676.54,,,6501,4275317.85,492,F1,1,,,,,
2026-10-06,2026-10-06,CM,NSE,STK,757982,INE0IJF01013,SELLOWRAP,SM,,,,,SELLOWRAP INDUSTRIES LTD,62.00,62.15,60.00,60.00,60.00,62.00,,60.00,,,70400,4336400.00,16,F1,1600,,,,,
2026-10-06,2026-10-06,CM,NSE,STK,11961,INE617A01013,SEMAC,EQ,,,,,SEMAC CONSTRUCTION LTD,239.04,239.04,235.55,235.55,235.55,239.04,,239.03,,,7,1655.83,3,F1,1,,,,,
2026-10-06,2026-10-06,CM,NSE,STK,17271,INE602W01027,SENCO,EQ,,,,,SENCO GOLD LIMITED,318.70,323.55,317.05,318.75,320.00,316.95,,318.75,,,559711,179089930.60,18493,F1,1,,,,,
2026-10-06,2026-10-06,CM,NSE,STK,28888,INE0RB801010,SENORES,EQ,,,,,SENORES PHARMACEUTICALS L,1331.30,1401.00,1318.60,1388.60,1399.80,1321.20,,1388.56,,,309834,421934983.30,24224,F1,1,,,,,
2026-10-06,2026-10-06,CM,NSE,STK,15308,INE964H01014,SEPC,EQ,,,,,SEPC LIMITED,5.15,5.15,5.03,5.05,5.07,5.11,,5.05,,,4908883,24850110.46,3138,F1,1,,,,,
2026-10-06,2026-10-06,CM,NSE,STK,20715,INE027E07BC8,865LTF26,NN,,,,,SERENCD 8.65% SR.VI OP12,1069.99,1069.99,1066.00,1066.00,1066.00,1068.99,,1067.10,,,11,11765.90,2,F1,1,,,,,
2026-10-06,2026-10-06,CM,NSE,STK,20691,INE027E07AN7,87LTF27,NH,,,,,SERENCD 8.70% SR.VII OPII,1105.00,1105.00,1105.00,1105.00,1105.00,1004.25,,1065.00,,,1,1105.00,1,F1,1,,,,,
2026-10-06,2026-10-06,CM,NSE,STK,20655,INE027E07998,898LTF29,N7,,,,,SERENCD 8.98% SR.VI OP2,1070.00,1070.00,1070.00,1070.00,1070.00,1070.00,,1070.00,,,115,123050.00,2,F1,1,,,,,
2026-10-06,2026-10-06,CM,NSE,STK,20687,INE027E07AL1,905LTF27,NF,,,,,SERENCD 9.05% SR.VI OPII,1052.00,1052.00,1050.00,1050.00,1050.00,1050.00,,1050.00,,,220,231300.00,5,F1,1,,,,,
2026-10-06,2026-10-06,CM,NSE,STK,21197,INE306N07LM5,865TCAPS27,N8,,,,,SERENCD8.65%SR.IIICIII&IV,1024.00,1024.00,1024.00,1024.00,1024.00,1010.50,,1018.00,,,10,10240.00,1,F1,1,,,,,
2026-10-06,2026-10-06,CM,NSE,STK,4930,INE244L07168,96SFIL24A,NB,,,,,SERENCD8.84%SRVICIII&IV,977.55,988.00,977.55,988.00,988.00,980.00,,988.00,,,100,98277.50,2,F1,1,,,,,
2026-10-06,2026-10-06,CM,NSE,STK,17399,INE0P1Q01015,SERVICE,SM,,,,,SERVICE CARE LIMITED,71.30,71.30,68.80,69.15,69.15,69.20,,69.15,,,18000,1246200.00,9,F1,2000,,,,,
2026-10-06,2026-10-06,CM,NSE,STK,5507,INE782X01033,SERVOTECH,EQ,,,,,SERVOTECH REN POW SYS LTD,72.00,72.39,71.25,72.06,72.25,71.93,,72.06,,,303819,21817830.22,3257,F1,1,,,,,
2026-10-06,2026-10-06,CM,NSE,STK,759934,INE04VU01023,STYL,EQ,,,,,SESHAASAI TECHNOLOGIES L,356.05,375.30,356.05,369.70,364.00,358.55,,369.70,,,551497,201426737.75,6446,F1,1,,,,,
2026-10-06,2026-10-06,CM,NSE,STK,3066,INE630A01024,SESHAPAPER,EQ,,,,,SESHASAYEE PAPER & BOARDS,235.01,239.18,233.00,233.87,234.00,234.76,,233.89,,,28978,6805338.98,1027,F1,1,,,,,
2026-10-06,2026-10-06,CM,NSE,STK,17518,INE878E01021,SETCO,BE,,,,,SETCO AUTOMOTIVE LTD,17.60,18.48,17.21,18.22,18.39,17.60,,18.20,,,37990,680534.05,158,F1,1,,,,,
2026-10-06,2026-10-06,CM,NSE,STK,18024,INE023M01027,SETUINFRA,BZ,,,,,SETUBANDHAN INFRA LTD,0.50,0.50,0.49,0.49,0.49,0.50,,0.49,,,6413,3145.25,17,F1,1,,,,,
2026-10-06,2026-10-06,CM,NSE,STK,10836,INE573R01012,SEYAIND,BE,,,,,SEYA INDUSTRIES LIMITED,13.00,13.25,12.86,12.86,12.86,13.12,,12.73,,,2528,32517.03,23,F1,1,,,,,
2026-10-06,2026-10-06,CM,NSE,STK,758853,INE618R01015,SGFIN,EQ,,,,,SG FINSERVE LIMITED,687.00,687.00,655.25,662.15,660.10,677.95,,662.17,,,371637,247233422.50,15349,F1,1,,,,,
2026-10-06,2026-10-06,CM,NSE,STK,758889,INE385F01024,SGMART,EQ,,,,,SG MART LIMITED,740.00,757.20,734.00,742.85,738.00,737.65,,742.84,,,255968,190866710.25,15871,F1,1,,,,,
2026-10-06,2026-10-06,CM,NSE,STK,765247,INE967B01028,SGLRES,EQ,,,,,SGL RESOURCES LIMITED,2.29,2.29,2.17,2.26,2.29,2.23,,2.26,,,33778,75247.17,76,F1,1,,,,,
2026-10-06,2026-10-06,CM,NSE,STK,761469,INE12UN01015,SHADOWFAX,EQ,,,,,SHADOWFAX TECHNOLOGIES L,291.00,291.90,284.20,288.00,288.60,289.05,,288.00,,,7609302,2185869590.75,62807,F1,1,,,,,
2026-10-06,2026-10-06,CM,NSE,STK,11859,INE640C01011,SHAHALLOYS,BE,,,,,SHAH ALLOYS LIMITED,79.40,82.45,79.40,81.03,81.00,82.00,,81.03,,,18422,1496238.70,113,F1,1,,,,,
2026-10-06,2026-10-06,CM,NSE,STK,766416,INE029N01014,SHAHINVEST,BE,,,,,SHAH INVESTORS HOME LTD,171.00,179.55,171.00,173.79,174.00,167.00,,173.78,,,2436399,420739139.24,18786,F1,1,,,,,
2026-10-06,2026-10-06,CM,NSE,STK,20296,INE482J01021,SHAH,EQ,,,,,SHAH METACORP LIMITED,3.06,3.22,3.00,3.09,3.08,3.07,,3.09,,,596500,1826847.26,528,F1,1,,,,,
2026-10-06,2026-10-06,CM,NSE,STK,8727,INE151G01028,SHAILY,EQ,,,,,SHAILY ENG PLASTICS LTD,3019.00,3124.80,3018.50,3100.30,3095.00,3012.80,,3100.30,,,88898,275059305.80,13848,F1,1,,,,,
2026-10-06,2026-10-06,CM,NSE,STK,25574,INE908D01010,SHAKTIPUMP,EQ,,,,,SHAKTI PUMPS (I) LTD,443.40,451.60,443.25,449.35,451.00,443.40,,449.35,,,936744,419017343.00,42828,F1,1,,,,,
2026-10-06,2026-10-06,CM,NSE,STK,714,INE597J01018,SHALBY,EQ,,,,,SHALBY LIMITED,134.00,137.10,133.61,136.51,137.03,134.01,,136.51,,,50727,6889298.83,1530,F1,1,,,,,
2026-10-06,2026-10-06,CM,NSE,STK,761688,INE861D01011,SAHLIBHFI,EQ,,,,,SHALIBHADRA FINANCE LTD,77.90,77.92,75.05,76.71,77.47,76.70,,76.71,,,2882,221233.02,136,F1,1,,,,,
2026-10-06,2026-10-06,CM,NSE,STK,15346,INE849C01026,SHALPAINTS,BE,,,,,SHALIM PAINTS LTD,75.88,78.50,75.00,77.64,77.25,75.17,,77.91,,,55434,4261788.86,256,F1,1,,,,,
2026-10-06,2026-10-06,CM,NSE,STK,25737,INE01NE01012,SRD,EQ,,,,,SHANKAR LAL RAMPAL LTD,37.76,38.57,37.76,38.29,38.28,37.70,,38.28,,,7028,269036.13,115,F1,1,,,,,
2026-10-06,2026-10-06,CM,NSE,STK,20321,INE274V01019,SHANKARA,EQ,,,,,SHANKARA BLDG PRODUCT LTD,119.90,127.19,118.00,125.58,124.10,118.16,,125.58,,,113826,13976620.71,3411,F1,1,,,,,
2026-10-06,2026-10-06,CM,NSE,STK,760594,INE24OJ01011,BUILDPRO,EQ,,,,,SHANKARA BUILDPRO LIMITED,1285.00,1321.00,1277.00,1301.50,1293.00,1265.90,,1301.57,,,126155,164555770.80,10050,F1,1,,,,,
2026-10-06,2026-10-06,CM,NSE,STK,765382,INE1WFC01025,SHANKESH,EQ,,,,,SHANKESH JEWELLERS LTD,88.65,92.98,88.50,92.21,92.01,88.24,,92.21,,,2373020,216491147.88,16906,F1,1,,,,,
2026-10-06,2026-10-06,CM,NSE,STK,19752,INE0Q9Q01017,SHANTHALA,SM,,,,,SHANTHALA FMCG PRODUCTS L,14.45,14.45,14.20,14.20,14.20,13.90,,14.20,,,3600,51720.00,3,F1,1200,,,,,
2026-10-06,2026-10-06,CM,NSE,STK,3078,INE631A01022,SHANTIGEAR,EQ,,,,,SHANTHI GEARS LTD,593.00,606.75,586.55,602.30,603.00,591.75,,602.28,,,50138,29911939.65,2161,F1,1,,,,,
2026-10-06,2026-10-06,CM,NSE,STK,762889,INE440T01028,SEIL,EQ,,,,,SHANTI EDU INITIATIVES L,185.53,187.93,182.61,186.16,186.95,183.52,,186.17,,,592634,110735456.34,1146,F1,1,,,,,
2026-10-06,2026-10-06,CM,NSE,STK,758002,INE06ZD01017,SHANTIGOLD,EQ,,,,,SHANTI GOLD INTERNATION L,320.00,338.70,318.95,336.65,337.45,316.60,,336.69,,,4557739,1501384610.65,47605,F1,1,,,,,
2026-10-06,2026-10-06,CM,NSE,STK,765577,INE1ZEE01019,SHANTIINOR,SM,,,,,SHANTI INORGANICS LIMITED,172.00,201.65,172.00,201.65,201.65,168.05,,201.65,,,824000,159830160.00,317,F1,1600,,,,,
2026-10-06,2026-10-06,CM,NSE,STK,5650,INE933X01016,SHANTI,EQ,,,,,SHANTI OVERSEAS INDIA LTD,5.45,5.69,5.15,5.49,5.49,5.44,,5.49,,,32761,174402.24,97,F1,1,,,,,
2026-10-06,2026-10-06,CM,NSE,STK,762904,INE220Z01013,SHINDL,EQ,,,,,SHARAT INDUSTRIES LTD.,159.99,159.99,156.00,158.69,157.01,158.41,,158.70,,,135954,21444627.92,640,F1,1,,,,,
2026-10-06,2026-10-06,CM,NSE,STK,4992,INE221J01015,SHARDACROP,EQ,,,,,SHARDA CROPCHEM LTD.,721.80,744.55,720.00,741.75,741.30,720.10,,741.69,,,89366,65630551.50,8005,F1,1,,,,,
2026-10-06,2026-10-06,CM,NSE,STK,10530,INE597I01028,SHARDAMOTR,EQ,,,,,SHARDA MOTOR INDS LTD,924.50,933.05,921.85,928.55,925.00,918.60,,928.55,,,26440,24523264.55,3463,F1,1,,,,,
2026-10-06,2026-10-06,CM,NSE,STK,762897,INE037B01020,SHARDUL,BE,,,,,SHARDUL SECURITIES LTD.,58.90,58.90,57.50,58.25,58.38,58.11,,58.21,,,26778,1553707.43,92,F1,1,,,,,
2026-10-06,2026-10-06,CM,NSE,STK,104,INE932X01026,SHAREINDIA,EQ,,,,,SHARE IND. SECURITIES LTD,207.50,212.00,207.00,211.40,211.83,206.06,,211.41,,,880466,184710898.42,12662,F1,1,,,,,
2026-10-06,2026-10-06,CM,NSE,STK,19469,INE460Q01014,SCML,SM,,,,,SHARP CHUCKS N MACHINES L,105.00,110.00,103.00,107.95,108.90,100.20,,107.95,,,72000,7653850.00,63,F1,1000,,,,,
2026-10-06,2026-10-06,CM,NSE,STK,759407,INE0YJV01017,SHEEL,SM,,,,,SHEEL BIOTECH LIMITED,58.00,62.00,58.00,62.00,62.00,60.00,,62.00,,,4000,240000.00,2,F1,2000,,,,,
2026-10-06,2026-10-06,CM,NSE,STK,19184,INE916U01025,SFL,EQ,,,,,SHEELA FOAM LIMITED,624.40,630.00,616.85,623.40,622.00,620.45,,623.41,,,81224,50604735.20,6650,F1,1,,,,,
2026-10-06,2026-10-06,CM,NSE,STK,12081,INE501Y01019,SCPL,BE,,,,,SHEETAL COOL PRODUCTS LTD,627.45,627.45,605.00,609.25,614.60,617.85,,609.87,,,4825,2953338.00,349,F1,1,,,,,
2026-10-06,2026-10-06,CM,NSE,STK,20415,INE04VX01019,SHEETAL,SM,,,,,SHEETAL UNIVERSAL LIMITED,358.60,358.65,345.00,350.00,350.00,358.65,,350.00,,,6000,2109075.00,12,F1,500,,,,,
2026-10-06,2026-10-06,CM,NSE,STK,21099,INE268L01046,SHEKHAWATI,BE,,,,,SHEKHAWATI INDUSTRIES LTD,27.17,27.17,27.17,27.17,27.17,28.60,,27.56,,,25814,701366.38,50,F1,1,,,,,
2026-10-06,2026-10-06,CM,NSE,STK,5068,INE363M01019,SHEMAROO,EQ,,,,,SHEMAROO ENTER. LTD.,111.60,114.35,111.60,111.76,112.70,110.56,,111.43,,,6104,688576.06,114,F1,1,,,,,
2026-10-06,2026-10-06,CM,NSE,STK,14172,INE0MM001019,SHERA,SM,,,,,SHERA ENERGY LIMITED,192.00,195.90,188.35,195.35,195.00,187.00,,195.35,,,38000,7303750.00,32,F1,1000,,,,,
2026-10-06,2026-10-06,CM,NSE,STK,764890,INE011D01013,SHERVANI,EQ,,,,,SHERVANI INDUSTRIAL SYN L,304.00,304.00,304.00,304.00,304.00,315.00,,304.00,,,20,6080.00,1,F1,1,,,,,
2026-10-06,2026-10-06,CM,NSE,STK,759847,INE024F01011,SHILCTECH,EQ,,,,,SHILCHAR TECHNOLOGIES LTD,4032.90,4105.00,4015.90,4094.20,4100.00,4032.90,,4094.10,,,10823,44210829.30,2576,F1,1,,,,,
2026-10-06,2026-10-06,CM,NSE,STK,764895,INE960A01017,SHILGRAVQ,EQ,,,,,SHILP GRAVURES LTD.,145.00,146.99,141.27,145.31,145.83,142.87,,145.31,,,1576,229250.25,52,F1,1,,,,,
2026-10-06,2026-10-06,CM,NSE,STK,17752,INE790G01031,SHILPAMED,EQ,,,,,SHILPA MEDICARE LTD,1028.10,1079.90,1026.10,1073.70,1076.00,1031.20,,1073.65,,,587086,623416086.80,35352,F1,1,,,,,
2026-10-06,2026-10-06,CM,NSE,STK,23127,INE0PB301013,SCILAL,EQ,,,,,SHIPPING CORP OF ILA LTD,37.50,37.90,37.00,37.68,37.70,37.26,,37.68,,,236495,8853294.12,1948,F1,1,,,,,
2026-10-06,2026-10-06,CM,NSE,STK,3048,INE109A01011,SCI,EQ,,,,,SHIPPING CORP OF INDIA LT,292.05,293.80,283.25,289.00,289.60,290.60,,288.99,,,5287314,1521908609.40,58138,F1,1,,,,,
2026-10-06,2026-10-06,CM,NSE,STK,765282,INE0FOO01011,SHIPROCKET,EQ,,,,,SHIPROCKET LIMITED,124.87,132.34,123.46,131.43,131.99,123.00,,131.43,,,7625305,987336079.48,68590,F1,1,,,,,
2026-10-06,2026-10-06,CM,NSE,STK,759747,INE719F01016,SHIVAUM,EQ,,,,,SHIV AUM STEELS LIMITED,559.05,559.70,552.50,552.65,554.00,558.95,,552.65,,,4729,2628855.35,145,F1,1,,,,,
2026-10-06,2026-10-06,CM,NSE,STK,765160,INE555C01029,SHIVACEM,EQ,,,,,SHIVA CEMENT LTD.,12.60,14.70,12.60,13.19,13.16,12.70,,13.18,,,118475,1572453.61,727,F1,1,,,,,
2026-10-06,2026-10-06,CM,NSE,STK,764900,INE960E01019,SHIVAAGRO,EQ,,,,,SHIVA GLOBAL AGRO INDS. L,39.10,39.20,38.00,39.02,39.20,38.70,,40.69,,,3408,130856.81,27,F1,1,,,,,
2026-10-06,2026-10-06,CM,NSE,STK,1497,INE644Y01017,SHIVAMILLS,EQ,,,,,SHIVA MILLS LIMITED,59.00,62.15,58.00,58.31,58.30,59.32,,58.31,,,1160,67910.91,16,F1,1,,,,,
2026-10-06,2026-10-06,CM,NSE,STK,804,INE705C01020,SHIVATEX,EQ,,,,,SHIVA TEXYARN LIMITED,165.22,172.90,165.01,169.99,172.00,165.01,,169.99,,,2607,436545.22,60,F1,1,,,,,
2026-10-06,2026-10-06,CM,NSE,STK,24249,INE0T7B01010,SPCL,SM,,,,,SHIVALIC POWER CONTROL L,61.80,62.10,60.55,60.75,60.60,61.80,,60.75,,,9000,552690.00,12,F1,600,,,,,
2026-10-06,2026-10-06,CM,NSE,STK,4656,INE386D01027,SBCL,EQ,,,,,SHIVALIK BIMETAL CON. LTD,1076.50,1103.50,1067.70,1099.60,1100.00,1076.50,,1099.60,,,130349,142806992.10,8083,F1,1,,,,,
2026-10-06,2026-10-06,CM,NSE,STK,7016,INE788J01021,SHIVALIK,EQ,,,,,SHIVALIK RASAYAN LIMITED,374.00,389.80,360.00,386.25,386.50,375.30,,386.26,,,78286,29555544.10,3589,F1,1,,,,,
2026-10-06,2026-10-06,CM,NSE,STK,13756,INE637H01024,SHIVAMAUTO,EQ,,,,,SHIVAM AUTO.LTD,16.95,17.89,16.45,16.60,16.52,16.67,,16.60,,,93728,1587237.48,365,F1,1,,,,,
2026-10-06,2026-10-06,CM,NSE,STK,758744,INE1DLF01018,SHIVASHRIT,SM,,,,,SHIVASHRIT FOODS LIMITED,117.00,119.95,114.00,116.70,116.70,115.95,,116.70,,,64000,7451350.00,46,F1,1000,,,,,
2026-10-06,2026-10-06,CM,NSE,STK,11813,INE498B01024,SHOPERSTOP,EQ,,,,,SHOPPERS STOP LIMITED,390.05,405.00,390.05,398.15,405.00,395.50,,398.21,,,17408,6949785.20,2018,F1,1,,,,,
2026-10-06,2026-10-06,CM,NSE,STK,764905,INE311M01018,SHRADDHA,EQ,,,,,SHRADDHA PRIME PROJECTS L,166.50,172.50,162.30,166.72,166.00,164.79,,166.63,,,9492,1594929.26,539,F1,1,,,,,
2026-10-06,2026-10-06,CM,NSE,STK,708,INE715Y01031,SHRADHA,EQ,,,,,SHRADHA REALTY LIMITED,30.48,32.49,28.50,29.83,30.50,29.36,,29.83,,,31148,968748.45,185,F1,1,,,,,
2026-10-06,2026-10-06,CM,NSE,STK,10588,INE712K01011,SHREEPUSHK,EQ,,,,,SHRE PUSH CHEM & FERT LTD,495.25,515.00,487.30,510.10,515.00,494.55,,510.10,,,51539,25779568.65,2288,F1,1,,,,,
2026-10-06,2026-10-06,CM,NSE,STK,762874,INE185C01017,SAPPL,EQ,,,,,SHREE AJIT PULP & PAPER L,306.60,332.15,306.60,314.10,320.00,327.10,,314.07,,,3162,992703.65,290,F1,1,,,,,
2026-10-06,2026-10-06,CM,NSE,STK,3103,INE070A01015,SHREECEM,EQ,,,,,SHREE CEMENT LIMITED,21800.00,22210.00,21800.00,22210.00,22210.00,21990.00,,22210.00,,,22436,494821720.00,7682,F1,1,,,,,
2026-10-06,2026-10-06,CM,NSE,STK,3099,INE232A01011,SHREDIGCEM,EQ,,,,,SHREE DIGVIJAY CEM CO LTD,67.00,67.00,64.15,65.12,65.30,66.33,,65.13,,,144731,9449588.03,1787,F1,1,,,,,
2026-10-06,2026-10-06,CM,NSE,STK,764885,INE414Y01015,SGRL,EQ,,,,,SHREE GANESH REMEDIES LTD,690.00,734.25,690.00,719.05,721.65,680.40,,718.73,,,31464,22595254.65,2493,F1,1,,,,,
2026-10-06,2026-10-06,CM,NSE,STK,23074,INE0S4Y01010,SHREEKARNI,SM,,,,,SHREE KARNI FABCOM LTD,377.00,377.00,377.00,377.00,377.00,377.00,,377.00,,,450,169650.00,3,F1,150,,,,,
2026-10-06,2026-10-06,CM,NSE,STK,20603,INE02S501018,SHREEOSFM,SM,,,,,SHREE OSFM E-MOBILITY LTD,58.80,59.40,52.15,57.65,58.00,59.95,,57.65,,,9000,513250.00,9,F1,1000,,,,,
2026-10-06,2026-10-06,CM,NSE,STK,760188,INE19GK01015,SRTL,EQ,,,,,SHREE RAM TWISTEX LIMITED,36.10,37.49,36.10,36.67,36.31,36.10,,36.69,,,12161,447150.92,173,F1,1,,,,,
2026-10-06,2026-10-06,CM,NSE,STK,7627,INE879A01019,SHREERAMA,EQ,,,,,SHREE RAMA MULTI TECH LTD,42.96,44.19,42.60,43.53,44.19,43.09,,43.53,,,35270,1527440.90,1156,F1,1,,,,,
2026-10-06,2026-10-06,CM,NSE,STK,13565,INE278B01020,RAMANEWS,EQ,,,,,SHREE RAMA NEWSPRINT LTD,29.70,29.75,28.40,28.88,28.84,29.36,,28.88,,,20075,582206.12,205,F1,1,,,,,
2026-10-06,2026-10-06,CM,NSE,STK,12026,INE087H01022,RENUKA,EQ,,,,,SHREE RENUKA SUGARS LTD,22.38,22.84,22.18,22.65,22.75,21.76,,22.65,,,18626993,420275969.32,28713,F1,1,,,,,
2026-10-06,2026-10-06,CM,NSE,STK,25203,INE0S2G01011,BALAJEE,EQ,,,,,SHREE TIRUPATI BALAJEE L,25.42,25.42,23.20,24.24,24.44,24.80,,24.25,,,62884,1528866.26,609,F1,1,,,,,
2026-10-06,2026-10-06,CM,NSE,STK,15121,INE00CE01017,SVLL,EQ,,,,,SHREE VASU LOGISTICS LTD,823.00,850.00,822.20,835.60,830.55,822.20,,835.60,,,2740,2285099.85,111,F1,1,,,,,
2026-10-06,2026-10-06,CM,NSE,STK,762159,INE0K3301012,SHREEDHAR,ST,,,,,SHREEDHAR SPINNERS LTD,158.00,158.00,153.50,153.75,153.50,158.00,,153.75,,,6000,931000.00,3,F1,2000,,,,,
2026-10-06,2026-10-06,CM,NSE,STK,759802,INE1FL101016,SHETHJI,SM,,,,,SHREEJI GLOBAL FMCG LTD,186.50,186.50,182.50,184.50,184.70,184.05,,184.50,,,29000,5338000.00,19,F1,1000,,,,,
2026-10-06,2026-10-06,CM,NSE,STK,759448,INE1B6101010,SHREEJISPG,EQ,,,,,SHREEJI SHIPPING GLOBAL L,783.00,799.50,781.50,796.50,797.00,779.85,,796.51,,,1125084,890367184.10,12815,F1,1,,,,,
2026-10-06,2026-10-06,CM,NSE,STK,14305,INE00IK01029,OSWALSEEDS,EQ,,,,,SHREEOSWAL S AND CHE LTD,12.24,12.39,11.45,12.13,12.30,12.18,,12.13,,,81699,988760.07,331,F1,1,,,,,
2026-10-06,2026-10-06,CM,NSE,STK,5718,INE0GTI23014,SHREMINVIT,IV,,,,,SHREM INVIT,102.00,102.00,100.05,100.05,100.05,103.00,,100.05,,,75000,7601250.00,3,F1,25000,,,,,
2026-10-06,2026-10-06,CM,NSE,STK,760252,INE632X01030,SHRENIK,BZ,,,,,SHRENIK LIMITED,0.29,0.29,0.27,0.27,0.28,0.28,,0.27,,,973725,265152.98,184,F1,1,,,,,
2026-10-06,2026-10-06,CM,NSE,STK,3126,INE231C01019,SHREYANIND,EQ,,,,,SHREYANS INDUSTRIES LTD,128.10,130.00,127.00,128.94,129.00,129.00,,128.94,,,7606,975730.33,229,F1,1,,,,,
2026-10-06,2026-10-06,CM,NSE,STK,756406,INE0DM401012,SHRIAHIMSA,SM,,,,,SHRI AHIMSA NATURALS LTD,440.80,440.80,420.30,426.50,426.00,441.65,,426.50,,,16200,6901500.00,25,F1,600,,,,,
2026-10-06,2026-10-06,CM,NSE,STK,762899,INE402H01015,SHBAJRG,EQ,,,,,SHRI BAJRANG ALLIANCE L,166.50,167.96,161.49,162.80,162.65,164.79,,162.80,,,6772,1109439.57,239,F1,1,,,,,
2026-10-06,2026-10-06,CM,NSE,STK,758568,INE0NON01025,SHKSIL,SM,,,,,SHRI HARE-KRI SPO IRON L,30.55,30.55,30.45,30.45,30.45,31.50,,30.45,,,6000,183000.00,3,F1,2000,,,,,
2026-10-06,2026-10-06,CM,NSE,STK,764910,INE564J01026,SHRJAGP,EQ,,,,,SHRI JAGDAMBA POLYMERS L,676.00,700.00,672.10,674.60,674.60,685.00,,683.15,,,210,142911.85,35,F1,1,,,,,
2026-10-06,2026-10-06,CM,NSE,STK,760202,INE1V4601019,SHRIKANHA,SM,,,,,SHRI KANHA STAINLESS LTD,22.00,23.85,22.00,23.75,23.85,22.95,,23.75,,,32000,734720.00,11,F1,1600,,,,,
2026-10-06,2026-10-06,CM,NSE,STK,17684,INE0OMF01015,SHRITECH,SM,,,,,SHRI TECHTEX LIMITED,60.00,62.00,60.00,61.30,62.00,58.80,,61.30,,,14000,849900.00,7,F1,2000,,,,,
2026-10-06,2026-10-06,CM,NSE,STK,765210,INE574G01013,VASUPRADA,EQ,,,,,SHRI VASUPRADA PLANTATI L,92.00,95.00,92.00,95.00,95.00,96.25,,95.00,,,2,187.00,2,F1,1,,,,,
2026-10-06,2026-10-06,CM,NSE,STK,759093,INE1B3L01017,SHRINGARMS,EQ,,,,,SHRINGAR HOU OF MANGALS L,221.02,225.50,219.49,223.32,222.90,219.36,,223.32,,,1145487,255632631.25,7113,F1,1,,,,,
2026-10-06,2026-10-06,CM,NSE,STK,24374,INF680P01422,LIQUIDSHRI,EQ,,,,,SHRIRAM - LIQUIDSHRI,1124.40,1124.42,1124.40,1124.42,1124.42,1124.28,,1124.42,,,11502,12932930.94,22,F1,1,,,,,
2026-10-06,2026-10-06,CM,NSE,STK,4306,INE721A01047,SHRIRAMFIN,EQ,,,,,SHRIRAM FINANCE LIMITED,971.40,975.00,959.10,965.05,965.05,971.40,,965.10,,,4433773,4288262049.55,69391,F1,1,,,,,
2026-10-06,2026-10-06,CM,NSE,STK,7200,INE217L01019,SHRIRAMPPS,EQ,,,,,SHRIRAM PROPERTIES LTD,67.97,68.47,67.41,68.13,68.44,67.52,,68.15,,,143686,9752137.19,2061,F1,1,,,,,
2026-10-06,2026-10-06,CM,NSE,STK,6451,INE01Z401013,SHUBHLAXMI,SM,,,,,SHUBHLAXMI JEWEL ART LTD,16.45,16.45,15.65,16.45,16.45,16.45,,16.45,,,6000,97150.00,5,F1,1000,,,,,
2026-10-06,2026-10-06,CM,NSE,STK,25240,INE0UL701015,SHUBHSHREE,SM,,,,,SHUBHSHREE BIOFUELS ENE L,322.00,348.00,318.00,348.00,348.00,322.00,,348.00,,,7200,2423040.00,7,F1,300,,,,,
2026-10-06,2026-10-06,CM,NSE,STK,764537,INE551C01044,SHUKRAPHAR,EQ,,,,,SHUKRA PHARMACEUTICALS L,72.40,75.40,70.55,72.58,72.87,70.49,,72.58,,,24259904,1764723304.93,113437,F1,1,,,,,
2026-10-06,2026-10-06,CM,NSE,STK,10188,INE979R01011,SHYAMCENT,EQ,,,,,SHYAM CENTURY FERROUS LTD,5.17,5.17,5.00,5.03,5.10,5.07,,5.09,,,38542,194565.86,104,F1,1,,,,,
2026-10-06,2026-10-06,CM,NSE,STK,761210,INE1CRP01016,SHYAMDHANI,SM,,,,,SHYAM DHANI INDUSTRIES L,54.00,54.00,54.00,54.00,54.00,53.00,,54.00,,,2000,108000.00,1,F1,2000,,,,,
2026-10-06,2026-10-06,CM,NSE,STK,4693,INE810G01011,SHYAMMETL,EQ,,,,,SHYAM METALICS AND ENGY L,1024.00,1059.30,1019.40,1054.00,1054.90,1020.20,,1053.99,,,413254,429109618.40,18133,F1,1,,,,,
2026-10-06,2026-10-06,CM,NSE,STK,13740,INE635A01023,SHYAMTEL,EQ,,,,,SHYAM TELECOM LIMITED,11.22,11.25,10.62,10.73,10.70,10.93,,10.73,,,4752,51977.77,53,F1,1,,,,,
2026-10-06,2026-10-06,CM,NSE,STK,16875,INE176J01011,SICAGEN,EQ,,,,,SICAGEN INDIA LIMITED,51.50,52.84,51.50,51.87,51.84,52.37,,51.87,,,4100,212248.48,51,F1,1,,,,,
2026-10-06,2026-10-06,CM,NSE,STK,19440,INE075B01020,SICALLOG,BE,,,,,SICAL LOGISTICS LIMITED,90.00,90.00,86.20,89.33,89.20,88.68,,89.33,,,11027,978787.87,85,F1,1,,,,,
2026-10-06,2026-10-06,CM,NSE,STK,759053,INE0SVO01019,SIDDHICOTS,SM,,,,,SIDDHI COTSPIN LIMITED,25.90,26.90,25.75,25.90,25.90,26.00,,25.90,,,8400,220380.00,7,F1,1200,,,,,
2026-10-06,2026-10-06,CM,NSE,STK,3148,INE0A1E01018,SIDDHIKA,SM,,,,,SIDDHIKA COATINGS LIMITED,209.00,209.00,203.00,206.55,206.55,211.00,,206.55,,,9500,1961175.00,12,F1,500,,,,,
2026-10-06,2026-10-06,CM,NSE,STK,756871,INE1NPP01017,ENRIN,EQ,,,,,SIEMENS ENERGY INDIA LTD,3333.00,3354.90,3288.20,3307.50,3307.50,3316.40,,3307.49,,,288526,958119222.20,25652,F1,1,,,,,
2026-10-06,2026-10-06,CM,NSE,STK,3150,INE003A01024,SIEMENS,EQ,,,,,SIEMENS LTD,3734.00,3859.60,3694.40,3854.00,3854.00,3701.10,,3853.79,,,219732,834632105.80,21905,F1,1,,,,,
2026-10-06,2026-10-06,CM,NSE,STK,6663,INE0D0K01022,SIGACHI,EQ,,,,,SIGACHI INDUSTRIES LTD,28.73,31.19,28.65,29.89,29.95,28.72,,29.88,,,5409694,163972116.82,16191,F1,1,,,,,
2026-10-06,2026-10-06,CM,NSE,STK,14797,INE933B01012,SIGMAADV,BE,,,,,SIGMA ADVANCED SYSTEM LTD,1107.00,1165.00,1090.00,1119.40,1120.00,1130.60,,1119.40,,,385103,433731785.90,8519,F1,1,,,,,
2026-10-06,2026-10-06,CM,NSE,STK,16658,INE0A0S01028,SIGMA,EQ,,,,,SIGMA SOLVE LIMITED,44.90,45.60,43.55,45.24,45.00,43.83,,45.25,,,88715,3972256.85,1604,F1,1,,,,,
2026-10-06,2026-10-06,CM,NSE,STK,18743,INE903U01023,SIGNATURE,EQ,,,,,SIGNATUREGLOBAL INDIA LTD,732.60,740.20,717.55,719.35,718.00,738.20,,719.36,,,280842,204416743.35,10264,F1,1,,,,,
2026-10-06,2026-10-06,CM,NSE,STK,4517,INE529F01035,SIGIND,BE,,,,,SIGNET INDUSTRIES LIMITED,66.00,66.40,61.90,62.86,63.50,64.06,,62.86,,,16916,1066474.42,149,F1,1,,,,,
2026-10-06,2026-10-06,CM,NSE,STK,22656,INE0KGZ01021,SIGNPOST,EQ,,,,,SIGNPOST INDIA LIMITED,262.25,265.85,260.00,262.10,262.00,260.85,,262.10,,,30403,7980333.10,1122,F1,1,,,,,
2026-10-06,2026-10-06,CM,NSE,STK,762914,INE438E01032,SIKA,EQ,,,,,SIKA INTERPLANT SYSTEMS L,1033.70,1040.00,1017.00,1029.30,1029.00,1022.60,,1029.42,,,9995,10279980.90,1251,F1,1,,,,,
2026-10-06,2026-10-06,CM,NSE,STK,6226,INE112X01025,SIKKO,BE,,,,,SIKKO INDUSTRIES LIMITED,6.09,6.21,6.00,6.16,6.10,6.21,,6.16,,,303160,1845613.65,474,F1,1,,,,,
2026-10-06,2026-10-06,CM,NSE,STK,4105,INE923A01015,SILINV,EQ,,,,,SIL INVESTMENTS LIMITED,454.00,463.00,450.00,459.40,462.00,445.75,,459.59,,,1855,846435.20,160,F1,1,,,,,
2026-10-06,2026-10-06,CM,NSE,STK,2492,INE01II01013,SILGO,EQ,,,,,SILGO RETAIL LIMITED,70.52,70.55,68.07,69.51,69.95,69.49,,69.51,,,66055,4613494.58,675,F1,1,,,,,
2026-10-06,2026-10-06,CM,NSE,STK,23736,INE0STN01015,SILKFLEX,SM,,,,,SILKFLEX POLYMERS INDIA L,300.80,300.80,286.05,290.45,289.00,300.15,,290.45,,,30000,8708150.00,25,F1,1000,,,,,
2026-10-06,2026-10-06,CM,NSE,STK,757679,INE0SN801015,SILKY,SM,,,,,SILKY OVERSEAS LIMITED,69.70,69.70,69.70,69.70,69.70,66.20,,69.70,,,800,55760.00,1,F1,800,,,,,
2026-10-06,2026-10-06,CM,NSE,STK,9422,INE625X01026,SILVERTUC,EQ,,,,,SILVER TOUCH TECHNO LTD,139.00,139.39,136.76,137.68,138.04,137.41,,137.70,,,95538,13171794.42,2121,F1,1,,,,,
2026-10-06,2026-10-06,CM,NSE,STK,758836,INE748T01016,SIMBHALS,BZ,,,,,SIMBHAOLI SUGARS LTD.,7.25,7.40,7.11,7.40,7.40,7.05,,7.40,,,30697,223469.67,56,F1,1,,,,,
2026-10-06,2026-10-06,CM,NSE,STK,763378,INE1K4J01018,SIMCA,ST,,,,,SIMCA ADVERTISING LIMITED,305.00,317.10,305.00,317.10,317.10,302.00,,317.10,,,49800,15641220.00,44,F1,600,,,,,
2026-10-06,2026-10-06,CM,NSE,STK,3162,INE059B01024,SIMPLEXINF,EQ,,,,,SIMPLEX INFRASTRUCTURES L,251.85,261.50,247.82,259.13,259.50,249.61,,259.13,,,205768,53007177.45,3147,F1,1,,,,,
2026-10-06,2026-10-06,CM,NSE,STK,764915,INE167H01014,SIMPLXREA,EQ,,,,,SIMPLEX REALTY LTD.,122.95,122.95,113.75,113.75,113.75,117.43,,113.75,,,203,24931.25,5,F1,1,,,,,
2026-10-06,2026-10-06,CM,NSE,STK,23480,INE985A01022,SINCLAIR,EQ,,,,,SINCLAIRS HOTELS LIMITED,75.38,77.97,74.79,75.93,75.60,75.87,,75.92,,,25792,1954702.65,355,F1,1,,,,,
2026-10-06,2026-10-06,CM,NSE,STK,16859,INE325D01025,SINDHUTRAD,EQ,,,,,SINDHU TRADE LINKS LTD,22.24,22.93,21.56,22.00,22.00,22.13,,22.00,,,4527595,102102816.54,2317,F1,1,,,,,
2026-10-06,2026-10-06,CM,NSE,STK,761420,INE638A01035,SINGERIND,EQ,,,,,SINGER INDIA LIMITED,74.05,76.40,73.51,74.93,76.40,74.60,,74.96,,,73914,5552500.34,1072,F1,1,,,,,
2026-10-06,2026-10-06,CM,NSE,STK,381,INE129Z01016,SINTERCOM,EQ,,,,,SINTERCOM INDIA LIMITED,76.01,78.50,75.91,76.93,78.35,75.90,,76.93,,,3846,295480.11,15,F1,1,,,,,
2026-10-06,2026-10-06,CM,NSE,STK,11050,INE792Z01011,SIRCA,EQ,,,,,SIRCA PAINT INDIA LIMITED,403.80,411.00,403.70,406.60,405.80,401.70,,406.60,,,78928,32174595.85,1651,F1,1,,,,,
2026-10-06,2026-10-06,CM,NSE,STK,21501,INE285J01028,SIS,EQ,,,,,SIS LIMITED,416.45,420.30,414.55,416.70,415.00,414.70,,416.70,,,99900,41794292.65,8419,F1,1,,,,,
2026-10-06,2026-10-06,CM,NSE,STK,29210,INE965H01011,SITINET,BZ,,,,,SITI NETWORKS LIMITED,0.26,0.27,0.25,0.25,0.26,0.26,,0.25,,,1028300,268305.02,278,F1,1,,,,,
2026-10-06,2026-10-06,CM,NSE,STK,14096,INE076B01028,SIYSIL,EQ,,,,,SIYARAM SILK MILLS LTD,549.00,559.05,541.60,553.45,554.60,540.15,,553.53,,,25170,13915729.85,1550,F1,1,,,,,
2026-10-06,2026-10-06,CM,NSE,STK,6643,INE284S01014,SJS,EQ,,,,,SJS ENTERPRISES LIMITED,2039.60,2039.60,1969.10,1981.40,1990.00,2039.60,,1981.44,,,278139,556700953.80,35148,F1,1,,,,,
2026-10-06,2026-10-06,CM,NSE,STK,18883,INE002L01015,SJVN,EQ,,,,,SJVN LTD,57.42,57.60,56.80,57.26,57.20,57.16,,57.26,,,1735501,99200711.95,16714,F1,1,,,,,
2026-10-06,2026-10-06,CM,NSE,STK,760101,INE2J8701016,SKFINDUS,EQ,,,,,SKF IND (INDUSTRIAL) LTD,2720.00,2785.00,2691.30,2774.60,2751.00,2729.50,,2774.68,,,23101,63216711.50,9146,F1,1,,,,,
2026-10-06,2026-10-06,CM,NSE,STK,3186,INE640A01023,SKFINDIA,EQ,,,,,SKF INDIA LTD,1453.00,1466.00,1435.00,1461.90,1466.00,1445.90,,1461.90,,,34336,49796106.70,5734,F1,1,,,,,
2026-10-06,2026-10-06,CM,NSE,STK,9428,INE439E01022,SKIPPER,EQ,,,,,SKIPPER LIMITED,539.05,553.50,537.00,551.50,551.70,538.90,,551.49,,,377434,207168677.45,18756,F1,1,,,,,
2026-10-06,2026-10-06,CM,NSE,STK,4732,INE411D01023,SKMEGGPROD,EQ,,,,,SKM EGG PROD EXPORT(I) LT,202.01,214.65,202.01,210.05,210.85,201.40,,210.05,,,179510,37591455.51,4943,F1,1,,,,,
2026-10-06,2026-10-06,CM,NSE,STK,10325,INE0KZA01016,SKP,SM,,,,,SKP BEARING INDUSTRI. LTD,164.50,170.00,162.40,170.00,170.00,165.00,,170.00,,,19500,3223325.00,32,F1,500,,,,,
2026-10-06,2026-10-06,CM,NSE,STK,13631,INE01IU01018,SKYGOLD,EQ,,,,,SKY GOLD AND DIAMONDS LTD,830.70,877.00,830.65,857.65,857.00,825.90,,857.69,,,4153944,3555509682.95,110325,F1,1,,,,,
2026-10-06,2026-10-06,CM,NSE,STK,765333,INE0VFE01017,SKYTECH,SM,,,,,SKYTECH INFINITE PLATFM L,42.00,42.70,39.50,40.15,39.55,40.70,,40.15,,,40000,1656560.00,24,F1,1600,,,,,
2026-10-06,2026-10-06,CM,NSE,STK,765480,INE0PX301025,SKYWAYS,EQ,,,,,SKYWAYS AIR SERVICES LTD,110.00,116.50,109.52,113.51,116.50,109.48,,113.53,,,1344512,150273109.81,15966,F1,1,,,,,
2026-10-06,2026-10-06,CM,NSE,STK,23689,INE0SMA01017,SLONE,SM,,,,,SLONE INFOSYSTEMS LIMITED,161.50,161.50,155.00,157.30,159.60,162.90,,157.30,,,3200,511000.00,8,F1,400,,,,,
2026-10-06,2026-10-06,CM,NSE,STK,757619,INE14GK01016,SMARTEN,SM,,,,,SMARTEN POWER SYSTEMS LTD,55.10,55.50,53.90,53.95,54.00,55.65,,53.95,,,13200,719580.00,11,F1,1200,,,,,
2026-10-06,2026-10-06,CM,NSE,STK,9893,INE178C01020,SMARTLINK,BE,,,,,SMARTLINK HOLDINGS LTD,226.95,233.83,218.00,221.90,222.00,222.70,,221.99,,,15549,3566487.85,194,F1,1,,,,,
2026-10-06,2026-10-06,CM,NSE,STK,757965,INE0NAZ01010,SMARTWORKS,EQ,,,,,SMARTWORKS COWORKING SP L,501.00,513.85,497.35,503.90,503.05,497.80,,503.95,,,128071,64975313.15,5203,F1,1,,,,,
2026-10-06,2026-10-06,CM,NSE,STK,760219,INE05NX24031,8SMC30,N2,,,,,SMC 8% 2030 STRPP B,500.00,501.00,500.00,500.00,500.00,500.00,,500.00,,,35,17501.00,5,F1,1,,,,,
2026-10-06,2026-10-06,CM,NSE,STK,2320,INE103C01036,SMCGLOBAL,EQ,,,,,SMC GLOBAL SECURITIES LTD,119.40,120.00,107.67,110.55,110.00,114.50,,110.55,,,29982678,3359061977.87,179877,F1,1,,,,,
2026-10-06,2026-10-06,CM,NSE,STK,3387,INE294B01019,SMLMAH,EQ,,,,,SML MAHINDRA LIMITED,6404.00,6404.00,6090.00,6135.50,6152.00,6354.00,,6135.31,,,55168,341076820.50,8989,F1,1,,,,,
2026-10-06,2026-10-06,CM,NSE,STK,14329,INE812G01025,SMSPHARMA,EQ,,,,,SMS PHARMACEUTICALS LTD.,479.95,482.80,467.55,472.20,472.00,477.85,,472.21,,,242600,115076594.95,7556,F1,1,,,,,
2026-10-06,2026-10-06,CM,NSE,STK,758946,INE1OIC01018,SNEHAA,SM,,,,,SNEHAA ORGANICS LIMITED,40.00,42.00,40.00,42.00,42.00,44.35,,42.00,,,21000,857650.00,19,F1,1000,,,,,
2026-10-06,2026-10-06,CM,NSE,STK,4843,INE734N01019,SNOWMAN,EQ,,,,,SNOWMAN LOGISTICS LTD.,34.32,34.59,33.93,34.24,34.40,33.99,,34.24,,,70667,2417651.97,787,F1,1,,,,,
2026-10-06,2026-10-06,CM,NSE,STK,13826,INE671H01015,SOBHA,EQ,,,,,SOBHA LIMITED,1202.00,1218.30,1180.80,1190.70,1200.90,1198.20,,1190.70,,,401261,478544439.40,18556,F1,1,,,,,
2026-10-06,2026-10-06,CM,NSE,STK,8266,INE728Z01015,SOFTTECH,EQ,,,,,SOFTTECH ENGINEERS LTD,463.20,473.95,459.90,461.55,461.00,462.15,,461.55,,,1508,696699.90,110,F1,1,,,,,
2026-10-06,2026-10-06,CM,NSE,STK,13332,INE343H01029,SOLARINDS,EQ,,,,,SOLAR INDUSTRIES (I) LTD,19464.00,20274.00,19416.00,20071.00,20071.00,19540.00,,20071.37,,,177180,3524049425.00,35107,F1,1,,,,,
2026-10-06,2026-10-06,CM,NSE,STK,3672,INE624Z01016,SOLARA,EQ,,,,,SOLARA ACTIVE PHA SCI LTD,682.00,689.70,668.10,682.65,687.00,676.90,,682.64,,,196640,133226212.55,9727,F1,1,,,,,
2026-10-06,2026-10-06,CM,NSE,STK,759929,INE0TY101024,SOLARWORLD,EQ,,,,,SOLARWORLD ENERGY SOL LTD,124.98,132.00,123.00,130.39,130.01,123.94,,130.29,,,170537,21878088.64,3520,F1,1,,,,,
2026-10-06,2026-10-06,CM,NSE,STK,759397,INE880Y01017,SOLEX,EQ,,,,,SOLEX ENERGY LIMITED,687.00,704.95,670.00,690.85,696.00,682.20,,690.83,,,114805,78957881.30,8461,F1,1,,,,,
2026-10-06,2026-10-06,CM,NSE,STK,24879,INE0U0201016,BALCO,SM,,,,,SOLVE PLASTIC PRODUCTS L,19.95,19.95,19.95,19.95,19.95,19.00,,19.95,,,1200,23940.00,1,F1,1200,,,,,
2026-10-06,2026-10-06,CM,NSE,STK,1338,INE480C01038,SDBL,EQ,,,,,SOM DIST & BREW LTD,74.50,75.18,73.50,74.02,74.15,73.21,,74.00,,,589045,43652567.71,5155,F1,1,,,,,
2026-10-06,2026-10-06,CM,NSE,STK,4201,INE314C01013,SOMATEX,EQ,,,,,SOMA TEXTILES & INDUST LT,76.89,79.43,75.72,79.09,79.43,75.65,,79.11,,,5567,433342.09,88,F1,1,,,,,
2026-10-06,2026-10-06,CM,NSE,STK,3880,INE355A01028,SOMANYCERA,EQ,,,,,SOMANY CERAMICS LIMITED,606.00,631.70,605.35,625.00,621.00,610.90,,624.99,,,129420,80307287.65,5563,F1,1,,,,,
2026-10-06,2026-10-06,CM,NSE,STK,17794,INE323J01019,SOMICONVEY,EQ,,,,,SOMI CONVEYOR BELT. LTD.,83.50,86.49,82.51,84.05,83.92,83.43,,84.01,,,12860,1079620.14,435,F1,1,,,,,
2026-10-06,2026-10-06,CM,NSE,STK,4684,INE073K01018,SONACOMS,EQ,,,,,SONA BLW PRECISION FRGS L,799.70,821.65,793.25,820.00,820.00,797.00,,819.89,,,1679743,1359496747.95,45794,F1,1,,,,,
2026-10-06,2026-10-06,CM,NSE,STK,23052,INE0Q6H01012,SONAMAC,SM,,,,,SONA MACHINERY LIMITED,29.85,31.55,29.10,31.55,31.55,30.05,,31.55,,,12000,367500.00,12,F1,1000,,,,,
2026-10-06,2026-10-06,CM,NSE,STK,762919,INE321M01017,SONAL,EQ,,,,,SONAL MERCANTILE LTD.,85.00,85.00,83.19,83.19,83.19,87.56,,82.92,,,1616,134458.62,53,F1,1,,,,,
2026-10-06,2026-10-06,CM,NSE,STK,8817,INE00LM01029,SONAMLTD,BE,,,,,SONAM LIMITED,71.00,72.34,68.60,71.55,71.99,69.94,,71.55,,,143443,10255190.68,596,F1,1,,,,,
2026-10-06,2026-10-06,CM,NSE,STK,766203,INE0LLZ01011,SONA,BE,,,,,SONASELECTION INDIA LTD,92.00,96.50,90.02,94.08,94.40,92.60,,94.54,,,64268,5991335.83,548,F1,1,,,,,
2026-10-06,2026-10-06,CM,NSE,STK,6596,INE269A01021,SONATSOFTW,EQ,,,,,SONATA SOFTWARE LTD,255.65,256.70,250.60,252.05,251.60,254.00,,252.06,,,515712,130194798.05,13900,F1,1,,,,,
2026-10-06,2026-10-06,CM,NSE,STK,9458,INE0JZA01018,SONUINFRA,SM,,,,,SONU INFRATECH LIMITED,39.55,41.40,39.55,41.40,41.40,41.60,,41.40,,,4500,180750.00,3,F1,1500,,,,,
2026-10-06,2026-10-06,CM,NSE,STK,9678,INE980Y01015,SOUTHWEST,EQ,,,,,SOUTH WEST PINNACLE LTD,195.58,201.60,193.99,199.72,201.00,195.58,,199.71,,,161477,32059448.71,4473,F1,1,,,,,
2026-10-06,2026-10-06,CM,NSE,STK,19372,INE970N01027,SPCENET,EQ,,,,,SPACENET ENTERS IND LTD,3.28,3.54,3.16,3.31,3.34,3.22,,3.31,,,680098,2277209.16,524,F1,1,,,,,
2026-10-06,2026-10-06,CM,NSE,STK,11435,INE572J01011,SPANDANA,EQ,,,,,SPANDANA SPHOORTY FIN LTD,215.05,219.98,215.05,218.12,217.55,213.52,,218.12,,,96068,20907401.15,3104,F1,1,,,,,
2026-10-06,2026-10-06,CM,NSE,STK,27111,INE247M01014,SPECIALITY,BE,,,,,SPECIALITY REST LTD,157.00,158.00,151.20,156.32,154.50,154.91,,157.93,,,14242,2210395.33,139,F1,1,,,,,
2026-10-06,2026-10-06,CM,NSE,STK,766218,INE0GAN01010,SPECTRAA,ST,,,,,SPECTRAA TECH SOLUTIONS L,247.25,259.60,242.00,259.60,259.60,247.25,,259.60,,,128400,32687820.00,104,F1,1200,,,,,
2026-10-06,2026-10-06,CM,NSE,STK,30457,INE01EO01010,SPECTRUM,BE,,,,,SPECTRUM ELECTRIC IND LTD,3799.90,3939.60,3661.00,3915.90,3930.00,3839.10,,3915.92,,,19949,75999805.70,1784,F1,1,,,,,
2026-10-06,2026-10-06,CM,NSE,STK,16876,INE0OL001018,SPECTSTM,SM,,,,,SPECTRUM TALENT MGMT LTD,59.90,61.90,59.90,60.40,60.40,58.95,,60.40,,,3200,194960.00,4,F1,800,,,,,
2026-10-06,2026-10-06,CM,NSE,STK,8163,INE020801028,SPENCERS,EQ,,,,,SPENCER S RETAIL LIMITED,26.88,28.48,25.99,28.30,28.44,26.39,,28.29,,,80468,2189078.63,1612,F1,1,,,,,
2026-10-06,2026-10-06,CM,NSE,STK,3252,INE147A01011,SPIC,EQ,,,,,SPIC LTD,62.42,63.46,62.11,63.05,63.00,62.19,,63.05,,,243856,15272782.15,2404,F1,1,,,,,
2026-10-06,2026-10-06,CM,NSE,STK,11935,INE978G01016,SPLIL,EQ,,,,,SPL INDUSTRIES LIMITED,29.08,29.60,28.55,29.49,29.50,28.94,,29.49,,,1186,34880.15,21,F1,1,,,,,
2026-10-06,2026-10-06,CM,NSE,STK,3321,INE937A01023,SPMLINFRA,EQ,,,,,SPML INFRA LIMITED,159.99,165.00,159.99,162.63,162.89,158.29,,162.61,,,118985,19297009.36,2251,F1,1,,,,,
2026-10-06,2026-10-06,CM,NSE,STK,10733,INE885H01029,SPORTKING,EQ,,,,,SPORTKING INDIA LIMITED,192.51,206.90,192.51,202.80,202.95,193.53,,202.81,,,381331,77447898.34,11571,F1,1,,,,,
2026-10-06,2026-10-06,CM,NSE,STK,25306,INE0QR801013,SPPPOLY,SM,,,,,SPP POLYMER LIMITED,11.40,12.40,11.40,12.40,12.40,11.90,,12.40,,,4000,47600.00,2,F1,2000,,,,,
2026-10-06,2026-10-06,CM,NSE,STK,17186,INE526E01018,SHRIPISTON,EQ,,,,,SPR AUTO TECHNOLOGIES LTD,4430.00,4447.90,4332.00,4405.00,4394.10,4398.80,,4404.99,,,74828,327691982.70,19857,F1,1,,,,,
2026-10-06,2026-10-06,CM,NSE,STK,757865,INE19QH01010,SPUNWEB,SM,,,,,SPUNWEB NONWOVEN LIMITED,103.00,115.65,103.00,114.70,115.65,102.40,,114.70,,,94800,10462440.00,48,F1,1200,,,,,
2026-10-06,2026-10-06,CM,NSE,STK,14582,INE917H01012,SRHHYPOLTD,EQ,,,,,SREE RAYALSEEMA HHP LTD.,542.40,559.00,540.00,548.65,547.35,537.30,,548.65,,,15877,8717043.00,1470,F1,1,,,,,
2026-10-06,2026-10-06,CM,NSE,STK,31841,INE099F01013,SREEL,BE,,,,,SREELEATHERS LIMITED,299.80,299.80,286.10,286.85,291.00,290.80,,286.92,,,6028,1739859.10,158,F1,1,,,,,
2026-10-06,2026-10-06,CM,NSE,STK,3273,INE647A01010,SRF,EQ,,,,,SRF LTD,2450.00,2492.00,2445.20,2470.00,2470.00,2460.00,,2470.00,,,150635,372237874.30,16375,F1,1,,,,,
2026-10-06,2026-10-06,CM,NSE,STK,18119,INE559N01010,SRGHFL,EQ,,,,,SRG HOUSING FINANCE L,124.01,129.63,122.55,122.55,122.55,128.99,,122.55,,,6638,819158.29,170,F1,1,,,,,
2026-10-06,2026-10-06,CM,NSE,STK,7457,INE293B01029,HAVISHA,EQ,,,,,SRI HAVISHA HOSP & INFR L,1.36,1.52,1.26,1.36,1.40,1.40,,1.36,,,74614,102613.47,154,F1,1,,,,,
2026-10-06,2026-10-06,CM,NSE,STK,765168,INE009C01019,SRIKPRIND,BE,,,,,SRI KPR INDUSTRIES LTD.,26.12,26.99,24.85,25.23,26.49,26.12,,25.23,,,2682,67096.50,52,F1,1,,,,,
2026-10-06,2026-10-06,CM,NSE,STK,758147,INE0V9Q01010,LOTUSDEV,BE,,,,,SRI LOTUS DEVLPRS N RTY L,237.89,248.10,230.83,244.73,241.53,237.89,,244.73,,,1512350,365632960.60,6833,F1,1,,,,,
2026-10-06,2026-10-06,CM,NSE,STK,761393,INE0TPJ01019,SPCON,SM,,,,,SRINIBAS PRADHAN CONST L,178.70,182.00,174.00,182.00,182.00,165.00,,182.00,,,13200,2340900.00,11,F1,1200,,,,,
2026-10-06,2026-10-06,CM,NSE,STK,766421,INE307K01028,SRIT,BE,,,,,SRIT INDIA LIMITED,148.00,155.09,148.00,155.09,155.09,130.00,,155.09,,,5130949,771896314.13,22934,F1,1,,,,,
2026-10-06,2026-10-06,CM,NSE,STK,18059,INE0ON201012,SSFL,ST,,,,,SRIVARI SPICES N FOODS L,278.20,280.00,275.00,275.30,275.00,286.00,,275.30,,,5500,1521250.00,11,F1,500,,,,,
2026-10-06,2026-10-06,CM,NSE,STK,14416,INE0NPI01014,SRIVASAVI,ST,,,,,SRIVASAVI ADHESIVE TAPE L,76.25,81.30,76.25,81.25,81.25,77.45,,81.25,,,17000,1362400.00,16,F1,1000,,,,,
2026-10-06,2026-10-06,CM,NSE,STK,23402,INE0R6Z01013,SRM,EQ,,,,,SRM CONTRACTORS LIMITED,398.85,422.00,393.25,418.45,415.10,398.65,,418.41,,,80137,33155526.10,3396,F1,1,,,,,
2026-10-06,2026-10-06,CM,NSE,STK,766176,INE1EQW01028,SSRETAIL,EQ,,,,,SS RETAIL LIMITED,678.00,729.65,665.50,712.75,722.00,677.15,,712.62,,,14705225,10289779350.10,314570,F1,1,,,,,
2026-10-06,2026-10-06,CM,NSE,STK,29205,INE0RYC01010,STALLION,BE,,,,,STALLION IND FLUOROCHEM L,226.90,227.90,221.21,225.72,226.50,224.61,,225.51,,,368991,82454699.98,1783,F1,1,,,,,
2026-10-06,2026-10-06,CM,NSE,STK,29075,INE0M4D01010,SETL,EQ,,,,,STANDARD ENGNG TCNLGY LTD,431.20,434.80,423.75,428.30,427.35,430.05,,428.22,,,453699,194823309.60,10284,F1,1,,,,,
2026-10-06,2026-10-06,CM,NSE,STK,11297,INE173A01025,SIL,EQ,,,,,STANDARD INDUSTRIES LTD.,16.20,16.20,15.86,16.00,16.00,15.98,,16.00,,,8963,143961.84,160,F1,1,,,,,
2026-10-06,2026-10-06,CM,NSE,STK,24226,INE01A001028,STANLEY,EQ,,,,,STANLEY LIFESTYLES LTD,135.13,137.55,135.01,136.54,137.50,135.11,,136.54,,,41367,5645823.60,1109,F1,1,,,,,
2026-10-06,2026-10-06,CM,NSE,STK,21091,INE460H01021,STARCEMENT,EQ,,,,,STAR CEMENT LIMITED,177.00,177.23,175.30,176.41,176.00,176.03,,176.39,,,50211,8850775.64,2450,F1,1,,,,,
2026-10-06,2026-10-06,CM,NSE,STK,7083,INE575P01011,STARHEALTH,EQ,,,,,STAR HEALTH & AL INS CO L,542.00,553.30,539.00,550.55,550.25,535.25,,550.55,,,2132928,1160834869.50,41657,F1,1,,,,,
2026-10-06,2026-10-06,CM,NSE,STK,3291,INE733A01018,STARPAPER,EQ,,,,,STAR PAPER MILLS LTD,152.01,154.91,151.36,154.14,153.76,152.01,,154.14,,,2573,395077.35,92,F1,1,,,,,
2026-10-06,2026-10-06,CM,NSE,STK,9305,INE992I01013,STARTECK,EQ,,,,,STARTECK FINANCE LIMITED,282.00,289.90,250.50,272.50,271.90,275.45,,272.50,,,1872,488361.40,86,F1,1,,,,,
2026-10-06,2026-10-06,CM,NSE,STK,3045,INE062A01020,SBIN,EQ,,,,,STATE BANK OF INDIA,962.10,963.65,949.85,958.75,958.75,958.00,,958.73,,,8204620,7836837881.00,188791,F1,1,,,,,
2026-10-06,2026-10-06,CM,NSE,STK,766065,INE0FRO01022,STEAMHOUSE,EQ,,,,,STEAMHOUSE INDIA LIMITED,115.00,118.42,112.07,118.42,118.42,107.66,,118.43,,,11965420,1386773729.82,48881,F1,1,,,,,
2026-10-06,2026-10-06,CM,NSE,STK,2963,INE114A01011,SAIL,EQ,,,,,STEEL AUTHORITY OF INDIA,177.30,180.45,174.80,178.10,178.10,176.95,,178.10,,,19432905,3459245683.43,68780,F1,1,,,,,
2026-10-06,2026-10-06,CM,NSE,STK,10406,INE395H01011,STEELCITY,EQ,,,,,STEEL CITY SECURITIES LTD,82.50,83.34,81.50,82.72,83.20,82.52,,82.72,,,3817,314908.15,67,F1,1,,,,,
2026-10-06,2026-10-06,CM,NSE,STK,21339,INE503B01021,STEELXIND,EQ,,,,,STEEL EXCHANGE INDIA LTD,11.15,11.60,11.15,11.46,11.50,11.12,,11.46,,,4754467,54265957.42,4413,F1,1,,,,,
2026-10-06,2026-10-06,CM,NSE,STK,765170,INE205F01016,STLSTRINF,EQ,,,,,STEEL STRIPS INFRA L,22.54,22.99,21.35,21.75,22.79,22.10,,21.81,,,2590,58274.68,41,F1,1,,,,,
2026-10-06,2026-10-06,CM,NSE,STK,11829,INE802C01033,SSWL,EQ,,,,,STEEL STRIPS WHEELS LTD.,413.65,434.00,411.55,424.70,426.00,410.55,,424.68,,,2408881,1020781186.10,54350,F1,1,,,,,
2026-10-06,2026-10-06,CM,NSE,STK,6803,INE124E01038,STEELCAS,EQ,,,,,STEELCAST LIMITED,363.55,376.70,357.60,369.60,370.00,363.70,,369.59,,,88203,32583277.55,3901,F1,1,,,,,
2026-10-06,2026-10-06,CM,NSE,STK,21484,INE577L01016,STEL,EQ,,,,,STEL HOLDINGS LIMITED,570.00,584.50,570.00,575.95,584.50,567.70,,575.95,,,950,543687.80,95,F1,1,,,,,
2026-10-06,2026-10-06,CM,NSE,STK,4299,INE334A01023,STERTOOLS,EQ,,,,,STERLING TOOLS LIMITED,216.00,222.49,215.00,218.45,218.00,218.78,,218.44,,,30769,6713372.44,806,F1,1,,,,,
2026-10-06,2026-10-06,CM,NSE,STK,9313,INE089C01029,STLTECH,BE,,,,,STERLITE TECHNOLOGIES LTD,1034.40,1051.10,1006.30,1016.70,1014.90,1001.25,,1016.65,,,3447000,3565177359.70,75860,F1,1,,,,,
2026-10-06,2026-10-06,CM,NSE,STK,13367,INE353H01010,SGL,EQ,,,,,STL GLOBAL LIMITED,9.35,9.35,8.61,8.80,8.85,8.84,,8.79,,,4518,40134.52,61,F1,1,,,,,
2026-10-06,2026-10-06,CM,NSE,STK,758958,INE1VXE01018,STLNETWORK,EQ,,,,,STL NETWORKS LIMITED,44.84,47.08,44.42,47.08,47.08,44.84,,47.08,,,6587304,303949688.86,11634,F1,1,,,,,
2026-10-06,2026-10-06,CM,NSE,STK,2107,INE00IN01015,STOVEKRAFT,EQ,,,,,STOVE KRAFT LIMITED,807.00,828.80,806.35,813.45,812.40,806.40,,813.44,,,160000,130819248.55,9672,F1,1,,,,,
2026-10-06,2026-10-06,CM,NSE,STK,761091,INE1XWN01017,STRIDERS,SM,,,,,STRIDERS IMPEX LIMITED,50.15,50.15,50.15,50.15,50.15,51.65,,50.15,,,4800,240720.00,2,F1,1600,,,,,
2026-10-06,2026-10-06,CM,NSE,STK,7374,INE939A01011,STAR,EQ,,,,,STRIDES PHARMA SCI LTD,1081.20,1096.20,1074.00,1088.70,1088.00,1086.70,,1088.57,,,138279,150204376.00,19336,F1,1,,,,,
2026-10-06,2026-10-06,CM,NSE,STK,12489,INE00M201021,SWSOLAR,EQ,,,,,STRLNG & WIL REN ENE LTD,164.90,173.69,164.20,172.54,173.00,163.72,,172.54,,,1334043,226994547.98,17098,F1,1,,,,,
2026-10-06,2026-10-06,CM,NSE,STK,759587,INE00Q601028,STUDDS,EQ,,,,,STUDDS ACCESSORIES LTD,400.00,414.50,399.55,407.05,406.00,403.10,,407.05,,,37495,15259900.75,2453,F1,1,,,,,
2026-10-06,2026-10-06,CM,NSE,STK,758527,INE17VO01028,STUDIOLSD,SM,,,,,STUDIO LSD LIMITED,8.60,8.65,8.50,8.50,8.50,8.55,,8.50,,,8000,68500.00,4,F1,2000,,,,,
2026-10-06,2026-10-06,CM,NSE,STK,5186,INE239C01020,STYLAMIND,EQ,,,,,STYLAM INDUSTRIES LIMITED,3320.10,3345.30,3264.10,3303.50,3293.00,3325.20,,3303.58,,,22326,73951250.50,5427,F1,1,,,,,
2026-10-06,2026-10-06,CM,NSE,STK,19,INE189B01011,STYRENIX,EQ,,,,,STYRENIX PERFORMANCE LTD,2015.00,2066.30,2004.00,2042.90,2042.60,2015.00,,2042.90,,,17806,36427173.70,2601,F1,1,,,,,
2026-10-06,2026-10-06,CM,NSE,STK,760112,INE0RYR01018,SUBAHOTELS,SM,,,,,SUBA HOTELS LIMITED,90.15,90.15,87.55,88.50,88.00,90.95,,88.50,,,26400,2347560.00,20,F1,1200,,,,,
2026-10-06,2026-10-06,CM,NSE,STK,967,INE754A01055,SUBEXLTD,EQ,,,,,SUBEX LTD,19.28,19.93,19.28,19.59,19.61,19.21,,19.59,,,4662300,91517889.96,7676,F1,1,,,,,
2026-10-06,2026-10-06,CM,NSE,STK,3324,INE287B01021,SUBROS,EQ,,,,,SUBROS LIMITED,680.00,686.40,672.00,682.95,681.50,675.85,,682.92,,,31223,21213685.80,2983,F1,1,,,,,
2026-10-06,2026-10-06,CM,NSE,STK,3327,INE659A01023,SUDARSCHEM,EQ,,,,,SUDARSHAN CHEMICAL INDS L,1230.30,1247.20,1225.20,1238.60,1240.00,1229.20,,1238.62,,,87536,108410609.90,8758,F1,1,,,,,
2026-10-06,2026-10-06,CM,NSE,STK,715,INE492A01029,SUDARCOLOR,EQ,,,,,SUDARSHAN COLORNT IND LTD,379.95,379.95,365.10,368.30,373.30,365.65,,368.29,,,3286,1211858.45,246,F1,1,,,,,
2026-10-06,2026-10-06,CM,NSE,STK,760039,INE0QPI01025,SUDEEPPHRM,EQ,,,,,SUDEEP PHARMA LIMITED,1199.00,1199.00,1152.60,1158.40,1160.80,1173.40,,1158.39,,,94340,110677493.10,10755,F1,1,,,,,
2026-10-06,2026-10-06,CM,NSE,STK,11804,INE450E01029,SUKHJITS,EQ,,,,,SUKHJIT STARCH & CHEM LTD,152.00,154.13,146.00,147.84,148.15,150.98,,147.83,,,9695,1448293.62,308,F1,1,,,,,
2026-10-06,2026-10-06,CM,NSE,STK,13218,INE142Q01026,SULA,EQ,,,,,SULA VINEYARDS LIMITED,132.99,135.00,132.57,134.01,134.80,132.33,,134.02,,,168005,22464250.35,3965,F1,1,,,,,
2026-10-06,2026-10-06,CM,NSE,STK,765507,INE11Z001019,SUMAX,SM,,,,,SUMAX ENGINEERING LIMITED,100.30,101.00,100.00,100.50,100.50,101.30,,100.50,,,25200,2524560.00,21,F1,1200,,,,,
2026-10-06,2026-10-06,CM,NSE,STK,765175,INE886B01012,SUMEDHA,EQ,,,,,SUMEDHA FISCAL SERVICES L,43.43,44.00,41.13,43.45,43.00,42.00,,43.45,,,5136,222230.51,65,F1,1,,,,,
2026-10-06,2026-10-06,CM,NSE,STK,20790,INE235C01036,SUMEETINDS,EQ,,,,,SUMEET IND LIMITED,11.43,11.43,11.43,11.43,11.43,10.89,,11.46,,,192796,2203658.28,100,F1,1,,,,,
2026-10-06,2026-10-06,CM,NSE,STK,11140,INE748Z01013,SUMIT,EQ,,,,,SUMIT WOODS LIMITED,53.00,53.00,51.00,51.88,51.93,50.64,,51.88,,,43586,2268790.42,275,F1,1,,,,,
2026-10-06,2026-10-06,CM,NSE,STK,17105,INE258G01013,SUMICHEM,EQ,,,,,SUMITOMO CHEM INDIA LTD,411.25,427.70,411.25,418.05,417.20,414.70,,418.06,,,490031,205986587.15,27987,F1,1,,,,,
2026-10-06,2026-10-06,CM,NSE,STK,21275,INE519C01017,SUMMITSEC,EQ,,,,,SUMMIT SECURITIES LTD,1316.30,1330.40,1306.50,1321.00,1321.10,1314.80,,1321.00,,,1814,2393915.40,377,F1,1,,,,,
2026-10-06,2026-10-06,CM,NSE,STK,14788,INE232I01014,SPARC,EQ,,,,,SUN PHARMA ADV.RES.CO.LTD,192.14,197.69,191.40,196.89,196.80,191.26,,196.89,,,688818,134643344.10,9645,F1,1,,,,,
2026-10-06,2026-10-06,CM,NSE,STK,3351,INE044A01036,SUNPHARMA,EQ,,,,,SUN PHARMACEUTICAL IND L,1775.00,1804.10,1768.00,1804.10,1804.10,1779.70,,1804.08,,,1478310,2642915969.50,67783,F1,1,,,,,
2026-10-06,2026-10-06,CM,NSE,STK,13404,INE424H01027,SUNTV,EQ,,,,,SUN TV NETWORK LIMITED,625.80,640.95,620.60,632.10,629.50,626.85,,632.11,,,1439793,908237013.25,32909,F1,1,,,,,
2026-10-06,2026-10-06,CM,NSE,STK,4179,INE073D01013,SUNDRMBRAK,EQ,,,,,SUNDARAM BRAK LININGS LTD,686.70,697.00,679.40,680.10,680.00,681.30,,680.10,,,657,450609.05,55,F1,1,,,,,
2026-10-06,2026-10-06,CM,NSE,STK,20956,INE0Q3R01026,SUNCLAY,EQ,,,,,SUNDARAM CLAYTON LIMITED,1180.00,1184.90,1149.10,1152.80,1155.00,1174.80,,1152.87,,,6613,7659713.30,1131,F1,1,,,,,
2026-10-06,2026-10-06,CM,NSE,STK,3339,INE660A01013,SUNDARMFIN,EQ,,,,,SUNDARAM FINANCE LTD,4289.80,4369.50,4240.50,4347.80,4362.60,4268.40,,4348.24,,,31040,133298785.80,10956,F1,1,,,,,
2026-10-06,2026-10-06,CM,NSE,STK,18931,INE108E01023,SUNDARAM,EQ,,,,,SUNDARAM MULTI PAP LTD,1.09,1.10,1.08,1.09,1.10,1.09,,1.09,,,137030,149734.66,216,F1,1,,,,,
2026-10-06,2026-10-06,CM,NSE,STK,3345,INE387A01021,SUNDRMFAST,EQ,,,,,SUNDRAM FASTENERS LTD,1115.00,1155.00,1101.50,1140.30,1154.00,1115.60,,1140.44,,,103800,117022240.30,12569,F1,1,,,,,
2026-10-06,2026-10-06,CM,NSE,STK,761202,INE0CTB01014,SOCL,SM,,,,,SUNDREX OIL COMPANY LTD,29.30,29.60,29.30,29.50,29.50,28.50,,29.50,,,59200,1745760.00,15,F1,1600,,,,,
2026-10-06,2026-10-06,CM,NSE,STK,1663,INE209A01019,SUNDROP,EQ,,,,,SUNDROP BRANDS LIMITED,752.80,762.00,745.00,746.80,745.00,748.60,,746.80,,,28219,21152167.90,791,F1,1,,,,,
2026-10-06,2026-10-06,CM,NSE,STK,3348,INE947A01014,SUNFLAG,EQ,,,,,SUNFLAG IRON AND STEEL CO,455.00,473.00,452.00,459.05,461.00,455.00,,459.06,,,704018,326262213.85,17128,F1,1,,,,,
2026-10-06,2026-10-06,CM,NSE,STK,765180,INE671C01016,SUNLOC,EQ,,,,,SUNIL HEALTHCARE LTD.,68.00,68.00,68.00,68.00,68.00,68.00,,72.00,,,60,4080.00,4,F1,1,,,,,
2026-10-06,2026-10-06,CM,NSE,STK,24868,INE0U2N01013,SUNLITE,SM,,,,,SUNLITE RECYCLING IND LTD,656.20,660.00,636.10,643.80,647.95,656.20,,643.80,,,21000,13581405.00,66,F1,300,,,,,
2026-10-06,2026-10-06,CM,NSE,STK,764925,INE671K01027,SUNRAKSHAK,EQ,,,,,SUNRAKSHAKK INDUS IND L,357.20,360.95,352.10,356.75,359.00,356.05,,356.84,,,2192,781125.45,181,F1,1,,,,,
2026-10-06,2026-10-06,CM,NSE,STK,20213,INE0PLZ01012,SUNREST,SM,,,,,SUNREST LIFESCIENCE LTD,38.50,38.50,38.50,38.50,38.50,35.50,,38.50,,,1600,61600.00,1,F1,1600,,,,,
2026-10-06,2026-10-06,CM,NSE,STK,764930,INE199E01014,SUNSHIEL,EQ,,,,,SUNSHIELD CHEMICALS LTD.,1102.70,1111.90,1029.00,1047.40,1058.00,1097.00,,1047.99,,,1686,1786653.00,230,F1,1,,,,,
2026-10-06,2026-10-06,CM,NSE,STK,765387,INE1B3O01011,SUNSHINE,EQ,,,,,SUNSHINE PICTURES LIMITED,448.00,469.90,445.15,447.20,446.15,447.55,,447.19,,,1276990,583403473.40,7370,F1,1,,,,,
2026-10-06,2026-10-06,CM,NSE,STK,757763,INE0SGZ01016,SUNTECH,SM,,,,,SUNTECH INFRA SOLUTIONS L,36.55,37.25,36.00,37.25,37.25,35.50,,37.25,,,9600,350480.00,6,F1,1600,,,,,
2026-10-06,2026-10-06,CM,NSE,STK,17641,INE805D01034,SUNTECK,EQ,,,,,SUNTECK REALTY LIMITED,280.00,281.65,278.15,279.60,279.00,278.15,,279.60,,,57716,16150753.75,2708,F1,1,,,,,
2026-10-06,2026-10-06,CM,NSE,STK,8931,INE662A01027,SUPERSPIN,BE,,,,,SUPER SPINNING MILLS LTD,7.29,7.57,6.92,7.14,7.18,7.26,,7.14,,,12170,86106.55,59,F1,1,,,,,
2026-10-06,2026-10-06,CM,NSE,STK,764938,INE460D01038,SUPTANERY,BE,,,,,SUPER TANNERY LTD.,7.69,8.07,7.36,8.07,8.07,7.69,,8.07,,,94825,758272.25,211,F1,1,,,,,
2026-10-06,2026-10-06,CM,NSE,STK,20616,INE712B01010,SUPERHOUSE,EQ,,,,,SUPERHOUSE LIMITED,158.00,158.00,153.35,155.27,155.90,155.88,,154.83,,,4302,667219.49,127,F1,1,,,,,
2026-10-06,2026-10-06,CM,NSE,STK,3147,INE843L01012,SIEL,EQ,,,,,SUPERIOR INDUSTRIAL ENT L,31.00,31.00,31.00,31.00,31.00,31.00,,29.98,,,11,341.00,2,F1,1,,,,,
2026-10-06,2026-10-06,CM,NSE,STK,11689,INE399C01030,SUPRAJIT,EQ,,,,,SUPRAJIT ENGINEERING LTD,460.20,473.85,457.80,471.20,470.00,461.50,,471.27,,,65826,30780807.95,9307,F1,1,,,,,
2026-10-06,2026-10-06,CM,NSE,STK,758997,INE319Z01021,SUPREMEENG,BZ,,,,,SUPREME ENGINEERING LTD,4.40,4.40,4.40,4.40,4.40,4.32,,4.40,,,206286,907658.40,79,F1,1,,,,,
2026-10-06,2026-10-06,CM,NSE,STK,28069,INE0U6N01014,SFML,SM,,,,,SUPREME FACILITY MGMT LTD,20.95,20.95,20.95,20.95,20.95,19.50,,20.95,,,1600,33520.00,1,F1,1600,,,,,
2026-10-06,2026-10-06,CM,NSE,STK,29439,INE822E01011,SUPREME,EQ,,,,,SUPREME HOLDIN N HOSP I L,30.80,30.80,30.00,30.27,30.22,30.91,,30.27,,,7518,227698.12,176,F1,1,,,,,
2026-10-06,2026-10-06,CM,NSE,STK,3363,INE195A01028,SUPREMEIND,EQ,,,,,SUPREME INDUSTRIES LTD,3410.00,3530.70,3376.00,3497.90,3497.90,3398.90,,3497.90,,,221343,771737391.60,18613,F1,1,,,,,
2026-10-06,2026-10-06,CM,NSE,STK,15002,INE550H01011,SUPREMEINF,EQ,,,,,SUPREME INFRA. LTD.,68.00,68.00,57.42,61.40,61.11,61.59,,61.33,,,151116,9112640.36,2671,F1,1,,,,,
2026-10-06,2026-10-06,CM,NSE,STK,9617,INE663A01033,SPLPETRO,EQ,,,,,SUPREME PETROCHEM LIMITED,802.80,825.45,792.45,819.60,817.25,798.35,,819.62,,,143797,117050803.85,11127,F1,1,,,,,
2026-10-06,2026-10-06,CM,NSE,STK,21067,INE0QHG01026,SUPREMEPWR,SM,,,,,SUPREME POWER EQUIPMENT L,234.00,243.80,232.20,239.45,239.95,227.25,,239.45,,,173500,41367550.00,308,F1,500,,,,,
2026-10-06,2026-10-06,CM,NSE,STK,7390,INE07RO01027,SUPRIYA,EQ,,,,,SUPRIYA LIFESCIENCE LTD,900.00,917.40,885.00,915.35,916.00,899.55,,915.33,,,177090,160033152.35,14131,F1,1,,,,,
2026-10-06,2026-10-06,CM,NSE,STK,20822,INE843S01025,SURAJEST,EQ,,,,,SURAJ ESTATE DEVELOPERS L,210.68,211.00,204.00,205.53,206.90,208.40,,205.52,,,92916,19214868.41,1779,F1,1,,,,,
2026-10-06,2026-10-06,CM,NSE,STK,24966,INE713C01016,SURAJLTD,EQ,,,,,SURAJ LIMITED,195.00,195.00,180.00,187.40,187.99,191.50,,187.62,,,3738,686971.69,221,F1,1,,,,,
2026-10-06,2026-10-06,CM,NSE,STK,27334,INE877V01027,SURAKSHA,EQ,,,,,SURAKSHA DIAGNOSTIC LTD,330.20,334.70,325.15,332.00,330.50,331.85,,331.97,,,57477,18946288.45,2953,F1,1,,,,,
2026-10-06,2026-10-06,CM,NSE,STK,21077,INE272L01022,SURANASOL,EQ,,,,,SURANA SOLAR LIMITED,23.65,24.07,23.56,23.67,24.00,24.07,,23.67,,,42501,1009881.38,447,F1,1,,,,,
2026-10-06,2026-10-06,CM,NSE,STK,10700,INE130B01031,SURANAT&P,EQ,,,,,SURANA TELECOM AND POW LT,15.65,16.10,15.60,15.76,15.61,15.65,,15.70,,,29445,465370.51,251,F1,1,,,,,
2026-10-06,2026-10-06,CM,NSE,STK,8513,INE01ZJ01015,SURANI,SM,,,,,SURANI STEEL TUBES LTD.,144.05,144.05,140.00,144.05,144.05,120.05,,144.05,,,69400,9995010.00,115,F1,200,,,,,
2026-10-06,2026-10-06,CM,NSE,STK,14139,INE05ST01028,SBGLP,EQ,,,,,SURATWWALA BUS GROUP LTD,23.22,23.88,22.56,22.78,22.81,23.11,,22.78,,,45230,1039023.24,363,F1,1,,,,,
2026-10-06,2026-10-06,CM,NSE,STK,3375,INE335A01020,SURYAROSNI,EQ,,,,,SURYA ROSHNI LTD,220.10,222.90,218.65,221.35,222.00,220.41,,221.35,,,165570,36652898.68,4830,F1,1,,,,,
2026-10-06,2026-10-06,CM,NSE,STK,11852,INE713B01026,SURYALAXMI,EQ,,,,,SURYALAKSHMI COT MIL LTD,57.45,57.97,57.00,57.00,57.00,57.50,,57.00,,,1173,67329.96,15,F1,1,,,,,
2026-10-06,2026-10-06,CM,NSE,STK,762924,INE132C01027,SURYALA,EQ,,,,,SURYALATA SPINNING MILL L,377.00,386.95,376.30,376.30,376.30,377.15,,375.65,,,255,96418.10,9,F1,1,,,,,
2026-10-06,2026-10-06,CM,NSE,STK,2970,INE428Q01011,SURYODAY,EQ,,,,,SURYODAY SMALL FIN BK LTD,148.88,154.45,145.91,151.47,151.50,146.86,,151.48,,,305987,45880714.46,4851,F1,1,,,,,
2026-10-06,2026-10-06,CM,NSE,STK,21321,INE0R8O23017,SEITINVIT,IV,,,,,SUSTAINABLE ENERGY INFRA,122.00,122.00,122.00,122.00,122.00,122.05,,122.00,,,25000,3050000.00,1,F1,25000,,,,,
2026-10-06,2026-10-06,CM,NSE,STK,13801,INE645H01027,SUTLEJTEX,EQ,,,,,SUTLEJ TEXT & INDUS LTD,38.10,38.10,36.26,37.04,37.01,36.97,,37.04,,,13973,518225.89,240,F1,1,,,,,
2026-10-06,2026-10-06,CM,NSE,STK,11233,INE495B01038,SUVEN,EQ,,,,,SUVEN LIFE SCIENCES LTD,308.00,312.50,302.30,309.15,310.00,306.30,,309.15,,,920242,283646655.75,16308,F1,1,,,,,
2026-10-06,2026-10-06,CM,NSE,STK,2998,INE018401013,SUVIDHAA,EQ,,,,,SUVIDHAA INFOSERVE LTD,2.12,2.13,1.91,2.07,2.05,2.10,,2.06,,,100019,205920.40,251,F1,1,,,,,
2026-10-06,2026-10-06,CM,NSE,STK,24851,INE442P01014,SUYOG,EQ,,,,,SUYOG TELEMATICS LIMITED,665.25,677.90,653.00,667.25,676.90,664.25,,667.25,,,10888,7237725.60,1064,F1,1,,,,,
2026-10-06,2026-10-06,CM,NSE,STK,12018,INE040H01021,SUZLON,EQ,,,,,SUZLON ENERGY LIMITED,39.01,39.45,38.85,39.16,39.16,38.92,,39.16,,,42495197,1664365191.01,69032,F1,1,,,,,
2026-10-06,2026-10-06,CM,NSE,STK,5020,INE308E01029,SVPGLOB,EQ,,,,,SVP GLOBAL TEXTILES LTD,3.04,3.16,2.96,3.11,3.14,3.03,,3.11,,,59824,179822.94,69,F1,1,,,,,
2026-10-06,2026-10-06,CM,NSE,STK,27095,INE665A01038,SWANCORP,EQ,,,,,SWAN CORP LIMITED,263.10,270.75,262.60,268.85,269.60,262.90,,268.85,,,817660,217508450.00,18312,F1,1,,,,,
2026-10-06,2026-10-06,CM,NSE,STK,29164,INE542F01020,SWANDEF,BE,,,,,SWAN DEFENCE N HEVY IND L,2720.00,2769.90,2660.00,2760.20,2740.00,2728.80,,2760.09,,,23194,63589947.30,1121,F1,1,,,,,
2026-10-06,2026-10-06,CM,NSE,STK,3384,INE277A01016,SWARAJENG,EQ,,,,,SWARAJ ENGINES LTD,3524.80,3549.90,3511.00,3537.80,3540.00,3532.20,,3537.83,,,9212,32509867.30,2362,F1,1,,,,,
2026-10-06,2026-10-06,CM,NSE,STK,764496,INE0GMR01016,SWARAJ,BE,,,,,SWARAJ SUITING LIMITED,365.00,368.00,351.55,354.70,360.00,369.80,,355.56,,,31212,11220716.65,186,F1,1,,,,,
2026-10-06,2026-10-06,CM,NSE,STK,765185,INE967A01012,SWARNSAR,EQ,,,,,SWARNSARITA JEWELS IND L,40.14,41.00,39.00,40.62,40.73,40.14,,40.69,,,11939,475069.23,67,F1,1,,,,,
2026-10-06,2026-10-06,CM,NSE,STK,11497,INE0DGC01025,SWASTIK,ST,,,,,SWASTIK PIPE LIMITED,18.05,18.05,18.05,18.05,18.05,19.00,,18.05,,,1200,21660.00,1,F1,1200,,,,,
2026-10-06,2026-10-06,CM,NSE,STK,766301,INE1QJA01015,SWASTIKAIN,BE,,,,,SWASTIKA INFRA LIMITED,205.00,217.00,198.05,200.13,200.05,208.47,,200.12,,,445285,89489169.46,2618,F1,1,,,,,
2026-10-06,2026-10-06,CM,NSE,STK,11909,INE409B01013,SWELECTES,EQ,,,,,SWELECT ENERGY SYS LTD,608.50,620.00,595.00,613.80,618.20,600.10,,613.69,,,28332,17353709.35,2109,F1,1,,,,,
2026-10-06,2026-10-06,CM,NSE,STK,27066,INE00H001014,SWIGGY,EQ,,,,,SWIGGY LIMITED,240.00,244.75,238.00,244.20,244.20,238.80,,244.20,,,9738654,2354990355.85,48117,F1,1,,,,,
2026-10-06,2026-10-06,CM,NSE,STK,765193,INE010C01025,SWISSMLTRY,BE,,,,,SWISS MILITARY CON GOOD L,14.49,14.49,13.85,14.07,14.19,14.16,,14.08,,,34146,479286.09,268,F1,1,,,,,
2026-10-06,2026-10-06,CM,NSE,STK,765485,INE899I01028,SYMBIOTEC,EQ,,,,,SYMBIOTEC PHARMALAB LTD,1168.90,1209.50,1138.60,1149.50,1151.00,1169.70,,1149.51,,,641019,747897091.60,36936,F1,1,,,,,
2026-10-06,2026-10-06,CM,NSE,STK,24190,INE225D01027,SYMPHONY,EQ,,,,,SYMPHONY LIMITED,564.15,568.00,555.00,556.95,558.00,559.45,,556.97,,,55548,31131171.35,3354,F1,1,,,,,
2026-10-06,2026-10-06,CM,NSE,STK,11992,INE312C01025,SYNCOMF,EQ,,,,,SYNCOM FORMU (I) LTD,23.14,23.83,22.77,23.22,23.25,23.14,,23.22,,,15329504,355726885.67,22815,F1,1,,,,,
2026-10-06,2026-10-06,CM,NSE,STK,5114,INE00QT01015,SGIL,EQ,,,,,SYNERGY GREEN IND. LTD,603.45,614.65,598.55,603.20,601.80,603.00,,603.21,,,4622,2791300.45,427,F1,1,,,,,
2026-10-06,2026-10-06,CM,NSE,STK,10243,INE398R01022,SYNGENE,EQ,,,,,SYNGENE INTERNATIONAL LTD,357.40,364.00,355.55,363.20,359.15,357.40,,363.19,,,319188,114988378.95,17381,F1,1,,,,,
2026-10-06,2026-10-06,CM,NSE,STK,17203,INE0BTR01012,SYNOPTICS,SM,,,,,SYNOPTICS TECHNOLOGIES L,50.85,50.85,50.85,50.85,50.85,50.85,,50.85,,,600,30510.00,1,F1,600,,,,,
2026-10-06,2026-10-06,CM,NSE,STK,10793,INE0DYJ01015,SYRMA,EQ,,,,,SYRMA SGS TECHNOLOGY LTD,1738.10,1738.10,1670.30,1685.10,1688.00,1700.40,,1685.05,,,817702,1381684054.50,51919,F1,1,,,,,
2026-10-06,2026-10-06,CM,NSE,STK,14506,INE0O7R01011,SYSTANGO,SM,,,,,SYSTANGO TECHNOLOGIES LTD,217.00,221.95,217.00,219.20,219.40,215.30,,219.20,,,3600,790260.00,9,F1,400,,,,,
2026-10-06,2026-10-06,CM,NSE,STK,759358,INE356B01024,SYSTMTXC,BE,,,,,SYSTEMATIX CORP SERVICE L,73.10,73.10,73.00,73.05,73.05,73.50,,73.00,,,2595,189566.92,21,F1,1,,,,,
2026-10-06,2026-10-06,CM,NSE,STK,764955,INE284B01028,TGVSL,EQ,,,,,T G V SRAAC LTD.,122.29,126.00,121.55,125.48,125.40,121.99,,125.46,,,360172,44762935.26,5189,F1,1,,,,,
2026-10-06,2026-10-06,CM,NSE,STK,14314,INE592B01024,TTL,EQ,,,,,T T LIMITED,7.84,7.84,7.30,7.38,7.43,7.77,,7.38,,,264595,2017254.62,403,F1,1,,,,,
2026-10-06,2026-10-06,CM,NSE,STK,762929,INE524T01029,TAALTECH,EQ,,,,,TAAL TECH LTD.,939.90,1115.00,913.60,1093.40,1106.00,929.70,,1093.36,,,622209,651604363.20,36299,F1,1,,,,,
2026-10-06,2026-10-06,CM,NSE,STK,23441,INE0SOY01013,TAC,ST,,,,,TAC INFOSEC LIMITED,389.05,409.20,386.15,409.20,409.20,389.75,,409.20,,,48000,19196380.00,194,F1,200,,,,,
2026-10-06,2026-10-06,CM,NSE,STK,3396,INE123C01018,TAINWALCHM,EQ,,,,,TAINWALA CHEMICAL AND PLA,204.49,204.49,200.10,201.12,201.97,197.18,,201.12,,,695,139521.62,29,F1,1,,,,,
2026-10-06,2026-10-06,CM,NSE,STK,9354,INE586B01026,TAJGVK,EQ,,,,,TAJ GVK HOTELS & RESORTS,315.00,320.50,314.40,318.30,319.00,315.30,,318.31,,,24032,7637459.35,1128,F1,1,,,,,
2026-10-06,2026-10-06,CM,NSE,STK,14917,INE142I01023,TAKE,EQ,,,,,TAKE LIMITED,11.86,12.49,11.51,11.55,11.52,12.06,,11.56,,,577722,6861414.82,1937,F1,1,,,,,
2026-10-06,2026-10-06,CM,NSE,STK,13648,INE187D01029,TALBROAUTO,EQ,,,,,TALBROS AUTO. COMP. LTD,416.45,434.00,416.30,429.45,434.00,416.45,,429.08,,,138664,59137617.00,6188,F1,1,,,,,
2026-10-06,2026-10-06,CM,NSE,STK,762937,INE864J01012,TAMBOLIIN,BE,,,,,TAMBOLI INDUSTRIES LTD.,295.00,310.85,295.00,300.35,308.00,296.05,,300.35,,,22764,6971090.70,79,F1,1,,,,,
2026-10-06,2026-10-06,CM,NSE,STK,10945,INE668A01016,TMB,EQ,,,,,TAMILNAD MERCA BANK LTD,883.95,889.95,872.40,878.95,878.00,886.25,,878.96,,,136215,119972506.75,14570,F1,1,,,,,
2026-10-06,2026-10-06,CM,NSE,STK,3980,INE107A01015,TNPL,EQ,,,,,TAMILNADU NEWSPRT & PAPER,147.40,148.92,145.61,145.94,146.32,146.49,,145.94,,,62489,9174928.75,2227,F1,1,,,,,
2026-10-06,2026-10-06,CM,NSE,STK,3509,INE148A01019,TNPETRO,EQ,,,,,TAMILNADU PETROPRODUCTS L,123.00,127.13,123.00,126.03,125.63,122.75,,126.04,,,803613,100633048.50,14533,F1,1,,,,,
2026-10-06,2026-10-06,CM,NSE,STK,9884,INE141D01018,TNTELE,BE,,,,,TAMILNADU TELECOMMUNICATI,10.45,10.45,10.45,10.45,10.45,10.99,,10.45,,,32851,343292.95,56,F1,1,,,,,
2026-10-06,2026-10-06,CM,NSE,STK,764945,INE692C01020,TANAA,EQ,,,,,TANEJA AEROSPACE & AVIA L,315.00,323.70,308.10,309.30,310.00,314.35,,309.35,,,36995,11598888.85,2067,F1,1,,,,,
2026-10-06,2026-10-06,CM,NSE,STK,756338,INE0Z7N01017,TANKUP,ST,,,,,TANKUP ENGINEERS LIMITED,1778.50,1787.70,1778.50,1787.70,1787.70,1752.65,,1787.70,,,2750,4910875.00,11,F1,250,,,,,
2026-10-06,2026-10-06,CM,NSE,STK,13976,INE483C01032,TANLA,EQ,,,,,TANLA PLATFORMS LIMITED,489.50,493.40,487.30,492.15,492.30,488.00,,492.13,,,132721,65107252.85,8050,F1,1,,,,,
2026-10-06,2026-10-06,CM,NSE,STK,23512,INE555Z01020,TARACHAND,EQ,,,,,TARA CHAND INFRA SOLN LTD,47.50,47.50,46.01,46.42,46.34,46.47,,46.42,,,40223,1870652.30,1073,F1,1,,,,,
2026-10-06,2026-10-06,CM,NSE,STK,18827,INE747K01017,TARAPUR,EQ,,,,,TARAPUR TRANSFORMERS LTD,11.95,11.95,11.20,11.61,11.75,11.58,,11.58,,,24826,290101.36,222,F1,1,,,,,
2026-10-06,2026-10-06,CM,NSE,STK,1581,INE0EK901012,TARC,EQ,,,,,TARC LIMITED,123.95,124.56,122.36,124.10,124.34,122.84,,124.12,,,180539,22252173.99,1662,F1,1,,,,,
2026-10-06,2026-10-06,CM,NSE,STK,14771,INE924H01018,TARMAT,EQ,,,,,TARMAT LIMITED,57.80,59.99,56.30,56.79,57.25,56.20,,56.78,,,78718,4572184.01,848,F1,1,,,,,
2026-10-06,2026-10-06,CM,NSE,STK,6943,INE144Z01023,TARSONS,EQ,,,,,TARSONS PRODUCTS LIMITED,332.75,349.00,329.55,331.65,333.80,335.95,,331.70,,,166476,56654835.60,5264,F1,1,,,,,
2026-10-06,2026-10-06,CM,NSE,STK,20092,INE488B01017,TASTYBITE,EQ,,,,,TASTY BITE EATABLES LTD,9477.00,9486.50,9321.00,9413.00,9460.50,9377.50,,9418.13,,,932,8747543.00,414,F1,1,,,,,
2026-10-06,2026-10-06,CM,NSE,STK,759265,INE976I01016,TATACAP,EQ,,,,,TATA CAPITAL LIMITED,317.60,323.05,316.60,322.10,322.70,317.60,,322.09,,,1014911,325488370.55,42919,F1,1,,,,,
2026-10-06,2026-10-06,CM,NSE,STK,3405,INE092A01019,TATACHEM,EQ,,,,,TATA CHEMICALS LTD,620.00,624.75,615.40,616.55,617.00,617.40,,616.55,,,691824,427981422.50,23853,F1,1,,,,,
2026-10-06,2026-10-06,CM,NSE,STK,3721,INE151A01013,TATACOMM,EQ,,,,,TATA COMMUNICATIONS LTD,1678.00,1694.70,1664.20,1681.80,1690.00,1677.20,,1681.79,,,132327,222420629.20,10468,F1,1,,,,,
2026-10-06,2026-10-06,CM,NSE,STK,11536,INE467B01029,TCS,EQ,,,,,TATA CONSULTANCY SERV LT,2097.00,2115.00,2082.70,2100.00,2100.00,2114.40,,2099.99,,,2382510,4989553680.60,81520,F1,1,,,,,
2026-10-06,2026-10-06,CM,NSE,STK,3432,INE192A01025,TATACONSUM,EQ,,,,,TATA CONSUMER PRODUCT LTD,953.75,976.00,946.25,976.00,976.00,953.75,,975.99,,,904358,868741046.85,31639,F1,1,,,,,
2026-10-06,2026-10-06,CM,NSE,STK,3411,INE670A01012,TATAELXSI,EQ,,,,,TATA ELXSI LIMITED,3110.10,3119.90,3078.10,3093.00,3093.00,3105.00,,3093.06,,,196732,608865392.20,24764,F1,1,,,,,
2026-10-06,2026-10-06,CM,NSE,STK,1621,INE672A01026,TATAINVEST,EQ,,,,,TATA INVESTMENT CORP LTD,628.05,637.80,621.65,624.15,624.40,621.75,,624.15,,,335796,211311537.70,16944,F1,1,,,,,
2026-10-06,2026-10-06,CM,NSE,STK,759782,INE1TAE01010,TMCV,EQ,,,,,TATA MOTORS LIMITED,427.30,437.55,423.70,433.80,431.45,426.80,,433.78,,,7619951,3269796070.30,140984,F1,1,,,,,
2026-10-06,2026-10-06,CM,NSE,STK,3456,INE155A01022,TMPV,EQ,,,,,TATA MOTORS PASS VEH LTD,288.40,290.40,285.10,285.80,285.80,288.65,,285.80,,,7578840,2177397454.25,64320,F1,1,,,,,
2026-10-06,2026-10-06,CM,NSE,STK,3426,INE245A01021,TATAPOWER,EQ,,,,,TATA POWER CO LTD,352.10,356.75,349.85,351.65,351.65,351.50,,351.65,,,5741438,2026666333.10,31877,F1,1,,,,,
2026-10-06,2026-10-06,CM,NSE,STK,3499,INE081A01020,TATASTEEL,EQ,,,,,TATA STEEL LIMITED,178.25,180.38,177.00,178.69,178.69,178.14,,178.69,,,17244259,3079971142.27,130013,F1,1,,,,,
2026-10-06,2026-10-06,CM,NSE,STK,20293,INE142M01025,TATATECH,EQ,,,,,TATA TECHNOLOGIES LIMITED,704.45,707.45,695.80,703.10,703.00,697.55,,703.07,,,307198,215225458.40,23068,F1,1,,,,,
2026-10-06,2026-10-06,CM,NSE,STK,8954,INE517B01013,TTML,EQ,,,,,TATA TELESERV(MAHARASTRA),33.92,34.43,33.92,34.18,34.24,34.33,,34.17,,,1255795,42920228.62,7408,F1,1,,,,,
2026-10-06,2026-10-06,CM,NSE,STK,7838,INF277K015R5,NETF,EQ,,,,,TATAAML - NETF,252.18,252.18,246.03,247.59,247.00,246.03,,247.53,,,736,182273.02,86,F1,1,,,,,
2026-10-06,2026-10-06,CM,NSE,STK,12978,INF277K010X4,NPBET,EQ,,,,,TATAAML - NPBET,278.86,281.89,278.86,281.10,281.00,276.10,,281.10,,,333,93471.52,21,F1,1,,,,,
2026-10-06,2026-10-06,CM,NSE,STK,8882,INF277KA1364,TNIDETF,EQ,,,,,TATAAML - TNIDETF,83.55,84.98,83.10,84.01,83.18,83.14,,84.01,,,80842,6806362.90,389,F1,1,,,,,
2026-10-06,2026-10-06,CM,NSE,STK,21401,INF277KA1976,TATAGOLD,EQ,,,,,TATAAML-TATAGOLD,14.25,14.30,14.18,14.28,14.29,14.30,,14.28,,,52143065,741749584.96,61494,F1,1,,,,,
2026-10-06,2026-10-06,CM,NSE,STK,21428,INF277KA1984,TATSILV,EQ,,,,,TATAAML-TATSILV,21.38,21.42,21.17,21.40,21.41,21.53,,21.40,,,28052039,597141447.28,39462,F1,1,,,,,
2026-10-06,2026-10-06,CM,NSE,STK,5162,INE0GK401011,TATVA,EQ,,,,,TATVA CHIN PHARM CHEM LTD,1820.10,1900.00,1794.30,1877.40,1899.00,1799.00,,1877.77,,,132614,245021116.10,13330,F1,1,,,,,
2026-10-06,2026-10-06,CM,NSE,STK,759759,INE0XWS01018,TAURIAN,ST,,,,,TAURIAN MPS LIMITED,618.00,646.25,618.00,645.50,645.50,617.85,,645.50,,,34400,22083600.00,38,F1,800,,,,,
2026-10-06,2026-10-06,CM,NSE,STK,11754,INE053F07835,753IRFC30,NJ,,,,,TAX FREE  7.53% SR. 103 A,1065.05,1071.90,1065.02,1071.88,1071.90,1065.72,,1071.88,,,2865,3063780.69,19,F1,1,,,,,
2026-10-06,2026-10-06,CM,NSE,STK,15168,INE053F07900,764IRFC31,NO,,,,,TAX FREE  7.64% SR. 108A,1080.00,1085.00,1076.30,1078.00,1078.00,1076.25,,1078.00,,,1462,1577924.30,7,F1,1,,,,,
2026-10-06,2026-10-06,CM,NSE,STK,14529,INE906B07EP5,769NHAI31,NE,,,,,TAX FREE 7.69% SR. IIB,1077.10,1080.00,1077.10,1077.78,1078.00,1077.04,,1077.78,,,2035,2195369.95,9,F1,1,,,,,
2026-10-06,2026-10-06,CM,NSE,STK,11757,INE053F07843,750IRFC35,NK,,,,,TAX FREE7.50% SR.104 A,1153.01,1153.01,1150.22,1153.00,1153.00,1150.20,,1153.00,,,115,132456.10,4,F1,1,,,,,
2026-10-06,2026-10-06,CM,NSE,STK,12003,INE906B07EJ8,76NHAI31,NA,,,,,TAX FREE7.60% SR.IIB,1114.90,1114.90,1112.00,1112.06,1112.05,1112.69,,1112.06,,,1017,1131014.55,9,F1,1,,,,,
2026-10-06,2026-10-06,CM,NSE,STK,29111,INE020B07GX4,738REC27TF,N2,,,,,TAXFREE SEC NCD TR1 S2,1079.00,1079.00,1077.68,1077.68,1077.68,1079.00,,1077.68,,,1000,1078029.32,3,F1,1,,,,,
2026-10-06,2026-10-06,CM,NSE,STK,24019,INE0N2D01013,TBI,SM,,,,,TBI CORN LIMITED,74.00,74.90,71.30,73.20,72.40,74.65,,73.20,,,57600,4195740.00,76,F1,600,,,,,
2026-10-06,2026-10-06,CM,NSE,STK,23740,INE673O01025,TBOTEK,EQ,,,,,TBO TEK LIMITED,1659.90,1702.10,1624.20,1693.20,1683.60,1657.00,,1693.19,,,178083,295131299.70,12205,F1,1,,,,,
2026-10-06,2026-10-06,CM,NSE,STK,761814,INE887D01024,TCC,EQ,,,,,TCC CONCEPT LIMITED,46.61,49.04,46.22,47.09,46.51,47.07,,47.09,,,720355,34285898.89,6166,F1,1,,,,,
2026-10-06,2026-10-06,CM,NSE,STK,19223,INE586V01016,TCIEXP,EQ,,,,,TCI EXPRESS LIMITED,504.00,507.00,491.30,501.40,500.65,494.20,,501.44,,,25355,12617529.90,1576,F1,1,,,,,
2026-10-06,2026-10-06,CM,NSE,STK,4771,INE911B01018,TCIFINANCE,EQ,,,,,TCI FINANCE LTD,14.23,14.89,14.00,14.16,14.15,14.30,,14.23,,,7205,101997.09,81,F1,1,,,,,
2026-10-06,2026-10-06,CM,NSE,STK,184,INE822C01015,TCPLPACK,EQ,,,,,TCPL PACKAGING LIMITED,3975.00,4023.10,3890.20,4007.90,4022.00,3933.60,,4004.24,,,2681,10644990.40,727,F1,1,,,,,
2026-10-06,2026-10-06,CM,NSE,STK,25178,INE419M01035,TDPOWERSYS,EQ,,,,,TD POWER SYSTEMS LTD.,810.00,832.75,798.30,816.00,816.90,812.90,,816.01,,,2739151,2237629402.70,85046,F1,1,,,,,
2026-10-06,2026-10-06,CM,NSE,STK,10717,INE289C01025,TEAMGTY,EQ,,,,,TEAM INDIA GUARANTY LTD,239.80,239.80,235.00,235.02,235.00,236.15,,234.87,,,326,76625.42,15,F1,1,,,,,
2026-10-06,2026-10-06,CM,NSE,STK,12716,INE985S01024,TEAMLEASE,EQ,,,,,TEAMLEASE SERVICES LTD.,1126.10,1147.10,1121.00,1130.30,1130.00,1134.60,,1130.30,,,16958,19167990.20,2246,F1,1,,,,,
2026-10-06,2026-10-06,CM,NSE,STK,17000,INE065J01024,TPHQ,BE,,,,,TEAMO PRODUCTIONS HQ LTD,0.49,0.50,0.47,0.48,0.49,0.49,,0.48,,,1369830,666720.20,319,F1,1,,,,,
2026-10-06,2026-10-06,CM,NSE,STK,763571,INE2OL601013,TEAMTECH,ST,,,,,TEAMTECH FORMWORK SOL LTD,153.40,153.40,151.00,151.80,151.60,153.20,,151.80,,,14000,2131300.00,7,F1,2000,,,,,
2026-10-06,2026-10-06,CM,NSE,STK,13538,INE669C01036,TECHM,EQ,,,,,TECH MAHINDRA LIMITED,1536.00,1540.80,1495.00,1504.50,1504.50,1535.90,,1504.50,,,2389084,3592046386.20,70760,F1,1,,,,,
2026-10-06,2026-10-06,CM,NSE,STK,759138,INE0Y5H01014,TECHD,SM,,,,,TECHD CYBERSECURITY LTD,567.50,567.50,515.00,529.80,526.00,552.00,,529.80,,,29400,15800835.00,93,F1,300,,,,,
2026-10-06,2026-10-06,CM,NSE,STK,25652,INE0JQS01019,TECHERA,SM,,,,,TECHERA ENGINEER (IND) L,154.15,158.05,151.15,153.30,153.00,159.10,,153.30,,,156000,24014320.00,187,F1,800,,,,,
2026-10-06,2026-10-06,CM,NSE,STK,6445,INE285K01026,TECHNOE,EQ,,,,,TECHNO ELEC & ENG CO. LTD,980.90,1003.20,980.80,996.20,988.00,978.60,,996.10,,,112790,111917319.90,9426,F1,1,,,,,
2026-10-06,2026-10-06,CM,NSE,STK,14223,INE545H01011,TIIL,EQ,,,,,TECHNOCRAFT IND LTD,2815.30,2850.00,2777.80,2819.10,2835.00,2815.30,,2818.99,,,20082,56588335.50,3612,F1,1,,,,,
2026-10-06,2026-10-06,CM,NSE,STK,764532,INE1D0W01018,TECHNOCRAF,EQ,,,,,TECHNOCRAFT VENTURES LTD,471.25,479.80,455.10,467.25,469.15,471.10,,467.23,,,646452,303068057.30,18382,F1,1,,,,,
2026-10-06,2026-10-06,CM,NSE,STK,762939,INE314H01012,TECHNVISN,EQ,,,,,TECHNVISION VENTURES LTD.,3801.10,4012.90,3801.10,4012.90,4012.90,3821.90,,4020.48,,,118,464542.40,58,F1,1,,,,,
2026-10-06,2026-10-06,CM,NSE,STK,3453,INE014B01011,TECILCHEM,EQ,,,,,TECIL CHEMICALS,9.55,9.55,9.14,9.24,9.18,9.56,,9.24,,,2818,26485.28,49,F1,1,,,,,
2026-10-06,2026-10-06,CM,NSE,STK,23530,INE0K6601012,TGL,ST,,,,,TEERTH GOPICON LIMITED,12.70,13.20,12.70,13.20,13.20,12.95,,13.20,,,39400,503180.00,63,F1,200,,,,,
2026-10-06,2026-10-06,CM,NSE,STK,7105,INE011K01018,TEGA,EQ,,,,,TEGA INDUSTRIES LIMITED,2091.60,2129.00,2060.80,2092.50,2095.00,2064.10,,2092.51,,,249989,524624824.70,17643,F1,1,,,,,
2026-10-06,2026-10-06,CM,NSE,STK,763825,INE0R1301019,TEJA,SM,,,,,TEJA ENGINEERING IND L,212.05,212.05,212.05,212.05,212.05,214.20,,212.05,,,1200,254460.00,2,F1,600,,,,,
2026-10-06,2026-10-06,CM,NSE,STK,21131,INE010J01012,TEJASNET,EQ,,,,,TEJAS NETWORKS LIMITED,466.80,484.80,465.65,475.85,475.85,463.20,,475.86,,,1878474,898545247.10,48630,F1,1,,,,,
2026-10-06,2026-10-06,CM,NSE,STK,3275,INE869Y01028,TEMBO,EQ,,,,,TEMBO GLOBAL IND LTD,55.88,58.86,55.88,58.25,57.98,55.18,,58.25,,,5603319,325983541.75,11748,F1,1,,,,,
2026-10-06,2026-10-06,CM,NSE,STK,765426,INE1KZI01025,TEMPSENS,EQ,,,,,TEMPSENS INST (INDIA) LTD,495.60,520.00,486.15,515.50,514.75,493.95,,515.46,,,1537191,773234265.30,37381,F1,1,,,,,
2026-10-06,2026-10-06,CM,NSE,STK,759880,INE19RI01016,TENNIND,EQ,,,,,TENNECO CLEAN AIR INDIA L,487.15,497.45,483.30,494.15,492.75,487.00,,494.15,,,577492,284103566.25,29230,F1,1,,,,,
2026-10-06,2026-10-06,CM,NSE,STK,19292,INE482B01010,TERASOFT,EQ,,,,,TERA SOFTWARE LIMITED,235.85,263.16,230.00,237.77,235.31,227.86,,237.70,,,92595,22312654.44,3695,F1,1,,,,,
2026-10-06,2026-10-06,CM,NSE,STK,764950,INE390D01011,TERAI,EQ,,,,,TERAI TEA CO. LTD.,110.00,120.00,110.00,120.00,120.00,116.00,,114.50,,,4,452.20,3,F1,1,,,,,
2026-10-06,2026-10-06,CM,NSE,STK,11549,INE435C01024,TEXINFRA,EQ,,,,,TEXMACO INFRA & HOLDG LTD,120.80,126.40,119.00,125.42,126.00,120.53,,125.42,,,587316,72307878.51,4855,F1,1,,,,,
2026-10-06,2026-10-06,CM,NSE,STK,21828,INE621L01012,TEXRAIL,EQ,,,,,TEXMACO RAIL & ENG. LTD.,118.20,119.92,116.72,117.38,117.40,117.18,,117.38,,,2061189,243696334.84,17911,F1,1,,,,,
2026-10-06,2026-10-06,CM,NSE,STK,18214,INE141K01013,TEXMOPIPES,EQ,,,,,TEXMO PIPE & PRODUCTS LTD,50.68,54.50,50.10,53.80,53.50,50.37,,53.80,,,175736,9317615.47,2405,F1,1,,,,,
2026-10-06,2026-10-06,CM,NSE,STK,10744,INE733E07JT8,737NTPC35C,NA,,,,,TFB 7.37% 2035 SR. 3A,1148.00,1149.00,1148.00,1149.00,1149.00,1356.00,,1149.00,,,61,70056.00,3,F1,1,,,,,
2026-10-06,2026-10-06,CM,NSE,STK,10749,INE733E07JV4,753NTPC30E,NC,,,,,TFB 7.53% 2030 SR. 2B,1060.50,1060.50,1060.50,1060.50,1060.50,1060.50,,1060.50,,,156,165438.00,1,F1,1,,,,,
2026-10-06,2026-10-06,CM,NSE,STK,10751,INE733E07JW2,762NTPC35F,ND,,,,,TFB 7.62% 2035 SR. 3B,1190.00,1190.00,1184.00,1184.00,1184.00,1157.75,,1165.50,,,60,71340.00,2,F1,1,,,,,
2026-10-06,2026-10-06,CM,NSE,STK,14607,INE797H01018,TGBHOTELS,EQ,,,,,TGB BANQUETS&HOTELS LTD,9.70,9.70,9.20,9.37,9.50,9.51,,9.37,,,4118,38666.50,55,F1,1,,,,,
2026-10-06,2026-10-06,CM,NSE,STK,22777,INE0QJL01014,TCL,SM,,,,,THAAI CASTING LIMITED,137.00,141.15,133.00,137.45,137.00,139.30,,137.45,,,154400,21140800.00,49,F1,800,,,,,
2026-10-06,2026-10-06,CM,NSE,STK,762944,INE077P01034,THACKER,EQ,,,,,THACKER & CO. LTD.,940.00,940.00,939.65,939.65,939.65,935.00,,954.83,,,11,10339.65,2,F1,1,,,,,
2026-10-06,2026-10-06,CM,NSE,STK,18118,INE085J01014,THANGAMAYL,EQ,,,,,THANGAMAYIL JEWELLERY LTD,4794.00,4847.00,4726.00,4758.50,4751.00,4747.00,,4758.55,,,41236,196490504.50,9424,F1,1,,,,,
2026-10-06,2026-10-06,CM,NSE,STK,9014,INE294Z01018,ANUP,EQ,,,,,THE ANUP ENGINEERING LTD,1538.80,1585.00,1536.10,1575.90,1580.00,1539.00,,1575.91,,,18047,28148854.60,3861,F1,1,,,,,
2026-10-06,2026-10-06,CM,NSE,STK,7919,INE319B01014,BYKE,EQ,,,,,THE BYKE HOSPITALITY LTD,29.78,29.96,29.00,29.46,29.49,29.66,,29.42,,,22384,659337.77,277,F1,1,,,,,
2026-10-06,2026-10-06,CM,NSE,STK,13776,INE017A01032,GESHIP,EQ,,,,,THE GE SHPG.LTD,1565.00,1565.10,1523.40,1532.60,1533.80,1559.30,,1532.62,,,740133,1134663729.00,33020,F1,1,,,,,
2026-10-06,2026-10-06,CM,NSE,STK,17770,INE646C01018,GROBTEA,EQ,,,,,THE GROB TEA COMPANY LTD,872.80,900.00,872.80,873.95,873.90,872.80,,873.95,,,107,94803.90,28,F1,1,,,,,
2026-10-06,2026-10-06,CM,NSE,STK,8568,INE127B01011,HITECHGEAR,BE,,,,,THE HI-TECH GEARS LIMITED,590.40,613.80,555.40,568.90,581.00,584.60,,568.90,,,10320,5931825.90,234,F1,1,,,,,
2026-10-06,2026-10-06,CM,NSE,STK,1515,INE383A01012,INDIACEM,EQ,,,,,THE INDIA CEMENTS LIMITED,299.75,303.15,294.15,295.25,294.15,299.05,,295.25,,,139497,41567555.80,9093,F1,1,,,,,
2026-10-06,2026-10-06,CM,NSE,STK,1512,INE053A01029,INDHOTEL,EQ,,,,,THE INDIAN HOTELS CO. LTD,720.30,736.00,720.30,736.00,736.00,725.00,,735.98,,,2461719,1798254223.95,51314,F1,1,,,,,
2026-10-06,2026-10-06,CM,NSE,STK,21427,INE924D01017,THEINVEST,EQ,,,,,THE INVEST TRUST OF IND L,91.00,92.65,90.25,90.81,90.25,90.10,,90.72,,,1290,116584.15,34,F1,1,,,,,
2026-10-06,2026-10-06,CM,NSE,STK,399,INE470Y01017,NIACL,EQ,,,,,THE NEW INDIA ASSU CO LTD,158.00,163.50,158.00,160.72,161.50,158.36,,160.72,,,1937355,312991738.83,22596,F1,1,,,,,
2026-10-06,2026-10-06,CM,NSE,STK,10318,INE431F01018,PKTEA,BE,,,,,THE P K TEA PROD CO LTD,1032.00,1033.00,981.40,983.20,986.90,1033.00,,983.20,,,900,891582.80,121,F1,1,,,,,
2026-10-06,2026-10-06,CM,NSE,STK,14552,INE211B01039,PHOENIXLTD,EQ,,,,,THE PHOENIX MILLS LTD,1946.80,1946.80,1857.80,1883.50,1883.50,1935.00,,1883.48,,,617915,1160474396.50,42221,F1,1,,,,,
2026-10-06,2026-10-06,CM,NSE,STK,2043,INE331A01037,RAMCOCEM,EQ,,,,,THE RAMCO CEMENTS LIMITED,842.90,849.70,834.80,848.25,848.00,837.10,,848.25,,,167222,140644926.65,5867,F1,1,,,,,
2026-10-06,2026-10-06,CM,NSE,STK,2939,INE301D01026,RUBYMILLS,EQ,,,,,THE RUBY MILLS LTD,490.00,519.00,487.85,512.80,518.00,494.20,,512.57,,,22847,11467748.55,1050,F1,1,,,,,
2026-10-06,2026-10-06,CM,NSE,STK,5948,INE683A01023,SOUTHBANK,EQ,,,,,THE SOUTH INDIAN BANK LTD,48.20,48.59,47.05,47.23,47.28,48.54,,47.23,,,11015738,526889020.78,37800,F1,1,,,,,
2026-10-06,2026-10-06,CM,NSE,STK,10948,INE655A01013,STCINDIA,EQ,,,,,THE STATE TRADING CORPN,106.10,107.00,105.53,105.86,105.80,105.27,,105.94,,,9737,1033439.33,293,F1,1,,,,,
2026-10-06,2026-10-06,CM,NSE,STK,19582,INE071E01023,UGARSUGAR,BE,,,,,THE UGAR SUGAR WORKS LTD,60.89,61.50,58.80,59.26,59.50,58.84,,59.36,,,228982,13887381.57,1119,F1,1,,,,,
2026-10-06,2026-10-06,CM,NSE,STK,20481,INE215F01023,WIPL,EQ,,,,,THE WESTERN INDIA PLY LTD,163.65,164.39,160.50,161.65,160.50,160.81,,161.65,,,56,9138.43,18,F1,1,,,,,
2026-10-06,2026-10-06,CM,NSE,STK,19279,INE121N01019,THEJO,EQ,,,,,THEJO ENGINEERING LIMITED,2095.20,2113.00,2082.10,2098.90,2100.00,2095.20,,2098.90,,,4668,9798946.50,447,F1,1,,,,,
2026-10-06,2026-10-06,CM,NSE,STK,14485,INE083B01024,THEMISMED,EQ,,,,,THEMIS MEDICARE LTD.,113.45,114.98,112.35,113.49,114.00,112.89,,113.55,,,44074,5007238.03,1100,F1,1,,,,,
2026-10-06,2026-10-06,CM,NSE,STK,3475,INE152A01029,THERMAX,EQ,,,,,THERMAX LTD,3230.00,3250.00,3193.00,3225.10,3225.00,3228.20,,3225.23,,,236487,760308017.90,44739,F1,1,,,,,
2026-10-06,2026-10-06,CM,NSE,STK,25651,INE0SHE01019,THESL,ST,,,,,THINKING HATS ENTER SOL L,15.00,15.00,14.80,14.80,14.80,15.55,,14.80,,,9000,133800.00,3,F1,3000,,,,,
2026-10-06,2026-10-06,CM,NSE,STK,3496,INE338A01024,TIRUMALCHM,EQ,,,,,THIRUMALAI CHEMICALS LTD,144.10,150.99,144.10,148.53,148.72,143.35,,148.53,,,320975,47723109.52,5773,F1,1,,,,,
2026-10-06,2026-10-06,CM,NSE,STK,3481,INE332A01027,THOMASCOOK,EQ,,,,,THOMAS COOK (INDIA) LTD,99.63,101.63,99.51,101.09,101.50,99.61,,101.09,,,248235,25025355.95,3789,F1,1,,,,,
2026-10-06,2026-10-06,CM,NSE,STK,31017,INE480M01011,THOMASCOTT,EQ,,,,,THOMAS SCOTT (INDIA) LTD,278.80,292.80,275.10,280.80,280.00,278.85,,280.67,,,111445,31588079.70,2473,F1,1,,,,,
2026-10-06,2026-10-06,CM,NSE,STK,17032,INE594H01019,THYROCARE,EQ,,,,,THYROCARE TECH LTD,542.00,544.60,528.50,529.80,530.00,542.05,,529.80,,,156551,83616151.40,17056,F1,1,,,,,
2026-10-06,2026-10-06,CM,NSE,STK,759176,INE906O01029,TIGERLOGS,EQ,,,,,TIGER LOGISTICS (INDIA) L,26.89,27.49,24.82,25.86,25.70,26.30,,25.89,,,306981,7885310.40,1892,F1,1,,,,,
2026-10-06,2026-10-06,CM,NSE,STK,25486,INE440L01017,TIJARIA,BE,,,,,TIJARIA POLYPIPES LTD,6.57,6.60,6.36,6.42,6.58,6.62,,6.42,,,14938,97798.69,88,F1,1,,,,,
2026-10-06,2026-10-06,CM,NSE,STK,9802,INE806C01018,TIL,BE,,,,,TIL LTD,240.70,250.00,239.00,242.25,241.35,242.15,,242.37,,,114661,27842849.50,481,F1,1,,,,,
2026-10-06,2026-10-06,CM,NSE,STK,19196,INE133E01013,TI,EQ,,,,,TILAKNAGAR INDUSTRIES LTD,549.00,579.80,540.00,547.80,544.00,540.35,,547.78,,,2728824,1532042958.25,79661,F1,1,,,,,
2026-10-06,2026-10-06,CM,NSE,STK,14707,INE508G01029,TIMETECHNO,EQ,,,,,TIME TECHNOPLAST LTD.,178.51,183.70,178.10,183.07,183.40,178.71,,183.08,,,2979108,542291025.08,22841,F1,1,,,,,
2026-10-06,2026-10-06,CM,NSE,STK,762954,INE064A01026,TIMEX,EQ,,,,,TIMEX GROUP INDIA LTD.,737.00,759.70,726.65,731.70,728.00,734.60,,731.73,,,528969,393312032.95,35768,F1,1,,,,,
2026-10-06,2026-10-06,CM,NSE,STK,14198,INE325A01013,TIMKEN,EQ,,,,,TIMKEN INDIA LTD.,3158.60,3169.90,3111.00,3156.90,3169.90,3132.30,,3156.91,,,18065,56770122.80,7026,F1,1,,,,,
2026-10-06,2026-10-06,CM,NSE,STK,756020,INE015C01016,TINNARUBR,EQ,,,,,TINNA RUBBER AND INFR LTD,948.05,960.00,931.25,950.25,941.70,930.15,,949.46,,,24118,22751138.85,2544,F1,1,,,,,
2026-10-06,2026-10-06,CM,NSE,STK,11374,INE0LQS01015,TIPSFILMS,EQ,,,,,TIPS FILMS LIMITED,309.00,374.70,309.00,334.55,331.60,312.25,,334.22,,,98064,34738263.70,3870,F1,1,,,,,
2026-10-06,2026-10-06,CM,NSE,STK,9117,INE716B01029,TIPSMUSIC,EQ,,,,,TIPS MUSIC LIMITED,648.00,661.45,637.80,653.10,654.50,639.10,,653.09,,,253226,164716018.40,11848,F1,1,,,,,
2026-10-06,2026-10-06,CM,NSE,STK,22284,INE319Y01024,TIRUPATIFL,BE,,,,,TIRUPATI FORGE LIMITED,72.51,74.00,72.19,72.19,72.19,73.66,,72.19,,,398736,29145058.68,503,F1,1,,,,,
2026-10-06,2026-10-06,CM,NSE,STK,15414,INE615H01020,TITAGARH,EQ,,,,,TITAGARH RAIL SYSTEMS LTD,813.50,813.50,802.85,804.85,804.00,809.65,,804.85,,,249996,201684091.75,14018,F1,1,,,,,
2026-10-06,2026-10-06,CM,NSE,STK,3506,INE280A01028,TITAN,EQ,,,,,TITAN COMPANY LIMITED,4599.90,4600.00,4530.30,4550.00,4550.00,4580.00,,4549.95,,,800113,3643408651.10,63283,F1,1,,,,,
2026-10-06,2026-10-06,CM,NSE,STK,3837,INE932C01012,TOKYOPLAST,EQ,,,,,TOKYO PLAST INTL LTD,71.11,73.20,71.10,71.10,71.10,71.06,,71.10,,,833,60040.84,33,F1,1,,,,,
2026-10-06,2026-10-06,CM,NSE,STK,25262,INE0RWQ01014,TOLINS,EQ,,,,,TOLINS TYRES LIMITED,90.00,91.85,86.50,90.19,90.50,85.12,,90.19,,,202771,18162671.71,3942,F1,1,,,,,
2026-10-06,2026-10-06,CM,NSE,STK,3518,INE685A01028,TORNTPHARM,EQ,,,,,TORRENT PHARMACEUTICALS L,4763.50,4788.30,4702.50,4772.00,4772.00,4772.00,,4772.01,,,302606,1441625740.90,30836,F1,1,,,,,
2026-10-06,2026-10-06,CM,NSE,STK,13786,INE813H01021,TORNTPOWER,EQ,,,,,TORRENT POWER LTD,1234.60,1240.10,1220.50,1234.90,1232.00,1234.20,,1234.88,,,206066,253524903.10,14042,F1,1,,,,,
2026-10-06,2026-10-06,CM,NSE,STK,22425,INE336X01012,TOTAL,BE,,,,,TOTAL TRANSPORT SYS LTD,69.23,71.70,69.00,71.54,71.00,69.23,,71.54,,,3174,225347.45,39,F1,1,,,,,
2026-10-06,2026-10-06,CM,NSE,STK,16908,INE486Y01013,TOUCHWOOD,EQ,,,,,TOUCHWOOD ENTERTAIN LTD.,58.55,58.95,58.26,58.95,58.95,58.53,,58.95,,,640,37475.90,23,F1,1,,,,,
2026-10-06,2026-10-06,CM,NSE,STK,3466,INE305A01023,TFCILTD,EQ,,,,,TOURISM FINANCE CORP. OF,140.27,141.50,139.25,140.65,140.21,139.65,,140.65,,,3376081,473919394.96,15741,F1,1,,,,,
2026-10-06,2026-10-06,CM,NSE,STK,765195,INE457P01020,TOYAMSL,EQ,,,,,TOYAM SPORTS LTD.,0.65,0.69,0.64,0.68,0.69,0.66,,0.68,,,765045,508895.78,254,F1,1,,,,,
2026-10-06,2026-10-06,CM,NSE,STK,9219,INE413G01022,TPLPLASTEH,EQ,,,,,TPL PLASTECH LIMITED,68.60,69.44,67.51,69.18,69.40,67.86,,69.18,,,110390,7588368.95,953,F1,1,,,,,
2026-10-06,2026-10-06,CM,NSE,STK,11582,INE0HMF01019,TRACXN,EQ,,,,,TRACXN TECHNOLOGIES LTD,31.60,35.00,31.60,34.34,34.49,31.61,,34.32,,,493405,16732470.70,3338,F1,1,,,,,
2026-10-06,2026-10-06,CM,NSE,STK,15174,INE763I01026,TARIL,EQ,,,,,TRANS & RECTI. LTD,286.25,288.20,277.75,283.65,283.95,285.45,,283.64,,,2263680,640836519.90,39110,F1,1,,,,,
2026-10-06,2026-10-06,CM,NSE,STK,765200,INE330E01023,TRANSCOR,EQ,,,,,TRANSCORP INTERNATIONAL L,24.90,24.90,23.75,23.91,23.76,24.60,,23.95,,,624,14865.74,20,F1,1,,,,,
2026-10-06,2026-10-06,CM,NSE,STK,17795,INE0O3901029,TREL,EQ,,,,,TRANSINDIA REAL ESTATE L,26.99,27.39,26.51,26.64,26.61,26.99,,26.64,,,39088,1047702.76,750,F1,1,,,,,
2026-10-06,2026-10-06,CM,NSE,STK,7669,INE687A01016,TRANSPEK,BE,,,,,TRANSPEK INDUSTRIES LTD,1313.80,1379.50,1300.00,1379.50,1379.50,1313.90,,1379.50,,,3069,4214989.50,144,F1,1,,,,,
2026-10-06,2026-10-06,CM,NSE,STK,10580,INE688A01022,TCI,EQ,,,,,TRANSPORT CORPN OF INDIA,883.95,889.90,877.00,888.00,886.50,878.75,,887.89,,,40550,35796007.85,3112,F1,1,,,,,
2026-10-06,2026-10-06,CM,NSE,STK,28714,INE454P01035,TRANSRAILL,EQ,,,,,TRANSRAIL LIGHTING LTD,478.00,486.00,474.10,482.40,483.20,462.75,,482.35,,,2088541,1004149212.10,52716,F1,1,,,,,
2026-10-06,2026-10-06,CM,NSE,STK,19801,INE0NVI01020,TRANSTEEL,SM,,,,,TRANSTEEL SEATING TECH L,81.95,82.40,80.70,80.95,80.70,79.75,,80.95,,,12000,978550.00,12,F1,1000,,,,,
2026-10-06,2026-10-06,CM,NSE,STK,14319,INE804H01012,TFL,EQ,,,,,TRANSWARRANTY FIN. LTD.,11.76,12.25,11.75,11.99,12.19,11.72,,11.99,,,6398,76992.78,34,F1,1,,,,,
2026-10-06,2026-10-06,CM,NSE,STK,8619,INE757B01015,TRANSWORLD,BE,,,,,TRANSWORLD SHIP LINES LTD,154.00,156.97,152.05,153.70,153.70,154.29,,153.70,,,3872,591839.99,66,F1,1,,,,,
2026-10-06,2026-10-06,CM,NSE,STK,757545,INE103V01028,TRAVELFOOD,EQ,,,,,TRAVEL FOOD SERVICES LTD,1200.00,1204.70,1191.00,1197.90,1200.00,1204.30,,1197.70,,,23618,28283446.80,5466,F1,1,,,,,
2026-10-06,2026-10-06,CM,NSE,STK,25082,INE040M01013,TREEHOUSE,EQ,,,,,TREE HOUSE EDU LTD,5.98,5.98,5.73,5.82,5.85,5.80,,5.82,,,17012,99399.89,93,F1,1,,,,,
2026-10-06,2026-10-06,CM,NSE,STK,7518,INE00CA01015,TREJHARA,EQ,,,,,TREJHARA SOLUTIONS LTD,131.36,133.05,128.80,130.39,131.13,131.36,,130.51,,,13317,1738746.43,585,F1,1,,,,,
2026-10-06,2026-10-06,CM,NSE,STK,1964,INE849A01020,TRENT,EQ,,,,,TRENT LTD,2800.00,2914.00,2782.30,2906.00,2906.00,2580.00,,2905.97,,,6695372,19193048094.00,248124,F1,1,,,,,
2026-10-06,2026-10-06,CM,NSE,STK,17987,INE391D01019,TRF,EQ,,,,,TRF LIMITED,196.86,197.47,193.97,196.30,196.36,194.02,,196.27,,,6221,1215883.05,303,F1,1,,,,,
2026-10-06,2026-10-06,CM,NSE,STK,27041,INE760L01018,TBZ,BE,,,,,TRIB BHIMJI ZAVERI LTD,588.00,617.85,568.05,608.85,612.40,597.90,,608.90,,,394826,228044094.10,4314,F1,1,,,,,
2026-10-06,2026-10-06,CM,NSE,STK,9685,INE064C01022,TRIDENT,EQ,,,,,TRIDENT LIMITED,21.84,22.98,21.84,22.56,22.60,21.84,,22.56,,,6085787,136689833.96,20748,F1,1,,,,,
2026-10-06,2026-10-06,CM,NSE,STK,21078,INE0QD201012,TECHLABS,SM,,,,,TRIDENT TECHLABS LIMITED,115.00,117.85,110.00,113.25,113.00,113.90,,113.25,,,13625,1531193.75,78,F1,125,,,,,
2026-10-06,2026-10-06,CM,NSE,STK,5428,INE948A01012,TRIGYN,EQ,,,,,TRIGYN TECHNOLOGIES LTD,51.50,52.79,51.30,51.70,52.00,51.45,,51.70,,,20828,1081549.12,371,F1,1,,,,,
2026-10-06,2026-10-06,CM,NSE,STK,764960,INE440G01017,TRITONV,EQ,,,,,TRITON VALVES LTD.,1076.80,1095.00,1076.30,1093.00,1095.00,1063.20,,1092.97,,,2665,2896368.10,270,F1,1,,,,,
2026-10-06,2026-10-06,CM,NSE,STK,13081,INE256C01024,TRIVENI,EQ,,,,,TRIVENI ENGG. & INDS. LTD,244.80,249.00,239.85,241.97,242.80,237.22,,241.97,,,920396,223356838.35,22911,F1,1,,,,,
2026-10-06,2026-10-06,CM,NSE,STK,25584,INE152M01016,TRITURBINE,EQ,,,,,TRIVENI TURBINE LIMITED,529.30,538.90,518.85,536.10,534.10,526.10,,536.10,,,485568,255658335.75,38650,F1,1,,,,,
2026-10-06,2026-10-06,CM,NSE,STK,24642,INE0SYV01018,TROM,SM,,,,,TROM INDUSTRIES LIMITED,54.00,54.00,51.35,52.05,52.10,54.70,,52.05,,,8400,444690.00,11,F1,600,,,,,
2026-10-06,2026-10-06,CM,NSE,STK,759210,INE0MWH01014,TRUALT,EQ,,,,,TRUALT BIOENERGY LIMITED,442.05,452.10,441.20,444.35,445.95,442.30,,444.36,,,130699,58358345.95,5654,F1,1,,,,,
2026-10-06,2026-10-06,CM,NSE,STK,9378,INE615R01029,TRU,EQ,,,,,TRUCAP FINANCE LIMITED,4.25,4.36,4.08,4.12,4.15,4.15,,4.13,,,54342,226009.49,171,F1,1,,,,,
2026-10-06,2026-10-06,CM,NSE,STK,23417,INE0SWN01019,TRUST,SM,,,,,TRUST FINTECH LIMITED,27.10,27.10,25.15,25.55,25.55,25.95,,25.55,,,10800,279540.00,15,F1,600,,,,,
2026-10-06,2026-10-06,CM,NSE,STK,757861,INE16VK01010,TSC,ST,,,,,TSC INDIA LIMITED,50.00,50.00,48.00,48.00,48.00,50.25,,48.00,,,6000,294000.00,3,F1,2000,,,,,
2026-10-06,2026-10-06,CM,NSE,STK,2183,INE202Z01029,TSFINV,EQ,,,,,TSF INVESTMENTS LIMITED,409.00,420.20,405.00,417.95,415.00,409.00,,417.95,,,63765,26533452.20,3818,F1,1,,,,,
2026-10-06,2026-10-06,CM,NSE,STK,11369,INE910C01018,TTKHLTCARE,EQ,,,,,TTK HEALTHCARE LIMITED,1014.90,1053.70,1007.80,1033.70,1028.00,1007.40,,1033.80,,,22381,23112409.70,2372,F1,1,,,,,
2026-10-06,2026-10-06,CM,NSE,STK,3546,INE690A01028,TTKPRESTIG,EQ,,,,,TTK PRESTIGE LTD,518.90,524.95,513.20,522.85,519.00,512.95,,522.83,,,21447,11141648.90,2385,F1,1,,,,,
2026-10-06,2026-10-06,CM,NSE,STK,312,INE974X01010,TIINDIA,EQ,,,,,TUBE INVEST OF INDIA LTD,2329.20,2472.70,2312.00,2472.70,2472.70,2320.00,,2472.53,,,780130,1892495800.70,37969,F1,1,,,,,
2026-10-06,2026-10-06,CM,NSE,STK,24520,INE0OXV01027,TUNWAL,SM,,,,,TUNWAL E-MOTORS LIMITED,26.50,26.50,26.05,26.10,26.05,26.25,,26.10,,,42000,1099000.00,18,F1,2000,,,,,
2026-10-06,2026-10-06,CM,NSE,STK,756090,INE0OC301013,TURTLEMINT,EQ,,,,,TURTLEMINT FINTECH SOLS L,69.00,71.00,67.52,68.91,68.50,68.04,,68.91,,,2824519,196398471.21,46803,F1,1,,,,,
2026-10-06,2026-10-06,CM,NSE,STK,765205,INE400A01014,TUTIALKA,EQ,,,,,TUTICORIN ALKAL CH & FE L,52.16,55.39,52.01,54.00,54.00,52.27,,53.05,,,5399,289285.50,148,F1,1,,,,,
2026-10-06,2026-10-06,CM,NSE,STK,11275,INE038F01029,TVTODAY,EQ,,,,,TV TODAY NETWORK LTD,100.32,102.50,100.30,101.48,101.09,101.49,,101.48,,,17508,1778683.83,523,F1,1,,,,,
2026-10-06,2026-10-06,CM,NSE,STK,18508,INE871L01013,TVVISION,BE,,,,,TV VISION LIMITED,2.68,2.73,2.51,2.59,2.63,2.64,,2.59,,,26274,67592.24,66,F1,1,,,,,
2026-10-06,2026-10-06,CM,NSE,STK,11265,INE236G01019,TVSELECT,EQ,,,,,TVS ELECTRONICS LTD,395.15,411.95,393.00,404.20,402.50,391.70,,404.20,,,76143,30626425.85,3540,F1,1,,,,,
2026-10-06,2026-10-06,CM,NSE,STK,29008,INE105A01035,TVSHLTD,EQ,,,,,TVS HOLDINGS LIMITED,11810.00,11854.00,11705.00,11763.00,11770.00,11813.00,,11762.46,,,4509,53111109.00,1778,F1,1,,,,,
2026-10-06,2026-10-06,CM,NSE,STK,8479,INE494B01023,TVSMOTOR,EQ,,,,,TVS MOTOR COMPANY  LTD,4030.00,4043.60,3955.90,3981.00,3981.00,4031.00,,3981.02,,,791080,3154896237.50,57525,F1,1,,,,,
2026-10-06,2026-10-06,CM,NSE,STK,14245,INE421C01016,TVSSRICHAK,EQ,,,,,TVS SRICHAKRA LIMITED,4308.00,4428.80,4308.00,4390.10,4410.00,4277.30,,4391.94,,,3855,16841596.20,1143,F1,1,,,,,
2026-10-06,2026-10-06,CM,NSE,STK,18151,INE395N01027,TVSSCS,EQ,,,,,TVS SUPPLY CHAIN SOL L,127.16,132.40,127.11,130.67,131.00,127.27,,130.67,,,519940,67741763.18,7446,F1,1,,,,,
2026-10-06,2026-10-06,CM,NSE,STK,19503,INE388G01026,TICL,BE,,,,,TWAMEV CONS AND INFRA LTD,8.57,8.57,8.57,8.57,8.57,8.17,,8.57,,,26627,228193.39,31,F1,1,,,,,
2026-10-06,2026-10-06,CM,NSE,STK,25629,INE152C01025,UYFINCORP,BE,,,,,U. Y. FINCORP LIMITED,24.20,24.20,22.79,22.95,22.79,23.98,,22.95,,,407089,9523426.13,640,F1,1,,,,,
2026-10-06,2026-10-06,CM,NSE,STK,7739,INE139B01016,UCAL,BE,,,,,UCAL LIMITED,137.00,144.30,136.25,142.37,142.40,137.43,,142.68,,,12204,1725208.88,111,F1,1,,,,,
2026-10-06,2026-10-06,CM,NSE,STK,756004,INE583D07596,1050UCL28,NH,,,,,UCL 10.50% SR V,1020.00,1025.00,1020.00,1025.00,1025.00,1007.00,,1025.00,,,642,657340.00,2,F1,1,,,,,
2026-10-06,2026-10-06,CM,NSE,STK,11223,INE691A01018,UCOBANK,EQ,,,,,UCO BANK,23.20,23.49,23.14,23.27,23.25,23.16,,23.27,,,3053454,71169507.89,11578,F1,1,,,,,
2026-10-06,2026-10-06,CM,NSE,STK,764965,INE551B01012,UDAYJEW,EQ,,,,,UDAY JEWELLERY INDS. LTD.,167.35,167.36,159.60,160.33,160.00,160.27,,160.35,,,17571,2863316.08,1210,F1,1,,,,,
2026-10-06,2026-10-06,CM,NSE,STK,14871,INE0N0Y01013,USK,EQ,,,,,UDAYSHIVAKUMAR INFRA LTD,18.53,19.30,18.53,18.64,18.96,18.53,,18.65,,,25994,490398.72,158,F1,1,,,,,
2026-10-06,2026-10-06,CM,NSE,STK,1053,INE516A01017,UFLEX,EQ,,,,,UFLEX LIMITED,640.10,646.65,635.20,641.25,644.70,639.20,,641.26,,,61320,39349580.80,3132,F1,1,,,,,
2026-10-06,2026-10-06,CM,NSE,STK,9039,INE527H01019,UFO,EQ,,,,,UFO MOVIEZ INDIA LTD.,56.51,58.02,56.51,57.38,57.90,57.18,,57.38,,,19334,1111645.77,541,F1,1,,,,,
2026-10-06,2026-10-06,CM,NSE,STK,5313,INE583D01011,UGROCAP,EQ,,,,,UGRO CAPITAL LIMITED,82.70,84.00,81.61,82.97,82.41,81.89,,82.97,,,102799,8500948.64,1128,F1,1,,,,,
2026-10-06,2026-10-06,CM,NSE,STK,23507,INE899L01030,UEL,EQ,,,,,UJAAS ENERGY LIMITED,173.40,180.99,173.01,179.62,180.00,176.87,,179.22,,,11101,1979353.68,714,F1,1,,,,,
2026-10-06,2026-10-06,CM,NSE,STK,15228,INE551W01018,UJJIVANSFB,EQ,,,,,UJJIVAN SMALL FINANC BANK,67.00,67.98,65.14,65.19,65.19,66.59,,65.19,,,13780244,909413691.25,36080,F1,1,,,,,
2026-10-06,2026-10-06,CM,NSE,STK,762961,INE405A01021,ULTRAMAR,EQ,,,,,ULTRAMARINE & PIGMENTS L,408.85,417.15,402.50,408.80,408.00,404.80,,408.83,,,177802,72860095.60,4066,F1,1,,,,,
2026-10-06,2026-10-06,CM,NSE,STK,11532,INE481G01011,ULTRACEMCO,EQ,,,,,ULTRATECH CEMENT LIMITED,10850.00,10905.00,10697.00,10750.00,10750.00,10850.00,,10750.05,,,270277,2918384092.00,29609,F1,1,,,,,
2026-10-06,2026-10-06,CM,NSE,STK,8845,INE0GIU01018,UMAEXPORTS,BE,,,,,UMA EXPORTS LIMITED,20.99,21.80,20.55,21.09,21.29,21.16,,21.09,,,17187,361837.62,90,F1,1,,,,,
2026-10-06,2026-10-06,CM,NSE,STK,8998,INE398B01018,UMIYA-MRO,EQ,,,,,UMIYA BUILDCON LIMITED,93.00,93.08,92.01,92.55,92.02,91.98,,92.54,,,10179,938860.98,162,F1,1,,,,,
2026-10-06,2026-10-06,CM,NSE,STK,3579,INE351A01035,UNICHEMLAB,EQ,,,,,UNICHEM LABORATORIES LTD,531.25,556.20,531.25,548.10,550.00,531.45,,548.08,,,60230,32958246.20,3995,F1,1,,,,,
2026-10-06,2026-10-06,CM,NSE,STK,24809,INE00U401027,UNIECOM,EQ,,,,,UNICOMMERCE ESOLUTIONS L,82.35,82.71,81.16,81.84,82.55,81.54,,81.86,,,181148,14812190.25,2634,F1,1,,,,,
2026-10-06,2026-10-06,CM,NSE,STK,18582,INE0PRF01011,UNIHEALTH,SM,,,,,UNIHEALTH HOSPITALS LTD,545.00,570.00,525.00,550.00,550.00,562.15,,550.00,,,21500,11890350.00,39,F1,500,,,,,
2026-10-06,2026-10-06,CM,NSE,STK,7791,INE481Z01011,UNIINFO,EQ,,,,,UNIINFO TELECOM SERVI LTD,10.63,11.07,10.45,11.00,11.02,10.62,,11.00,,,1893,20603.85,36,F1,1,,,,,
2026-10-06,2026-10-06,CM,NSE,STK,25633,INE0B2801011,UNILEX,SM,,,,,UNILEX COLOURS AND CHEM L,30.40,30.40,30.40,30.40,30.40,30.40,,30.40,,,11200,340480.00,2,F1,1600,,,,,
2026-10-06,2026-10-06,CM,NSE,STK,28960,INE0U3I01011,UNIMECH,EQ,,,,,UNIMECH AEROSPACE N MFG L,1850.00,1901.00,1819.70,1873.10,1863.70,1845.10,,1872.64,,,288002,536911181.50,33877,F1,1,,,,,
2026-10-06,2026-10-06,CM,NSE,STK,10753,INE692A01016,UNIONBANK,EQ,,,,,UNION BANK OF INDIA,169.00,171.29,166.89,168.44,168.44,167.97,,168.44,,,10378539,1745994603.86,59338,F1,1,,,,,
2026-10-06,2026-10-06,CM,NSE,STK,29687,INF582M01KS4,UNIONGOLD,EQ,,,,,UNIONAMC - UNIONGOLD,142.55,143.95,142.40,143.35,143.60,144.00,,143.35,,,3325,475513.75,366,F1,1,,,,,
2026-10-06,2026-10-06,CM,NSE,STK,13057,INE244O01017,UNIPARTS,EQ,,,,,UNIPARTS INDIA LIMITED,836.00,844.00,815.00,824.70,821.05,826.05,,824.81,,,101784,84589005.40,8645,F1,1,,,,,
2026-10-06,2026-10-06,CM,NSE,STK,11293,INE037A01022,UNIENTER,EQ,,,,,UNIPHOS ENTERPRISES LTD,90.00,90.00,86.17,87.09,87.98,86.17,,87.43,,,2595,225867.60,102,F1,1,,,,,
2026-10-06,2026-10-06,CM,NSE,STK,3594,INE694A01020,UNITECH,EQ,,,,,UNITECH LTD,3.91,4.05,3.91,4.00,4.03,3.90,,4.00,,,2291434,9103510.17,2055,F1,1,,,,,
2026-10-06,2026-10-06,CM,NSE,STK,16713,INE686F01025,UBL,EQ,,,,,UNITED BREWERIES LTD,1188.50,1197.60,1172.00,1178.30,1173.80,1183.30,,1178.30,,,93587,110567579.10,9544,F1,1,,,,,
2026-10-06,2026-10-06,CM,NSE,STK,201,INE961D01019,UNIDT,EQ,,,,,UNITED DRILLING TOOLS LTD,231.99,237.14,225.00,226.13,227.00,229.93,,226.12,,,34207,7863279.31,1186,F1,1,,,,,
2026-10-06,2026-10-06,CM,NSE,STK,3133,INE382M01027,UFBL,BE,,,,,UNITED FOODBRANDS LIMITED,660.00,695.20,660.00,695.20,695.20,662.10,,695.20,,,76397,52922760.20,1355,F1,1,,,,,
2026-10-06,2026-10-06,CM,NSE,STK,25938,INE0SMR01011,UHTL,ST,,,,,UNITED HEAT TRANSFER LTD,199.80,199.80,199.80,199.80,199.80,195.90,,199.80,,,6000,1198800.00,3,F1,2000,,,,,
2026-10-06,2026-10-06,CM,NSE,STK,17999,INE458F01011,UNITEDTEA,EQ,,,,,UNITED NILGIRI TEA LTD,420.00,420.00,411.45,415.95,415.95,415.00,,415.95,,,1718,714910.15,55,F1,1,,,,,
2026-10-06,2026-10-06,CM,NSE,STK,7560,INE368U01029,UNITEDPOLY,EQ,,,,,UNITED POLYFAB GUJ. LTD.,49.00,49.59,47.89,48.49,48.50,48.43,,48.50,,,706323,34338266.23,2203,F1,1,,,,,
2026-10-06,2026-10-06,CM,NSE,STK,10447,INE854D01024,UNITDSPR,EQ,,,,,UNITED SPIRITS LIMITED,1365.00,1373.00,1349.00,1358.00,1358.00,1369.00,,1358.04,,,925853,1257314470.70,30182,F1,1,,,,,
2026-10-06,2026-10-06,CM,NSE,STK,18979,INE562X01013,UNIVASTU,BE,,,,,UNIVASTU INDIA LIMITED,128.40,132.69,126.23,131.63,131.85,127.77,,131.63,,,27075,3520936.57,241,F1,1,,,,,
2026-10-06,2026-10-06,CM,NSE,STK,3607,INE279A01012,UNIVCABLES,EQ,,,,,UNIVERSAL CABLES LTD,1523.10,1665.00,1501.80,1649.20,1655.00,1520.20,,1649.07,,,374840,604482858.70,32983,F1,1,,,,,
2026-10-06,2026-10-06,CM,NSE,STK,17661,INE03V001013,UNIVPHOTO,BE,,,,,UNIVERSUS IMAGINGS LTD,467.05,483.30,467.05,470.25,481.90,488.20,,470.96,,,889,421287.90,45,F1,1,,,,,
2026-10-06,2026-10-06,CM,NSE,STK,14154,INE405E01023,UNOMINDA,EQ,,,,,UNO MINDA LIMITED,1101.00,1128.50,1100.00,1120.00,1120.00,1101.00,,1120.00,,,1038825,1162180865.50,29538,F1,1,,,,,
2026-10-06,2026-10-06,CM,NSE,STK,2877,INE530B08102,96IIFL28A,NF,,,,,UNSE RE NCD 9.6% SR.II,1001.25,1002.76,1000.04,1000.23,1000.10,1000.99,,1000.23,,,1508,1509265.32,26,F1,1,,,,,
2026-10-06,2026-10-06,CM,NSE,STK,5212,INE477L08147,10IIFL28,N4,,,,,UNSEC RE NCD 10% SR.I,1011.00,1013.00,1005.60,1011.00,1011.00,1018.00,,1011.00,,,605,609752.80,4,F1,1,,,,,
2026-10-06,2026-10-06,CM,NSE,STK,5214,INE477L08154,96IIFL28,N5,,,,,UNSEC RE NCD 9.60% SR.II,1000.00,1002.48,1000.00,1000.99,1001.00,1000.13,,1000.99,,,2831,2833753.37,43,F1,1,,,,,
2026-10-06,2026-10-06,CM,NSE,STK,19045,INE866I08279,10IIFL29,N6,,,,,UNSEC RED NCD 10.0% SR. V,1026.00,1026.00,1026.00,1026.00,1026.00,1011.59,,1026.00,,,1,1026.00,1,F1,1,,,,,
2026-10-06,2026-10-06,CM,NSE,STK,19047,INE866I08295,105IIFL29,N7,,,,,UNSEC RED NCD 10.5% SR.VI,1079.80,1079.80,1079.80,1079.80,1079.80,1067.00,,1079.80,,,109,117698.20,3,F1,1,,,,,
2026-10-06,2026-10-06,CM,NSE,STK,21229,INE306N08342,885TCAPS29,NC,,,,,UNSERENCD8.85%SRIVCIII&IV,1059.90,1059.99,1059.90,1059.99,1059.99,1045.00,,1059.99,,,2,2119.89,2,F1,1,,,,,
2026-10-06,2026-10-06,CM,NSE,STK,21225,INE306N08292,910TCAP28,NA,,,,,UNSERENCD9.1%SRIIICIII&IV,1035.00,1035.00,1034.51,1035.00,1035.00,1046.00,,1039.50,,,1023,1058312.29,7,F1,1,,,,,
2026-10-06,2026-10-06,CM,NSE,STK,19113,INE851I01011,UDS,EQ,,,,,UPDATER SERVICES LIMITED,213.70,216.75,208.01,215.40,213.70,210.82,,215.36,,,141225,30009541.41,3229,F1,1,,,,,
2026-10-06,2026-10-06,CM,NSE,STK,11287,INE628A01036,UPL,EQ,,,,,UPL LIMITED,503.90,511.55,503.90,509.55,509.55,502.50,,509.55,,,1194229,606273579.00,22354,F1,1,,,,,
2026-10-06,2026-10-06,CM,NSE,STK,10610,INE0CBM01019,USASEEDS,SM,,,,,UPSURGE SEEDS OF AGRI LTD,85.00,86.00,85.00,86.00,86.00,88.95,,86.00,,,1712,146397.40,4,F1,428,,,,,
2026-10-06,2026-10-06,CM,NSE,STK,17081,INE568Z01015,URAVIDEF,BE,,,,,URAVI DEFENCE &TECH LTD,101.50,102.00,100.00,102.00,102.00,101.16,,100.60,,,1892,191553.50,35,F1,1,,,,,
2026-10-06,2026-10-06,CM,NSE,STK,759084,INE0CAZ01013,URBANCO,EQ,,,,,URBAN COMPANY LIMITED,160.00,174.46,160.00,173.54,173.10,159.59,,173.54,,,23975368,4097243605.16,151748,F1,1,,,,,
2026-10-06,2026-10-06,CM,NSE,STK,16888,INE0O0201019,URBAN,SM,,,,,URBAN ENVIRO WASTE MGMT L,122.80,123.50,118.05,122.65,123.50,120.25,,122.65,,,21600,2602240.00,26,F1,800,,,,,
2026-10-06,2026-10-06,CM,NSE,STK,20203,INE550C01020,URJA,EQ,,,,,URJA GLOBAL LIMITED,8.60,8.74,8.52,8.60,8.58,8.69,,8.60,,,583060,5012237.24,2653,F1,1,,,,,
2026-10-06,2026-10-06,CM,NSE,STK,25955,INE0LS001014,USHAFIN,ST,,,,,USHA FINANCIAL SERVICES L,46.80,48.35,46.80,48.35,48.35,46.05,,48.35,,,14400,689520.00,9,F1,1600,,,,,
2026-10-06,2026-10-06,CM,NSE,STK,19142,INE240C01028,UMESLTD,EQ,,,,,USHA MARTIN EDU & SOL LTD,4.59,4.59,4.26,4.45,4.49,4.37,,4.45,,,3511,15444.41,32,F1,1,,,,,
2026-10-06,2026-10-06,CM,NSE,STK,8840,INE228A01035,USHAMART,EQ,,,,,USHA MARTIN LTD.,510.00,519.90,500.40,516.70,518.00,510.50,,516.67,,,819697,421558242.55,33946,F1,1,,,,,
2026-10-06,2026-10-06,CM,NSE,STK,4214,INE00NI01015,UCL,ST,,,,,USHANTI COLOUR CHEM LTD,199.95,199.95,199.95,199.95,199.95,210.45,,199.95,,,4000,799800.00,2,F1,2000,,,,,
2026-10-06,2026-10-06,CM,NSE,STK,527,INE094J01016,UTIAMC,EQ,,,,,UTI ASSET MNGMT CO LTD,890.30,894.85,883.10,888.20,892.00,890.30,,888.19,,,75256,66871497.50,10472,F1,1,,,,,
2026-10-06,2026-10-06,CM,NSE,STK,764180,INF789F1AG68,LIQUIDBETA,EQ,,,,,UTIAMC - LIQUIDBETA,1010.85,1010.85,1010.85,1010.85,1010.85,1010.57,,1010.84,,,1,1010.85,1,F1,1,,,,,
2026-10-06,2026-10-06,CM,NSE,STK,765431,INF789F1AG76,NIF500BETA,EQ,,,,,UTIAMC - NIF500BETA,36.29,36.29,35.40,35.99,36.00,36.30,,35.99,,,5960,212698.11,83,F1,1,,,,,
2026-10-06,2026-10-06,CM,NSE,STK,766104,INF789F1AH42,SECLEDBETA,EQ,,,,,UTIAMC - SECLEDBETA,13.84,13.98,13.84,13.97,13.86,13.74,,13.98,,,2731,37926.20,17,F1,1,,,,,
2026-10-06,2026-10-06,CM,NSE,STK,22440,INF789F1AUV1,BANKBETA,EQ,,,,,UTIAMC-BANKBETA,56.81,57.06,56.62,56.88,56.86,56.52,,56.88,,,1595947,90910340.19,294,F1,1,,,,,
2026-10-06,2026-10-06,CM,NSE,STK,22524,INF789F1AZF3,GILT10BETA,EQ,,,,,UTIAMC-GILT10BETA,26.45,26.45,26.14,26.45,26.45,26.59,,26.45,,,163,4267.95,10,F1,1,,,,,
2026-10-06,2026-10-06,CM,NSE,STK,22521,INF789F1AZE6,GILT5BETA,EQ,,,,,UTIAMC-GILT5BETA,66.20,66.39,66.00,66.00,66.00,66.20,,66.00,,,2532,167554.20,24,F1,1,,,,,
2026-10-06,2026-10-06,CM,NSE,STK,22488,INF789F1AZD8,ITBETA,EQ,,,,,UTIAMC-ITBETA,297.60,297.60,294.68,295.00,295.00,297.84,,295.00,,,207,61097.56,16,F1,1,,,,,
2026-10-06,2026-10-06,CM,NSE,STK,18347,INF789F1AYX9,MIDCAPBETA,EQ,,,,,UTIAMC-MIDCAPBETA,221.33,222.34,219.52,222.14,222.34,219.14,,222.14,,,333,73687.83,28,F1,1,,,,,
2026-10-06,2026-10-06,CM,NSE,STK,21478,INF789F1AUW9,NEXT50BETA,EQ,,,,,UTIAMC-NEXT50BETA,75.01,75.68,74.92,75.50,75.30,75.03,,75.55,,,153921,11598019.70,1153,F1,1,,,,,
2026-10-06,2026-10-06,CM,NSE,STK,10511,INF789F1AZC0,NIFTYBETA,EQ,,,,,UTIAMC-NIFTYBETA,252.76,252.76,250.43,252.39,252.62,250.26,,252.39,,,21482,5411101.95,376,F1,1,,,,,
2026-10-06,2026-10-06,CM,NSE,STK,10515,INF789FB1X58,SENSEXBETA,EQ,,,,,UTIAMC-SENSEXBETA,812.89,812.89,803.41,809.72,808.00,808.67,,809.72,,,2164,1748479.06,92,F1,1,,,,,
2026-10-06,2026-10-06,CM,NSE,STK,15085,INF789F1AYK6,SILVERBETA,EQ,,,,,UTIAMC-SILVERBETA,212.88,212.88,210.36,212.69,212.31,213.84,,212.69,,,1588843,335966673.07,3902,F1,1,,,,,
2026-10-06,2026-10-06,CM,NSE,STK,9168,INF789F1AUU3,SNXT50BETA,EQ,,,,,UTIAMC-SNXT50BETA,89.24,90.28,89.24,90.07,90.01,89.24,,90.35,,,333,29907.57,58,F1,1,,,,,
2026-10-06,2026-10-06,CM,NSE,STK,14535,INF789F1AUX7,GOLDBETA,EQ,,,,,UTIAMC-UTIGOLDBETA,123.45,123.85,122.70,123.75,123.75,123.90,,123.75,,,573104,70798302.30,2360,F1,1,,,,,
2026-10-06,2026-10-06,CM,NSE,STK,751587,INE1V1R01014,UTKAL,ST,,,,,UTKAL SPEC INDUS INDIA L,51.80,52.00,49.40,50.50,50.50,49.75,,50.50,,,40000,2043000.00,18,F1,2000,,,,,
2026-10-06,2026-10-06,CM,NSE,STK,17358,INE735W01017,UTKARSHBNK,EQ,,,,,UTKARSH SMALL FIN BANK L,13.42,13.62,13.27,13.52,13.49,13.22,,13.52,,,2363770,31689152.06,4030,F1,1,,,,,
2026-10-06,2026-10-06,CM,NSE,STK,24726,INE06IJ01010,UTSSAV,SM,,,,,UTSSAV CZ GOLD JEWELS LTD,848.00,868.95,848.00,860.75,853.00,843.35,,860.75,,,45000,38651040.00,67,F1,600,,,,,
2026-10-06,2026-10-06,CM,NSE,STK,13376,INE786F01031,UTTAMSUGAR,EQ,,,,,UTTAM SUGAR MILLS LTD.,300.50,309.95,296.60,302.80,302.10,294.70,,302.79,,,427890,130380365.95,12526,F1,1,,,,,
2026-10-06,2026-10-06,CM,NSE,STK,3188,INE0GXK01018,VMARCIND,SM,,,,,V MARC INDIA LIMITED,320.80,329.80,318.25,323.05,324.00,321.65,,323.05,,,249000,80328825.00,139,F1,1500,,,,,
2026-10-06,2026-10-06,CM,NSE,STK,765220,INE222F01029,VTMLTD,EQ,,,,,V T M LTD.,39.70,40.45,35.38,35.92,35.40,38.27,,35.97,,,163584,6037166.56,1414,F1,1,,,,,
2026-10-06,2026-10-06,CM,NSE,STK,15362,INE951I01027,VGUARD,EQ,,,,,V-GUARD IND LTD.,301.05,307.90,294.35,306.30,305.55,296.55,,306.30,,,409980,124024728.35,14563,F1,1,,,,,
2026-10-06,2026-10-06,CM,NSE,STK,24606,INE0QXL01015,VLINFRA,SM,,,,,V.L.INFRAPROJECTS LIMITED,25.60,25.60,23.95,24.75,24.50,25.15,,24.75,,,15000,370725.00,8,F1,1500,,,,,
2026-10-06,2026-10-06,CM,NSE,STK,14766,INE945H01021,V2RETAIL,EQ,,,,,V2 RETAIL LIMITED,168.19,176.75,165.05,172.19,172.00,169.28,,172.20,,,5350710,920013105.92,73227,F1,1,,,,,
2026-10-06,2026-10-06,CM,NSE,STK,20188,INE956G01038,WABAG,EQ,,,,,VA TECH WABAG LTD,2037.60,2055.00,1991.20,2006.90,2012.50,1999.50,,2006.86,,,423835,853191704.30,31086,F1,1,,,,,
2026-10-06,2026-10-06,CM,NSE,STK,764975,INE693D01018,VADILENT,EQ,,,,,VADILAL ENTERPRISES LTD.,9860.00,9860.00,9860.00,9860.00,9860.00,9860.00,,9855.00,,,2,19720.00,1,F1,1,,,,,
2026-10-06,2026-10-06,CM,NSE,STK,24196,INE694D01016,VADILALIND,EQ,,,,,VADILAL INDUSTRIES LTD,7111.00,7375.00,7111.00,7309.50,7258.00,7111.00,,7308.09,,,7145,52022687.00,2292,F1,1,,,,,
2026-10-06,2026-10-06,CM,NSE,STK,11364,INE884A01027,VAIBHAVGBL,EQ,,,,,VAIBHAV GLOBAL LIMITED,199.44,204.20,199.42,202.43,202.00,199.43,,202.44,,,108902,22036533.94,4594,F1,1,,,,,
2026-10-06,2026-10-06,CM,NSE,STK,8262,INE0JR301013,MADHAVBAUG,ST,,,,,VAIDYA SANE AYUR LAB LTD,177.00,177.90,173.00,173.00,173.00,173.40,,173.00,,,8800,1554680.00,15,F1,400,,,,,
2026-10-06,2026-10-06,CM,NSE,STK,16589,INE972X01022,VAISHALI,EQ,,,,,VAISHALI PHARMA LIMITED,8.36,8.60,7.80,8.17,8.16,8.28,,8.17,,,227994,1855775.06,349,F1,1,,,,,
2026-10-06,2026-10-06,CM,NSE,STK,13342,INE051B01021,VAKRANGEE,EQ,,,,,VAKRANGEE LIMITED,5.23,5.24,5.15,5.19,5.21,5.21,,5.19,,,869007,4516430.05,1121,F1,1,,,,,
2026-10-06,2026-10-06,CM,NSE,STK,19220,INE0JWS01017,VALIANTLAB,BE,,,,,VALIANT LABORATORIES LTD,124.00,127.99,124.00,124.37,125.25,124.58,,124.46,,,73168,9236573.11,347,F1,1,,,,,
2026-10-06,2026-10-06,CM,NSE,STK,330,INE565V01010,VALIANTORG,EQ,,,,,VALIANT ORGANICS LIMITED,476.00,503.00,469.15,496.80,502.80,475.65,,496.58,,,262872,128441445.60,6804,F1,1,,,,,
2026-10-06,2026-10-06,CM,NSE,STK,18124,INE879I01012,DBREALTY,EQ,,,,,VALOR ESTATE LIMITED,92.48,92.99,89.47,90.08,90.30,91.72,,90.09,,,660832,59958856.53,6805,F1,1,,,,,
2026-10-06,2026-10-06,CM,NSE,STK,763304,INE1E7Y01018,VALUE360,SM,,,,,VALUE 360 COMMUNICATION L,55.00,62.95,51.45,61.55,62.85,54.85,,61.55,,,148800,8502540.00,68,F1,1200,,,,,
2026-10-06,2026-10-06,CM,NSE,STK,11220,INE116G01013,VARDHACRLC,EQ,,,,,VARDHAMAN ACRYLICS LTD,45.00,45.00,43.00,43.63,43.51,44.47,,43.63,,,58968,2581523.00,345,F1,1,,,,,
2026-10-06,2026-10-06,CM,NSE,STK,11892,INE701A01023,VHL,EQ,,,,,VARDHMAN HOLDINGS LIMITED,3460.00,3624.80,3460.00,3574.20,3532.00,3517.80,,3573.55,,,1294,4621644.00,320,F1,1,,,,,
2026-10-06,2026-10-06,CM,NSE,STK,3646,INE835A01029,VARDMNPOLY,EQ,,,,,VARDHMAN POLYTEX LTD.,5.69,5.74,5.11,5.44,5.45,5.55,,5.44,,,320774,1747286.32,397,F1,1,,,,,
2026-10-06,2026-10-06,CM,NSE,STK,27067,INE050M01012,VSSL,EQ,,,,,VARDHMAN SPC STEEL LTD,388.00,393.40,385.00,389.75,385.20,386.10,,389.62,,,43982,17145560.00,2277,F1,1,,,,,
2026-10-06,2026-10-06,CM,NSE,STK,2073,INE825A01020,VTL,EQ,,,,,VARDHMAN TEXTILES LIMITED,531.15,557.00,531.15,549.40,548.50,529.90,,549.34,,,317619,172356383.85,16730,F1,1,,,,,
2026-10-06,2026-10-06,CM,NSE,STK,766255,INE0M5301040,VARMORA,EQ,,,,,VARMORA GRANITO LIMITED,134.60,136.02,130.51,132.84,132.91,134.88,,132.84,,,1407091,186728749.15,17132,F1,1,,,,,
2026-10-06,2026-10-06,CM,NSE,STK,3857,INE665L01035,VARROC,EQ,,,,,VARROC ENGINEERING LTD.,824.10,829.45,793.00,814.45,820.00,820.00,,814.46,,,402684,325140767.70,40529,F1,1,,,,,
2026-10-06,2026-10-06,CM,NSE,STK,18921,INE200M01039,VBL,EQ,,,,,VARUN BEVERAGES LIMITED,440.50,442.75,435.85,439.30,439.30,439.60,,439.30,,,4266861,1874316292.50,61876,F1,1,,,,,
2026-10-06,2026-10-06,CM,NSE,STK,13771,INE273D01027,VGL,EQ,,,,,VARVEE GLOBAL LIMITED,63.62,65.70,63.62,63.76,63.74,63.60,,63.74,,,65905,4222446.27,673,F1,1,,,,,
2026-10-06,2026-10-06,CM,NSE,STK,16454,INE0N5801013,DENTALKART,SM,,,,,VASA DENTICITY LIMITED,460.00,500.05,450.10,490.15,500.00,465.00,,490.15,,,12750,6085925.00,49,F1,250,,,,,
2026-10-06,2026-10-06,CM,NSE,STK,18110,INE893I01013,VASCONEQ,EQ,,,,,VASCON ENGINEERS LTD,32.10,33.00,31.99,32.31,32.44,32.27,,32.31,,,325907,10567259.20,1585,F1,1,,,,,
2026-10-06,2026-10-06,CM,NSE,STK,25340,INE590L01019,VASWANI,EQ,,,,,VASWANI IND LTD,44.04,44.50,43.11,43.41,43.21,44.13,,43.41,,,15181,665972.10,154,F1,1,,,,,
2026-10-06,2026-10-06,CM,NSE,STK,9027,INE098201036,VCL,BE,,,,,VAXTEX COTFAB LIMITED,1.49,1.50,1.43,1.50,1.50,1.43,,1.50,,,171838,256249.59,79,F1,1,,,,,
2026-10-06,2026-10-06,CM,NSE,STK,757719,INE04HY07286,115VCCL27,N0,,,,,VCCL 11.5% 2027 SR II,100226.49,100226.49,100226.49,100226.49,100226.49,99995.55,,100226.49,,,2,200452.98,1,F1,1,,,,,
2026-10-06,2026-10-06,CM,NSE,STK,759392,INE04HY07328,116VCCL27A,N0,,,,,VCCL 11.6% 2027 SR A,99771.48,99771.48,99771.48,99771.48,99771.48,99444.94,,99771.48,,,14,1396800.72,4,F1,1,,,,,
2026-10-06,2026-10-06,CM,NSE,STK,759394,INE04HY07336,118VCCL27B,N0,,,,,VCCL 11.8% 2027 SR B,99731.34,99731.34,99731.34,99731.34,99731.34,100205.85,,99731.34,,,5,498656.70,1,F1,1,,,,,
2026-10-06,2026-10-06,CM,NSE,STK,25464,INE04HY07161,12VCCL27,N0,,,,,VCCL 12% 2027 SR A,51500.00,51500.00,51500.00,51500.00,51500.00,51500.00,,51500.00,,,1,51500.00,1,F1,1,,,,,
2026-10-06,2026-10-06,CM,NSE,STK,25054,INE0U2M01015,VDEAL,SM,,,,,VDEAL SYSTEM LIMITED,108.00,114.90,108.00,110.35,114.90,103.05,,110.35,,,4200,461730.00,7,F1,600,,,,,
2026-10-06,2026-10-06,CM,NSE,STK,8167,INE825V01034,MANYAVAR,EQ,,,,,VEDANT FASHIONS LIMITED,516.00,529.00,500.15,505.40,509.00,521.30,,505.35,,,187727,95713044.25,14390,F1,1,,,,,
2026-10-06,2026-10-06,CM,NSE,STK,750174,INE1CDF01017,VAML,EQ,,,,,VEDANTA ALUMINIUM METAL L,398.45,404.00,397.55,401.05,401.50,396.60,,401.05,,,4356180,1750028273.30,67283,F1,1,,,,,
2026-10-06,2026-10-06,CM,NSE,STK,750290,INE1CLE01013,VISL,EQ,,,,,VEDANTA IRON AND STEEL L,31.00,31.39,30.33,30.75,30.82,30.74,,30.75,,,13725410,422281603.41,33343,F1,1,,,,,
2026-10-06,2026-10-06,CM,NSE,STK,3063,INE205A01025,VEDL,EQ,,,,,VEDANTA LIMITED,257.20,267.70,256.60,265.60,265.60,255.05,,265.63,,,14899808,3928359829.95,103606,F1,1,,,,,
2026-10-06,2026-10-06,CM,NSE,STK,750368,INE704J01044,VOGL,EQ,,,,,VEDANTA OIL AND GAS LTD,31.05,31.57,30.95,31.41,31.55,30.87,,31.41,,,11313091,354071590.24,32184,F1,1,,,,,
2026-10-06,2026-10-06,CM,NSE,STK,750518,INE694L01019,VEDPOWER,EQ,,,,,VEDANTA POWER LIMITED,32.25,32.66,31.83,32.53,32.65,31.87,,32.53,,,7497056,241839261.47,33654,F1,1,,,,,
2026-10-06,2026-10-06,CM,NSE,STK,764980,INE359B01010,VEDAVAAG,EQ,,,,,VEDAVAAG SYSTEMS LTD.,22.00,23.34,22.00,23.24,23.30,22.33,,23.24,,,130276,2998181.77,560,F1,1,,,,,
2026-10-06,2026-10-06,CM,NSE,STK,14019,INE484C01030,VEEDOL,EQ,,,,,VEEDOL CORPORATION LTD,1355.20,1400.50,1349.30,1392.40,1395.00,1350.40,,1392.82,,,10408,14345704.60,1123,F1,1,,,,,
2026-10-06,2026-10-06,CM,NSE,STK,766097,INE1JTV01015,VEEGALAND,EQ,,,,,VEEGALAND DEVELOPERS LTD,145.50,153.80,142.50,148.64,149.70,144.74,,148.67,,,2946800,437932518.22,22230,F1,1,,,,,
2026-10-06,2026-10-06,CM,NSE,STK,762969,INE232E01013,VELJAN,BE,,,,,VELJAN DENISON LTD.,2531.40,2531.40,2531.40,2531.40,2531.40,2410.90,,2490.61,,,1420,3594588.00,94,F1,1,,,,,
2026-10-06,2026-10-06,CM,NSE,STK,3757,INE398A01010,VENKEYS,EQ,,,,,VENKY S (INDIA) LIMITED,1642.70,1707.90,1618.00,1694.80,1687.90,1642.70,,1694.78,,,49857,83918437.60,6597,F1,1,,,,,
2026-10-06,2026-10-06,CM,NSE,STK,28847,INE781S01027,VENTIVE,EQ,,,,,VENTIVE HOSPITALITY LTD,557.00,602.80,546.05,582.35,580.00,548.00,,582.46,,,85216,49627243.20,3250,F1,1,,,,,
2026-10-06,2026-10-06,CM,NSE,STK,9592,INE0JA001018,VENUSPIPES,EQ,,,,,VENUS PIPES & TUBES LTD,2236.00,2280.00,2215.90,2240.30,2236.00,2206.40,,2240.35,,,80155,180254826.50,7698,F1,1,,,,,
2026-10-06,2026-10-06,CM,NSE,STK,13856,INE411B01019,VENUSREM,BE,,,,,VENUS REMEDIES LIMITED,1807.90,1807.90,1710.00,1746.70,1764.00,1778.00,,1748.52,,,20737,36260031.50,977,F1,1,,,,,
2026-10-06,2026-10-06,CM,NSE,STK,8904,INE0IQ001011,VERANDA,BE,,,,,VERANDA LEARNING SOL LTD,28.40,29.72,26.90,29.72,29.72,212.76,,29.72,,,418116,12240298.31,901,F1,1,,,,,
2026-10-06,2026-10-06,CM,NSE,STK,23775,INE0SRI01019,VERITAAS,SM,,,,,VERITAAS ADVERTISING LTD,28.55,28.60,28.55,28.55,28.55,30.05,,28.55,,,3600,102840.00,3,F1,1200,,,,,
2026-10-06,2026-10-06,CM,NSE,STK,18863,INE188Y01031,VERTOZ,EQ,,,,,VERTOZ LIMITED,34.73,36.49,32.71,33.52,33.49,34.73,,33.52,,,81639,2796948.14,711,F1,1,,,,,
2026-10-06,2026-10-06,CM,NSE,STK,3676,INE386A01023,VESUVIUS,EQ,,,,,VESUVIUS INDIA LTD,390.40,424.90,390.40,404.40,404.00,389.40,,404.41,,,377740,155333961.25,18235,F1,1,,,,,
2026-10-06,2026-10-06,CM,NSE,STK,8652,INE918N01018,VETO,EQ,,,,,VETO SWITCHGEAR CABLE LTD,136.64,140.81,136.00,138.54,139.00,136.65,,138.56,,,62786,8675882.89,1394,F1,1,,,,,
2026-10-06,2026-10-06,CM,NSE,STK,14316,INE0MO401019,VIAZ,SM,,,,,VIAZ TYRES LIMITED,80.00,82.50,80.00,81.75,82.50,84.00,,81.75,,,8000,647000.00,4,F1,2000,,,,,
2026-10-06,2026-10-06,CM,NSE,STK,22730,INE0QTF01015,VSTL,EQ,,,,,VIBHOR STEEL TUBES LTD,109.04,111.95,107.30,108.56,109.80,109.04,,108.20,,,8543,936011.61,216,F1,1,,,,,
2026-10-06,2026-10-06,CM,NSE,STK,765252,INE761Q01015,VGCL,EQ,,,,,VIBRANT GLOBAL CAPITAL L,49.48,49.48,45.83,47.60,48.99,48.02,,47.74,,,325,14979.26,12,F1,1,,,,,
2026-10-06,2026-10-06,CM,NSE,STK,23386,INE048C01025,VHLTD,BE,,,,,VICEROY HOTELS LIMITED,130.95,131.00,128.00,128.97,129.60,126.05,,128.97,,,68525,8891063.01,366,F1,1,,,,,
2026-10-06,2026-10-06,CM,NSE,STK,760691,INE0F8901022,VICTORYEV,SM,,,,,VICTORY ELEC VEHICL INT L,13.30,13.75,13.20,13.75,13.75,13.30,,13.75,,,9000,120750.00,3,F1,3000,,,,,
2026-10-06,2026-10-06,CM,NSE,STK,13536,INE632C01026,VIDHIING,EQ,,,,,VIDHI SPCLTY F INGRDNTS L,358.90,358.90,348.75,352.30,354.95,354.00,,352.31,,,6713,2375768.85,606,F1,1,,,,,
2026-10-06,2026-10-06,CM,NSE,STK,760224,INE14UN01029,VIDYAWIRES,EQ,,,,,VIDYA WIRES LIMITED,92.00,95.83,92.00,95.83,95.83,91.27,,95.96,,,2092268,198404645.05,8863,F1,1,,,,,
2026-10-06,2026-10-06,CM,NSE,STK,758898,INE1DM601016,VIGOR,SM,,,,,VIGOR PLAST INDIA LIMITED,76.00,76.00,72.20,74.05,74.00,76.00,,74.05,,,35200,2582240.00,21,F1,1600,,,,,
2026-10-06,2026-10-06,CM,NSE,STK,764985,INE362D01010,VIJSOLX,EQ,,,,,VIJAY SOLVEX LTD.,630.00,630.00,620.00,620.00,620.00,636.95,,621.00,,,23,14390.00,2,F1,1,,,,,
2026-10-06,2026-10-06,CM,NSE,STK,5585,INE043W01024,VIJAYA,EQ,,,,,VIJAYA DIAGNOSTIC CEN LTD,1422.20,1501.00,1408.70,1466.70,1462.30,1422.20,,1466.70,,,134949,196604300.00,18352,F1,1,,,,,
2026-10-06,2026-10-06,CM,NSE,STK,760121,INE0WL901019,VIJAYPD,SM,,,,,VIJAYPD CEUTICAL LIMITED,91.35,94.50,82.30,83.70,82.30,90.35,,83.70,,,128000,11458100.00,39,F1,2000,,,,,
2026-10-06,2026-10-06,CM,NSE,STK,17695,INE159N01027,VIJIFIN,BE,,,,,VIJI FINANCE LIMITED,13.69,13.69,13.69,13.69,13.69,14.41,,13.69,,,57100,781699.00,129,F1,1,,,,,
2026-10-06,2026-10-06,CM,NSE,STK,25756,INE806A01020,VIKASECO,EQ,,,,,VIKAS ECOTECH LIMITED,1.02,1.03,1.01,1.02,1.02,1.02,,1.02,,,1846510,1885431.65,818,F1,1,,,,,
2026-10-06,2026-10-06,CM,NSE,STK,9931,INE161L01027,VIKASLIFE,EQ,,,,,VIKAS LIFECARE LIMITED,1.21,1.22,1.19,1.20,1.20,1.21,,1.20,,,2367196,2848664.54,5795,F1,1,,,,,
2026-10-06,2026-10-06,CM,NSE,STK,759453,INE078V01014,VIKRAMSOLR,EQ,,,,,VIKRAM SOLAR LIMITED,152.70,154.14,150.96,151.50,151.70,152.52,,151.51,,,1330871,202141202.22,15195,F1,1,,,,,
2026-10-06,2026-10-06,CM,NSE,STK,758973,INE01R501028,VIKRAN,EQ,,,,,VIKRAN ENGINEERING LTD,57.20,58.25,57.20,58.13,58.20,57.19,,58.15,,,518281,29988548.32,3376,F1,1,,,,,
2026-10-06,2026-10-06,CM,NSE,STK,23909,INE0AZY01017,VILAS,SM,,,,,VILAS TRANSCORE LIMITED,398.20,400.00,388.25,394.75,397.45,396.25,,394.75,,,12000,4739887.50,44,F1,250,,,,,
2026-10-06,2026-10-06,CM,NSE,STK,16960,INE0L4V01013,VILINBIO,ST,,,,,VILIN BIO MED LIMITED,51.50,52.95,51.10,52.95,52.95,53.75,,52.95,,,44000,2268400.00,11,F1,4000,,,,,
2026-10-06,2026-10-06,CM,NSE,STK,13101,INE579C01029,VIMTALABS,EQ,,,,,VIMTA LABS LIMITED,573.00,584.90,569.80,577.40,579.90,571.75,,577.41,,,140356,81027102.55,7495,F1,1,,,,,
2026-10-06,2026-10-06,CM,NSE,STK,17364,INE410B01037,VINATIORGA,EQ,,,,,VINATI ORGANICS LTD,1176.00,1200.10,1166.70,1179.50,1173.80,1175.80,,1179.57,,,30277,35833780.40,5323,F1,1,,,,,
2026-10-06,2026-10-06,CM,NSE,STK,3694,INE707A01012,VINDHYATEL,EQ,,,,,VINDHYA TELELINKS LTD,2588.00,2842.00,2584.00,2829.70,2815.20,2577.30,,2829.66,,,142293,393404177.10,16406,F1,1,,,,,
2026-10-06,2026-10-06,CM,NSE,STK,3807,INE505Y01010,VINEETLAB,EQ,,,,,VINEET LABORATORIES LTD,38.39,38.39,36.32,36.52,36.43,37.57,,36.50,,,24929,913764.00,423,F1,1,,,,,
2026-10-06,2026-10-06,CM,NSE,STK,763821,INE27V201011,VMOBILE,SM,,,,,VINIT MOBILE LIMITED,55.75,56.30,55.75,56.00,56.00,53.75,,56.00,,,3200,179240.00,4,F1,800,,,,,
2026-10-06,2026-10-06,CM,NSE,STK,12490,INE01KI01027,VINNY,EQ,,,,,VINNY OVERSEAS LIMITED,0.90,0.91,0.90,0.90,0.90,0.90,,0.90,,,439590,395717.94,394,F1,1,,,,,
2026-10-06,2026-10-06,CM,NSE,STK,766061,INE1A5U01014,VINOD,SM,,,,,VINOD TEXWORLD LIMITED,41.25,44.00,41.25,41.25,41.25,45.80,,41.25,,,928800,38423940.00,255,F1,1200,,,,,
2026-10-06,2026-10-06,CM,NSE,STK,17905,INE0OSJ01014,VINSYS,ST,,,,,VINSYS IT SERVICES IND LT,575.00,578.00,571.00,576.00,576.00,574.00,,576.00,,,1750,1004750.00,7,F1,250,,,,,
2026-10-06,2026-10-06,CM,NSE,STK,25835,INE498Q01014,VINCOFE,EQ,,,,,VINTAGE COFFEE N BVRGS L,182.99,189.00,181.24,187.21,186.11,182.59,,187.21,,,1459907,271328322.31,16080,F1,1,,,,,
2026-10-06,2026-10-06,CM,NSE,STK,19206,INE0OLS01010,VINYAS,SM,,,,,VINYAS INNOVATIVE TECH L,1390.00,1433.85,1390.00,1412.10,1410.00,1374.45,,1412.10,,,5200,7379765.00,39,F1,100,,,,,
2026-10-06,2026-10-06,CM,NSE,STK,16821,INE250B01029,VINYLINDIA,EQ,,,,,VINYL CHEMICALS (I) LTD.,211.00,217.78,211.00,212.77,212.01,214.15,,212.79,,,10361,2202128.86,254,F1,1,,,,,
2026-10-06,2026-10-06,CM,NSE,STK,14843,INE450G01024,VIPCLOTHNG,EQ,,,,,VIP CLOTHING LIMITED,20.26,20.89,20.20,20.30,20.26,20.19,,20.27,,,26372,536573.82,171,F1,1,,,,,
2026-10-06,2026-10-06,CM,NSE,STK,3703,INE054A01027,VIPIND,EQ,,,,,VIP INDUSTRIES LTD,288.50,289.00,282.00,288.10,288.50,284.30,,288.13,,,108780,31214266.75,3610,F1,1,,,,,
2026-10-06,2026-10-06,CM,NSE,STK,8437,INE946H01037,VIPULLTD,BE,,,,,VIPUL LIMITED,10.22,10.55,10.11,10.20,10.29,10.49,,10.20,,,52717,542278.41,203,F1,1,,,,,
2026-10-06,2026-10-06,CM,NSE,STK,764990,INE467D01017,VIRAT,EQ,,,,,VIRAT INDUSTRIES LTD.,350.00,356.00,342.20,347.70,345.75,345.00,,346.93,,,1764,611475.85,198,F1,1,,,,,
2026-10-06,2026-10-06,CM,NSE,STK,15295,INE539B01017,VIRINCHI,EQ,,,,,VIRINCHI LIMITED,12.72,13.39,12.72,13.16,13.11,12.78,,13.16,,,39744,517982.07,196,F1,1,,,,,
2026-10-06,2026-10-06,CM,NSE,STK,757060,INE0VRH01015,VGINFOTECH,SM,,,,,VIRTUAL GALAXY INFOTECH L,138.00,138.00,135.00,136.85,136.80,138.00,,136.85,,,25000,3400300.00,25,F1,1000,,,,,
2026-10-06,2026-10-06,CM,NSE,STK,765218,INE247C01023,VIRTUALG,BE,,,,,VIRTUAL GLOBAL EDU LTD,0.44,0.44,0.42,0.42,0.43,0.43,,0.42,,,240623,103644.21,145,F1,1,,,,,
2026-10-06,2026-10-06,CM,NSE,STK,761916,INE0I0T01010,VOEPL,EQ,,,,,VIRTUOSO OPTOELECTRONIC L,519.65,519.90,497.10,511.15,516.00,506.10,,511.17,,,84435,42673423.65,4469,F1,1,,,,,
2026-10-06,2026-10-06,CM,NSE,STK,13295,INE286H01012,VISACHROME,EQ,,,,,VISA CHROME LIMITED,35.35,35.68,34.31,35.22,35.05,34.12,,35.14,,,26497,927500.03,387,F1,1,,,,,
2026-10-06,2026-10-06,CM,NSE,STK,29877,INE370E01029,VIVIDHA,EQ,,,,,VISAGAR POLYTEX LTD,0.51,0.53,0.51,0.51,0.52,0.51,,0.51,,,172652,89156.02,162,F1,1,,,,,
2026-10-06,2026-10-06,CM,NSE,STK,8150,INE392A01021,VISAKAIND,BE,,,,,VISAKA INDUSTRIES LTD,80.70,83.08,80.11,81.63,81.70,81.57,,81.67,,,74539,6079716.00,477,F1,1,,,,,
2026-10-06,2026-10-06,CM,NSE,STK,24274,INE0BHK01012,VISAMAN,SM,,,,,VISAMAN GLOBAL SALES LTD,24.60,25.50,24.60,24.60,24.60,25.85,,24.60,,,41000,1014500.00,35,F1,1000,,,,,
2026-10-06,2026-10-06,CM,NSE,STK,18708,INE0OWX01025,VISDEM,SM,,,,,VISDEM TECHNOSYS LIMITED,95.10,95.10,95.10,95.10,95.10,99.65,,95.10,,,1200,114120.00,1,F1,1200,,,,,
2026-10-06,2026-10-06,CM,NSE,STK,11773,INE755Q01025,VISHAL,EQ,,,,,VISHAL FABRICS LTD.,17.11,18.40,17.10,17.50,17.50,17.31,,17.50,,,334362,5931363.64,268,F1,1,,,,,
2026-10-06,2026-10-06,CM,NSE,STK,27969,INE01EA01019,VMM,EQ,,,,,VISHAL MEGA MART LIMITED,98.25,101.71,98.08,100.95,100.95,98.25,,100.95,,,15107047,1520359949.44,30781,F1,1,,,,,
2026-10-06,2026-10-06,CM,NSE,STK,6908,INE270I01022,VISHNU,EQ,,,,,VISHNU CHEMICALS LIMITED,648.00,701.00,648.00,695.55,695.15,647.75,,695.51,,,220744,151573664.80,9286,F1,1,,,,,
2026-10-06,2026-10-06,CM,NSE,STK,18341,INE0AE001013,VPRPL,EQ,,,,,VISHNU PRAKASH R PUNGLI L,29.00,29.47,27.36,28.77,28.80,28.78,,28.77,,,351910,10134561.85,1494,F1,1,,,,,
2026-10-06,2026-10-06,CM,NSE,STK,19300,INE0PQ001012,VISHNUINFR,SM,,,,,VISHNUSURYA PROJ N INFR L,141.75,146.60,141.15,146.40,146.40,143.00,,146.40,,,22000,3150000.00,13,F1,500,,,,,
2026-10-06,2026-10-06,CM,NSE,STK,13702,INE430N01022,VISHWARAJ,EQ,,,,,VISHWARAJ SUGAR IND LTD,5.34,6.00,5.27,5.72,5.72,5.23,,5.72,,,1186917,6796797.70,2035,F1,1,,,,,
2026-10-06,2026-10-06,CM,NSE,STK,23370,INE0S2E01016,VISHWAS,SM,,,,,VISHWAS AGRI SEEDS LTD,42.25,42.25,42.25,42.25,42.25,44.45,,42.25,,,3200,135200.00,2,F1,1600,,,,,
2026-10-06,2026-10-06,CM,NSE,STK,25231,INE0TR001017,VIESL,SM,,,,,VISION INFRA EQUIP SOL L,361.55,369.90,354.00,369.90,369.90,359.80,,369.90,,,13600,4949160.00,16,F1,800,,,,,
2026-10-06,2026-10-06,CM,NSE,STK,761148,INE0L4K01016,VITAL,EQ,,,,,VITAL CHEMTECH LIMITED,53.40,53.40,51.50,53.18,53.18,51.05,,53.18,,,5003,257659.76,6,F1,1,,,,,
2026-10-06,2026-10-06,CM,NSE,STK,763636,INE0MEG01014,VIVIANA,EQ,,,,,VIVIANA POWER TECH LTD,829.80,854.45,795.05,824.20,829.00,815.65,,824.20,,,88932,73709249.85,6094,F1,1,,,,,
2026-10-06,2026-10-06,CM,NSE,STK,761768,INE24H301028,VIVIDEL,SM,,,,,VIVID ELECTROMECH LIMITED,1692.00,1750.00,1661.30,1713.00,1719.95,1715.00,,1713.00,,,10320,17645796.00,41,F1,240,,,,,
2026-10-06,2026-10-06,CM,NSE,STK,11968,INE526G01021,VIVIMEDLAB,BE,,,,,VIVIMED LABS LIMITED,6.28,6.28,6.28,6.28,6.28,5.99,,6.28,,,27868,175011.04,44,F1,1,,,,,
2026-10-06,2026-10-06,CM,NSE,STK,764995,INE380K01017,VIVOBIOT,EQ,,,,,VIVO BIO TECH LTD.,14.97,15.69,13.11,13.87,14.00,15.14,,13.94,,,130105,1810940.84,845,F1,1,,,,,
2026-10-06,2026-10-06,CM,NSE,STK,14296,INE807F01027,VIYASH,EQ,,,,,VIYASH SCIENTIFIC LIMITED,229.00,234.50,228.57,233.23,234.25,229.07,,233.25,,,1481195,343803411.60,19377,F1,1,,,,,
2026-10-06,2026-10-06,CM,NSE,STK,18012,INE03HW01020,VLEGOV,EQ,,,,,VL E GOV AND IT SOL LTD,9.57,9.78,8.86,9.37,9.41,9.32,,9.39,,,164271,1555571.65,698,F1,1,,,,,
2026-10-06,2026-10-06,CM,NSE,STK,3715,INE709A01018,VLSFINANCE,EQ,,,,,VLS FINANCE LTD,232.36,234.75,230.60,233.90,234.75,231.16,,233.90,,,4462,1036777.72,109,F1,1,,,,,
2026-10-06,2026-10-06,CM,NSE,STK,29284,INE665J01013,VMART,EQ,,,,,VMART RETAIL LTD,753.05,799.90,753.05,793.00,787.10,770.95,,793.02,,,99506,78591442.15,9003,F1,1,,,,,
2026-10-06,2026-10-06,CM,NSE,STK,759152,INE0SJA01013,VMSTMT,EQ,,,,,VMS TMT LIMITED,44.45,46.97,44.40,46.58,46.92,44.34,,46.57,,,38944,1801017.75,828,F1,1,,,,,
2026-10-06,2026-10-06,CM,NSE,STK,14366,INE669E01016,IDEA,EQ,,,,,VODAFONE IDEA LIMITED,12.77,13.22,12.76,13.21,13.21,12.74,,13.21,,,337226121,4417541128.29,637096,F1,1,,,,,
2026-10-06,2026-10-06,CM,NSE,STK,765000,INE285C01015,VOITHPAPR,EQ,,,,,VOITH PAPER FABRICS IND L,1406.00,1453.90,1406.00,1425.00,1425.00,1437.20,,1425.32,,,94,133719.00,19,F1,1,,,,,
2026-10-06,2026-10-06,CM,NSE,STK,13577,INE540H01012,VOLTAMP,EQ,,,,,VOLTAMP TRANSFORMERS LTD,10609.00,10656.00,10479.00,10539.00,10525.00,10561.00,,10539.07,,,9008,95048271.00,4418,F1,1,,,,,
2026-10-06,2026-10-06,CM,NSE,STK,3718,INE226A01021,VOLTAS,EQ,,,,,VOLTAS LTD,1064.70,1073.40,1048.60,1067.90,1067.90,1061.30,,1067.90,,,2705541,2869311340.40,33538,F1,1,,,,,
2026-10-06,2026-10-06,CM,NSE,STK,24321,INE0S2V01010,VRAJ,EQ,,,,,VRAJ IRON AND STEEL LTD,121.80,124.50,119.44,121.60,121.60,122.18,,121.56,,,10753,1317938.88,441,F1,1,,,,,
2026-10-06,2026-10-06,CM,NSE,STK,8696,INE366I01010,VRLLOG,EQ,,,,,VRL LOGISTICS LIMITED,285.45,286.00,283.90,284.95,286.00,285.00,,284.99,,,95557,27232358.95,2857,F1,1,,,,,
2026-10-06,2026-10-06,CM,NSE,STK,3724,INE710A01016,VSTIND,EQ,,,,,VST INDUSTRIES LTD,202.00,203.35,201.00,202.64,202.80,200.92,,202.55,,,100176,20242401.46,2658,F1,1,,,,,
2026-10-06,2026-10-06,CM,NSE,STK,24292,INE764D01017,VSTTILLERS,EQ,,,,,VST TILLERS TRACTORS LTD,4205.00,4455.00,4205.00,4426.30,4391.00,4235.10,,4426.46,,,12869,56395521.60,2796,F1,1,,,,,
2026-10-06,2026-10-06,CM,NSE,STK,765005,INE855A01019,WHBRADY,EQ,,,,,W H BRADY & CO. LTD.,456.30,515.00,452.60,485.00,485.00,464.40,,482.00,,,329,162729.30,56,F1,1,,,,,
2026-10-06,2026-10-06,CM,NSE,STK,762978,INE765D01022,WPIL,EQ,,,,,W P I L LTD.,447.00,452.00,441.05,444.15,441.05,447.20,,444.48,,,42287,18862357.60,3005,F1,1,,,,,
2026-10-06,2026-10-06,CM,NSE,STK,14828,INE100D01014,WSI,EQ,,,,,W.S.INDUSTRIES (I) LTD.,51.00,52.80,51.00,51.79,52.79,50.66,,51.79,,,41522,2153216.46,454,F1,1,,,,,
2026-10-06,2026-10-06,CM,NSE,STK,25907,INE377N01017,WAAREEENER,EQ,,,,,WAAREE ENERGIES LIMITED,2346.50,2398.00,2341.30,2398.00,2398.00,2346.50,,2398.01,,,394147,936400473.20,28714,F1,1,,,,,
2026-10-06,2026-10-06,CM,NSE,STK,756038,INE299N01021,WAAREERTL,EQ,,,,,WAAREE RENEWABLE TECH LTD,809.10,828.00,808.75,825.95,823.65,809.10,,825.98,,,101885,83577485.75,10443,F1,1,,,,,
2026-10-06,2026-10-06,CM,NSE,STK,760259,INE0E7301029,WAKEFIT,EQ,,,,,WAKEFIT INNOVATIONS LTD,138.20,141.26,135.70,135.98,136.18,138.12,,135.98,,,308548,42340740.86,4442,F1,1,,,,,
2026-10-06,2026-10-06,CM,NSE,STK,3736,INE711A01022,WALCHANNAG,EQ,,,,,WALCHANDNAGAR INDUSTRIES,195.00,207.00,194.99,204.17,203.90,195.05,,204.16,,,716366,144794762.26,10187,F1,1,,,,,
2026-10-06,2026-10-06,CM,NSE,STK,14063,INE107F01022,WANBURY,EQ,,,,,WANBURY LIMITED,194.99,205.81,191.15,197.87,196.02,190.46,,197.85,,,1143379,227270474.29,16400,F1,1,,,,,
2026-10-06,2026-10-06,CM,NSE,STK,766360,INE945P01024,WARDINMOBI,BZ,,,,,WARDWIZARD INNO & MOB L,5.08,5.30,5.00,5.11,5.19,5.17,,5.11,,,228775,1173412.91,584,F1,1,,,,,
2026-10-06,2026-10-06,CM,NSE,STK,3745,INE054C01015,WATERBASE,EQ,,,,,WATERBASE LTD.,46.79,46.79,43.51,44.80,44.85,45.57,,44.86,,,16937,758483.49,394,F1,1,,,,,
2026-10-06,2026-10-06,CM,NSE,STK,762163,INE0LZF01039,CORDELIA,EQ,,,,,WATERWAYS LEISURE TOUR L,103.00,105.10,101.33,104.32,104.32,100.83,,104.31,,,872052,90184559.92,7643,F1,1,,,,,
2026-10-06,2026-10-06,CM,NSE,STK,9862,INE082W01014,WEWIN,EQ,,,,,WE WIN LIMITED,51.00,53.00,50.50,51.92,52.90,51.00,,51.89,,,5900,304925.51,59,F1,1,,,,,
2026-10-06,2026-10-06,CM,NSE,STK,760482,INF2F0001370,TWCGOLDETF,EQ,,,,,WEALTH - TWCGOLDETF,146.00,149.99,145.16,146.53,146.30,146.47,,146.53,,,3405,498255.85,155,F1,1,,,,,
2026-10-06,2026-10-06,CM,NSE,STK,1923,INE658T01017,WEALTH,EQ,,,,,WEALTH FRST PORT. MG. LTD,860.00,883.00,832.80,855.15,855.00,864.00,,855.15,,,1300,1106750.90,176,F1,1,,,,,
2026-10-06,2026-10-06,CM,NSE,STK,14602,INE855C01023,WEBELSOLAR,EQ,,,,,WEBSOL ENERGY SYSTEM LTD,69.00,71.46,67.19,70.89,70.40,68.06,,70.91,,,2917914,203446513.99,15817,F1,1,,,,,
2026-10-06,2026-10-06,CM,NSE,STK,3748,INE080A01014,WEIZMANIND,EQ,,,,,WEIZMANN LTD,68.01,72.70,68.01,70.39,70.90,69.40,,70.44,,,2565,182076.51,144,F1,1,,,,,
2026-10-06,2026-10-06,CM,NSE,STK,11821,INE191B01025,WELCORP,EQ,,,,,WELSPUN CORP LIMITED,2528.20,2676.00,2518.60,2660.90,2670.30,2497.50,,2660.74,,,1853422,4850413877.10,121802,F1,1,,,,,
2026-10-06,2026-10-06,CM,NSE,STK,11626,INE625G01013,WELENT,EQ,,,,,WELSPUN ENTERPRISES LTD.,723.10,728.00,713.00,718.30,715.00,723.10,,718.32,,,150965,108651311.10,6848,F1,1,,,,,
2026-10-06,2026-10-06,CM,NSE,STK,19804,INE389K01018,WELINV,BE,,,,,WELSPUN INV & COMM LTD,2440.00,2452.20,2440.00,2440.00,2440.00,2478.00,,2423.50,,,12,29377.60,7,F1,1,,,,,
2026-10-06,2026-10-06,CM,NSE,STK,11253,INE192B01031,WELSPUNLIV,EQ,,,,,WELSPUN LIVING LIMITED,231.05,240.73,230.99,237.86,237.51,230.27,,237.85,,,4609322,1093738566.80,49982,F1,1,,,,,
2026-10-06,2026-10-06,CM,NSE,STK,762971,INE731F01037,WELSPLSOL,EQ,,,,,WELSPUN SPECIALTY SOL L,52.29,53.87,51.69,51.99,52.00,52.50,,51.99,,,571376,29992663.47,3841,F1,1,,,,,
2026-10-06,2026-10-06,CM,NSE,STK,4235,INE274C01019,WENDT,EQ,,,,,WENDT (INDIA) LIMITED,8124.00,8151.50,8053.50,8097.50,8100.00,8016.50,,8097.75,,,3527,28575129.50,947,F1,1,,,,,
2026-10-06,2026-10-06,CM,NSE,STK,3799,INE976A01021,WSTCSTPAPR,EQ,,,,,WEST COAST PAPER MILLS LT,721.00,763.05,721.00,753.05,752.50,717.75,,753.01,,,254433,190501328.20,14364,F1,1,,,,,
2026-10-06,2026-10-06,CM,NSE,STK,25403,INE0CJF01024,WCIL,EQ,,,,,WESTERN CARRIERS (IND) L,89.50,89.90,86.99,87.76,87.60,89.27,,87.76,,,137701,12130280.33,1690,F1,1,,,,,
2026-10-06,2026-10-06,CM,NSE,STK,11580,INE274F01020,WESTLIFE,EQ,,,,,WESTLIFE FOODWORLD LTD,594.00,605.35,589.00,594.60,591.10,590.95,,594.65,,,62651,37251954.40,5137,F1,1,,,,,
2026-10-06,2026-10-06,CM,NSE,STK,759434,INE085001019,WEWORK,EQ,,,,,WEWORK INDIA MANAGEMENT L,651.00,670.00,646.65,664.90,661.10,651.00,,664.90,,,82193,54273919.25,8848,F1,1,,,,,
2026-10-06,2026-10-06,CM,NSE,STK,3766,INE715A01015,WHEELS,EQ,,,,,WHEELS INDIA LTD,2254.90,2341.00,2211.10,2289.00,2282.20,2206.60,,2289.03,,,120884,274515780.60,11498,F1,1,,,,,
2026-10-06,2026-10-06,CM,NSE,STK,18011,INE716A01013,WHIRLPOOL,EQ,,,,,WHIRLPOOL OF INDIA LTD,873.75,878.00,861.10,867.80,865.90,871.75,,867.81,,,392092,341806110.10,21449,F1,1,,,,,
2026-10-06,2026-10-06,CM,NSE,STK,3772,INE210A01017,WILLAMAGOR,EQ,,,,,WILLIAMSON MAGOR,22.40,22.40,21.31,21.88,21.98,21.67,,21.67,,,784,16964.32,43,F1,1,,,,,
2026-10-06,2026-10-06,CM,NSE,STK,5366,INE0H5O01029,WINDLAS,EQ,,,,,WINDLAS BIOTECH LIMITED,1008.00,1041.00,1000.00,1036.20,1038.50,1017.90,,1036.15,,,71884,73327318.30,8092,F1,1,,,,,
2026-10-06,2026-10-06,CM,NSE,STK,24969,INE052A01021,WINDMACHIN,EQ,,,,,WINDSOR MACHINES LIMITED,286.15,297.45,281.50,294.85,296.50,286.20,,294.91,,,92539,26703990.40,3012,F1,1,,,,,
2026-10-06,2026-10-06,CM,NSE,STK,23714,INE0S3D01016,WINSOL,SM,,,,,WINSOL ENGINEERS LIMITED,102.65,110.00,98.00,107.95,108.95,102.65,,107.95,,,13600,1396220.00,29,F1,400,,,,,
2026-10-06,2026-10-06,CM,NSE,STK,3787,INE075A01022,WIPRO,EQ,,,,,WIPRO LTD,161.96,162.88,160.54,161.84,161.84,162.14,,161.84,,,16386869,2643300953.39,62812,F1,1,,,,,
2026-10-06,2026-10-06,CM,NSE,STK,22725,INE623Y01011,WTICAB,SM,,,,,WISE TRAVEL INDIA LIMITED,98.70,99.70,97.75,99.40,99.70,98.75,,99.40,,,6500,640350.00,13,F1,500,,,,,
2026-10-06,2026-10-06,CM,NSE,STK,7506,INE049B01025,WOCKPHARMA,EQ,,,,,WOCKHARDT LIMITED,2067.20,2184.00,2062.00,2176.40,2174.00,2063.50,,2176.31,,,899270,1923792578.40,48235,F1,1,,,,,
2026-10-06,2026-10-06,CM,NSE,STK,19632,INE0Q9601016,WOMANCART,ST,,,,,WOMANCART LIMITED,93.70,96.90,92.05,93.60,92.50,94.50,,93.60,,,19200,1792940.00,45,F1,400,,,,,
2026-10-06,2026-10-06,CM,NSE,STK,7835,INE02WG01024,WEL,EQ,,,,,WONDER ELECTRICALS LTD,73.30,75.45,73.29,74.62,75.25,73.30,,74.62,,,181866,13596873.84,1319,F1,1,,,,,
2026-10-06,2026-10-06,CM,NSE,STK,3002,INE066O01014,WONDERLA,EQ,,,,,WONDERLA HOLIDAYS LTD.,502.00,517.90,488.00,509.70,503.10,499.70,,509.73,,,37533,18886635.40,2915,F1,1,,,,,
2026-10-06,2026-10-06,CM,NSE,STK,22277,INE196Y01018,WORTHPERI,EQ,,,,,WORTH PERIPHERALS LIMITED,144.95,144.95,140.25,141.09,141.50,143.41,,141.09,,,8240,1161795.73,138,F1,1,,,,,
2026-10-06,2026-10-06,CM,NSE,STK,11705,INE692G01013,XCHANGING,EQ,,,,,XCHANGING SOLUTIONS LTD,58.80,62.60,58.18,61.86,62.00,58.13,,61.84,,,172281,10597194.79,2115,F1,1,,,,,
2026-10-06,2026-10-06,CM,NSE,STK,8477,INE01P501012,XELPMOC,EQ,,,,,XELPMOC DESIGN & TECH LTD,90.00,91.46,85.00,85.62,85.12,89.86,,85.62,,,22716,1973136.76,782,F1,1,,,,,
2026-10-06,2026-10-06,CM,NSE,STK,11407,INE445C01015,XPROINDIA,EQ,,,,,XPRO INDIA LIMITED,1151.20,1160.00,1125.20,1136.10,1150.50,1139.00,,1136.08,,,47015,53719679.20,4778,F1,1,,,,,
2026-10-06,2026-10-06,CM,NSE,STK,25235,INE547B01028,XTGLOBAL,EQ,,,,,XTGLOBAL INFOTECH LIMITED,28.98,28.98,26.91,27.61,27.78,28.09,,27.62,,,49359,1360872.91,426,F1,1,,,,,
2026-10-06,2026-10-06,CM,NSE,STK,764312,INE0NG701011,XTRANET,EQ,,,,,XTRANET TECHNOLOGIES LTD,288.00,300.30,283.50,300.30,300.30,286.00,,300.12,,,614797,180936170.55,9344,F1,1,,,,,
2026-10-06,2026-10-06,CM,NSE,STK,760870,INE0U0J01015,YAAP,SM,,,,,YAAP DIGITAL LIMITED,125.90,125.90,125.00,125.00,125.00,125.00,,125.00,,,4000,502000.00,4,F1,1000,,,,,
2026-10-06,2026-10-06,CM,NSE,STK,23451,INE0TO601017,YASHOPTICS,SM,,,,,YASH OPTICS & LENS LTD,134.10,134.10,126.50,127.00,127.00,133.00,,127.00,,,12000,1547880.00,15,F1,800,,,,,
2026-10-06,2026-10-06,CM,NSE,STK,18131,INE616Z01012,YASHO,EQ,,,,,YASHO INDUSTRIES LIMITED,4040.00,4350.00,4039.90,4282.80,4324.80,4042.90,,4282.87,,,33512,141001521.60,5828,F1,1,,,,,
2026-10-06,2026-10-06,CM,NSE,STK,17738,INE0JO301016,YATHARTH,EQ,,,,,YATHARTH HOSP & TRA C S L,1003.00,1065.00,998.20,1058.80,1064.00,1003.00,,1058.83,,,382135,398846623.00,28353,F1,1,,,,,
2026-10-06,2026-10-06,CM,NSE,STK,18760,INE0JR601024,YATRA,EQ,,,,,YATRA ONLINE LIMITED,101.00,101.85,100.21,101.48,101.70,100.81,,101.49,,,353097,35709905.01,3970,F1,1,,,,,
2026-10-06,2026-10-06,CM,NSE,STK,11915,INE528G01035,YESBANK,EQ,,,,,YES BANK LIMITED,21.05,21.05,20.81,20.86,20.86,21.06,,20.86,,,48861066,1022130560.80,65849,F1,1,,,,,
2026-10-06,2026-10-06,CM,NSE,STK,765010,INE290E01011,YOGI,EQ,,,,,YOGI LTD.,161.90,164.92,161.00,161.00,161.00,160.00,,161.75,,,421,67980.49,14,F1,1,,,,,
2026-10-06,2026-10-06,CM,NSE,STK,5501,INE384C01016,YUKEN,EQ,,,,,YUKEN INDIA LIMITED,1142.40,1333.90,1137.40,1238.60,1238.00,1129.00,,1238.63,,,282354,355176185.90,22284,F1,1,,,,,
2026-10-06,2026-10-06,CM,NSE,STK,4229,INE116C01012,ZFSTEERING,EQ,,,,,Z F STEERING GEAR (I) LTD,705.40,719.60,702.55,710.25,707.00,703.65,,710.25,,,1592,1130341.65,129,F1,1,,,,,
2026-10-06,2026-10-06,CM,NSE,STK,23976,INE0ISZ01012,ZTECH,SM,,,,,Z-TECH (INDIA) LIMITED,472.05,489.00,465.05,488.15,489.00,470.30,,488.15,,,16800,8083110.00,54,F1,300,,,,,
2026-10-06,2026-10-06,CM,NSE,STK,18608,INE07K301024,ZAGGLE,EQ,,,,,ZAGGLE PREPA OCEAN SER L,172.25,174.40,169.77,171.88,172.49,170.32,,171.89,,,1067509,182854927.58,11072,F1,1,,,,,
2026-10-06,2026-10-06,CM,NSE,STK,17766,INE0PPS01018,ZEAL,SM,,,,,ZEAL GLOBAL SERVICES LTD,70.70,70.70,70.70,70.70,70.70,70.70,,70.70,,,600,42420.00,1,F1,600,,,,,
2026-10-06,2026-10-06,CM,NSE,STK,3812,INE256A01028,ZEEL,EQ,,,,,ZEE ENTERTAINMENT ENT LTD,73.60,74.77,72.20,72.42,72.47,73.57,,72.42,,,15468698,1131747577.51,43445,F1,1,,,,,
2026-10-06,2026-10-06,CM,NSE,STK,20852,INE565L01011,ZEELEARN,EQ,,,,,ZEE LEARN LIMITED,6.21,6.50,6.10,6.37,6.35,6.21,,6.37,,,573557,3583402.96,833,F1,1,,,,,
2026-10-06,2026-10-06,CM,NSE,STK,14003,INE966H01019,ZEEMEDIA,EQ,,,,,ZEE MEDIA CORPORATION LTD,7.27,7.30,7.08,7.22,7.20,7.15,,7.22,,,633024,4560909.56,955,F1,1,,,,,
2026-10-06,2026-10-06,CM,NSE,STK,7508,INE251B01027,ZENTEC,EQ,,,,,ZEN TECHNOLOGIES LIMITED,1608.80,1622.00,1598.80,1614.30,1617.00,1599.50,,1614.30,,,177507,285727663.30,16866,F1,1,,,,,
2026-10-06,2026-10-06,CM,NSE,STK,22803,INE0QWN01013,ZENITHDRUG,SM,,,,,ZENITH DRUGS LIMITED,42.50,42.50,42.05,42.05,42.05,42.50,,42.05,,,8800,372160.00,7,F1,800,,,,,
2026-10-06,2026-10-06,CM,NSE,STK,4176,INE058B01018,ZENITHEXPO,EQ,,,,,ZENITH EXPORTS LTD,194.10,194.10,186.05,187.56,186.05,194.90,,187.56,,,531,100068.12,25,F1,1,,,,,
2026-10-06,2026-10-06,CM,NSE,STK,14562,INE318D01020,ZENITHSTL,EQ,,,,,ZENITH STEEL PIP IND LTD,5.15,5.29,5.07,5.25,5.27,5.15,,5.26,,,57835,302678.03,170,F1,1,,,,,
2026-10-06,2026-10-06,CM,NSE,STK,1076,INE520A01027,ZENSARTECH,EQ,,,,,ZENSAR TECHNOLOGIES  LTD,455.00,457.65,444.35,445.45,446.60,451.50,,445.45,,,605170,270982079.30,17601,F1,1,,,,,
2026-10-06,2026-10-06,CM,NSE,STK,22901,INF0R8F01042,GOLDCASE,EQ,,,,,ZERODHAAMC - GOLDCASE,23.09,23.17,22.95,23.14,23.14,23.13,,23.14,,,43919555,1011854166.85,15784,F1,1,,,,,
2026-10-06,2026-10-06,CM,NSE,STK,21750,INF0R8F01034,LIQUIDCASE,EQ,,,,,ZERODHAAMC - LIQUIDCASE,116.25,116.25,116.23,116.23,116.25,116.22,,116.23,,,22378418,2601294096.10,20002,F1,1,,,,,
2026-10-06,2026-10-06,CM,NSE,STK,758705,INF0R8F01133,LTGILTCASE,EQ,,,,,ZERODHAAMC - LTGILTCASE,30.13,30.13,30.04,30.08,30.09,30.09,,30.08,,,321728,9674142.84,621,F1,1,,,,,
2026-10-06,2026-10-06,CM,NSE,STK,24077,INF0R8F01059,MID150CASE,EQ,,,,,ZERODHAAMC - MID150CASE,11.22,11.22,10.95,11.06,11.10,10.95,,11.06,,,987103,10898373.20,2980,F1,1,,,,,
2026-10-06,2026-10-06,CM,NSE,STK,759302,INF0R8F01166,NIFTYCASE,EQ,,,,,ZERODHAAMC - NIFTYCASE,9.19,9.19,9.07,9.11,9.14,9.07,,9.11,,,730152,6659474.69,1807,F1,1,,,,,
2026-10-06,2026-10-06,CM,NSE,STK,30274,INF0R8F01091,SILVERCASE,EQ,,,,,ZERODHAAMC - SILVERCASE,22.26,22.34,22.09,22.32,22.33,22.43,,22.32,,,3295102,73247930.34,6158,F1,1,,,,,
2026-10-06,2026-10-06,CM,NSE,STK,758955,INF0R8F01141,SML100CASE,EQ,,,,,ZERODHAAMC - SML100CASE,11.04,11.06,10.87,10.99,11.05,10.84,,10.99,,,1217057,13356410.94,1324,F1,1,,,,,
2026-10-06,2026-10-06,CM,NSE,STK,24081,INF0R8F01067,TOP100CASE,EQ,,,,,ZERODHAAMC - TOP100CASE,10.00,10.05,9.93,10.03,10.05,9.94,,10.03,,,593557,5936508.65,1044,F1,1,,,,,
2026-10-06,2026-10-06,CM,NSE,STK,16915,INE342J01019,ZFCVINDIA,EQ,,,,,ZF COM VE CTR SYS IND LTD,2201.30,2213.20,2165.00,2187.40,2188.70,2201.30,,2187.21,,,70332,153902900.90,10709,F1,1,,,,,
2026-10-06,2026-10-06,CM,NSE,STK,12384,INE518E01015,ZIMLAB,EQ,,,,,ZIM LABORATORIES LIMITED,139.00,140.00,135.59,138.57,138.00,137.10,,138.56,,,63618,8812295.89,1441,F1,1,,,,,
2026-10-06,2026-10-06,CM,NSE,STK,3821,INE206B01013,ZODIACLOTH,EQ,,,,,ZODIAC CLOTHING CO. LTD.,68.97,68.97,66.25,66.67,67.50,67.67,,66.82,,,1950,130760.95,68,F1,1,,,,,
2026-10-06,2026-10-06,CM,NSE,STK,7129,INE761Y01019,ZODIAC,EQ,,,,,ZODIAC ENERGY LIMITED,216.25,223.99,210.70,212.65,214.95,215.10,,212.75,,,10334,2217065.24,580,F1,1,,,,,
2026-10-06,2026-10-06,CM,NSE,STK,11394,INE358U01012,ZOTA,EQ,,,,,ZOTA HEALTH CARE LIMITED,1297.00,1305.00,1275.00,1278.60,1278.50,1297.40,,1278.60,,,20087,25829406.40,1948,F1,1,,,,,
2026-10-06,2026-10-06,CM,NSE,STK,29050,INE840M01016,ZUARI,EQ,,,,,ZUARI AGRO CHEMICALS LTD,212.00,219.60,211.81,218.28,219.33,211.46,,218.27,,,53443,11541338.17,2122,F1,1,,,,,
2026-10-06,2026-10-06,CM,NSE,STK,3827,INE217A01012,ZUARIIND,EQ,,,,,ZUARI INDUSTRIES LIMITED,284.90,295.00,284.90,288.45,288.35,283.95,,288.48,,,85327,24774064.25,4124,F1,1,,,,,
2026-10-06,2026-10-06,CM,NSE,STK,7929,INE010B01027,ZYDUSLIFE,EQ,,,,,ZYDUS LIFESCIENCES LTD,1145.00,1164.80,1145.00,1159.50,1159.50,1139.00,,1159.50,,,1575419,1819810872.00,30967,F1,1,,,,,
2026-10-06,2026-10-06,CM,NSE,STK,17635,INE768C01028,ZYDUSWELL,EQ,,,,,ZYDUS WELLNESS LIMITED,484.00,505.45,484.00,502.40,502.00,483.80,,502.51,,,136730,68055547.75,11591,F1,1,,,,,
